timestamp,target,current,pwm
1771717883.9643877,0,0,0
1771717883.964536,0,0,0
1771717883.964662,0,0,0
1771717883.964784,0,0,0
1771717883.9649026,0,0,0
1771717883.9650207,0,0,0
1771717884.2194161,0,0,0
1771717884.219557,0,0,0
1771717884.2196944,0,0,0
1771717884.2198176,0,0,0
1771717884.2199383,0,0,0
1771717884.220059,0,0,0
1771717884.2201805,0,0,0
1771717884.220331,0,0,0
1771717884.2204506,0,0,0
1771717884.2205706,0,0,0
1771717884.2208004,0,0,0
1771717884.2210338,0,0,0
1771717884.2211645,0,0,0
1771717884.2212863,0,0,0
1771717884.2214053,0,0,0
1771717884.2215664,0,0,0
1771717884.2216852,0,0,0
1771717884.2218022,0,0,0
1771717884.2219195,0,0,0
1771717884.2220376,0,0,0
1771717884.222155,0,0,0
1771717884.2222733,0,0,0
1771717884.2224011,0,0,0
1771717884.2225688,0,0,0
1771717884.222685,0,0,0
1771717884.2228,0,0,0
1771717884.22292,0,0,0
1771717884.2230384,0,0,0
1771717884.2231534,0,0,0
1771717884.2232702,0,0,0
1771717884.2233846,0,0,0
1771717884.2235284,0,0,0
1771717884.2236428,0,0,0
1771717884.2237573,0,0,0
1771717884.2238717,0,0,0
1771717884.223986,0,0,0
1771717884.2241015,0,0,0
1771717884.2242153,0,0,0
1771717884.22433,0,0,0
1771717884.2244725,0,0,0
1771717884.2245867,0,0,0
1771717884.2247021,0,0,0
1771717884.224817,0,0,0
1771717884.2249327,0,0,0
1771717884.2250485,0,0,0
1771717884.2251625,0,0,0
1771717884.225278,0,0,0
1771717884.2253933,0,0,0
1771717884.2255297,0,0,0
1771717884.225645,0,0,0
1771717884.22576,0,0,0
1771717884.2258754,0,0,0
1771717884.2259896,0,0,0
1771717884.2261066,0,0,0
1771717884.226221,0,0,0
1771717884.226335,0,0,0
1771717884.2264802,0,0,0
1771717884.2265942,0,0,0
1771717884.2267098,0,0,0
1771717884.2268245,0,0,0
1771717884.2269385,0,0,0
1771717884.2270558,0,0,0
1771717884.2271702,0,0,0
1771717884.227285,0,0,0
1771717884.2274003,0,0,0
1771717884.2275581,0,0,0
1771717884.2278092,0,0,0
1771717884.2279546,0,0,0
1771717884.2280743,0,0,0
1771717884.228199,0,0,0
1771717884.2283146,0,0,0
1771717884.2284303,0,0,0
1771717884.2285938,0,0,0
1771717884.2287111,0,0,0
1771717884.228828,0,0,0
1771717884.2289448,0,0,0
1771717884.2290602,0,0,0
1771717884.229179,0,0,0
1771717884.2292938,0,0,0
1771717884.229412,0,0,0
1771717884.229562,0,0,0
1771717884.2296784,0,0,0
1771717884.2297935,0,0,0
1771717884.229909,0,0,0
1771717884.2300239,0,0,0
1771717884.2301397,0,0,0
1771717884.2302625,0,0,0
1771717884.230377,0,0,0
1771717884.2305148,0,0,0
1771717884.2306304,0,0,0
1771717884.2307463,0,0,0
1771717884.2308776,0,0,0
1771717884.2309935,0,0,0
1771717884.2311082,0,0,0
1771717884.231223,0,0,0
1771717884.2313392,0,0,0
1771717884.2314825,0,0,0
1771717884.231612,0,0,0
1771717884.2317274,0,0,0
1771717884.2318423,0,0,0
1771717884.2319648,0,0,0
1771717884.23215,0,0,0
1771717884.232384,0,0,0
1771717884.2326066,0,0,0
1771717884.2327912,0,0,0
1771717884.2329674,0,0,0
1771717884.2331018,0,0,0
1771717884.233219,0,0,0
1771717884.2333348,0,0,0
1771717884.2334974,0,0,0
1771717884.2336164,0,0,0
1771717884.2337308,0,0,0
1771717884.233846,0,0,0
1771717884.233962,0,0,0
1771717884.2340815,0,0,0
1771717884.234205,0,0,0
1771717884.234321,0,0,0
1771717884.234436,0,0,0
1771717884.2345755,0,0,0
1771717884.2346926,0,0,0
1771717884.234842,0,0,0
1771717884.2350333,0,0,0
1771717884.235237,0,0,0
1771717884.23536,0,0,0
1771717884.2355149,0,0,0
1771717884.2356331,0,0,0
1771717884.2357485,0,0,0
1771717884.2358646,0,0,0
1771717884.235982,0,0,0
1771717884.236099,0,0,0
1771717884.236223,0,0,0
1771717884.2363427,0,0,0
1771717884.236491,0,0,0
1771717884.2366078,0,0,0
1771717884.2367237,0,0,0
1771717884.2368574,0,0,0
1771717884.237002,0,0,0
1771717884.2371364,0,0,0
1771717884.2372603,0,0,0
1771717884.2373798,0,0,0
1771717884.2375312,0,0,0
1771717884.2376497,0,0,0
1771717884.2377675,0,0,0
1771717884.2378862,0,0,0
1771717884.238005,0,0,0
1771717884.238123,0,0,0
1771717884.2382493,0,0,0
1771717884.2383692,0,0,0
1771717884.2385252,0,0,0
1771717884.2386677,0,0,0
1771717884.238819,0,0,0
1771717884.2389407,0,0,0
1771717884.2390845,0,0,0
1771717884.2392182,0,0,0
1771717884.2393367,0,0,0
1771717884.239489,0,0,0
1771717884.2396052,0,0,0
1771717884.2397225,0,0,0
1771717884.2398403,0,0,0
1771717884.2399557,0,0,0
1771717884.24007,0,0,0
1771717884.2401853,0,0,0
1771717884.2403069,0,0,0
1771717884.2404213,0,0,0
1771717884.2405598,0,0,0
1771717884.2406743,0,0,0
1771717884.2407918,0,0,0
1771717884.240907,0,0,0
1771717884.2410212,0,0,0
1771717884.2411351,0,0,0
1771717884.2412496,0,0,0
1771717884.241364,0,0,0
1771717884.2414966,0,0,0
1771717884.2416134,0,0,0
1771717884.2417276,0,0,0
1771717884.2418423,0,0,0
1771717884.2419586,0,0,0
1771717884.2420838,0,0,0
1771717884.2422407,0,0,0
1771717884.242358,0,0,0
1771717884.2424939,0,0,0
1771717884.2426286,0,0,0
1771717884.242773,0,0,0
1771717884.2428892,0,0,0
1771717884.243007,0,0,0
1771717884.243123,0,0,0
1771717884.243237,0,0,0
1771717884.2433524,0,0,0
1771717884.243494,0,0,0
1771717884.2436082,0,0,0
1771717884.243723,0,0,0
1771717884.243837,0,0,0
1771717884.2439518,0,0,0
1771717884.244066,0,0,0
1771717884.2441807,0,0,0
1771717884.2443004,0,0,0
1771717884.2444146,0,0,0
1771717884.2445552,0,0,0
1771717884.244669,0,0,0
1771717884.2448049,0,0,0
1771717884.244925,0,0,0
1771717884.2450428,0,0,0
1771717884.245157,0,0,0
1771717884.245271,0,0,0
1771717884.2453852,0,0,0
1771717884.2455196,0,0,0
1771717884.2456334,0,0,0
1771717884.245748,0,0,0
1771717884.2458613,0,0,0
1771717884.2459753,0,0,0
1771717884.2460885,0,0,0
1771717884.2462022,0,0,0
1771717884.2463243,0,0,0
1771717884.2464378,0,0,0
1771717884.2465723,0,0,0
1771717884.2466862,0,0,0
1771717884.2468004,0,0,0
1771717884.2469149,0,0,0
1771717884.2470586,0,0,0
1771717884.2472532,0,0,0
1771717884.2474117,0,0,0
1771717884.247633,0,0,0
1771717884.2478015,0,0,0
1771717884.2479506,0,0,0
1771717884.2480915,0,0,0
1771717884.248279,0,0,0
1771717884.2484908,0,0,0
1771717884.2486396,0,0,0
1771717884.2487586,0,0,0
1771717884.248878,0,0,0
1771717884.248996,0,0,0
1771717884.249116,0,0,0
1771717884.2492769,0,0,0
1771717884.2494905,0,0,0
1771717884.2496116,0,0,0
1771717884.2497306,0,0,0
1771717884.2498524,0,0,0
1771717884.2499707,0,0,0
1771717884.2500882,0,0,0
1771717884.2502067,0,0,0
1771717884.2503307,0,0,0
1771717884.2504728,0,0,0
1771717884.250591,0,0,0
1771717884.2507086,0,0,0
1771717884.2508264,0,0,0
1771717884.2509434,0,0,0
1771717884.2510617,0,0,0
1771717884.251179,0,0,0
1771717884.2512963,0,0,0
1771717884.251413,0,0,0
1771717884.2515602,0,0,0
1771717884.2516782,0,0,0
1771717884.2517958,0,0,0
1771717884.2519124,0,0,0
1771717884.252033,0,0,0
1771717884.2521508,0,0,0
1771717884.2522728,0,0,0
1771717884.25239,0,0,0
1771717884.2525282,0,0,0
1771717884.2526464,0,0,0
1771717884.2527637,0,0,0
1771717884.2528808,0,0,0
1771717884.2529976,0,0,0
1771717884.2531152,0,0,0
1771717884.25325,0,0,0
1771717884.2533677,0,0,0
1771717884.2535071,0,0,0
1771717884.253625,0,0,0
1771717884.2537413,0,0,0
1771717884.2538607,0,0,0
1771717884.2539787,0,0,0
1771717884.2541006,0,0,0
1771717884.2542183,0,0,0
1771717884.2543426,0,0,0
1771717884.2544827,0,0,0
1771717884.2546008,0,0,0
1771717884.2547195,0,0,0
1771717884.2548378,0,0,0
1771717884.254956,0,0,0
1771717884.255074,0,0,0
1771717884.255192,0,0,0
1771717884.2553108,0,0,0
1771717884.255428,0,0,0
1771717884.2555692,0,0,0
1771717884.2556894,0,0,0
1771717884.2558067,0,0,0
1771717884.2559242,0,0,0
1771717884.256042,0,0,0
1771717884.2561603,0,0,0
1771717884.2562852,0,0,0
1771717884.256403,0,0,0
1771717884.256597,0,0,0
1771717884.2567952,0,0,0
1771717884.2569613,0,0,0
1771717884.257078,0,0,0
1771717884.2571926,0,0,0
1771717884.257309,0,0,0
1771717884.2574244,0,0,0
1771717884.257579,0,0,0
1771717884.2576947,0,0,0
1771717884.2578092,0,0,0
1771717884.2579231,0,0,0
1771717884.2580557,0,0,0
1771717884.2581701,0,0,0
1771717884.2582903,0,0,0
1771717884.258404,0,0,0
1771717884.2585433,0,0,0
1771717884.2586575,0,0,0
1771717884.2587714,0,0,0
1771717884.258887,0,0,0
1771717884.2590005,0,0,0
1771717884.2591147,0,0,0
1771717884.2592287,0,0,0
1771717884.2593427,0,0,0
1771717884.2594776,0,0,0
1771717884.259591,0,0,0
1771717884.259705,0,0,0
1771717884.2598195,0,0,0
1771717884.259934,0,0,0
1771717884.2600708,0,0,0
1771717884.2601871,0,0,0
1771717884.260308,0,0,0
1771717884.2604222,0,0,0
1771717884.2605555,0,0,0
1771717884.2606823,0,0,0
1771717884.2607968,0,0,0
1771717884.260911,0,0,0
1771717884.2610245,0,0,0
1771717884.2611392,0,0,0
1771717884.2612534,0,0,0
1771717884.2613678,0,0,0
1771717884.2615101,0,0,0
1771717884.261625,0,0,0
1771717884.2617395,0,0,0
1771717884.2618535,0,0,0
1771717884.2619681,0,0,0
1771717884.2621703,0,0,0
1771717884.2623036,0,0,0
1771717884.2624207,0,0,0
1771717884.2626011,0,0,0
1771717884.2627387,0,0,0
1771717884.2628772,0,0,0
1771717884.2629917,0,0,0
1771717884.2631958,0,0,0
1771717884.2633116,0,0,0
1771717884.2634263,0,0,0
1771717884.2635732,0,0,0
1771717884.2636902,0,0,0
1771717884.263831,0,0,0
1771717884.2639792,0,0,0
1771717884.2641063,0,0,0
1771717884.2642372,0,0,0
1771717884.264359,0,0,0
1771717884.264501,0,0,0
1771717884.264616,0,0,0
1771717884.2647314,0,0,0
1771717884.2648456,0,0,0
1771717884.2649598,0,0,0
1771717884.2650747,0,0,0
1771717884.2651918,0,0,0
1771717884.265307,0,0,0
1771717884.2654214,0,0,0
1771717884.265557,0,0,0
1771717884.2656722,0,0,0
1771717884.2657862,0,0,0
1771717884.265901,0,0,0
1771717884.266015,0,0,0
1771717884.2661283,0,0,0
1771717884.2662423,0,0,0
1771717884.2663617,0,0,0
1771717884.266498,0,0,0
1771717884.2666123,0,0,0
1771717884.2667265,0,0,0
1771717884.2668412,0,0,0
1771717884.2669554,0,0,0
1771717884.2670689,0,0,0
1771717884.2671845,0,0,0
1771717884.2672985,0,0,0
1771717884.267413,0,0,0
1771717884.2675514,0,0,0
1771717884.2676673,0,0,0
1771717884.267781,0,0,0
1771717884.2678947,0,0,0
1771717884.2680092,0,0,0
1771717884.2681248,0,0,0
1771717884.268239,0,0,0
1771717884.2683573,0,0,0
1771717884.2684953,0,0,0
1771717884.2686098,0,0,0
1771717884.2687237,0,0,0
1771717884.2688377,0,0,0
1771717884.2689533,0,0,0
1771717884.2690673,0,0,0
1771717884.2691815,0,0,0
1771717884.2692964,0,0,0
1771717884.2694108,0,0,0
1771717884.26955,0,0,0
1771717884.2696643,0,0,0
1771717884.2697785,0,0,0
1771717884.269892,0,0,0
1771717884.2700062,0,0,0
1771717884.2701201,0,0,0
1771717884.270234,0,0,0
1771717884.2715642,0,0,0
1771717884.2716908,0,0,0
1771717884.2718265,0,0,0
1771717884.2719414,0,0,0
1771717884.2720568,0,0,0
1771717884.2721715,0,0,0
1771717884.3242085,0,0,0
1771717884.324393,0,0,0
1771717884.324518,0,0,0
1771717884.3246396,0,0,0
1771717884.3247597,0,0,0
1771717884.3248813,0,0,0
1771717884.3250098,0,0,0
1771717884.325128,0,0,0
1771717884.3252864,0,0,0
1771717884.3254058,0,0,0
1771717884.3255246,0,0,0
1771717884.325758,0,0,0
1771717884.3258862,0,0,0
1771717884.326054,0,0,0
1771717884.326174,0,0,0
1771717884.326291,0,0,0
1771717884.3264108,0,0,0
1771717884.3265283,0,0,0
1771717884.3266444,0,0,0
1771717884.3267593,0,0,0
1771717884.3268757,0,0,0
1771717884.327016,0,0,0
1771717884.3271322,0,0,0
1771717884.327249,0,0,0
1771717884.3273747,0,0,0
1771717884.327491,0,0,0
1771717884.3276067,0,0,0
1771717884.3277228,0,0,0
1771717884.3278387,0,0,0
1771717884.3279824,0,0,0
1771717884.3280995,0,0,0
1771717884.3282156,0,0,0
1771717884.3283322,0,0,0
1771717884.3284492,0,0,0
1771717884.3285642,0,0,0
1771717884.32868,0,0,0
1771717884.3288271,0,0,0
1771717884.3290048,0,0,0
1771717884.3291261,0,0,0
1771717884.3292446,0,0,0
1771717884.329442,0,0,0
1771717884.3295882,0,0,0
1771717884.3297105,0,0,0
1771717884.3298416,0,0,0
1771717884.3299997,0,0,0
1771717884.3301184,0,0,0
1771717884.3302336,0,0,0
1771717884.330349,0,0,0
1771717884.3304646,0,0,0
1771717884.3305798,0,0,0
1771717884.330698,0,0,0
1771717884.330814,0,0,0
1771717884.330953,0,0,0
1771717884.3310695,0,0,0
1771717884.3311949,0,0,0
1771717884.3313115,0,0,0
1771717884.331427,0,0,0
1771717884.3315423,0,0,0
1771717884.3316572,0,0,0
1771717884.3317723,0,0,0
1771717884.3318877,0,0,0
1771717884.332033,0,0,0
1771717884.3321486,0,0,0
1771717884.3322635,0,0,0
1771717884.3323772,0,0,0
1771717884.3324952,0,0,0
1771717884.3326116,0,0,0
1771717884.332726,0,0,0
1771717884.3328426,0,0,0
1771717884.33298,0,0,0
1771717884.333094,0,0,0
1771717884.333216,0,0,0
1771717884.3333318,0,0,0
1771717884.3334465,0,0,0
1771717884.3335617,0,0,0
1771717884.3336759,0,0,0
1771717884.3337893,0,0,0
1771717884.333931,0,0,0
1771717884.3340485,0,0,0
1771717884.3341634,0,0,0
1771717884.3342786,0,0,0
1771717884.337061,0,0,0
1771717884.3372178,0,0,0
1771717884.3374028,0,0,0
1771717884.3375418,0,0,0
1771717884.3376799,0,0,0
1771717884.3378015,0,0,0
1771717884.3974128,0,0,0
1771717884.397549,0,0,0
1771717884.3976812,0,0,0
1771717884.3978071,0,0,0
1771717884.397929,0,0,0
1771717884.3980503,0,0,0
1771717884.3981714,0,0,0
1771717884.3983305,0,0,0
1771717884.3985023,0,0,0
1771717884.3986235,0,0,0
1771717884.398749,0,0,0
1771717884.3988683,0,0,0
1771717884.3989875,0,0,0
1771717884.399107,0,0,0
1771717884.3992538,0,0,0
1771717884.3993738,0,0,0
1771717884.3994935,0,0,0
1771717884.3996124,0,0,0
1771717884.3997366,0,0,0
1771717884.3998566,0,0,0
1771717884.3999767,0,0,0
1771717884.4000976,0,0,0
1771717884.4002385,0,0,0
1771717884.4003587,0,0,0
1771717884.4004796,0,0,0
1771717884.4005995,0,0,0
1771717884.4007237,0,0,0
1771717884.4008434,0,0,0
1771717884.400963,0,0,0
1771717884.4010837,0,0,0
1771717884.4012318,0,0,0
1771717884.4013505,0,0,0
1771717884.4014695,0,0,0
1771717884.4015923,0,0,0
1771717884.4017148,0,0,0
1771717884.4018333,0,0,0
1771717884.4019523,0,0,0
1771717884.4020703,0,0,0
1771717884.402188,0,0,0
1771717884.4023335,0,0,0
1771717884.4024534,0,0,0
1771717884.4026027,0,0,0
1771717884.4028695,0,0,0
1771717884.403085,0,0,0
1771717884.4033692,0,0,0
1771717884.4035401,0,0,0
1771717884.403725,0,0,0
1771717884.4041474,0,0,0
1771717884.4043562,0,0,0
1771717884.404562,0,0,0
1771717884.4047518,0,0,0
1771717884.40488,0,0,0
1771717884.4050262,0,0,0
1771717884.405205,0,0,0
1771717884.4053602,0,0,0
1771717884.4054804,0,0,0
1771717884.4056058,0,0,0
1771717884.4057214,0,0,0
1771717884.4058363,0,0,0
1771717884.4059517,0,0,0
1771717884.4060667,0,0,0
1771717884.4061818,0,0,0
1771717884.4062982,0,0,0
1771717884.4064353,0,0,0
1771717884.4065573,0,0,0
1771717884.406675,0,0,0
1771717884.4067905,0,0,0
1771717884.4069057,0,0,0
1771717884.4070194,0,0,0
1771717884.407134,0,0,0
1771717884.4072495,0,0,0
1771717884.4073825,0,0,0
1771717884.4074974,0,0,0
1771717884.407615,0,0,0
1771717884.4077299,0,0,0
1771717884.407845,0,0,0
1771717884.4079597,0,0,0
1771717884.4080772,0,0,0
1771717884.408192,0,0,0
1771717884.4083061,0,0,0
1771717884.4084375,0,0,0
1771717884.4085603,0,0,0
1771717884.4086754,0,0,0
1771717884.4087903,0,0,0
1771717884.4089046,0,0,0
1771717884.4090195,0,0,0
1771717884.4091344,0,0,0
1771717884.4092486,0,0,0
1771717884.409381,0,0,0
1771717884.4094954,0,0,0
1771717884.4096105,0,0,0
1771717884.4097266,0,0,0
1771717884.4098418,0,0,0
1771717884.4163501,0,0,0
1771717884.4165843,0,0,0
1771717884.4167652,0,0,0
1771717884.4169502,0,0,0
1771717884.4171338,0,0,0
1771717884.4173226,0,0,0
1771717884.4175472,0,0,0
1771717884.4177308,0,0,0
1771717884.4179502,0,0,0
1771717884.4181573,0,0,0
1771717884.4190733,0,0,0
1771717884.4193485,0,0,0
1771717884.4195418,0,0,0
1771717884.4197679,0,0,0
1771717884.4199555,0,0,0
1771717884.4201393,0,0,0
1771717884.4232986,0,0,0
1771717884.4235487,0,0,0
1771717884.4237409,0,0,0
1771717884.42439,0,0,0
1771717884.424623,0,0,0
1771717884.4272368,0,0,0
1771717884.4274323,0,0,0
1771717884.427656,0,0,0
1771717884.4278371,0,0,0
1771717884.4280162,0,0,0
1771717884.4282002,0,0,0
1771717884.4313908,0,0,0
1771717884.4316318,0,0,0
1771717884.4318907,0,0,0
1771717884.4322495,0,0,0
1771717884.4324212,0,0,0
1771717884.4353971,0,0,0
1771717884.435527,0,0,0
1771717884.435646,0,0,0
1771717884.43581,0,0,0
1771717884.435932,0,0,0
1771717884.4360487,0,0,0
1771717884.4395401,0,0,0
1771717884.439659,0,0,0
1771717884.4398005,0,0,0
1771717884.4399164,0,0,0
1771717884.4400342,0,0,0
1771717884.4436078,0,0,0
1771717884.4438167,0,0,0
1771717884.4440193,0,0,0
1771717884.4442227,0,0,0
1771717884.4444258,0,0,0
1771717884.4476938,0,0,0
1771717884.4480062,0,0,0
1771717884.4482183,0,0,0
1771717884.4484305,0,0,0
1771717884.4486349,0,0,0
1771717884.448837,0,0,0
1771717884.451769,0,0,0
1771717884.451985,0,0,0
1771717884.4522054,0,0,0
1771717884.4524217,0,0,0
1771717884.4526408,0,0,0
1771717884.452861,0,0,0
1771717884.4558554,0,0,0
1771717884.456001,0,0,0
1771717884.456116,0,0,0
1771717884.4562304,0,0,0
1771717884.456345,0,0,0
1771717884.4601233,0,0,0
1771717884.4603648,0,0,0
1771717884.4605737,0,0,0
1771717884.460854,0,0,0
1771717884.4610605,0,0,0
1771717884.4640653,0,0,0
1771717884.4643402,0,0,0
1771717884.464551,0,0,0
1771717884.4647644,0,0,0
1771717884.465147,0,0,0
1771717884.4653206,0,0,0
1771717884.520982,0,0,0
1771717884.521158,0,0,0
1771717884.5214255,0,0,0
1771717884.52159,0,0,0
1771717884.5217571,0,0,0
1771717884.5219357,0,0,0
1771717884.5220594,0,0,0
1771717884.5221791,0,0,0
1771717884.5223453,0,0,0
1771717884.5224626,0,0,0
1771717884.522579,0,0,0
1771717884.522695,0,0,0
1771717884.5229342,0,0,0
1771717884.5230532,0,0,0
1771717884.5231717,0,0,0
1771717884.5233164,0,0,0
1771717884.5234346,0,0,0
1771717884.5235534,0,0,0
1771717884.5237832,0,0,0
1771717884.523964,0,0,0
1771717884.5240865,0,0,0
1771717884.5242565,0,0,0
1771717884.5243766,0,0,0
1771717884.5244973,0,0,0
1771717884.5246155,0,0,0
1771717884.5247352,0,0,0
1771717884.524853,0,0,0
1771717884.5249722,0,0,0
1771717884.525099,0,0,0
1771717884.5252395,0,0,0
1771717884.525357,0,0,0
1771717884.5255156,0,0,0
1771717884.525633,0,0,0
1771717884.52575,0,0,0
1771717884.525871,0,0,0
1771717884.5259893,0,0,0
1771717884.5261073,0,0,0
1771717884.526254,0,0,0
1771717884.5263722,0,0,0
1771717884.5264902,0,0,0
1771717884.5266082,0,0,0
1771717884.5267258,0,0,0
1771717884.5268445,0,0,0
1771717884.526961,0,0,0
1771717884.5270782,0,0,0
1771717884.5272162,0,0,0
1771717884.5273337,0,0,0
1771717884.5274525,0,0,0
1771717884.52757,0,0,0
1771717884.5276885,0,0,0
1771717884.527806,0,0,0
1771717884.5280476,0,0,0
1771717884.5282817,0,0,0
1771717884.5284188,0,0,0
1771717884.5285344,0,0,0
1771717884.5286508,0,0,0
1771717884.5287654,0,0,0
1771717884.5288815,0,0,0
1771717884.5289946,0,0,0
1771717884.5291078,0,0,0
1771717884.5292492,0,0,0
1771717884.529363,0,0,0
1771717884.5295174,0,0,0
1771717884.529638,0,0,0
1771717884.529753,0,0,0
1771717884.5298681,0,0,0
1771717884.5300474,0,0,0
1771717884.5302696,0,0,0
1771717884.5303886,0,0,0
1771717884.5305057,0,0,0
1771717884.5306222,0,0,0
1771717884.5307407,0,0,0
1771717884.530947,0,0,0
1771717884.5311255,0,0,0
1771717884.531316,0,0,0
1771717884.5314355,0,0,0
1771717884.5315523,0,0,0
1771717884.5316727,0,0,0
1771717884.53179,0,0,0
1771717884.5319104,0,0,0
1771717884.5320275,0,0,0
1771717884.5321445,0,0,0
1771717884.5322993,0,0,0
1771717884.5324166,0,0,0
1771717884.5325348,0,0,0
1771717884.5326521,0,0,0
1771717884.5327706,0,0,0
1771717884.5337098,0,0,0
1771717884.5339332,0,0,0
1771717884.5340781,0,0,0
1771717884.5342221,0,0,0
1771717884.534364,0,0,0
1771717884.5377407,0,0,0
1771717884.5378795,0,0,0
1771717884.5380044,0,0,0
1771717884.5381572,0,0,0
1771717884.538295,0,0,0
1771717884.5384364,0,0,0
1771717884.541976,0,0,0
1771717884.5422084,0,0,0
1771717884.5424144,0,0,0
1771717884.5426245,0,0,0
1771717884.543048,0,0,0
1771717884.5459082,0,0,0
1771717884.54609,0,0,0
1771717884.5462873,0,0,0
1771717884.5464265,0,0,0
1771717884.5465639,0,0,0
1771717884.5466838,0,0,0
1771717884.5500357,0,0,0
1771717884.5501978,0,0,0
1771717884.5504005,0,0,0
1771717884.5506017,0,0,0
1771717884.5508435,0,0,0
1771717884.5541663,0,0,0
1771717884.5544372,0,0,0
1771717884.5546572,0,0,0
1771717884.5548675,0,0,0
1771717884.5550041,0,0,0
1771717884.5551195,0,0,0
1771717884.5637672,0,0,0
1771717884.5639458,0,0,0
1771717884.5640922,0,0,0
1771717884.5642767,0,0,0
1771717884.5644212,0,0,0
1771717884.5645537,0,0,0
1771717884.5646713,0,0,0
1771717884.5647895,0,0,0
1771717884.5649114,0,0,0
1771717884.5650384,0,0,0
1771717884.5651555,0,0,0
1771717884.566528,0,0,0
1771717884.5666492,0,0,0
1771717884.5667675,0,0,0
1771717884.5668917,0,0,0
1771717884.5670094,0,0,0
1771717884.5706475,0,0,0
1771717884.5708857,0,0,0
1771717884.5711224,0,0,0
1771717884.5713906,0,0,0
1771717884.5716095,0,0,0
1771717884.5717885,0,0,0
1771717884.574923,0,0,0
1771717884.5750928,0,0,0
1771717884.575264,0,0,0
1771717884.5754821,0,0,0
1771717884.5756109,0,0,0
1771717884.5787368,0,0,0
1771717884.5788662,0,0,0
1771717884.5790694,0,0,0
1771717884.5792747,0,0,0
1771717884.579488,0,0,0
1771717884.5827622,0,0,0
1771717884.5829191,0,0,0
1771717884.5830758,0,0,0
1771717884.583193,0,0,0
1771717884.5833097,0,0,0
1771717884.5834239,0,0,0
1771717884.586922,0,0,0
1771717884.5870497,0,0,0
1771717884.5871687,0,0,0
1771717884.5872896,0,0,0
1771717884.5874102,0,0,0
1771717884.590968,0,0,0
1771717884.5911312,0,0,0
1771717884.591249,0,0,0
1771717884.5913653,0,0,0
1771717884.5914814,0,0,0
1771717884.5916362,0,0,0
1771717884.5951483,0,0,0
1771717884.5953596,0,0,0
1771717884.595566,0,0,0
1771717884.595771,0,0,0
1771717884.5958958,0,0,0
1771717884.5991268,0,0,0
1771717884.5992806,0,0,0
1771717884.5994,0,0,0
1771717884.5995245,0,0,0
1771717884.5996437,0,0,0
1771717884.5997634,0,0,0
1771717884.6033723,0,0,0
1771717884.6034918,0,0,0
1771717884.6036065,0,0,0
1771717884.6038048,0,0,0
1771717884.6039279,0,0,0
1771717884.6073732,0,0,0
1771717884.6075096,0,0,0
1771717884.6076303,0,0,0
1771717884.6077518,0,0,0
1771717884.6079235,0,0,0
1771717884.6080434,0,0,0
1771717884.6658077,0,0,0
1771717884.6659417,0,0,0
1771717884.6660652,0,0,0
1771717884.6662924,0,0,0
1771717884.666432,0,0,0
1771717884.6666088,0,0,0
1771717884.666854,0,0,0
1771717884.6669803,0,0,0
1771717884.667099,0,0,0
1771717884.667227,0,0,0
1771717884.6673508,0,0,0
1771717884.6674957,0,0,0
1771717884.6676302,0,0,0
1771717884.6678686,0,0,0
1771717884.6680508,0,0,0
1771717884.6681714,0,0,0
1771717884.66829,0,0,0
1771717884.6684325,0,0,0
1771717884.6685567,0,0,0
1771717884.6687727,0,0,0
1771717884.668957,0,0,0
1771717884.6691008,0,0,0
1771717884.6692717,0,0,0
1771717884.6694412,0,0,0
1771717884.669569,0,0,0
1771717884.669686,0,0,0
1771717884.669853,0,0,0
1771717884.6699677,0,0,0
1771717884.6700814,0,0,0
1771717884.6701972,0,0,0
1771717884.6703112,0,0,0
1771717884.6704285,0,0,0
1771717884.6705463,0,0,0
1771717884.6706612,0,0,0
1771717884.6708503,0,0,0
1771717884.6710238,0,0,0
1771717884.6711407,0,0,0
1771717884.6712554,0,0,0
1771717884.6713684,0,0,0
1771717884.671482,0,0,0
1771717884.6716037,0,0,0
1771717884.6717181,0,0,0
1771717884.6718698,0,0,0
1771717884.6719842,0,0,0
1771717884.6720984,0,0,0
1771717884.6722116,0,0,0
1771717884.6723258,0,0,0
1771717884.6724398,0,0,0
1771717884.6725574,0,0,0
1771717884.6726713,0,0,0
1771717884.6728098,0,0,0
1771717884.6729238,0,0,0
1771717884.6730378,0,0,0
1771717884.6731544,0,0,0
1771717884.673268,0,0,0
1771717884.6733806,0,0,0
1771717884.6734934,0,0,0
1771717884.6736114,0,0,0
1771717884.673725,0,0,0
1771717884.6738634,0,0,0
1771717884.6739771,0,0,0
1771717884.6740904,0,0,0
1771717884.6742043,0,0,0
1771717884.6743176,0,0,0
1771717884.6744313,0,0,0
1771717884.6745565,0,0,0
1771717884.6746712,0,0,0
1771717884.6748075,0,0,0
1771717884.6749225,0,0,0
1771717884.6750362,0,0,0
1771717884.6751497,0,0,0
1771717884.675264,0,0,0
1771717884.6753778,0,0,0
1771717884.6754913,0,0,0
1771717884.6756115,0,0,0
1771717884.675728,0,0,0
1771717884.6758614,0,0,0
1771717884.6760032,0,0,0
1771717884.67618,0,0,0
1771717884.6763003,0,0,0
1771717884.676464,0,0,0
1771717884.676594,0,0,0
1771717884.6767101,0,0,0
1771717884.6768553,0,0,0
1771717884.6769695,0,0,0
1771717884.6770835,0,0,0
1771717884.6771967,0,0,0
1771717884.6773102,0,0,0
1771717884.6774235,0,0,0
1771717884.6775384,0,0,0
1771717884.6776557,0,0,0
1771717884.6777687,0,0,0
1771717884.6810944,0,0,0
1771717884.6813667,0,0,0
1771717884.681577,0,0,0
1771717884.6818466,0,0,0
1771717884.6821723,0,0,0
1771717884.6823828,0,0,0
1771717884.6852696,0,0,0
1771717884.6854074,0,0,0
1771717884.6855597,0,0,0
1771717884.6856742,0,0,0
1771717884.6857882,0,0,0
1771717884.6894553,0,0,0
1771717884.6896183,0,0,0
1771717884.6897395,0,0,0
1771717884.6898575,0,0,0
1771717884.6899724,0,0,0
1771717884.6901371,0,0,0
1771717884.6972907,0,0,0
1771717884.6974204,0,0,0
1771717884.6975448,0,0,0
1771717884.6976671,0,0,0
1771717884.6978683,0,0,0
1771717884.6980739,0,0,0
1771717884.6983683,0,0,0
1771717884.6985238,0,0,0
1771717884.6986434,0,0,0
1771717884.698774,0,0,0
1771717884.69889,0,0,0
1771717884.7016199,0,0,0
1771717884.7017372,0,0,0
1771717884.7018511,0,0,0
1771717884.7019653,0,0,0
1771717884.7020788,0,0,0
1771717884.7057657,0,0,0
1771717884.7059004,0,0,0
1771717884.7060208,0,0,0
1771717884.7061386,0,0,0
1771717884.7062886,0,0,0
1771717884.7064555,0,0,0
1771717884.709795,0,0,0
1771717884.7099128,0,0,0
1771717884.7100298,0,0,0
1771717884.710144,0,0,0
1771717884.7102573,0,0,0
1771717884.7139213,0,0,0
1771717884.7140505,0,0,0
1771717884.7141695,0,0,0
1771717884.7143269,0,0,0
1771717884.71445,0,0,0
1771717884.717908,0,0,0
1771717884.7180386,0,0,0
1771717884.7181625,0,0,0
1771717884.71836,0,0,0
1771717884.718577,0,0,0
1771717884.7187946,0,0,0
1771717884.722162,0,0,0
1771717884.722385,0,0,0
1771717884.722605,0,0,0
1771717884.7228167,0,0,0
1771717884.723022,0,0,0
1771717884.7261627,0,0,0
1771717884.7264533,0,0,0
1771717884.7267723,0,0,0
1771717884.7269864,0,0,0
1771717884.7271972,0,0,0
1771717884.7274027,0,0,0
1771717884.730326,0,0,0
1771717884.7304556,0,0,0
1771717884.7305741,0,0,0
1771717884.7306907,0,0,0
1771717884.7308068,0,0,0
1771717884.734331,0,0,0
1771717884.7346234,0,0,0
1771717884.73483,0,0,0
1771717884.7350266,0,0,0
1771717884.7351465,0,0,0
1771717884.7352612,0,0,0
1771717884.7385514,0,0,0
1771717884.7386987,0,0,0
1771717884.7388391,0,0,0
1771717884.738954,0,0,0
1771717884.7390676,0,0,0
1771717884.7424946,0,0,0
1771717884.7426167,0,0,0
1771717884.7427347,0,0,0
1771717884.742853,0,0,0
1771717884.742972,0,0,0
1771717884.74312,0,0,0
1771717884.8014662,0,0,0
1771717884.8016033,0,0,0
1771717884.8017247,0,0,0
1771717884.8018885,0,0,0
1771717884.8020108,0,0,0
1771717884.8021305,0,0,0
1771717884.802262,0,0,0
1771717884.8023806,0,0,0
1771717884.802498,0,0,0
1771717884.802615,0,0,0
1771717884.8027325,0,0,0
1771717884.8028746,0,0,0
1771717884.803002,0,0,0
1771717884.80312,0,0,0
1771717884.8032374,0,0,0
1771717884.803457,0,0,0
1771717884.8035746,0,0,0
1771717884.8036923,0,0,0
1771717884.8038092,0,0,0
1771717884.803964,0,0,0
1771717884.804082,0,0,0
1771717884.8042006,0,0,0
1771717884.8043187,0,0,0
1771717884.8044357,0,0,0
1771717884.8045518,0,0,0
1771717884.804669,0,0,0
1771717884.804788,0,0,0
1771717884.8049428,0,0,0
1771717884.8050604,0,0,0
1771717884.8051765,0,0,0
1771717884.8052928,0,0,0
1771717884.805409,0,0,0
1771717884.8055255,0,0,0
1771717884.8056417,0,0,0
1771717884.8057587,0,0,0
1771717884.805895,0,0,0
1771717884.8060117,0,0,0
1771717884.8061285,0,0,0
1771717884.806245,0,0,0
1771717884.8065333,0,0,0
1771717884.806724,0,0,0
1771717884.8069203,0,0,0
1771717884.8071365,0,0,0
1771717884.8072717,0,0,0
1771717884.8074186,0,0,0
1771717884.8075333,0,0,0
1771717884.8076484,0,0,0
1771717884.8077629,0,0,0
1771717884.807926,0,0,0
1771717884.8080513,0,0,0
1771717884.8081686,0,0,0
1771717884.8083003,0,0,0
1771717884.8084183,0,0,0
1771717884.8085337,0,0,0
1771717884.8086493,0,0,0
1771717884.8087654,0,0,0
1771717884.8089058,0,0,0
1771717884.8090215,0,0,0
1771717884.809137,0,0,0
1771717884.8092532,0,0,0
1771717884.8093884,0,0,0
1771717884.8095129,0,0,0
1771717884.8096275,0,0,0
1771717884.8097413,0,0,0
1771717884.8098857,0,0,0
1771717884.8100033,0,0,0
1771717884.8101263,0,0,0
1771717884.81024,0,0,0
1771717884.8103747,0,0,0
1771717884.810489,0,0,0
1771717884.8106027,0,0,0
1771717884.8107185,0,0,0
1771717884.810855,0,0,0
1771717884.8109689,0,0,0
1771717884.8110828,0,0,0
1771717884.811196,0,0,0
1771717884.8113306,0,0,0
1771717884.8114471,0,0,0
1771717884.8115606,0,0,0
1771717884.811675,0,0,0
1771717884.8117886,0,0,0
1771717884.8119226,0,0,0
1771717884.8120363,0,0,0
1771717884.8121557,0,0,0
1771717884.8122773,0,0,0
1771717884.8123994,0,0,0
1771717884.812513,0,0,0
1771717884.8126264,0,0,0
1771717884.8127425,0,0,0
1771717884.8128872,0,0,0
1771717884.8130012,0,0,0
1771717884.8131151,0,0,0
1771717884.816223,0,0,0
1771717884.816383,0,0,0
1771717884.8165052,0,0,0
1771717884.8166277,0,0,0
1771717884.8167465,0,0,0
1771717884.8168645,0,0,0
1771717884.8206086,0,0,0
1771717884.8209114,0,0,0
1771717884.821133,0,0,0
1771717884.8214262,0,0,0
1771717884.82155,0,0,0
1771717884.8245022,0,0,0
1771717884.8246453,0,0,0
1771717884.824764,0,0,0
1771717884.8248816,0,0,0
1771717884.824998,0,0,0
1771717884.8251219,0,0,0
1771717884.8324454,0,0,0
1771717884.8325856,0,0,0
1771717884.8327384,0,0,0
1771717884.8329926,0,0,0
1771717884.8331099,0,0,0
1771717884.8332253,0,0,0
1771717884.8333406,0,0,0
1771717884.8334568,0,0,0
1771717884.8335743,0,0,0
1771717884.8336902,0,0,0
1771717884.8338492,0,0,0
1771717884.8367624,0,0,0
1771717884.8370278,0,0,0
1771717884.837255,0,0,0
1771717884.8374405,0,0,0
1771717884.837617,0,0,0
1771717884.8409474,0,0,0
1771717884.8410804,0,0,0
1771717884.8412013,0,0,0
1771717884.8413243,0,0,0
1771717884.8414416,0,0,0
1771717884.841559,0,0,0
1771717884.8449676,0,0,0
1771717884.8450851,0,0,0
1771717884.8452015,0,0,0
1771717884.8453164,0,0,0
1771717884.8454309,0,0,0
1771717884.8491845,0,0,0
1771717884.8494232,0,0,0
1771717884.8496475,0,0,0
1771717884.8499494,0,0,0
1771717884.8502445,0,0,0
1771717884.8530896,0,0,0
1771717884.8532522,0,0,0
1771717884.853376,0,0,0
1771717884.8534982,0,0,0
1771717884.8536177,0,0,0
1771717884.8537369,0,0,0
1771717884.8573065,0,0,0
1771717884.857455,0,0,0
1771717884.8575726,0,0,0
1771717884.8576894,0,0,0
1771717884.8578043,0,0,0
1771717884.861262,0,0,0
1771717884.8615708,0,0,0
1771717884.861789,0,0,0
1771717884.8620028,0,0,0
1771717884.8622174,0,0,0
1771717884.8623397,0,0,0
1771717884.865558,0,0,0
1771717884.8657095,0,0,0
1771717884.8658397,0,0,0
1771717884.8659565,0,0,0
1771717884.8660722,0,0,0
1771717884.8695056,0,0,0
1771717884.8696353,0,0,0
1771717884.8697863,0,0,0
1771717884.8699074,0,0,0
1771717884.870023,0,0,0
1771717884.8701377,0,0,0
1771717884.8736873,0,0,0
1771717884.8738108,0,0,0
1771717884.8739264,0,0,0
1771717884.874041,0,0,0
1771717884.8741555,0,0,0
1771717884.8776467,0,0,0
1771717884.877768,0,0,0
1771717884.8779597,0,0,0
1771717884.878216,0,0,0
1771717884.8784282,0,0,0
1771717884.878718,0,0,0
1771717884.8852553,0,0,0
1771717884.8853896,0,0,0
1771717884.8855126,0,0,0
1771717884.8856354,0,0,0
1771717884.8857937,0,0,0
1771717884.885913,0,0,0
1771717884.8860314,0,0,0
1771717884.88615,0,0,0
1771717884.886267,0,0,0
1771717884.8863862,0,0,0
1771717884.8865042,0,0,0
1771717884.89004,0,0,0
1771717884.8904278,0,0,0
1771717884.8913105,0,0,0
1771717884.8914993,0,0,0
1771717884.8916202,0,0,0
1771717884.8948636,0,0,0
1771717884.8949955,0,0,0
1771717884.8951461,0,0,0
1771717884.8952646,0,0,0
1771717884.895382,0,0,0
1771717884.8981273,0,0,0
1771717884.8983738,0,0,0
1771717884.8985956,0,0,0
1771717884.8988662,0,0,0
1771717884.8991094,0,0,0
1771717884.8995562,0,0,0
1771717884.9023263,0,0,0
1771717884.902456,0,0,0
1771717884.9025762,0,0,0
1771717884.9026923,0,0,0
1771717884.9028077,0,0,0
1771717884.906321,0,0,0
1771717884.9065216,0,0,0
1771717884.906673,0,0,0
1771717884.906889,0,0,0
1771717884.9071064,0,0,0
1771717884.907377,0,0,0
1771717884.910571,0,0,0
1771717884.91075,0,0,0
1771717884.9108725,0,0,0
1771717884.9109943,0,0,0
1771717884.9111137,0,0,0
1771717884.9146123,0,0,0
1771717884.9149852,0,0,0
1771717884.9153383,0,0,0
1771717884.9155247,0,0,0
1771717884.9156823,0,0,0
1771717884.915804,0,0,0
1771717884.9187005,0,0,0
1771717884.9188204,0,0,0
1771717884.9189384,0,0,0
1771717884.919078,0,0,0
1771717884.9191957,0,0,0
1771717884.922777,0,0,0
1771717884.9229083,0,0,0
1771717884.9230263,0,0,0
1771717884.9231417,0,0,0
1771717884.923257,0,0,0
1771717884.9233706,0,0,0
1771717884.9268723,0,0,0
1771717884.927011,0,0,0
1771717884.9271286,0,0,0
1771717884.9272437,0,0,0
1771717884.9273572,0,0,0
1771717884.9310749,0,0,0
1771717884.931315,0,0,0
1771717884.9314673,0,0,0
1771717884.9315884,0,0,0
1771717884.9317076,0,0,0
1771717884.9318285,0,0,0
1771717884.938487,0,0,0
1771717884.9386184,0,0,0
1771717884.9387386,0,0,0
1771717884.9388654,0,0,0
1771717884.9389894,0,0,0
1771717884.9391546,0,0,0
1771717884.9392707,0,0,0
1771717884.9394495,0,0,0
1771717884.9396632,0,0,0
1771717884.9398572,0,0,0
1771717884.9432924,0,0,0
1771717884.9436224,0,0,0
1771717884.9438894,0,0,0
1771717884.944135,0,0,0
1771717884.9443305,0,0,0
1771717884.944473,0,0,0
1771717884.9474194,0,0,0
1771717884.9475517,0,0,0
1771717884.9476707,0,0,0
1771717884.9477897,0,0,0
1771717884.9479053,0,0,0
1771717884.9513774,0,0,0
1771717884.9515543,0,0,0
1771717884.9517345,0,0,0
1771717884.9518738,0,0,0
1771717884.952018,0,0,0
1771717884.9521549,0,0,0
1771717884.9555898,0,0,0
1771717884.9557166,0,0,0
1771717884.9558387,0,0,0
1771717884.9559538,0,0,0
1771717884.9560685,0,0,0
1771717884.9596004,0,0,0
1771717884.9597282,0,0,0
1771717884.9598458,0,0,0
1771717884.9599602,0,0,0
1771717884.960076,0,0,0
1771717884.960232,0,0,0
1771717884.963774,0,0,0
1771717884.963899,0,0,0
1771717884.964016,0,0,0
1771717884.9641697,0,0,0
1771717884.9642844,0,0,0
1771717884.9678276,0,0,0
1771717884.9679604,0,0,0
1771717884.9681208,0,0,0
1771717884.9682407,0,0,0
1771717884.9683592,0,0,0
1771717884.9684775,0,0,0
1771717884.9719288,0,0,0
1771717884.972046,0,0,0
1771717884.9722004,0,0,0
1771717884.9723177,0,0,0
1771717884.972432,0,0,0
1771717884.9760478,0,0,0
1771717884.9761734,0,0,0
1771717884.9763694,0,0,0
1771717884.976582,0,0,0
1771717884.9768543,0,0,0
1771717884.9771574,0,0,0
1771717884.980148,0,0,0
1771717884.9802718,0,0,0
1771717884.980406,0,0,0
1771717884.98056,0,0,0
1771717884.980709,0,0,0
1771717884.984219,0,0,0
1771717884.9843469,0,0,0
1771717884.9844685,0,0,0
1771717884.9845905,0,0,0
1771717884.9847085,0,0,0
1771717884.9882507,0,0,0
1771717884.98856,0,0,0
1771717884.988709,0,0,0
1771717884.988827,0,0,0
1771717884.988945,0,0,0
1771717884.9890614,0,0,0
1771717884.9942474,0,0,0
1771717884.9943771,0,0,0
1771717884.9944978,0,0,0
1771717884.994619,0,0,0
1771717884.994735,0,0,0
1771717884.9964614,0,0,0
1771717884.9966185,0,0,0
1771717884.9967356,0,0,0
1771717884.9968927,0,0,0
1771717884.9970076,0,0,0
1771717884.997124,0,0,0
1771717885.0006673,0,0,0
1771717885.0008898,0,0,0
1771717885.001104,0,0,0
1771717885.0013168,0,0,0
1771717885.0014453,0,0,0
1771717885.0046973,0,0,0
1771717885.0048268,0,0,0
1771717885.0049806,0,0,0
1771717885.0051,0,0,0
1771717885.0052176,0,0,0
1771717885.005333,0,0,0
1771717885.0691447,0,0,0
1771717885.0692778,0,0,0
1771717885.0694098,0,0,0
1771717885.069588,0,0,0
1771717885.0698469,0,0,0
1771717885.0700397,0,0,0
1771717885.0702195,0,0,0
1771717885.0703874,0,0,0
1771717885.0705068,0,0,0
1771717885.0706341,0,0,0
1771717885.0709693,0,0,0
1771717885.071303,0,0,0
1771717885.071482,0,0,0
1771717885.0717654,0,0,0
1771717885.0718958,0,0,0
1771717885.0720146,0,0,0
1771717885.072167,0,0,0
1771717885.0722888,0,0,0
1771717885.072417,0,0,0
1771717885.0725482,0,0,0
1771717885.0726693,0,0,0
1771717885.0727906,0,0,0
1771717885.0729098,0,0,0
1771717885.073028,0,0,0
1771717885.073171,0,0,0
1771717885.0733445,0,0,0
1771717885.0735826,0,0,0
1771717885.0737023,0,0,0
1771717885.073822,0,0,0
1771717885.0739398,0,0,0
1771717885.0740683,0,0,0
1771717885.074277,0,0,0
1771717885.0744772,0,0,0
1771717885.0746932,0,0,0
1771717885.0749311,0,0,0
1771717885.0751529,0,0,0
1771717885.0752816,0,0,0
1771717885.075399,0,0,0
1771717885.0755365,0,0,0
1771717885.075651,0,0,0
1771717885.075765,0,0,0
1771717885.0758789,0,0,0
1771717885.0759943,0,0,0
1771717885.0761387,0,0,0
1771717885.076253,0,0,0
1771717885.0763664,0,0,0
1771717885.0765002,0,0,0
1771717885.0766149,0,0,0
1771717885.076729,0,0,0
1771717885.076843,0,0,0
1771717885.0769594,0,0,0
1771717885.0770736,0,0,0
1771717885.0772142,0,0,0
1771717885.0773294,0,0,0
1771717885.0774627,0,0,0
1771717885.077599,0,0,0
1771717885.0777152,0,0,0
1771717885.077829,0,0,0
1771717885.0779421,0,0,0
1771717885.0780547,0,0,0
1771717885.0781982,0,0,0
1771717885.0783246,0,0,0
1771717885.0784862,0,0,0
1771717885.0786002,0,0,0
1771717885.0787148,0,0,0
1771717885.0788302,0,0,0
1771717885.0789435,0,0,0
1771717885.0790565,0,0,0
1771717885.0791926,0,0,0
1771717885.0793111,0,0,0
1771717885.0794413,0,0,0
1771717885.0795574,0,0,0
1771717885.0796723,0,0,0
1771717885.079786,0,0,0
1771717885.0798998,0,0,0
1771717885.080016,0,0,0
1771717885.0801558,0,0,0
1771717885.080272,0,0,0
1771717885.0803847,0,0,0
1771717885.0805497,0,0,0
1771717885.0806794,0,0,0
1771717885.0808105,0,0,0
1771717885.0809274,0,0,0
1771717885.081041,0,0,0
1771717885.081184,0,0,0
1771717885.0813026,0,0,0
1771717885.0814314,0,0,0
1771717885.081597,0,0,0
1771717885.0817506,0,0,0
1771717885.0819726,0,0,0
1771717885.0822349,0,0,0
1771717885.082472,0,0,0
1771717885.0827038,0,0,0
1771717885.0828276,0,0,0
1771717885.0829434,0,0,0
1771717885.0830579,0,0,0
1771717885.0832186,0,0,0
1771717885.0833335,0,0,0
1771717885.0834718,0,0,0
1771717885.0835853,0,0,0
1771717885.0836983,0,0,0
1771717885.0838113,0,0,0
1771717885.0839248,0,0,0
1771717885.0865676,0,0,0
1771717885.086736,0,0,0
1771717885.0868652,0,0,0
1771717885.0869825,0,0,0
1771717885.087098,0,0,0
1771717885.087213,0,0,0
1771717885.0908282,0,0,0
1771717885.0909634,0,0,0
1771717885.091084,0,0,0
1771717885.0912025,0,0,0
1771717885.0913217,0,0,0
1771717885.0948012,0,0,0
1771717885.0949383,0,0,0
1771717885.0950656,0,0,0
1771717885.09525,0,0,0
1771717885.0953915,0,0,0
1771717885.095511,0,0,0
1771717885.1050675,0,0,0
1771717885.105244,0,0,0
1771717885.1054485,0,0,0
1771717885.1056054,0,0,0
1771717885.1057813,0,0,0
1771717885.1059585,0,0,0
1771717885.1061282,0,0,0
1771717885.1063607,0,0,0
1771717885.1065366,0,0,0
1771717885.1067634,0,0,0
1771717885.1069384,0,0,0
1771717885.1072543,0,0,0
1771717885.107465,0,0,0
1771717885.1076384,0,0,0
1771717885.10782,0,0,0
1771717885.1079912,0,0,0
1771717885.1113005,0,0,0
1771717885.1115332,0,0,0
1771717885.1117024,0,0,0
1771717885.1118279,0,0,0
1771717885.1119478,0,0,0
1771717885.1120663,0,0,0
1771717885.1152842,0,0,0
1771717885.115404,0,0,0
1771717885.1155193,0,0,0
1771717885.1156704,0,0,0
1771717885.115787,0,0,0
1771717885.1194334,0,0,0
1771717885.1195862,0,0,0
1771717885.11973,0,0,0
1771717885.1199214,0,0,0
1771717885.1200635,0,0,0
1771717885.123529,0,0,0
1771717885.1236842,0,0,0
1771717885.1238337,0,0,0
1771717885.1240494,0,0,0
1771717885.1242647,0,0,0
1771717885.1245716,0,0,0
1771717885.1275973,0,0,0
1771717885.1277301,0,0,0
1771717885.1278536,0,0,0
1771717885.1280127,0,0,0
1771717885.128142,0,0,0
1771717885.131583,0,0,0
1771717885.1318119,0,0,0
1771717885.1320248,0,0,0
1771717885.132232,0,0,0
1771717885.1323879,0,0,0
1771717885.1325555,0,0,0
1771717885.135871,0,0,0
1771717885.1360233,0,0,0
1771717885.1361656,0,0,0
1771717885.1363049,0,0,0
1771717885.1364439,0,0,0
1771717885.1398315,0,0,0
1771717885.139986,0,0,0
1771717885.1401725,0,0,0
1771717885.1403115,0,0,0
1771717885.1404493,0,0,0
1771717885.1405845,0,0,0
1771717885.1439617,0,0,0
1771717885.1440785,0,0,0
1771717885.144226,0,0,0
1771717885.1443403,0,0,0
1771717885.1444554,0,0,0
1771717885.1481276,0,0,0
1771717885.1482704,0,0,0
1771717885.1483886,0,0,0
1771717885.1485064,0,0,0
1771717885.1486678,0,0,0
1771717885.148786,0,0,0
1771717885.215655,0,0,0
1771717885.2158701,0,0,0
1771717885.2159953,0,0,0
1771717885.216117,0,0,0
1771717885.2162378,0,0,0
1771717885.2163584,0,0,0
1771717885.2164817,0,0,0
1771717885.2165992,0,0,0
1771717885.2167163,0,0,0
1771717885.2168622,0,0,0
1771717885.2169814,0,0,0
1771717885.217111,0,0,0
1771717885.2172298,0,0,0
1771717885.2173505,0,0,0
1771717885.2174702,0,0,0
1771717885.21764,0,0,0
1771717885.2177591,0,0,0
1771717885.217901,0,0,0
1771717885.2180195,0,0,0
1771717885.2181375,0,0,0
1771717885.2182577,0,0,0
1771717885.2183864,0,0,0
1771717885.2185044,0,0,0
1771717885.2186217,0,0,0
1771717885.2189033,0,0,0
1771717885.2190216,0,0,0
1771717885.2191465,0,0,0
1771717885.2192652,0,0,0
1771717885.2193837,0,0,0
1771717885.2195027,0,0,0
1771717885.2197266,0,0,0
1771717885.219954,0,0,0
1771717885.220081,0,0,0
1771717885.2202013,0,0,0
1771717885.2203195,0,0,0
1771717885.2204385,0,0,0
1771717885.220556,0,0,0
1771717885.221074,0,0,0
1771717885.2213285,0,0,0
1771717885.2215078,0,0,0
1771717885.221654,0,0,0
1771717885.2218006,0,0,0
1771717885.2219424,0,0,0
1771717885.222084,0,0,0
1771717885.2222266,0,0,0
1771717885.2223556,0,0,0
1771717885.2225118,0,0,0
1771717885.2226315,0,0,0
1771717885.2227507,0,0,0
1771717885.22287,0,0,0
1771717885.2229898,0,0,0
1771717885.22311,0,0,0
1771717885.2232563,0,0,0
1771717885.223527,0,0,0
1771717885.2236462,0,0,0
1771717885.2237678,0,0,0
1771717885.223886,0,0,0
1771717885.2240045,0,0,0
1771717885.224124,0,0,0
1771717885.224268,0,0,0
1771717885.224397,0,0,0
1771717885.224515,0,0,0
1771717885.2246335,0,0,0
1771717885.2247503,0,0,0
1771717885.2248676,0,0,0
1771717885.2249877,0,0,0
1771717885.2251058,0,0,0
1771717885.2252243,0,0,0
1771717885.225372,0,0,0
1771717885.2254884,0,0,0
1771717885.2256064,0,0,0
1771717885.225727,0,0,0
1771717885.2258425,0,0,0
1771717885.2259574,0,0,0
1771717885.226073,0,0,0
1771717885.2261882,0,0,0
1771717885.2264278,0,0,0
1771717885.2266061,0,0,0
1771717885.2268066,0,0,0
1771717885.2269723,0,0,0
1771717885.227141,0,0,0
1771717885.227435,0,0,0
1771717885.2275648,0,0,0
1771717885.2276824,0,0,0
1771717885.2277963,0,0,0
1771717885.2279105,0,0,0
1771717885.2280235,0,0,0
1771717885.2281373,0,0,0
1771717885.2282906,0,0,0
1771717885.2284055,0,0,0
1771717885.2285192,0,0,0
1771717885.2286322,0,0,0
1771717885.2287457,0,0,0
1771717885.2288613,0,0,0
1771717885.2289746,0,0,0
1771717885.2290869,0,0,0
1771717885.2292006,0,0,0
1771717885.2293503,0,0,0
1771717885.2294655,0,0,0
1771717885.2295818,0,0,0
1771717885.2296941,0,0,0
1771717885.229807,0,0,0
1771717885.2299206,0,0,0
1771717885.230034,0,0,0
1771717885.2301521,0,0,0
1771717885.230294,0,0,0
1771717885.2304077,0,0,0
1771717885.2305217,0,0,0
1771717885.2306345,0,0,0
1771717885.2396202,0,0,0
1771717885.2398124,0,0,0
1771717885.240108,0,0,0
1771717885.240309,0,0,0
1771717885.2404945,0,0,0
1771717885.24067,0,0,0
1771717885.2408412,0,0,0
1771717885.2410648,0,0,0
1771717885.2412353,0,0,0
1771717885.2414021,0,0,0
1771717885.2415943,0,0,0
1771717885.242427,0,0,0
1771717885.2426622,0,0,0
1771717885.2428756,0,0,0
1771717885.2430496,0,0,0
1771717885.2432225,0,0,0
1771717885.246423,0,0,0
1771717885.2465663,0,0,0
1771717885.2467444,0,0,0
1771717885.2468655,0,0,0
1771717885.246987,0,0,0
1771717885.2471063,0,0,0
1771717885.250446,0,0,0
1771717885.250564,0,0,0
1771717885.250698,0,0,0
1771717885.2508142,0,0,0
1771717885.2509298,0,0,0
1771717885.2545931,0,0,0
1771717885.2547264,0,0,0
1771717885.2548451,0,0,0
1771717885.255004,0,0,0
1771717885.2551396,0,0,0
1771717885.2586534,0,0,0
1771717885.2587886,0,0,0
1771717885.2589056,0,0,0
1771717885.2590213,0,0,0
1771717885.2591758,0,0,0
1771717885.2592914,0,0,0
1771717885.2627766,0,0,0
1771717885.262995,0,0,0
1771717885.2632108,0,0,0
1771717885.2634196,0,0,0
1771717885.2636247,0,0,0
1771717885.2668998,0,0,0
1771717885.2672102,0,0,0
1771717885.2674363,0,0,0
1771717885.267652,0,0,0
1771717885.2678592,0,0,0
1771717885.2679756,0,0,0
1771717885.2710636,0,0,0
1771717885.2712965,0,0,0
1771717885.2715344,0,0,0
1771717885.27166,0,0,0
1771717885.2717764,0,0,0
1771717885.2749872,0,0,0
1771717885.275125,0,0,0
1771717885.2752857,0,0,0
1771717885.2754316,0,0,0
1771717885.2755497,0,0,0
1771717885.2756665,0,0,0
1771717885.2791352,0,0,0
1771717885.2792804,0,0,0
1771717885.2794166,0,0,0
1771717885.2795315,0,0,0
1771717885.2796445,0,0,0
1771717885.283179,0,0,0
1771717885.283299,0,0,0
1771717885.2835455,0,0,0
1771717885.2836974,0,0,0
1771717885.283816,0,0,0
1771717885.2839336,0,0,0
1771717885.2922187,0,0,0
1771717885.2923687,0,0,0
1771717885.2924898,0,0,0
1771717885.2926059,0,0,0
1771717885.2927687,0,0,0
1771717885.292884,0,0,0
1771717885.293002,0,0,0
1771717885.293125,0,0,0
1771717885.2932394,0,0,0
1771717885.2933722,0,0,0
1771717885.2934885,0,0,0
1771717885.2955375,0,0,0
1771717885.2956533,0,0,0
1771717885.2958028,0,0,0
1771717885.2959187,0,0,0
1771717885.296034,0,0,0
1771717885.2996874,0,0,0
1771717885.2998211,0,0,0
1771717885.299945,0,0,0
1771717885.3000727,0,0,0
1771717885.3002245,0,0,0
1771717885.3037882,0,0,0
1771717885.3043637,0,0,0
1771717885.3046613,0,0,0
1771717885.3048737,0,0,0
1771717885.3050854,0,0,0
1771717885.3052013,0,0,0
1771717885.308178,0,0,0
1771717885.3083246,0,0,0
1771717885.3084507,0,0,0
1771717885.3085756,0,0,0
1771717885.3087,0,0,0
1771717885.311898,0,0,0
1771717885.3120434,0,0,0
1771717885.3121738,0,0,0
1771717885.3124387,0,0,0
1771717885.312735,0,0,0
1771717885.3130796,0,0,0
1771717885.3160672,0,0,0
1771717885.3162441,0,0,0
1771717885.3163676,0,0,0
1771717885.3164904,0,0,0
1771717885.3166118,0,0,0
1771717885.3201978,0,0,0
1771717885.320448,0,0,0
1771717885.320658,0,0,0
1771717885.320869,0,0,0
1771717885.321078,0,0,0
1771717885.3212829,0,0,0
1771717885.3242066,0,0,0
1771717885.3243308,0,0,0
1771717885.3244631,0,0,0
1771717885.3245776,0,0,0
1771717885.3246946,0,0,0
1771717885.3283544,0,0,0
1771717885.3284864,0,0,0
1771717885.3286092,0,0,0
1771717885.3287342,0,0,0
1771717885.3288558,0,0,0
1771717885.3289902,0,0,0
1771717885.3323674,0,0,0
1771717885.3324842,0,0,0
1771717885.3325999,0,0,0
1771717885.3327146,0,0,0
1771717885.3328278,0,0,0
1771717885.3365855,0,0,0
1771717885.3367155,0,0,0
1771717885.336834,0,0,0
1771717885.33695,0,0,0
1771717885.3370652,0,0,0
1771717885.3371806,0,0,0
1771717885.4104187,0,0,0
1771717885.4106598,0,0,0
1771717885.4107966,0,0,0
1771717885.4109554,0,0,0
1771717885.4110765,0,0,0
1771717885.411211,0,0,0
1771717885.4113293,0,0,0
1771717885.4114459,0,0,0
1771717885.4115975,0,0,0
1771717885.4117181,0,0,0
1771717885.4118621,0,0,0
1771717885.411986,0,0,0
1771717885.4121046,0,0,0
1771717885.4122243,0,0,0
1771717885.412344,0,0,0
1771717885.4124618,0,0,0
1771717885.4126167,0,0,0
1771717885.4127364,0,0,0
1771717885.4128704,0,0,0
1771717885.4130404,0,0,0
1771717885.4132323,0,0,0
1771717885.4134011,0,0,0
1771717885.4136314,0,0,0
1771717885.4138482,0,0,0
1771717885.4139855,0,0,0
1771717885.4141455,0,0,0
1771717885.4143384,0,0,0
1771717885.4146044,0,0,0
1771717885.4147878,0,0,0
1771717885.414973,0,0,0
1771717885.4151316,0,0,0
1771717885.4152906,0,0,0
1771717885.4154437,0,0,0
1771717885.4156415,0,0,0
1771717885.4158194,0,0,0
1771717885.415986,0,0,0
1771717885.4161637,0,0,0
1771717885.4163408,0,0,0
1771717885.4165509,0,0,0
1771717885.416726,0,0,0
1771717885.416894,0,0,0
1771717885.417062,0,0,0
1771717885.4172254,0,0,0
1771717885.4173942,0,0,0
1771717885.4175968,0,0,0
1771717885.4177623,0,0,0
1771717885.4179308,0,0,0
1771717885.4180834,0,0,0
1771717885.4182408,0,0,0
1771717885.4183927,0,0,0
1771717885.4185803,0,0,0
1771717885.418733,0,0,0
1771717885.4188888,0,0,0
1771717885.4190493,0,0,0
1771717885.419216,0,0,0
1771717885.4193876,0,0,0
1771717885.419615,0,0,0
1771717885.419785,0,0,0
1771717885.4199672,0,0,0
1771717885.4201338,0,0,0
1771717885.4202855,0,0,0
1771717885.4204378,0,0,0
1771717885.420635,0,0,0
1771717885.4207928,0,0,0
1771717885.4209516,0,0,0
1771717885.421112,0,0,0
1771717885.4212656,0,0,0
1771717885.4214168,0,0,0
1771717885.4216142,0,0,0
1771717885.4217825,0,0,0
1771717885.42197,0,0,0
1771717885.4221332,0,0,0
1771717885.4222956,0,0,0
1771717885.4224598,0,0,0
1771717885.42266,0,0,0
1771717885.4228263,0,0,0
1771717885.4229915,0,0,0
1771717885.4231591,0,0,0
1771717885.42332,0,0,0
1771717885.4235244,0,0,0
1771717885.423687,0,0,0
1771717885.4238489,0,0,0
1771717885.423998,0,0,0
1771717885.4241526,0,0,0
1771717885.424306,0,0,0
1771717885.4244573,0,0,0
1771717885.4246423,0,0,0
1771717885.4247956,0,0,0
1771717885.4249523,0,0,0
1771717885.425119,0,0,0
1771717885.425278,0,0,0
1771717885.4254465,0,0,0
1771717885.4256594,0,0,0
1771717885.425824,0,0,0
1771717885.4259996,0,0,0
1771717885.4261618,0,0,0
1771717885.4263275,0,0,0
1771717885.426522,0,0,0
1771717885.426686,0,0,0
1771717885.4268494,0,0,0
1771717885.427009,0,0,0
1771717885.4271708,0,0,0
1771717885.4273293,0,0,0
1771717885.427515,0,0,0
1771717885.427666,0,0,0
1771717885.4278188,0,0,0
1771717885.4279897,0,0,0
1771717885.42815,0,0,0
1771717885.4283118,0,0,0
1771717885.4285076,0,0,0
1771717885.4286878,0,0,0
1771717885.4288783,0,0,0
1771717885.4290757,0,0,0
1771717885.429297,0,0,0
1771717885.4295208,0,0,0
1771717885.4296916,0,0,0
1771717885.4298804,0,0,0
1771717885.430051,0,0,0
1771717885.4302294,0,0,0
1771717885.4303904,0,0,0
1771717885.44126,0,0,0
1771717885.44141,0,0,0
1771717885.441584,0,0,0
1771717885.4417148,0,0,0
1771717885.4418383,0,0,0
1771717885.4419718,0,0,0
1771717885.4422255,0,0,0
1771717885.4427483,0,0,0
1771717885.4432876,0,0,0
1771717885.4435577,0,0,0
1771717885.443744,0,0,0
1771717885.4438777,0,0,0
1771717885.4441855,0,0,0
1771717885.4443626,0,0,0
1771717885.4445937,0,0,0
1771717885.4448645,0,0,0
1771717885.4451315,0,0,0
1771717885.44549,0,0,0
1771717885.4457116,0,0,0
1771717885.4459963,0,0,0
1771717885.446172,0,0,0
1771717885.4471235,0,0,0
1771717885.4473493,0,0,0
1771717885.4475124,0,0,0
1771717885.4476724,0,0,0
1771717885.4478374,0,0,0
1771717885.4479961,0,0,0
1771717885.4514573,0,0,0
1771717885.451627,0,0,0
1771717885.4517498,0,0,0
1771717885.4518716,0,0,0
1771717885.452039,0,0,0
1771717885.4553025,0,0,0
1771717885.4554782,0,0,0
1771717885.4556491,0,0,0
1771717885.4558697,0,0,0
1771717885.4560652,0,0,0
1771717885.456222,0,0,0
1771717885.4594011,0,0,0
1771717885.4595609,0,0,0
1771717885.4596834,0,0,0
1771717885.4598355,0,0,0
1771717885.4599547,0,0,0
1771717885.4635942,0,0,0
1771717885.4638307,0,0,0
1771717885.4640505,0,0,0
1771717885.4642615,0,0,0
1771717885.4644713,0,0,0
1771717885.4646533,0,0,0
1771717885.467575,0,0,0
1771717885.4677064,0,0,0
1771717885.4678795,0,0,0
1771717885.4680002,0,0,0
1771717885.4681206,0,0,0
1771717885.4717631,0,0,0
1771717885.4720387,0,0,0
1771717885.4722047,0,0,0
1771717885.4723465,0,0,0
1771717885.47247,0,0,0
1771717885.472589,0,0,0
1771717885.4758408,0,0,0
1771717885.4759815,0,0,0
1771717885.476319,0,0,0
1771717885.4765344,0,0,0
1771717885.4767127,0,0,0
1771717885.4798894,0,0,0
1771717885.4800973,0,0,0
1771717885.4802492,0,0,0
1771717885.4803984,0,0,0
1771717885.4805446,0,0,0
1771717885.4839237,0,0,0
1771717885.484149,0,0,0
1771717885.484366,0,0,0
1771717885.484634,0,0,0
1771717885.4848511,0,0,0
1771717885.4850695,0,0,0
1771717885.4880948,0,0,0
1771717885.488228,0,0,0
1771717885.488457,0,0,0
1771717885.4885836,0,0,0
1771717885.4887023,0,0,0
1771717885.4921842,0,0,0
1771717885.4923282,0,0,0
1771717885.492454,0,0,0
1771717885.4925764,0,0,0
1771717885.4927466,0,0,0
1771717885.4928634,0,0,0
1771717885.5000925,0,0,0
1771717885.5003388,0,0,0
1771717885.5004818,0,0,0
1771717885.50061,0,0,0
1771717885.5008042,0,0,0
1771717885.500957,0,0,0
1771717885.5010748,0,0,0
1771717885.501219,0,0,0
1771717885.5013359,0,0,0
1771717885.501451,0,0,0
1771717885.5015762,0,0,0
1771717885.5045016,0,0,0
1771717885.5046806,0,0,0
1771717885.504843,0,0,0
1771717885.5050814,0,0,0
1771717885.5052614,0,0,0
1771717885.5087752,0,0,0
1771717885.5089316,0,0,0
1771717885.5091116,0,0,0
1771717885.5092363,0,0,0
1771717885.509386,0,0,0
1771717885.509572,0,0,0
1771717885.5126262,0,0,0
1771717885.5127575,0,0,0
1771717885.5128796,0,0,0
1771717885.5130112,0,0,0
1771717885.5131707,0,0,0
1771717885.5167542,0,0,0
1771717885.5169275,0,0,0
1771717885.517083,0,0,0
1771717885.5172246,0,0,0
1771717885.517367,0,0,0
1771717885.5175474,0,0,0
1771717885.521098,0,0,0
1771717885.5212367,0,0,0
1771717885.521359,0,0,0
1771717885.5214798,0,0,0
1771717885.5216267,0,0,0
1771717885.525101,0,0,0
1771717885.5252502,0,0,0
1771717885.525378,0,0,0
1771717885.5255027,0,0,0
1771717885.5256228,0,0,0
1771717885.5289986,0,0,0
1771717885.5291502,0,0,0
1771717885.5293286,0,0,0
1771717885.5294983,0,0,0
1771717885.5298405,0,0,0
1771717885.5301318,0,0,0
1771717885.533148,0,0,0
1771717885.5333047,0,0,0
1771717885.5334482,0,0,0
1771717885.5335915,0,0,0
1771717885.5337348,0,0,0
1771717885.5373755,0,0,0
1771717885.5376556,0,0,0
1771717885.5378654,0,0,0
1771717885.538356,0,0,0
1771717885.538594,0,0,0
1771717885.5387971,0,0,0
1771717885.541424,0,0,0
1771717885.5416138,0,0,0
1771717885.5417993,0,0,0
1771717885.542001,0,0,0
1771717885.5422485,0,0,0
1771717885.5453796,0,0,0
1771717885.5455916,0,0,0
1771717885.5457146,0,0,0
1771717885.5458326,0,0,0
1771717885.5459526,0,0,0
1771717885.5460715,0,0,0
1771717885.5525937,0,0,0
1771717885.552779,0,0,0
1771717885.55292,0,0,0
1771717885.5531523,0,0,0
1771717885.5532928,0,0,0
1771717885.5535414,0,0,0
1771717885.553663,0,0,0
1771717885.5537796,0,0,0
1771717885.5538957,0,0,0
1771717885.5540233,0,0,0
1771717885.5544212,0,0,0
1771717885.5581682,0,0,0
1771717885.5585349,0,0,0
1771717885.558653,0,0,0
1771717885.5587728,0,0,0
1771717885.5588872,0,0,0
1771717885.5618446,0,0,0
1771717885.5619833,0,0,0
1771717885.5621066,0,0,0
1771717885.5622282,0,0,0
1771717885.562349,0,0,0
1771717885.5624728,0,0,0
1771717885.565859,0,0,0
1771717885.5659804,0,0,0
1771717885.5660987,0,0,0
1771717885.566216,0,0,0
1771717885.5663333,0,0,0
1771717885.5701063,0,0,0
1771717885.5703053,0,0,0
1771717885.5704403,0,0,0
1771717885.570557,0,0,0
1771717885.570714,0,0,0
1771717885.574027,0,0,0
1771717885.5741682,0,0,0
1771717885.5742917,0,0,0
1771717885.5744345,0,0,0
1771717885.5745523,0,0,0
1771717885.5746686,0,0,0
1771717885.5781314,0,0,0
1771717885.5782773,0,0,0
1771717885.5784185,0,0,0
1771717885.5785575,0,0,0
1771717885.5786963,0,0,0
1771717885.582178,0,0,0
1771717885.582308,0,0,0
1771717885.5824337,0,0,0
1771717885.58255,0,0,0
1771717885.5826685,0,0,0
1771717885.5827854,0,0,0
1771717885.5863423,0,0,0
1771717885.5864675,0,0,0
1771717885.586583,0,0,0
1771717885.5866988,0,0,0
1771717885.5868132,0,0,0
1771717885.590397,0,0,0
1771717885.5905297,0,0,0
1771717885.5906482,0,0,0
1771717885.5907638,0,0,0
1771717885.5908804,0,0,0
1771717885.5909946,0,0,0
1771717885.5945375,0,0,0
1771717885.5946548,0,0,0
1771717885.5947692,0,0,0
1771717885.5948815,0,0,0
1771717885.594994,0,0,0
1771717885.598587,0,0,0
1771717885.5987077,0,0,0
1771717885.5988255,0,0,0
1771717885.5989459,0,0,0
1771717885.5991035,0,0,0
1771717885.5993135,0,0,0
1771717885.6638005,0,0,0
1771717885.6639485,0,0,0
1771717885.6640742,0,0,0
1771717885.6641977,0,0,0
1771717885.6643183,0,0,0
1771717885.6644385,0,0,0
1771717885.6646128,0,0,0
1771717885.6647346,0,0,0
1771717885.664855,0,0,0
1771717885.6649754,0,0,0
1771717885.6650946,0,0,0
1771717885.6652231,0,0,0
1771717885.6653426,0,0,0
1771717885.6654618,0,0,0
1771717885.6656055,0,0,0
1771717885.6657243,0,0,0
1771717885.665843,0,0,0
1771717885.6659634,0,0,0
1771717885.666082,0,0,0
1771717885.6662447,0,0,0
1771717885.6663628,0,0,0
1771717885.6664805,0,0,0
1771717885.6666281,0,0,0
1771717885.6667469,0,0,0
1771717885.666866,0,0,0
1771717885.6669858,0,0,0
1771717885.6671045,0,0,0
1771717885.6672297,0,0,0
1771717885.6673484,0,0,0
1771717885.6674662,0,0,0
1771717885.6676068,0,0,0
1771717885.6677263,0,0,0
1771717885.6678448,0,0,0
1771717885.6679635,0,0,0
1771717885.6680822,0,0,0
1771717885.6682017,0,0,0
1771717885.6683214,0,0,0
1771717885.6684394,0,0,0
1771717885.668584,0,0,0
1771717885.6687055,0,0,0
1771717885.6688259,0,0,0
1771717885.668945,0,0,0
1771717885.669063,0,0,0
1771717885.669182,0,0,0
1771717885.6694162,0,0,0
1771717885.6695411,0,0,0
1771717885.669663,0,0,0
1771717885.6698215,0,0,0
1771717885.6699402,0,0,0
1771717885.6700575,0,0,0
1771717885.670175,0,0,0
1771717885.6702921,0,0,0
1771717885.670409,0,0,0
1771717885.6705267,0,0,0
1771717885.6706436,0,0,0
1771717885.6708133,0,0,0
1771717885.6709297,0,0,0
1771717885.6710536,0,0,0
1771717885.6711757,0,0,0
1771717885.6712906,0,0,0
1771717885.671406,0,0,0
1771717885.6715224,0,0,0
1771717885.6716383,0,0,0
1771717885.6717896,0,0,0
1771717885.6719048,0,0,0
1771717885.672023,0,0,0
1771717885.6721385,0,0,0
1771717885.6722553,0,0,0
1771717885.6723692,0,0,0
1771717885.6725397,0,0,0
1771717885.6727514,0,0,0
1771717885.673125,0,0,0
1771717885.6732428,0,0,0
1771717885.6733608,0,0,0
1771717885.6734765,0,0,0
1771717885.6735919,0,0,0
1771717885.673712,0,0,0
1771717885.6738675,0,0,0
1771717885.6739829,0,0,0
1771717885.674097,0,0,0
1771717885.674212,0,0,0
1771717885.6743271,0,0,0
1771717885.6744418,0,0,0
1771717885.6745572,0,0,0
1771717885.6746716,0,0,0
1771717885.6748114,0,0,0
1771717885.6749263,0,0,0
1771717885.6750524,0,0,0
1771717885.675167,0,0,0
1771717885.6752825,0,0,0
1771717885.6753967,0,0,0
1771717885.6755118,0,0,0
1771717885.6756256,0,0,0
1771717885.6757941,0,0,0
1771717885.6759117,0,0,0
1771717885.6760273,0,0,0
1771717885.676142,0,0,0
1771717885.6762567,0,0,0
1771717885.6846488,0,0,0
1771717885.6848338,0,0,0
1771717885.6849554,0,0,0
1771717885.6850736,0,0,0
1771717885.6851916,0,0,0
1771717885.6853068,0,0,0
1771717885.6854222,0,0,0
1771717885.6855378,0,0,0
1771717885.6856542,0,0,0
1771717885.6857698,0,0,0
1771717885.6859245,0,0,0
1771717885.6860497,0,0,0
1771717885.6861663,0,0,0
1771717885.6862807,0,0,0
1771717885.686396,0,0,0
1771717885.6865115,0,0,0
1771717885.688788,0,0,0
1771717885.6890798,0,0,0
1771717885.6892934,0,0,0
1771717885.6895063,0,0,0
1771717885.6897151,0,0,0
1771717885.6899252,0,0,0
1771717885.692781,0,0,0
1771717885.6929038,0,0,0
1771717885.6930194,0,0,0
1771717885.6931345,0,0,0
1771717885.69325,0,0,0
1771717885.6970716,0,0,0
1771717885.697214,0,0,0
1771717885.697336,0,0,0
1771717885.697458,0,0,0
1771717885.6975791,0,0,0
1771717885.6976972,0,0,0
1771717885.7009711,0,0,0
1771717885.7011151,0,0,0
1771717885.7012293,0,0,0
1771717885.7013435,0,0,0
1771717885.7014582,0,0,0
1771717885.705125,0,0,0
1771717885.705257,0,0,0
1771717885.7053783,0,0,0
1771717885.7055593,0,0,0
1771717885.7056763,0,0,0
1771717885.7092235,0,0,0
1771717885.709372,0,0,0
1771717885.709501,0,0,0
1771717885.7096424,0,0,0
1771717885.7097664,0,0,0
1771717885.7099013,0,0,0
1771717885.713343,0,0,0
1771717885.7135577,0,0,0
1771717885.7137005,0,0,0
1771717885.713842,0,0,0
1771717885.7139804,0,0,0
1771717885.7173166,0,0,0
1771717885.7175322,0,0,0
1771717885.7177458,0,0,0
1771717885.717958,0,0,0
1771717885.718224,0,0,0
1771717885.7184372,0,0,0
1771717885.7215362,0,0,0
1771717885.7216527,0,0,0
1771717885.7217662,0,0,0
1771717885.7218792,0,0,0
1771717885.7219937,0,0,0
1771717885.7256603,0,0,0
1771717885.7259676,0,0,0
1771717885.7261891,0,0,0
1771717885.726337,0,0,0
1771717885.7264543,0,0,0
1771717885.7265716,0,0,0
1771717885.7334642,0,0,0
1771717885.7337174,0,0,0
1771717885.7338428,0,0,0
1771717885.7339623,0,0,0
1771717885.7340822,0,0,0
1771717885.7342014,0,0,0
1771717885.73432,0,0,0
1771717885.7344365,0,0,0
1771717885.734588,0,0,0
1771717885.734707,0,0,0
1771717885.734825,0,0,0
1771717885.737835,0,0,0
1771717885.7379565,0,0,0
1771717885.7380757,0,0,0
1771717885.738196,0,0,0
1771717885.738316,0,0,0
1771717885.7421565,0,0,0
1771717885.7422876,0,0,0
1771717885.7424092,0,0,0
1771717885.742529,0,0,0
1771717885.7426476,0,0,0
1771717885.7459886,0,0,0
1771717885.746418,0,0,0
1771717885.7466414,0,0,0
1771717885.7468688,0,0,0
1771717885.7470834,0,0,0
1771717885.7473004,0,0,0
1771717885.7501798,0,0,0
1771717885.750315,0,0,0
1771717885.750468,0,0,0
1771717885.750591,0,0,0
1771717885.750712,0,0,0
1771717885.7543411,0,0,0
1771717885.7545936,0,0,0
1771717885.755063,0,0,0
1771717885.7552056,0,0,0
1771717885.7553241,0,0,0
1771717885.7554445,0,0,0
1771717885.7584076,0,0,0
1771717885.7585437,0,0,0
1771717885.7586691,0,0,0
1771717885.7588868,0,0,0
1771717885.759104,0,0,0
1771717885.7624676,0,0,0
1771717885.7628486,0,0,0
1771717885.7630756,0,0,0
1771717885.7633665,0,0,0
1771717885.763522,0,0,0
1771717885.763652,0,0,0
1771717885.7665222,0,0,0
1771717885.7666414,0,0,0
1771717885.7667565,0,0,0
1771717885.7668712,0,0,0
1771717885.7669876,0,0,0
1771717885.7706747,0,0,0
1771717885.7708464,0,0,0
1771717885.7709732,0,0,0
1771717885.7710924,0,0,0
1771717885.77131,0,0,0
1771717885.7714348,0,0,0
1771717885.7747605,0,0,0
1771717885.774879,0,0,0
1771717885.774994,0,0,0
1771717885.7751093,0,0,0
1771717885.775258,0,0,0
1771717885.7788098,0,0,0
1771717885.7789419,0,0,0
1771717885.7790687,0,0,0
1771717885.779208,0,0,0
1771717885.7793846,0,0,0
1771717885.779526,0,0,0
1771717885.787904,0,0,0
1771717885.788032,0,0,0
1771717885.7881489,0,0,0
1771717885.7882674,0,0,0
1771717885.7884257,0,0,0
1771717885.788542,0,0,0
1771717885.788657,0,0,0
1771717885.788773,0,0,0
1771717885.788887,0,0,0
1771717885.7890022,0,0,0
1771717885.791044,0,0,0
1771717885.7912223,0,0,0
1771717885.7913442,0,0,0
1771717885.7914815,0,0,0
1771717885.791649,0,0,0
1771717885.791767,0,0,0
1771717885.7952237,0,0,0
1771717885.7954435,0,0,0
1771717885.7956576,0,0,0
1771717885.7958653,0,0,0
1771717885.7959826,0,0,0
1771717885.7994752,0,0,0
1771717885.7997084,0,0,0
1771717885.7999222,0,0,0
1771717885.800132,0,0,0
1771717885.8003545,0,0,0
1771717885.8005629,0,0,0
1771717885.803566,0,0,0
1771717885.8038075,0,0,0
1771717885.8040311,0,0,0
1771717885.8043242,0,0,0
1771717885.804447,0,0,0
1771717885.8074818,0,0,0
1771717885.8076277,0,0,0
1771717885.8077667,0,0,0
1771717885.807899,0,0,0
1771717885.808018,0,0,0
1771717885.8081372,0,0,0
1771717885.8115835,0,0,0
1771717885.8117,0,0,0
1771717885.8118157,0,0,0
1771717885.8119302,0,0,0
1771717885.812046,0,0,0
1771717885.8157194,0,0,0
1771717885.8158548,0,0,0
1771717885.8159764,0,0,0
1771717885.816097,0,0,0
1771717885.816215,0,0,0
1771717885.8164222,0,0,0
1771717885.8197756,0,0,0
1771717885.8198981,0,0,0
1771717885.8200142,0,0,0
1771717885.8201296,0,0,0
1771717885.820244,0,0,0
1771717885.8239005,0,0,0
1771717885.8241785,0,0,0
1771717885.8243897,0,0,0
1771717885.8246012,0,0,0
1771717885.8247342,0,0,0
1771717885.824859,0,0,0
1771717885.8279364,0,0,0
1771717885.8280811,0,0,0
1771717885.8281953,0,0,0
1771717885.8283088,0,0,0
1771717885.828422,0,0,0
1771717885.8323123,0,0,0
1771717885.8325477,0,0,0
1771717885.8327675,0,0,0
1771717885.8329751,0,0,0
1771717885.833205,0,0,0
1771717885.8360894,0,0,0
1771717885.8362765,0,0,0
1771717885.8364177,0,0,0
1771717885.836586,0,0,0
1771717885.8367047,0,0,0
1771717885.8368242,0,0,0
1771717885.8403015,0,0,0
1771717885.840518,0,0,0
1771717885.8407342,0,0,0
1771717885.840947,0,0,0
1771717885.8411582,0,0,0
1771717885.844612,0,0,0
1771717885.844851,0,0,0
1771717885.8450706,0,0,0
1771717885.8452847,0,0,0
1771717885.8454988,0,0,0
1771717885.845712,0,0,0
1771717885.8485546,0,0,0
1771717885.8487172,0,0,0
1771717885.84885,0,0,0
1771717885.8493059,0,0,0
1771717885.8494494,0,0,0
1771717885.8526697,0,0,0
1771717885.8529158,0,0,0
1771717885.8531344,0,0,0
1771717885.8536394,0,0,0
1771717885.853872,0,0,0
1771717885.8540854,0,0,0
1771717885.861106,0,0,0
1771717885.861237,0,0,0
1771717885.8613591,0,0,0
1771717885.8614783,0,0,0
1771717885.8615983,0,0,0
1771717885.8617606,0,0,0
1771717885.8618836,0,0,0
1771717885.862002,0,0,0
1771717885.8621202,0,0,0
1771717885.8622382,0,0,0
1771717885.8623562,0,0,0
1771717885.8648653,0,0,0
1771717885.8649864,0,0,0
1771717885.8651044,0,0,0
1771717885.8652225,0,0,0
1771717885.8653383,0,0,0
1771717885.8689487,0,0,0
1771717885.8691788,0,0,0
1771717885.8693879,0,0,0
1771717885.8695905,0,0,0
1771717885.8697972,0,0,0
1771717885.8700044,0,0,0
1771717885.8729901,0,0,0
1771717885.8731453,0,0,0
1771717885.8733118,0,0,0
1771717885.8734841,0,0,0
1771717885.8736322,0,0,0
1771717885.8771405,0,0,0
1771717885.8772695,0,0,0
1771717885.8773847,0,0,0
1771717885.877564,0,0,0
1771717885.8777003,0,0,0
1771717885.8811378,0,0,0
1771717885.8813405,0,0,0
1771717885.8814645,0,0,0
1771717885.8815877,0,0,0
1771717885.8817077,0,0,0
1771717885.8818245,0,0,0
1771717885.885382,0,0,0
1771717885.8856077,0,0,0
1771717885.885825,0,0,0
1771717885.8859892,0,0,0
1771717885.886107,0,0,0
1771717885.8895078,0,0,0
1771717885.8897371,0,0,0
1771717885.889949,0,0,0
1771717885.8901587,0,0,0
1771717885.890368,0,0,0
1771717885.8906374,0,0,0
1771717885.893728,0,0,0
1771717885.894016,0,0,0
1771717885.8943284,0,0,0
1771717885.8945098,0,0,0
1771717885.8946753,0,0,0
1771717885.897557,0,0,0
1771717885.8976872,0,0,0
1771717885.8978076,0,0,0
1771717885.8979332,0,0,0
1771717885.8980563,0,0,0
1771717885.898177,0,0,0
1771717885.9016936,0,0,0
1771717885.9018126,0,0,0
1771717885.90193,0,0,0
1771717885.902067,0,0,0
1771717885.9021828,0,0,0
1771717885.9057293,0,0,0
1771717885.905874,0,0,0
1771717885.9060125,0,0,0
1771717885.90615,0,0,0
1771717885.906289,0,0,0
1771717885.906427,0,0,0
1771717885.965473,0,0,0
1771717885.9656205,0,0,0
1771717885.9657533,0,0,0
1771717885.9659357,0,0,0
1771717885.9660547,0,0,0
1771717885.9661732,0,0,0
1771717885.966292,0,0,0
1771717885.9664102,0,0,0
1771717885.966527,0,0,0
1771717885.9666436,0,0,0
1771717885.96678,0,0,0
1771717885.9669235,0,0,0
1771717885.9670389,0,0,0
1771717885.9671557,0,0,0
1771717885.967272,0,0,0
1771717885.9673874,0,0,0
1771717885.967504,0,0,0
1771717885.967621,0,0,0
1771717885.9677367,0,0,0
1771717885.967882,0,0,0
1771717885.967996,0,0,0
1771717885.9681103,0,0,0
1771717885.968225,0,0,0
1771717885.9683394,0,0,0
1771717885.9684553,0,0,0
1771717885.96857,0,0,0
1771717885.9686854,0,0,0
1771717885.9688056,0,0,0
1771717885.9689424,0,0,0
1771717885.9690564,0,0,0
1771717885.9691696,0,0,0
1771717885.9692843,0,0,0
1771717885.9693995,0,0,0
1771717885.9695148,0,0,0
1771717885.9696302,0,0,0
1771717885.9697437,0,0,0
1771717885.9698768,0,0,0
1771717885.9699914,0,0,0
1771717885.9701056,0,0,0
1771717885.9702206,0,0,0
1771717885.9703348,0,0,0
1771717885.9704485,0,0,0
1771717885.9705617,0,0,0
1771717885.970676,0,0,0
1771717885.9708328,0,0,0
1771717885.9709756,0,0,0
1771717885.9710913,0,0,0
1771717885.971206,0,0,0
1771717885.9713206,0,0,0
1771717885.9714346,0,0,0
1771717885.9715493,0,0,0
1771717885.9716635,0,0,0
1771717885.9717767,0,0,0
1771717885.9719198,0,0,0
1771717885.9720342,0,0,0
1771717885.9721515,0,0,0
1771717885.9722657,0,0,0
1771717885.9723809,0,0,0
1771717885.9724958,0,0,0
1771717885.9726121,0,0,0
1771717885.9727263,0,0,0
1771717885.9728732,0,0,0
1771717885.973006,0,0,0
1771717885.9731855,0,0,0
1771717885.9733467,0,0,0
1771717885.9735224,0,0,0
1771717885.9736445,0,0,0
1771717885.9737623,0,0,0
1771717885.9739165,0,0,0
1771717885.9740348,0,0,0
1771717885.97415,0,0,0
1771717885.9742653,0,0,0
1771717885.9743793,0,0,0
1771717885.974494,0,0,0
1771717885.974608,0,0,0
1771717885.974776,45,0,255
1771717885.974976,45,0,255
1771717885.9751372,45,0,255
1771717885.975295,45,0,255
1771717885.975442,45,1,95
1771717885.9755986,45,1,255
1771717885.9757571,45,1,255
1771717885.9759352,45,1,255
1771717885.9760923,45,1,255
1771717885.9762502,45,1,255
1771717885.976408,45,1,255
1771717885.976568,45,1,255
1771717885.9767256,45,1,255
1771717885.9769068,45,1,255
1771717885.977084,45,1,255
1771717885.9796095,45,3,86
1771717885.9798048,45,3,255
1771717885.979998,45,3,255
1771717885.9801881,45,3,255
1771717885.9804122,45,3,255
1771717885.9838307,45,4,73
1771717885.9841523,45,4,255
1771717885.9843338,45,4,255
1771717885.984494,45,4,255
1771717885.9846532,45,4,255
1771717885.9879272,45,6,61
1771717885.9882095,45,6,61
1771717885.9885075,45,6,255
1771717885.9887986,45,6,255
1771717885.9890633,45,7,47
1771717885.9919882,45,7,47
1771717885.992296,45,7,255
1771717885.9925723,45,9,255
1771717885.9927204,45,9,34
1771717885.9928687,45,9,34
1771717885.9959695,45,9,255
1771717885.9961793,45,10,20
1771717885.9965775,45,10,255
1771717885.996902,45,10,255
1771717885.997222,45,10,255
1771717886.0001726,45,12,7
1771717886.0004973,45,12,255
1771717886.0008812,45,12,255
1771717886.001101,45,13,255
1771717886.0041673,45,13,6
1771717886.0048344,45,13,255
1771717886.0053878,45,13,255
1771717886.005705,45,15,20
1771717886.0059378,45,15,255
1771717886.0083492,45,15,255
1771717886.0086758,45,16,255
1771717886.0089664,45,16,33
1771717886.009287,45,16,255
1771717886.0122907,45,16,255
1771717886.0126817,45,18,255
1771717886.0129778,45,18,47
1771717886.013143,45,19,62
1771717886.0133204,45,19,255
1771717886.0165398,45,19,255
1771717886.016905,45,21,76
1771717886.0172234,45,21,255
1771717886.017517,45,22,90
1771717886.0204659,45,22,251
1771717886.02068,45,22,251
1771717886.0208552,45,24,104
1771717886.0210297,45,24,237
1771717886.0212035,45,25,119
1771717886.0247562,45,25,223
1771717886.025088,45,25,223
1771717886.025411,45,27,133
1771717886.0257308,45,27,209
1771717886.0287251,45,27,209
1771717886.0291164,45,28,147
1771717886.0294425,45,28,194
1771717886.029768,45,28,195
1771717886.0299451,45,30,161
1771717886.0875745,45,30,180
1771717886.0878346,45,30,180
1771717886.0880415,45,31,175
1771717886.088228,45,31,175
1771717886.0884135,45,31,166
1771717886.0885992,45,33,190
1771717886.0888116,45,33,151
1771717886.0889957,45,33,151
1771717886.0891862,45,34,205
1771717886.0893695,45,34,137
1771717886.0895538,45,34,137
1771717886.0897648,45,34,137
1771717886.089952,45,36,219
1771717886.090133,45,36,122
1771717886.0903125,45,36,122
1771717886.0904915,45,37,234
1771717886.090695,45,37,108
1771717886.0908744,45,37,108
1771717886.0910523,45,37,108
1771717886.0912325,45,37,108
1771717886.0914137,45,39,248
1771717886.0915785,45,39,93
1771717886.0917742,45,39,93
1771717886.0919452,45,39,93
1771717886.092127,45,40,255
1771717886.092292,45,40,78
1771717886.0924582,45,40,78
1771717886.092623,45,40,78
1771717886.0928779,45,40,78
1771717886.0930548,45,42,255
1771717886.0932164,45,42,64
1771717886.0935044,45,42,64
1771717886.0937107,45,42,64
1771717886.0938778,45,42,64
1771717886.0940428,45,42,64
1771717886.0942068,45,42,64
1771717886.094385,45,43,255
1771717886.094548,45,43,49
1771717886.0947473,45,43,49
1771717886.0949254,45,43,49
1771717886.095086,45,43,49
1771717886.0952485,45,43,49
1771717886.09541,45,43,49
1771717886.0955875,45,45,255
1771717886.0957763,45,45,34
1771717886.0959451,45,45,34
1771717886.0961082,45,45,34
1771717886.096271,45,45,34
1771717886.0964344,45,45,34
1771717886.096598,45,45,34
1771717886.0967834,45,45,34
1771717886.096947,45,45,34
1771717886.0971112,45,45,34
1771717886.0972736,45,45,34
1771717886.0974438,45,45,34
1771717886.0976238,45,46,255
1771717886.0978253,45,46,255
1771717886.0979905,45,46,19
1771717886.0981562,45,46,19
1771717886.0983202,45,46,19
1771717886.09854,45,46,19
1771717886.0988364,45,46,19
1771717886.0990832,45,46,19
1771717886.099284,45,46,19
1771717886.0995007,45,46,19
1771717886.0997853,45,46,19
1771717886.100015,45,46,19
1771717886.1002953,45,46,19
1771717886.1005423,45,46,19
1771717886.100756,45,46,19
1771717886.100921,45,46,19
1771717886.101111,45,46,19
1771717886.1012957,45,46,19
1771717886.1014645,45,46,19
1771717886.1016247,45,46,18
1771717886.1018193,45,46,18
1771717886.10198,45,46,18
1771717886.102188,45,46,18
1771717886.1023467,45,46,18
1771717886.102505,45,46,18
1771717886.102691,45,46,18
1771717886.1028512,45,46,18
1771717886.1030076,45,46,18
1771717886.103165,45,46,18
1771717886.159913,45,46,18
1771717886.1601064,45,46,18
1771717886.1603284,45,46,18
1771717886.1605008,45,46,18
1771717886.1608076,45,46,18
1771717886.1610413,45,46,18
1771717886.1613233,45,46,18
1771717886.1615703,45,46,18
1771717886.1617508,45,46,18
1771717886.1619136,45,46,18
1771717886.1620746,45,46,18
1771717886.162268,45,46,18
1771717886.162429,45,46,18
1771717886.162589,45,46,18
1771717886.1627526,45,46,18
1771717886.1629143,45,46,18
1771717886.1630878,45,45,255
1771717886.163283,45,45,33
1771717886.1634436,45,45,33
1771717886.163602,45,45,33
1771717886.163837,45,45,33
1771717886.163999,45,45,33
1771717886.1641893,45,45,33
1771717886.1643527,45,45,33
1771717886.164519,45,45,33
1771717886.1646934,45,45,33
1771717886.164853,45,45,33
1771717886.1650126,45,45,33
1771717886.1652036,45,45,33
1771717886.1653612,45,45,33
1771717886.1655195,45,45,33
1771717886.1656854,45,45,33
1771717886.1658447,45,45,33
1771717886.1660078,45,45,33
1771717886.1663268,45,45,33
1771717886.1664894,45,45,33
1771717886.1666524,45,45,33
1771717886.1668348,45,43,255
1771717886.166998,45,43,48
1771717886.16727,45,43,48
1771717886.1674316,45,43,48
1771717886.1675944,45,43,48
1771717886.16776,45,43,48
1771717886.167968,45,43,48
1771717886.168154,45,43,48
1771717886.1683154,45,43,48
1771717886.1684787,45,43,48
1771717886.168641,45,43,48
1771717886.168809,45,43,48
1771717886.1689742,45,43,48
1771717886.1691556,45,43,48
1771717886.1693163,45,43,48
1771717886.1694772,45,43,48
1771717886.1696393,45,43,48
1771717886.169805,45,43,48
1771717886.1699667,45,43,48
1771717886.1701477,45,43,48
1771717886.170309,45,43,48
1771717886.1704702,45,43,48
1771717886.1707826,45,42,255
1771717886.1709516,45,42,64
1771717886.1711955,45,42,64
1771717886.1713593,45,42,64
1771717886.1716144,45,42,64
1771717886.171795,45,42,64
1771717886.1720011,45,42,64
1771717886.172206,45,42,64
1771717886.1723726,45,42,64
1771717886.1725352,45,42,64
1771717886.1727028,45,42,64
1771717886.172865,45,42,64
1771717886.173026,45,42,64
1771717886.1732109,45,42,64
1771717886.1734877,45,42,64
1771717886.173655,45,42,64
1771717886.173821,45,42,64
1771717886.1739836,45,42,64
1771717886.1741748,45,42,64
1771717886.1744163,45,42,64
1771717886.1745775,45,42,64
1771717886.1747518,45,42,64
1771717886.1764836,45,42,64
1771717886.1769595,45,42,64
1771717886.177269,45,42,64
1771717886.1775212,45,42,64
1771717886.1776874,45,42,65
1771717886.1803758,45,42,65
1771717886.1807494,45,42,65
1771717886.1810513,45,42,65
1771717886.1812189,45,42,65
1771717886.1813836,45,42,65
1771717886.1845217,45,42,65
1771717886.1848285,45,42,65
1771717886.185195,45,42,65
1771717886.1854951,45,42,65
1771717886.1884472,45,42,65
1771717886.1888843,45,42,65
1771717886.1891987,45,42,65
1771717886.1895046,45,42,65
1771717886.1896672,45,42,65
1771717886.1926339,45,42,65
1771717886.1930194,45,42,65
1771717886.1932068,45,42,65
1771717886.1933696,45,42,65
1771717886.1935346,45,42,65
1771717886.196729,45,42,65
1771717886.1969342,45,42,65
1771717886.1971714,45,42,65
1771717886.197362,45,42,65
1771717886.1975567,45,42,65
1771717886.2008379,45,42,65
1771717886.2011406,45,42,66
1771717886.2014954,45,42,66
1771717886.201679,45,42,66
1771717886.201838,45,42,66
1771717886.2050574,45,42,66
1771717886.2053673,45,42,66
1771717886.2056613,45,42,66
1771717886.2060258,45,42,66
1771717886.2062867,45,42,66
1771717886.2773104,45,42,66
1771717886.2776115,45,42,66
1771717886.2779222,45,42,66
1771717886.2782598,45,42,66
1771717886.2785947,45,42,66
1771717886.2789342,45,42,66
1771717886.279263,45,42,66
1771717886.2794983,45,42,66
1771717886.2798572,45,42,66
1771717886.2801638,45,42,66
1771717886.2804358,45,42,66
1771717886.2806737,45,42,66
1771717886.2809088,45,42,66
1771717886.2812004,45,42,66
1771717886.281436,45,42,66
1771717886.2816734,45,42,66
1771717886.2819054,45,42,67
1771717886.2821796,45,42,67
1771717886.282368,45,42,67
1771717886.2825372,45,42,67
1771717886.2827802,45,42,67
1771717886.2830677,45,42,67
1771717886.2833323,45,42,67
1771717886.283575,45,42,67
1771717886.283839,45,42,67
1771717886.2841594,45,42,67
1771717886.2844465,45,42,67
1771717886.2847133,45,42,67
1771717886.284978,45,42,67
1771717886.2852547,45,42,67
1771717886.2854583,45,42,67
1771717886.2856715,45,42,67
1771717886.2859046,45,42,67
1771717886.2861507,45,42,67
1771717886.2863953,45,42,67
1771717886.286645,45,42,67
1771717886.2868974,45,42,67
1771717886.2871306,45,42,67
1771717886.2874258,45,42,67
1771717886.2876718,45,42,67
1771717886.2879,45,42,67
1771717886.288166,45,42,67
1771717886.2884288,45,42,68
1771717886.2886581,45,42,68
1771717886.2889009,45,42,68
1771717886.289311,45,42,68
1771717886.2895422,45,42,68
1771717886.2897563,45,42,68
1771717886.2901268,45,42,68
1771717886.290438,45,42,68
1771717886.290706,45,42,68
1771717886.2909524,45,42,68
1771717886.291281,45,42,68
1771717886.291536,45,42,68
1771717886.291795,45,42,68
1771717886.2921011,45,42,68
1771717886.2923524,45,42,68
1771717886.2926092,45,42,68
1771717886.2928586,45,42,68
1771717886.293204,45,42,68
1771717886.2934992,45,42,68
1771717886.293756,45,42,68
1771717886.294044,45,42,68
1771717886.2943158,45,42,68
1771717886.2945647,45,42,68
1771717886.2948182,45,42,68
1771717886.2951064,45,42,68
1771717886.2953448,45,42,69
1771717886.295576,45,42,69
1771717886.2958026,45,42,69
1771717886.2961562,45,42,69
1771717886.2964077,45,42,69
1771717886.296688,45,42,69
1771717886.296923,45,42,69
1771717886.2972057,45,42,69
1771717886.29748,45,42,69
1771717886.2977545,45,42,69
1771717886.298061,45,42,69
1771717886.2983472,45,42,69
1771717886.2986305,45,42,69
1771717886.2987957,45,42,69
1771717886.2990732,45,42,69
1771717886.2993107,45,42,69
1771717886.2995858,45,42,69
1771717886.2998044,45,42,69
1771717886.3002605,45,42,69
1771717886.3005655,45,42,69
1771717886.3008478,45,42,69
1771717886.30118,45,42,69
1771717886.3014553,45,42,69
1771717886.3017156,45,42,69
1771717886.302119,45,42,69
1771717886.3024197,45,42,70
1771717886.3027043,45,42,70
1771717886.3031294,45,42,70
1771717886.3033478,45,42,70
1771717886.3035617,45,42,70
1771717886.3037553,45,42,70
1771717886.3039615,45,42,70
1771717886.3042116,45,42,70
1771717886.3043823,45,42,70
1771717886.3046348,45,42,70
1771717886.3048937,45,42,70
1771717886.3051698,45,42,70
1771717886.305341,45,42,70
1771717886.3055043,45,42,70
1771717886.3056653,45,42,70
1771717886.3058438,45,42,70
1771717886.306032,45,42,70
1771717886.3061955,45,42,70
1771717886.306356,45,42,70
1771717886.3065164,45,42,70
1771717886.3066764,45,42,70
1771717886.3068526,45,42,70
1771717886.3070369,45,42,70
1771717886.307243,45,42,70
1771717886.3074467,45,42,70
1771717886.3076417,45,42,70
1771717886.30782,45,42,71
1771717886.3079824,45,42,71
1771717886.31141,45,42,71
1771717886.3115919,45,42,71
1771717886.3117611,45,42,71
1771717886.3119762,45,42,71
1771717886.3121421,45,42,71
1771717886.315739,45,42,71
1771717886.3160105,45,42,71
1771717886.3161912,45,42,71
1771717886.3164,45,42,71
1771717886.3194788,45,42,71
1771717886.3197258,45,42,71
1771717886.3199284,45,42,71
1771717886.3201852,45,42,71
1771717886.3203483,45,42,71
1771717886.323707,45,42,71
1771717886.324021,45,42,71
1771717886.3243458,45,42,71
1771717886.3246598,45,42,71
1771717886.324947,45,42,71
1771717886.3279006,45,42,71
1771717886.3282025,45,42,71
1771717886.3284917,45,42,71
1771717886.3286793,45,42,71
1771717886.3288538,45,42,71
1771717886.332078,45,42,72
1771717886.3323274,45,42,72
1771717886.332802,45,42,72
1771717886.3330665,45,42,72
1771717886.3334053,45,42,72
1771717886.3361688,45,42,72
1771717886.3364658,45,42,72
1771717886.336718,45,42,72
1771717886.337027,45,42,72
1771717886.3372846,45,42,72
1771717886.346831,45,42,72
1771717886.3470538,45,42,72
1771717886.3472826,45,42,72
1771717886.3475776,45,42,72
1771717886.347841,45,42,72
1771717886.3481467,45,42,72
1771717886.3484106,45,42,72
1771717886.3486667,45,42,72
1771717886.3489242,45,42,72
1771717886.349219,45,42,72
1771717886.3494735,45,42,72
1771717886.3497274,45,42,72
1771717886.350039,45,42,72
1771717886.3502998,45,42,72
1771717886.3524349,45,42,72
1771717886.352713,45,42,73
1771717886.3530145,45,42,73
1771717886.3532648,45,42,73
1771717886.353511,45,42,73
1771717886.3565514,45,42,73
1771717886.3567426,45,42,73
1771717886.356967,45,42,73
1771717886.3571615,45,42,73
1771717886.3573997,45,42,73
1771717886.3606982,45,42,73
1771717886.3608787,45,42,73
1771717886.3610494,45,42,73
1771717886.3612392,45,42,73
1771717886.3646984,45,42,73
1771717886.364899,45,42,73
1771717886.3650684,45,42,73
1771717886.365327,45,42,73
1771717886.3655298,45,42,73
1771717886.3687966,45,42,73
1771717886.369035,45,42,73
1771717886.3692708,45,42,73
1771717886.3694375,45,42,73
1771717886.369621,45,42,73
1771717886.3728805,45,42,73
1771717886.3731601,45,42,73
1771717886.3734028,45,42,73
1771717886.3736064,45,42,74
1771717886.3738077,45,42,74
1771717886.3770611,45,42,74
1771717886.3772771,45,42,74
1771717886.3776069,45,42,74
1771717886.377906,45,42,74
1771717886.3781319,45,42,74
1771717886.3811169,45,42,74
1771717886.3813717,45,42,74
1771717886.381665,45,42,74
1771717886.381872,45,42,74
1771717886.3850143,45,42,74
1771717886.3852658,45,42,74
1771717886.385516,45,42,74
1771717886.3857155,45,42,74
1771717886.3859117,45,42,74
1771717886.3891728,45,42,74
1771717886.3893936,45,42,74
1771717886.3896205,45,42,74
1771717886.3897872,45,42,74
1771717886.389949,45,42,74
1771717886.3932507,45,42,74
1771717886.3937078,45,42,74
1771717886.3940234,45,42,74
1771717886.394436,45,42,75
1771717886.3947015,45,42,75
1771717886.397529,45,42,75
1771717886.3978257,45,42,75
1771717886.3981164,45,42,75
1771717886.3983343,45,42,75
1771717886.3985019,45,42,75
1771717886.4015162,45,42,75
1771717886.4016907,45,42,75
1771717886.4018745,45,42,75
1771717886.4021654,45,42,75
1771717886.402459,45,42,75
1771717886.4070752,45,42,75
1771717886.4073026,45,42,75
1771717886.4074745,45,42,75
1771717886.4076471,45,42,75
1771717886.4096146,45,42,75
1771717886.4098628,45,42,75
1771717886.410117,45,42,75
1771717886.4102871,45,42,75
1771717886.4104548,45,42,75
1771717886.413753,45,42,75
1771717886.4139707,45,42,75
1771717886.4141755,45,42,75
1771717886.414378,45,42,75
1771717886.4146194,45,42,75
1771717886.4179778,45,42,76
1771717886.418306,45,42,76
1771717886.4185846,45,42,76
1771717886.418752,45,42,76
1771717886.4189184,45,42,76
1771717886.422111,45,42,76
1771717886.4224255,45,42,76
1771717886.42272,45,42,76
1771717886.4230115,45,42,76
1771717886.4234962,45,42,76
1771717886.426071,45,42,76
1771717886.4262428,45,42,76
1771717886.4264057,45,42,76
1771717886.4265678,45,42,76
1771717886.4301562,45,42,76
1771717886.4303775,45,42,76
1771717886.43058,45,42,76
1771717886.4307766,45,42,76
1771717886.4310226,45,42,76
1771717886.4342973,45,42,76
1771717886.4346104,45,42,76
1771717886.4349096,45,42,76
1771717886.4352024,45,42,76
1771717886.4355135,45,42,76
1771717886.43851,45,42,76
1771717886.4388206,45,42,76
1771717886.4390774,45,42,77
1771717886.439246,45,42,77
1771717886.4394062,45,42,77
1771717886.4424877,45,42,77
1771717886.4426875,45,42,77
1771717886.4429796,45,42,77
1771717886.4432707,45,42,77
1771717886.4435744,45,42,77
1771717886.4466789,45,42,77
1771717886.4468586,45,42,77
1771717886.4470289,45,42,77
1771717886.4471982,45,42,77
1771717886.4505138,45,42,77
1771717886.450772,45,42,77
1771717886.450939,45,42,77
1771717886.4511049,45,42,77
1771717886.451272,45,42,77
1771717886.4548657,45,42,77
1771717886.4552867,45,42,77
1771717886.4557524,45,42,77
1771717886.4561124,45,42,77
1771717886.456361,45,42,77
1771717886.458893,45,42,77
1771717886.459073,45,42,77
1771717886.4592407,45,42,77
1771717886.459411,45,42,78
1771717886.4595754,45,42,78
1771717886.4630592,45,42,78
1771717886.4632747,45,42,78
1771717886.463475,45,42,78
1771717886.4636707,45,42,78
1771717886.463866,45,42,78
1771717886.4671197,45,42,78
1771717886.4674,45,42,78
1771717886.4675999,45,42,78
1771717886.467793,45,42,78
1771717886.4679554,45,42,78
1771717886.5276222,45,42,78
1771717886.5278149,45,42,78
1771717886.5279908,45,42,78
1771717886.5281925,45,42,78
1771717886.5283582,45,42,78
1771717886.5285482,45,42,78
1771717886.5287144,45,42,78
1771717886.5288856,45,42,78
1771717886.5290499,45,42,78
1771717886.529221,45,42,78
1771717886.5294113,45,42,78
1771717886.529579,45,42,78
1771717886.5297437,45,42,78
1771717886.5299075,45,42,78
1771717886.5300703,45,42,79
1771717886.5302348,45,42,79
1771717886.5304177,45,42,79
1771717886.5305822,45,42,79
1771717886.5307503,45,42,79
1771717886.5309134,45,42,79
1771717886.5310748,45,42,79
1771717886.5312374,45,42,79
1771717886.5314283,45,42,79
1771717886.5315907,45,42,79
1771717886.5317545,45,42,79
1771717886.5319173,45,42,79
1771717886.5320807,45,42,79
1771717886.5322433,45,42,79
1771717886.5325186,45,42,79
1771717886.5328302,45,42,79
1771717886.5330677,45,42,79
1771717886.533273,45,42,79
1771717886.5334785,45,42,79
1771717886.5336418,45,42,79
1771717886.5338035,45,42,79
1771717886.533967,45,42,79
1771717886.5341313,45,42,79
1771717886.5342932,45,42,79
1771717886.5344963,45,42,79
1771717886.5346572,45,42,80
1771717886.5348296,45,42,80
1771717886.534991,45,42,80
1771717886.5351536,45,42,80
1771717886.5353165,45,42,80
1771717886.5354996,45,42,80
1771717886.535663,45,42,80
1771717886.535825,45,42,80
1771717886.5359864,45,42,80
1771717886.5361483,45,42,80
1771717886.5363116,45,42,80
1771717886.5364997,45,42,80
1771717886.5366623,45,42,80
1771717886.5368314,45,42,80
1771717886.536993,45,42,80
1771717886.5371552,45,42,80
1771717886.537317,45,42,80
1771717886.537546,45,42,80
1771717886.537717,45,42,80
1771717886.5378778,45,42,80
1771717886.5380385,45,42,80
1771717886.5382004,45,42,80
1771717886.5383615,45,42,80
1771717886.5385537,45,42,80
1771717886.5387154,45,42,80
1771717886.5388968,45,42,81
1771717886.5390632,45,42,81
1771717886.539226,45,42,81
1771717886.5393884,45,42,81
1771717886.5395727,45,42,81
1771717886.5397341,45,42,81
1771717886.5398967,45,42,81
1771717886.5400593,45,42,81
1771717886.540222,45,42,81
1771717886.5403829,45,42,81
1771717886.5405777,45,42,81
1771717886.540738,45,42,81
1771717886.540903,45,42,81
1771717886.5410695,45,42,81
1771717886.5412316,45,42,81
1771717886.5414166,45,42,81
1771717886.5415766,45,42,81
1771717886.5417376,45,42,81
1771717886.5418973,45,42,81
1771717886.5420609,45,42,81
1771717886.5422213,45,42,81
1771717886.5423813,45,42,81
1771717886.544808,45,42,81
1771717886.5450113,45,42,81
1771717886.5452056,45,42,81
1771717886.5453992,45,42,81
1771717886.545635,45,42,82
1771717886.5491326,45,42,82
1771717886.5494153,45,42,82
1771717886.5496235,45,42,82
1771717886.5497863,45,42,82
1771717886.549945,45,42,82
1771717886.5531147,45,42,82
1771717886.5533779,45,42,82
1771717886.5535767,45,42,82
1771717886.5537722,45,42,82
1771717886.554042,45,42,82
1771717886.6178925,45,42,82
1771717886.6182082,45,42,82
1771717886.6183848,45,42,82
1771717886.6185548,45,42,82
1771717886.6187189,45,42,82
1771717886.618884,45,42,82
1771717886.6190486,45,42,82
1771717886.6192625,45,42,82
1771717886.6194277,45,42,82
1771717886.6196263,45,42,82
1771717886.619813,45,42,82
1771717886.6200123,45,42,82
1771717886.6202853,45,42,82
1771717886.6205516,45,42,82
1771717886.6207213,45,42,82
1771717886.6209567,45,42,83
1771717886.621315,45,42,83
1771717886.6215122,45,42,83
1771717886.6216922,45,42,83
1771717886.6219106,45,42,83
1771717886.6220753,45,42,83
1771717886.6222374,45,42,83
1771717886.6224022,45,42,83
1771717886.6226473,45,42,83
1771717886.6228302,45,42,83
1771717886.6230392,45,42,83
1771717886.6232047,45,42,83
1771717886.6233673,45,42,83
1771717886.6235294,45,42,83
1771717886.6236928,45,42,83
1771717886.6238546,45,42,83
1771717886.6241176,45,42,83
1771717886.6243937,45,42,83
1771717886.6245642,45,42,83
1771717886.6247308,45,42,83
1771717886.6249838,45,42,83
1771717886.6251495,45,42,83
1771717886.6253107,45,42,83
1771717886.6254737,45,42,83
1771717886.62566,45,42,83
1771717886.6260393,45,42,84
1771717886.6262503,45,42,84
1771717886.626483,45,42,84
1771717886.626734,45,42,84
1771717886.6270807,45,42,84
1771717886.627413,45,42,84
1771717886.6278045,45,42,84
1771717886.628153,45,42,84
1771717886.628438,45,42,84
1771717886.6287222,45,42,84
1771717886.6290467,45,42,84
1771717886.6293707,45,42,84
1771717886.6297827,45,42,84
1771717886.6301105,45,42,84
1771717886.6303613,45,42,84
1771717886.6306589,45,42,84
1771717886.6308994,45,42,84
1771717886.6311178,45,42,84
1771717886.6312847,45,42,84
1771717886.6315017,45,42,84
1771717886.631731,45,42,84
1771717886.6320229,45,42,84
1771717886.6322,45,42,84
1771717886.6323757,45,42,84
1771717886.632542,45,42,84
1771717886.63312,45,42,84
1771717886.6333883,45,42,85
1771717886.6336493,45,42,85
1771717886.6339817,45,42,85
1771717886.6342347,45,42,85
1771717886.6345446,45,42,85
1771717886.6348407,45,42,85
1771717886.6351316,45,42,85
1771717886.6353383,45,42,85
1771717886.6355379,45,42,85
1771717886.635787,45,42,85
1771717886.6360135,45,42,85
1771717886.6361823,45,42,85
1771717886.6364012,45,42,85
1771717886.636566,45,42,85
1771717886.636773,45,42,85
1771717886.637025,45,42,85
1771717886.6372292,45,42,85
1771717886.637437,45,42,85
1771717886.6376708,45,42,85
1771717886.6379383,45,42,85
1771717886.6381617,45,42,85
1771717886.6384394,45,42,85
1771717886.6386855,45,42,85
1771717886.638966,45,42,85
1771717886.6392124,45,42,86
1771717886.6394997,45,42,86
1771717886.6397486,45,42,86
1771717886.6399221,45,42,86
1771717886.6401207,45,42,86
1771717886.6402867,45,42,86
1771717886.6404474,45,42,86
1771717886.6406083,45,42,86
1771717886.6407685,45,42,86
1771717886.640928,45,42,86
1771717886.641133,45,42,86
1771717886.643185,45,42,86
1771717886.6434257,45,42,86
1771717886.6436582,45,42,86
1771717886.643847,45,42,86
1771717886.6471648,45,42,86
1771717886.6474257,45,42,86
1771717886.6475906,45,42,86
1771717886.6477532,45,42,86
1771717886.6479166,45,42,86
1771717886.6513195,45,42,86
1771717886.6514988,45,42,86
1771717886.6517556,45,42,86
1771717886.6519303,45,42,86
1771717886.652127,45,42,86
1771717886.655425,45,42,86
1771717886.6556025,45,42,87
1771717886.6558037,45,42,87
1771717886.6561017,45,42,87
1771717886.6563692,45,42,87
1771717886.6596406,45,42,87
1771717886.6598575,45,42,87
1771717886.660128,45,42,87
1771717886.6603851,45,42,87
1771717886.660669,45,42,87
1771717886.663701,45,42,87
1771717886.6639144,45,42,87
1771717886.6641142,45,42,87
1771717886.6643143,45,42,87
1771717886.6675894,45,42,87
1771717886.6678042,45,42,87
1771717886.66797,45,42,87
1771717886.6681974,45,42,87
1771717886.6683633,45,42,87
1771717886.671747,45,42,87
1771717886.6719327,45,42,87
1771717886.6721058,45,42,87
1771717886.672274,45,42,87
1771717886.6725037,45,42,87
1771717886.6759079,45,42,87
1771717886.6761024,45,42,87
1771717886.6763067,45,42,87
1771717886.6764748,45,42,88
1771717886.676743,45,42,88
1771717886.6800365,45,42,88
1771717886.680216,45,42,88
1771717886.6803844,45,42,88
1771717886.6805487,45,42,88
1771717886.6807137,45,42,88
1771717886.6841574,45,42,88
1771717886.6843643,45,42,88
1771717886.6845634,45,42,88
1771717886.6847603,45,42,88
1771717886.6849554,45,42,88
1771717886.771835,45,42,88
1771717886.7720673,45,42,88
1771717886.7722428,45,42,88
1771717886.7724073,45,42,88
1771717886.7725692,45,42,88
1771717886.7727425,45,42,88
1771717886.7729497,45,42,88
1771717886.77312,45,42,88
1771717886.7732797,45,42,88
1771717886.7734413,45,42,88
1771717886.773633,45,42,88
1771717886.7737925,45,42,88
1771717886.7739856,45,42,88
1771717886.774175,45,42,89
1771717886.774335,45,42,89
1771717886.774498,45,42,89
1771717886.774667,45,42,89
1771717886.774828,45,42,89
1771717886.775017,45,42,89
1771717886.775271,45,42,89
1771717886.7754478,45,42,89
1771717886.775674,45,42,89
1771717886.775839,45,42,89
1771717886.7760487,45,42,89
1771717886.776219,45,42,89
1771717886.7763793,45,42,89
1771717886.7765427,45,42,89
1771717886.7767422,45,42,89
1771717886.7769074,45,42,89
1771717886.777099,45,42,89
1771717886.7772608,45,42,89
1771717886.7774236,45,42,89
1771717886.7775896,45,42,89
1771717886.77776,45,42,89
1771717886.7779858,45,42,89
1771717886.7781556,45,42,89
1771717886.778323,45,42,89
1771717886.7784884,45,42,89
1771717886.778656,45,42,89
1771717886.7788298,45,42,90
1771717886.779026,45,42,90
1771717886.7791944,45,42,90
1771717886.7793577,45,42,90
1771717886.77952,45,42,90
1771717886.7796922,45,42,90
1771717886.7798572,45,42,90
1771717886.7800508,45,42,90
1771717886.7802193,45,42,90
1771717886.780388,45,42,90
1771717886.7805605,45,42,90
1771717886.7807312,45,42,90
1771717886.7809,45,42,90
1771717886.7811038,45,42,90
1771717886.7812743,45,42,90
1771717886.781444,45,42,90
1771717886.7816148,45,42,90
1771717886.7817893,45,42,90
1771717886.7819788,45,42,90
1771717886.7821457,45,42,90
1771717886.7823117,45,42,90
1771717886.7824788,45,42,90
1771717886.782644,45,42,90
1771717886.7828152,45,42,90
1771717886.783013,45,42,90
1771717886.783182,45,42,91
1771717886.7834413,45,42,91
1771717886.7837033,45,42,91
1771717886.784092,45,42,91
1771717886.7842736,45,42,91
1771717886.7845373,45,42,91
1771717886.784814,45,42,91
1771717886.785036,45,42,91
1771717886.7852767,45,42,91
1771717886.785581,45,42,91
1771717886.7861261,45,42,91
1771717886.7863758,45,42,91
1771717886.7866764,45,42,91
1771717886.7869914,45,42,91
1771717886.7872612,45,42,91
1771717886.7874796,45,42,91
1771717886.787713,45,42,91
1771717886.7878952,45,42,91
1771717886.7881527,45,42,91
1771717886.7883294,45,42,91
1771717886.7884958,45,42,91
1771717886.7886772,45,42,91
1771717886.7888453,45,42,91
1771717886.7890925,45,42,91
1771717886.789258,45,42,91
1771717886.7894516,45,42,92
1771717886.7902005,45,42,92
1771717886.7906404,45,42,92
1771717886.7907996,45,42,92
1771717886.790991,45,42,92
1771717886.7911503,45,42,92
1771717886.791312,45,42,92
1771717886.7915063,45,42,92
1771717886.7916691,45,42,92
1771717886.7918365,45,42,92
1771717886.7920167,45,42,92
1771717886.792179,45,42,92
1771717886.7923403,45,42,92
1771717886.7925355,45,42,92
1771717886.7927015,45,42,92
1771717886.7928648,45,42,92
1771717886.7930298,45,42,92
1771717886.7931917,45,42,92
1771717886.7933922,45,42,92
1771717886.7935634,45,42,92
1771717886.7937362,45,42,92
1771717886.7938983,45,42,92
1771717886.7940574,45,42,92
1771717886.794219,45,42,92
1771717886.7944126,45,42,92
1771717886.7945807,45,42,92
1771717886.7947474,45,42,93
1771717886.7949166,45,42,93
1771717886.7950883,45,42,93
1771717886.7952585,45,42,93
1771717886.7954624,45,42,93
1771717886.795631,45,42,93
1771717886.7958126,45,42,93
1771717886.795977,45,42,93
1771717886.7961397,45,42,93
1771717886.7963028,45,42,93
1771717886.796502,45,42,93
1771717886.7966633,45,42,93
1771717886.7968261,45,42,93
1771717886.7969868,45,42,93
1771717886.7986996,45,42,93
1771717886.7989757,45,42,93
1771717886.7993023,45,42,93
1771717886.7997105,45,42,93
1771717886.800027,45,42,93
1771717886.802841,45,42,93
1771717886.8031385,45,42,93
1771717886.8033414,45,42,93
1771717886.8036525,45,42,93
1771717886.8038533,45,42,93
1771717886.8070028,45,42,93
1771717886.8072665,45,42,94
1771717886.807446,45,42,94
1771717886.8076746,45,42,94
1771717886.8078568,45,42,94
1771717886.8110757,45,42,94
1771717886.811276,45,42,94
1771717886.8114898,45,42,94
1771717886.8116634,45,42,94
1771717886.811841,45,42,94
1771717886.8153253,45,42,94
1771717886.8156178,45,42,94
1771717886.8158877,45,42,94
1771717886.8162131,45,42,94
1771717886.8164766,45,42,94
1771717886.879945,45,42,94
1771717886.8801374,45,42,94
1771717886.8803062,45,42,94
1771717886.880627,45,42,94
1771717886.8808196,45,42,94
1771717886.880982,45,42,94
1771717886.881188,45,42,94
1771717886.8813484,45,42,94
1771717886.8815072,45,42,94
1771717886.8816993,45,42,94
1771717886.881859,45,42,94
1771717886.8820186,45,42,94
1771717886.882179,45,42,95
1771717886.8823388,45,42,95
1771717886.8824992,45,42,95
1771717886.8826916,45,42,95
1771717886.8829813,45,42,95
1771717886.883191,45,42,95
1771717886.8833632,45,42,95
1771717886.8835304,45,42,95
1771717886.8836963,45,42,95
1771717886.8839467,45,42,95
1771717886.8841186,45,42,95
1771717886.8842864,45,42,95
1771717886.8844516,45,42,95
1771717886.8846283,45,42,95
1771717886.884816,45,42,95
1771717886.8850145,45,42,95
1771717886.885184,45,42,95
1771717886.885362,45,42,95
1771717886.885533,45,42,95
1771717886.8856974,45,42,95
1771717886.8858612,45,42,95
1771717886.8860538,45,42,95
1771717886.8862185,45,42,95
1771717886.8863854,45,42,95
1771717886.886557,45,42,95
1771717886.886746,45,42,95
1771717886.8869436,45,42,96
1771717886.8871074,45,42,96
1771717886.8872705,45,42,96
1771717886.887477,45,42,96
1771717886.8876538,45,42,96
1771717886.887836,45,42,96
1771717886.8880334,45,42,96
1771717886.888228,45,42,96
1771717886.888427,45,42,96
1771717886.8886216,45,42,96
1771717886.888801,45,42,96
1771717886.8891525,45,42,96
1771717886.8893318,45,42,96
1771717886.889505,45,42,96
1771717886.8896773,45,42,96
1771717886.8898435,45,42,96
1771717886.890073,45,42,96
1771717886.8903058,45,42,96
1771717886.8904884,45,42,96
1771717886.8906727,45,42,96
1771717886.8908362,45,42,96
1771717886.8910308,45,42,96
1771717886.891194,45,42,96
1771717886.891359,45,42,96
1771717886.8915188,45,42,97
1771717886.8916824,45,42,97
1771717886.891847,45,42,97
1771717886.8920395,45,42,97
1771717886.8922029,45,42,97
1771717886.892363,45,42,97
1771717886.8925247,45,42,97
1771717886.8926935,45,42,97
1771717886.8930085,45,42,97
1771717886.89319,45,42,97
1771717886.893355,45,42,97
1771717886.89352,45,42,97
1771717886.8936815,45,42,97
1771717886.8938453,45,42,97
1771717886.8940358,45,42,97
1771717886.8942013,45,42,97
1771717886.8943627,45,42,97
1771717886.8945282,45,42,97
1771717886.8947005,45,42,97
1771717886.8948638,45,42,97
1771717886.8950474,45,42,97
1771717886.895207,45,42,97
1771717886.8953674,45,42,97
1771717886.8955293,45,42,97
1771717886.8956892,45,42,97
1771717886.89585,45,42,97
1771717886.896039,45,42,98
1771717886.8962004,45,42,98
1771717886.8963625,45,42,98
1771717886.8970506,45,42,98
1771717886.8972187,45,42,98
1771717886.89742,45,42,98
1771717886.897583,45,42,98
1771717886.8977463,45,42,98
1771717886.9013464,45,42,98
1771717886.9016516,45,42,98
1771717886.9020085,45,42,98
1771717886.9022717,45,42,98
1771717886.9024441,45,42,98
1771717886.9053142,45,42,98
1771717886.9058425,45,42,98
1771717886.9065833,45,42,98
1771717886.9067905,45,42,98
1771717886.909349,45,42,98
1771717886.9097476,45,42,98
1771717886.9100246,45,42,98
1771717886.910289,45,42,98
1771717886.910652,45,42,98
1771717886.9135334,45,42,98
1771717886.9137769,45,42,98
1771717886.914048,45,42,98
1771717886.914326,45,42,98
1771717886.9145846,45,42,99
1771717886.9183218,45,42,99
1771717886.9185534,45,42,99
1771717886.918817,45,42,99
1771717886.9190588,45,42,99
1771717886.9193041,45,42,99
1771717886.9217427,45,42,99
1771717886.9220958,45,42,99
1771717886.9225504,45,42,99
1771717886.922882,45,42,99
1771717886.923213,45,42,99
1771717886.926005,45,42,99
1771717886.9262419,45,42,99
1771717886.9265373,45,42,99
1771717886.926713,45,42,99
1771717886.929803,45,42,99
1771717886.930085,45,42,99
1771717886.9302866,45,42,99
1771717886.93049,45,42,99
1771717886.9307525,45,42,99
1771717886.933922,45,42,99
1771717886.9341066,45,42,99
1771717886.9343193,45,42,99
1771717886.9345083,45,42,99
1771717886.9346733,45,42,99
1771717886.938101,45,42,100
1771717886.9384484,45,42,100
1771717886.938911,45,42,100
1771717886.939289,45,42,100
1771717886.9420505,45,42,100
1771717886.9423804,45,42,100
1771717886.9426138,45,42,100
1771717886.9428473,45,42,100
1771717886.9430735,45,42,100
1771717886.946415,45,42,100
1771717886.9467788,45,42,100
1771717886.947041,45,42,100
1771717886.9472344,45,42,100
1771717886.950384,45,42,100
1771717886.950617,45,42,100
1771717886.9508398,45,42,100
1771717886.9510567,45,42,100
1771717886.9512799,45,42,100
1771717886.9554706,45,42,100
1771717886.9556687,45,42,100
1771717886.955856,45,42,100
1771717886.956089,45,42,100
1771717886.9587681,45,42,100
1771717886.959083,45,42,101
1771717886.9593792,45,42,101
1771717886.9596925,45,42,101
1771717886.9626951,45,42,101
1771717886.9628987,45,42,101
1771717886.9631965,45,42,101
1771717886.96341,45,42,101
1771717886.9636288,45,42,101
1771717886.9673426,45,42,101
1771717886.9676807,45,42,101
1771717886.9679089,45,42,101
1771717886.9680924,45,42,101
1771717886.9709098,45,42,101
1771717886.9711757,45,42,101
1771717886.9713755,45,42,101
1771717886.9716446,45,42,101
1771717886.9748125,45,42,101
1771717886.9750922,45,42,101
1771717886.9752784,45,42,101
1771717886.9754636,45,42,101
1771717886.9756596,45,42,101
1771717886.97921,45,42,101
1771717886.9794858,45,42,101
1771717886.9797149,45,42,101
1771717886.9799392,45,42,102
1771717886.983101,45,42,102
1771717886.9833007,45,42,102
1771717886.9834905,45,42,102
1771717886.983678,45,42,102
1771717886.9839008,45,42,102
1771717886.9872832,45,42,102
1771717886.9875507,45,42,102
1771717886.987812,45,42,102
1771717886.9880211,45,42,102
1771717886.991535,45,42,102
1771717886.9918473,45,42,102
1771717886.9920552,45,42,102
1771717886.9922683,45,42,102
1771717886.9955955,45,42,102
1771717886.9961178,45,42,102
1771717886.9963892,45,42,102
1771717886.996673,45,42,102
1771717886.997048,45,42,102
1771717886.9996428,45,42,102
1771717886.9998708,45,42,102
1771717887.0000563,45,42,102
1771717887.000307,45,42,103
1771717887.0035846,45,42,103
1771717887.003774,45,42,103
1771717887.0040011,45,42,103
1771717887.004206,45,42,103
1771717887.0075843,45,42,103
1771717887.0078287,45,42,103
1771717887.0080907,45,42,103
1771717887.0083601,45,42,103
1771717887.0085723,45,42,103
1771717887.011809,45,42,103
1771717887.0121374,45,42,103
1771717887.0123582,45,42,103
1771717887.012684,45,42,103
1771717887.015878,45,42,103
1771717887.0161893,45,42,103
1771717887.0164864,45,42,103
1771717887.016923,45,42,103
1771717887.0173614,45,42,103
1771717887.0462914,45,42,103
1771717887.0466921,45,42,103
1771717887.0469499,45,42,103
1771717887.047219,45,42,103
1771717887.0476031,45,42,103
1771717887.0478234,45,42,104
1771717887.0480585,45,42,104
1771717887.0482666,45,42,104
1771717887.0485194,45,42,104
1771717887.048767,45,42,104
1771717887.0490775,45,42,104
1771717887.0494792,45,42,104
1771717887.0497768,45,42,104
1771717887.0500531,45,42,104
1771717887.0503368,45,42,104
1771717887.050682,45,42,104
1771717887.0508726,45,42,104
1771717887.051113,45,42,104
1771717887.0512924,45,42,104
1771717887.051569,45,42,104
1771717887.0519345,45,42,104
1771717887.0521574,45,42,104
1771717887.052401,45,42,104
1771717887.0527341,45,42,104
1771717887.0530267,45,42,104
1771717887.0532346,45,42,104
1771717887.0534198,45,42,104
1771717887.053651,45,42,105
1771717887.053835,45,42,105
1771717887.0540464,45,42,105
1771717887.0543592,45,42,105
1771717887.0546813,45,42,105
1771717887.0549645,45,42,105
1771717887.0552094,45,42,105
1771717887.0554998,45,42,105
1771717887.0557888,45,42,105
1771717887.0560763,45,42,105
1771717887.0564473,45,42,105
1771717887.0569208,45,42,105
1771717887.0573125,45,42,105
1771717887.0576024,45,42,105
1771717887.0578506,45,42,105
1771717887.0580945,45,42,105
1771717887.0609274,45,42,105
1771717887.0611508,45,42,105
1771717887.0613787,45,42,105
1771717887.061594,45,42,105
1771717887.061781,45,42,105
1771717887.065163,45,42,105
1771717887.0654366,45,42,105
1771717887.0657377,45,42,105
1771717887.0659955,45,42,106
1771717887.0691407,45,42,106
1771717887.0695264,45,42,106
1771717887.0697517,45,42,106
1771717887.0699415,45,42,106
1771717887.0731227,45,42,106
1771717887.0734684,45,42,106
1771717887.0737376,45,42,106
1771717887.0740802,45,42,106
1771717887.0743327,45,42,106
1771717887.077623,45,42,106
1771717887.0779674,45,42,106
1771717887.078186,45,42,106
1771717887.078378,45,42,106
1771717887.0815117,45,42,106
1771717887.0818682,45,42,106
1771717887.0820634,45,42,106
1771717887.0822546,45,42,106
1771717887.082439,45,42,106
1771717887.1645267,45,42,106
1771717887.164724,45,42,106
1771717887.1649528,45,42,106
1771717887.1651309,45,42,106
1771717887.1653063,45,42,107
1771717887.1654816,45,42,107
1771717887.1656578,45,42,107
1771717887.1658332,45,42,107
1771717887.1660442,45,42,107
1771717887.166219,45,42,107
1771717887.1663935,45,42,107
1771717887.1665733,45,42,107
1771717887.1667469,45,42,107
1771717887.1669421,45,42,107
1771717887.1671145,45,42,107
1771717887.1672866,45,42,107
1771717887.1674595,45,42,107
1771717887.1676328,45,42,107
1771717887.1678069,45,42,107
1771717887.1679995,45,42,107
1771717887.1681724,45,42,107
1771717887.1683462,45,42,107
1771717887.168519,45,42,107
1771717887.1686966,45,42,107
1771717887.1688685,45,42,107
1771717887.1690607,45,42,107
1771717887.1692343,45,42,107
1771717887.1694064,45,42,108
1771717887.1695795,45,42,108
1771717887.1697562,45,42,108
1771717887.1699464,45,42,108
1771717887.1701183,45,42,108
1771717887.1702902,45,42,108
1771717887.170464,45,42,108
1771717887.1706424,45,42,108
1771717887.1708982,45,42,108
1771717887.1711566,45,42,108
1771717887.1714182,45,42,108
1771717887.1716247,45,42,108
1771717887.171806,45,42,108
1771717887.1720233,45,42,108
1771717887.1722023,45,42,108
1771717887.1723802,45,42,108
1771717887.1725671,45,42,108
1771717887.1727433,45,42,108
1771717887.172949,45,42,108
1771717887.1731267,45,42,108
1771717887.1733172,45,42,108
1771717887.1734955,45,42,108
1771717887.1736722,45,42,108
1771717887.1738498,45,42,109
1771717887.1740508,45,42,109
1771717887.1742733,45,42,109
1771717887.174604,45,42,109
1771717887.174866,45,42,109
1771717887.175099,45,42,109
1771717887.17529,45,42,109
1771717887.175547,45,42,109
1771717887.1757333,45,42,109
1771717887.1759498,45,42,109
1771717887.1761746,45,42,109
1771717887.1764503,45,42,109
1771717887.1766982,45,42,109
1771717887.1769261,45,42,109
1771717887.1771212,45,42,109
1771717887.1773174,45,42,109
1771717887.1775727,45,42,109
1771717887.177764,45,42,109
1771717887.178046,45,42,109
1771717887.178314,45,42,109
1771717887.1786587,45,42,109
1771717887.1791022,45,42,109
1771717887.1793163,45,42,109
1771717887.1795146,45,42,109
1771717887.1797445,45,42,110
1771717887.1800034,45,42,110
1771717887.1801934,45,42,110
1771717887.1803918,45,42,110
1771717887.1805818,45,42,110
1771717887.1807618,45,42,110
1771717887.1809685,45,42,110
1771717887.1811516,45,42,110
1771717887.1813312,45,42,110
1771717887.1815107,45,42,110
1771717887.1816893,45,42,110
1771717887.1818914,45,42,110
1771717887.1820734,45,42,110
1771717887.1822512,45,42,110
1771717887.18243,45,42,110
1771717887.182613,45,42,110
1771717887.1827924,45,42,110
1771717887.182993,45,42,110
1771717887.1831725,45,42,110
1771717887.1833525,45,42,110
1771717887.183531,45,42,110
1771717887.1837113,45,42,110
1771717887.1839213,45,42,111
1771717887.1841023,45,42,111
1771717887.1842818,45,42,111
1771717887.1844616,45,42,111
1771717887.1846466,45,42,111
1771717887.1848273,45,42,111
1771717887.1850297,45,42,111
1771717887.1852086,45,42,111
1771717887.1853878,45,42,111
1771717887.1855671,45,42,111
1771717887.1857464,45,42,111
1771717887.185944,45,42,111
1771717887.1861255,45,42,111
1771717887.188231,45,42,111
1771717887.1885757,45,42,111
1771717887.1888988,45,42,111
1771717887.1891487,45,42,111
1771717887.1919825,45,42,111
1771717887.192256,45,42,111
1771717887.192468,45,42,111
1771717887.192676,45,42,111
1771717887.19287,45,42,111
1771717887.1962013,45,42,111
1771717887.1964152,45,42,111
1771717887.1965976,45,42,112
1771717887.1967776,45,42,112
1771717887.2001574,45,42,112
1771717887.200388,45,42,112
1771717887.2005746,45,42,112
1771717887.2007573,45,42,112
1771717887.204348,45,42,112
1771717887.20479,45,42,112
1771717887.2053866,45,42,112
1771717887.205888,45,42,112
1771717887.206235,45,42,112
1771717887.2084725,45,42,112
1771717887.2087748,45,42,112
1771717887.2091339,45,42,112
1771717887.2093537,45,42,112
1771717887.2123735,45,42,112
1771717887.2125607,45,42,112
1771717887.2127438,45,42,112
1771717887.212961,45,42,112
1771717887.2131479,45,42,112
1771717887.2178378,45,42,112
1771717887.218041,45,42,112
1771717887.2182224,45,42,113
1771717887.2184415,45,42,113
1771717887.2208362,45,42,113
1771717887.221235,45,42,113
1771717887.2214682,45,42,113
1771717887.221667,45,42,113
1771717887.2247245,45,42,113
1771717887.2249198,45,42,113
1771717887.22512,45,42,113
1771717887.225364,45,42,113
1771717887.2257597,45,42,113
1771717887.2289867,45,42,113
1771717887.2293236,45,42,113
1771717887.2296507,45,42,113
1771717887.2299607,45,42,113
1771717887.233098,45,42,113
1771717887.2334328,45,42,113
1771717887.2337532,45,42,113
1771717887.234146,45,42,113
1771717887.2371848,45,42,113
1771717887.2376344,45,42,113
1771717887.2379677,45,42,113
1771717887.2383342,45,42,113
1771717887.2385886,45,42,113
1771717887.2412188,45,42,114
1771717887.2414372,45,42,114
1771717887.241628,45,42,114
1771717887.2418673,45,42,114
1771717887.2454882,45,42,114
1771717887.2459435,45,42,114
1771717887.2461524,45,42,114
1771717887.2463531,45,42,114
1771717887.246553,45,42,114
1771717887.2493591,45,42,114
1771717887.249568,45,42,114
1771717887.2497659,45,42,114
1771717887.2500474,45,42,114
1771717887.2534451,45,42,114
1771717887.2536328,45,42,114
1771717887.2538586,45,42,114
1771717887.2541008,45,42,114
1771717887.2575626,45,42,114
1771717887.2577925,45,42,114
1771717887.2580738,45,42,114
1771717887.2582967,45,42,114
1771717887.2586162,45,42,114
1771717887.2618713,45,42,114
1771717887.2620735,45,42,115
1771717887.2622888,45,42,115
1771717887.262468,45,42,115
1771717887.265689,45,42,115
1771717887.2658799,45,42,115
1771717887.266064,45,42,115
1771717887.2662807,45,42,115
1771717887.2696998,45,42,115
1771717887.269942,45,42,115
1771717887.2701728,45,42,115
1771717887.2703528,45,42,115
1771717887.2705321,45,42,115
1771717887.2739327,45,42,115
1771717887.2742026,45,42,115
1771717887.274415,45,42,115
1771717887.27463,45,42,115
1771717887.2781203,45,42,115
1771717887.278336,45,42,115
1771717887.2785296,45,42,115
1771717887.2787158,45,42,115
1771717887.2789433,45,42,115
1771717887.341117,45,42,115
1771717887.3414,45,42,115
1771717887.3415844,45,42,116
1771717887.3418558,45,42,116
1771717887.3420424,45,42,116
1771717887.3422453,45,42,116
1771717887.342422,45,42,116
1771717887.3426008,45,42,116
1771717887.3428385,45,42,116
1771717887.3430996,45,42,116
1771717887.343441,45,42,116
1771717887.3436823,45,42,116
1771717887.3439205,45,42,116
1771717887.3441384,45,42,116
1771717887.3444548,45,42,116
1771717887.3447304,45,42,116
1771717887.345009,45,42,116
1771717887.3453689,45,42,116
1771717887.3456235,45,42,116
1771717887.3458104,45,42,116
1771717887.3460767,45,42,116
1771717887.3464448,45,42,116
1771717887.3467183,45,42,116
1771717887.3470075,45,42,116
1771717887.3473098,45,42,116
1771717887.3475342,45,42,117
1771717887.3477693,45,42,117
1771717887.3480487,45,42,117
1771717887.3483653,45,42,117
1771717887.3485727,45,42,117
1771717887.3487475,45,42,117
1771717887.348936,45,42,117
1771717887.3491101,45,42,117
1771717887.3493226,45,42,117
1771717887.349495,45,42,117
1771717887.3496695,45,42,117
1771717887.3498418,45,42,117
1771717887.3500204,45,42,117
1771717887.3502169,45,42,117
1771717887.3503885,45,42,117
1771717887.3505611,45,42,117
1771717887.3507333,45,42,117
1771717887.3509061,45,42,117
1771717887.3510773,45,42,117
1771717887.351277,45,42,117
1771717887.351449,45,42,117
1771717887.3516219,45,42,117
1771717887.3517954,45,42,117
1771717887.3519669,45,42,117
1771717887.3521588,45,42,118
1771717887.3523707,45,42,118
1771717887.3525445,45,42,118
1771717887.3527186,45,42,118
1771717887.3528929,45,42,118
1771717887.353067,45,42,118
1771717887.3532667,45,42,118
1771717887.353441,45,42,118
1771717887.3537424,45,42,118
1771717887.353917,45,42,118
1771717887.3541176,45,42,118
1771717887.3543696,45,42,118
1771717887.354547,45,42,118
1771717887.354724,45,42,118
1771717887.354901,45,42,118
1771717887.3550758,45,42,118
1771717887.355287,45,42,118
1771717887.355461,45,42,118
1771717887.355634,45,42,118
1771717887.355807,45,42,118
1771717887.355982,45,42,118
1771717887.356163,45,42,118
1771717887.3563583,45,42,119
1771717887.3565545,45,42,119
1771717887.3567283,45,42,119
1771717887.3569002,45,42,119
1771717887.3570719,45,42,119
1771717887.357269,45,42,119
1771717887.3574457,45,42,119
1771717887.3576171,45,42,119
1771717887.3577898,45,42,119
1771717887.3579626,45,42,119
1771717887.358147,45,42,119
1771717887.358353,45,42,119
1771717887.3599534,45,42,119
1771717887.3602166,45,42,119
1771717887.3604631,45,42,119
1771717887.360819,45,42,119
1771717887.3640406,45,42,119
1771717887.3642309,45,42,119
1771717887.3644524,45,42,119
1771717887.36465,45,42,119
1771717887.3679733,45,42,119
1771717887.3682024,45,42,119
1771717887.3683918,45,42,119
1771717887.3685954,45,42,119
1771717887.368811,45,42,120
1771717887.3722107,45,42,120
1771717887.3724315,45,42,120
1771717887.372649,45,42,120
1771717887.3728635,45,42,120
1771717887.3769789,45,42,120
1771717887.3774168,45,42,120
1771717887.3776639,45,42,120
1771717887.3779728,45,42,120
1771717887.3782032,45,42,120
1771717887.440294,45,42,120
1771717887.4406753,45,42,120
1771717887.4410503,45,42,120
1771717887.4413085,45,42,120
1771717887.4414904,45,42,120
1771717887.4417782,45,42,120
1771717887.441959,45,42,120
1771717887.442182,45,42,120
1771717887.442383,45,42,120
1771717887.4426036,45,42,120
1771717887.4428165,45,42,120
1771717887.4430192,45,42,120
1771717887.443209,45,42,120
1771717887.4434006,45,42,121
1771717887.4437346,45,42,121
1771717887.4439383,45,42,121
1771717887.4441395,45,42,121
1771717887.4443226,45,42,121
1771717887.4444993,45,42,121
1771717887.4447181,45,42,121
1771717887.4449067,45,42,121
1771717887.4450917,45,42,121
1771717887.4452746,45,42,121
1771717887.4454544,45,42,121
1771717887.4456923,45,42,121
1771717887.4458742,45,42,121
1771717887.446048,45,42,121
1771717887.446221,45,42,121
1771717887.446396,45,42,121
1771717887.4466023,45,42,121
1771717887.446782,45,42,121
1771717887.4469547,45,42,121
1771717887.4471264,45,42,121
1771717887.447298,45,42,121
1771717887.4474728,45,42,121
1771717887.4476695,45,42,121
1771717887.4478436,45,42,122
1771717887.448054,45,42,122
1771717887.4483008,45,42,122
1771717887.4484813,45,42,122
1771717887.4486911,45,42,122
1771717887.4488733,45,42,122
1771717887.4490955,45,42,122
1771717887.449279,45,42,122
1771717887.449451,45,42,122
1771717887.4496636,45,42,122
1771717887.4498377,45,42,122
1771717887.4500096,45,42,122
1771717887.4501815,45,42,122
1771717887.4503534,45,42,122
1771717887.450547,45,42,122
1771717887.4507213,45,42,122
1771717887.4508994,45,42,122
1771717887.4510715,45,42,122
1771717887.4512436,45,42,122
1771717887.451415,45,42,122
1771717887.4516056,45,42,122
1771717887.451777,45,42,122
1771717887.451952,45,42,122
1771717887.4521353,45,42,123
1771717887.4523065,45,42,123
1771717887.4524777,45,42,123
1771717887.452669,45,42,123
1771717887.4528465,45,42,123
1771717887.4530194,45,42,123
1771717887.4531963,45,42,123
1771717887.4533696,45,42,123
1771717887.4535615,45,42,123
1771717887.4537344,45,42,123
1771717887.4539065,45,42,123
1771717887.4540877,45,42,123
1771717887.4542775,45,42,123
1771717887.4545076,45,42,123
1771717887.454771,45,42,123
1771717887.454948,45,42,123
1771717887.4551203,45,42,123
1771717887.4552937,45,42,123
1771717887.4554698,45,42,123
1771717887.4556692,45,42,123
1771717887.45585,45,42,123
1771717887.456074,45,42,123
1771717887.4563413,45,42,123
1771717887.4569376,45,42,124
1771717887.4586005,45,42,124
1771717887.4587862,45,42,124
1771717887.4589605,45,42,124
1771717887.4591854,45,42,124
1771717887.462508,45,42,124
1771717887.4628406,45,42,124
1771717887.4630291,45,42,124
1771717887.4632113,45,42,124
1771717887.4663503,45,42,124
1771717887.4667158,45,42,124
1771717887.467055,45,42,124
1771717887.467458,45,42,124
1771717887.4678032,45,42,124
1771717887.4708471,45,42,124
1771717887.4711523,45,42,124
1771717887.4714422,45,42,124
1771717887.4718847,45,42,124
1771717887.474633,45,42,124
1771717887.474859,45,42,124
1771717887.4750779,45,42,124
1771717887.4752924,45,42,124
1771717887.475509,45,42,124
1771717887.4845908,45,42,125
1771717887.484791,45,42,125
1771717887.4849775,45,42,125
1771717887.48516,45,42,125
1771717887.4853806,45,42,125
1771717887.4855602,45,42,125
1771717887.485739,45,42,125
1771717887.485937,45,42,125
1771717887.4868612,45,42,125
1771717887.4870949,45,42,125
1771717887.487319,45,42,125
1771717887.4880483,45,42,125
1771717887.488537,45,42,125
1771717887.4910612,45,42,125
1771717887.4912932,45,42,125
1771717887.4915016,45,42,125
1771717887.491679,45,42,125
1771717887.4952922,45,42,125
1771717887.4955044,45,42,125
1771717887.4956892,45,42,125
1771717887.4958725,45,42,125
1771717887.499068,45,42,125
1771717887.4993308,45,42,125
1771717887.499548,45,42,125
1771717887.4997633,45,42,126
1771717887.4999642,45,42,126
1771717887.5039783,45,42,126
1771717887.5044987,45,42,126
1771717887.504993,45,42,126
1771717887.5052671,45,42,126
1771717887.5073211,45,42,126
1771717887.5075636,45,42,126
1771717887.5077999,45,42,126
1771717887.5080013,45,42,126
1771717887.5081997,45,42,126
1771717887.5116408,45,42,126
1771717887.51183,45,42,126
1771717887.512017,45,42,126
1771717887.5121982,45,42,126
1771717887.5156667,45,42,126
1771717887.5160117,45,42,126
1771717887.5164027,45,42,126
1771717887.5167303,45,42,126
1771717887.5196602,45,42,126
1771717887.5199444,45,42,126
1771717887.5202808,45,42,126
1771717887.5207505,45,42,127
1771717887.5210316,45,42,127
1771717887.52396,45,42,127
1771717887.5243092,45,42,127
1771717887.5246613,45,42,127
1771717887.524884,45,42,127
1771717887.5278633,45,42,127
1771717887.5281,45,42,127
1771717887.5282834,45,42,127
1771717887.528462,45,42,127
1771717887.5318406,45,42,127
1771717887.5320275,45,42,127
1771717887.5322564,45,42,127
1771717887.5325658,45,42,127
1771717887.5328927,45,42,127
1771717887.536026,45,42,127
1771717887.5362585,45,42,127
1771717887.5364425,45,42,127
1771717887.5366251,45,43,127
1771717887.5402603,45,43,229
1771717887.540551,45,43,112
1771717887.5407484,45,43,112
1771717887.5409334,45,43,112
1771717887.5411592,45,43,112
1771717887.6033013,45,43,112
1771717887.6035724,45,43,112
1771717887.603754,45,43,112
1771717887.603935,45,43,112
1771717887.6042395,45,43,112
1771717887.6044858,45,43,113
1771717887.6047106,45,43,113
1771717887.6048865,45,43,113
1771717887.605065,45,43,113
1771717887.60524,45,43,113
1771717887.6054156,45,43,113
1771717887.6056473,45,43,113
1771717887.6058245,45,43,113
1771717887.6059997,45,43,113
1771717887.6061738,45,43,113
1771717887.6063466,45,43,113
1771717887.6065495,45,43,113
1771717887.6067238,45,43,113
1771717887.6069005,45,43,113
1771717887.6070764,45,43,113
1771717887.6072893,45,43,113
1771717887.6076772,45,43,113
1771717887.6078568,45,43,113
1771717887.608094,45,43,113
1771717887.6082702,45,43,113
1771717887.6084435,45,43,113
1771717887.6086707,45,43,113
1771717887.6088505,45,43,113
1771717887.6090238,45,43,113
1771717887.6091955,45,43,113
1771717887.6093678,45,43,113
1771717887.6095812,45,43,113
1771717887.6097577,45,43,113
1771717887.6099322,45,43,113
1771717887.6101048,45,43,113
1771717887.6102767,45,43,113
1771717887.610472,45,43,113
1771717887.6107485,45,43,113
1771717887.6109638,45,43,113
1771717887.611141,45,43,113
1771717887.611316,45,43,113
1771717887.611531,45,43,113
1771717887.611704,45,43,113
1771717887.611877,45,43,113
1771717887.6120493,45,43,113
1771717887.6122217,45,43,113
1771717887.6123958,45,43,113
1771717887.6125906,45,43,113
1771717887.612763,45,43,113
1771717887.612938,45,43,113
1771717887.6131108,45,43,113
1771717887.6132812,45,43,113
1771717887.6134834,45,43,114
1771717887.6136622,45,43,114
1771717887.6138377,45,43,114
1771717887.6140087,45,43,114
1771717887.6141806,45,43,114
1771717887.6143515,45,43,114
1771717887.6145468,45,43,114
1771717887.614721,45,43,114
1771717887.6148922,45,43,114
1771717887.6150637,45,43,114
1771717887.6152349,45,43,114
1771717887.615408,45,43,114
1771717887.6156127,45,43,114
1771717887.6157875,45,43,114
1771717887.6159587,45,43,114
1771717887.6161299,45,43,114
1771717887.6163008,45,43,114
1771717887.6164958,45,43,114
1771717887.6166704,45,43,114
1771717887.6168413,45,43,114
1771717887.6170132,45,43,114
1771717887.617187,45,43,114
1771717887.6173592,45,43,114
1771717887.6175787,45,43,114
1771717887.617751,45,43,114
1771717887.6179261,45,43,114
1771717887.618098,45,43,114
1771717887.6182694,45,43,114
1771717887.6184635,45,43,114
1771717887.618636,45,43,114
1771717887.6188068,45,43,114
1771717887.622119,45,43,114
1771717887.6223254,45,43,114
1771717887.6225348,45,43,114
1771717887.6227305,45,43,114
1771717887.6262589,45,43,114
1771717887.6265519,45,43,114
1771717887.6268957,45,43,114
1771717887.627125,45,43,114
1771717887.63018,45,43,114
1771717887.630375,45,43,114
1771717887.6305578,45,43,114
1771717887.6307435,45,43,114
1771717887.6309652,45,43,114
1771717887.634477,45,43,114
1771717887.634809,45,43,114
1771717887.6351297,45,43,115
1771717887.6354551,45,43,115
1771717887.638517,45,43,115
1771717887.6388671,45,43,115
1771717887.6391592,45,43,115
1771717887.639341,45,43,115
1771717887.6395502,45,43,115
1771717887.7014954,45,43,115
1771717887.7017286,45,43,115
1771717887.7019236,45,43,115
1771717887.7021036,45,43,115
1771717887.70228,45,43,115
1771717887.702521,45,43,115
1771717887.7027597,45,43,115
1771717887.7029958,45,43,115
1771717887.7032773,45,43,115
1771717887.7036097,45,43,115
1771717887.7043188,45,43,115
1771717887.7046835,45,43,115
1771717887.7049646,45,43,115
1771717887.7052393,45,43,115
1771717887.7054236,45,43,115
1771717887.7056594,45,43,115
1771717887.705841,45,43,115
1771717887.70606,45,43,115
1771717887.7062411,45,43,115
1771717887.7064233,45,43,115
1771717887.7066147,45,43,115
1771717887.7068489,45,43,115
1771717887.7070749,45,43,115
1771717887.7072887,45,43,115
1771717887.7075574,45,43,115
1771717887.7078373,45,43,115
1771717887.7081482,45,43,115
1771717887.708337,45,43,115
1771717887.708571,45,43,115
1771717887.7087972,45,43,115
1771717887.709051,45,43,115
1771717887.7092638,45,43,115
1771717887.7094474,45,43,115
1771717887.7096343,45,43,115
1771717887.7098114,45,43,115
1771717887.7100306,45,43,115
1771717887.7102091,45,43,115
1771717887.710408,45,43,115
1771717887.710589,45,43,115
1771717887.710767,45,43,116
1771717887.7110138,45,43,116
1771717887.711217,45,43,116
1771717887.711403,45,43,116
1771717887.7116795,45,43,116
1771717887.7119508,45,43,116
1771717887.7121735,45,43,116
1771717887.7123466,45,43,116
1771717887.7125227,45,43,116
1771717887.7128112,45,43,116
1771717887.7130284,45,43,116
1771717887.7132096,45,43,116
1771717887.713385,45,43,116
1771717887.7135723,45,43,116
1771717887.7137492,45,43,116
1771717887.7139275,45,43,116
1771717887.714129,45,43,116
1771717887.7143204,45,43,116
1771717887.7144978,45,43,116
1771717887.7147317,45,43,116
1771717887.7149136,45,43,116
1771717887.7151222,45,43,116
1771717887.715297,45,43,116
1771717887.7154827,45,43,116
1771717887.7156677,45,43,116
1771717887.7158453,45,43,116
1771717887.71607,45,43,116
1771717887.7162485,45,43,116
1771717887.7164288,45,43,116
1771717887.7166083,45,43,116
1771717887.7167919,45,43,116
1771717887.7170033,45,43,116
1771717887.71718,45,43,116
1771717887.7173567,45,43,116
1771717887.7175744,45,43,116
1771717887.7178655,45,43,116
1771717887.7182043,45,43,116
1771717887.7183938,45,43,116
1771717887.7186296,45,43,116
1771717887.7188938,45,43,116
1771717887.719118,45,43,116
1771717887.719296,45,43,116
1771717887.719491,45,43,116
1771717887.7198925,45,43,116
1771717887.720623,45,43,116
1771717887.7209384,45,43,116
1771717887.7211273,45,43,116
1771717887.7213619,45,43,117
1771717887.7245483,45,43,117
1771717887.724828,45,43,117
1771717887.7250216,45,43,117
1771717887.7252119,45,43,117
1771717887.7285862,45,43,117
1771717887.728933,45,43,117
1771717887.729343,45,43,117
1771717887.7296672,45,43,117
1771717887.7299907,45,43,117
1771717887.7327144,45,43,117
1771717887.733081,45,43,117
1771717887.733497,45,43,117
1771717887.733822,45,43,117
1771717887.7367666,45,43,117
1771717887.7370486,45,43,117
1771717887.7372916,45,43,117
1771717887.7374952,45,43,117
1771717887.7376773,45,43,117
1771717887.8066041,45,43,117
1771717887.8068235,45,43,117
1771717887.8070133,45,43,117
1771717887.8072662,45,43,117
1771717887.807658,45,43,117
1771717887.807851,45,43,117
1771717887.8080354,45,43,117
1771717887.8082175,45,43,117
1771717887.8084028,45,43,117
1771717887.808626,45,43,117
1771717887.8088114,45,43,117
1771717887.8090134,45,43,117
1771717887.8091946,45,43,117
1771717887.8093762,45,43,117
1771717887.8095915,45,43,117
1771717887.8097742,45,43,117
1771717887.8099546,45,43,117
1771717887.8101335,45,43,117
1771717887.8103611,45,43,117
1771717887.8105762,45,43,117
1771717887.8107553,45,43,117
1771717887.8109305,45,43,117
1771717887.8111043,45,43,117
1771717887.811277,45,43,117
1771717887.811486,45,43,117
1771717887.8116674,45,43,117
1771717887.8118415,45,43,117
1771717887.8120148,45,43,118
1771717887.8121865,45,43,118
1771717887.8127072,45,43,118
1771717887.8129573,45,43,118
1771717887.8131611,45,43,118
1771717887.813343,45,43,118
1771717887.8135905,45,43,118
1771717887.8138046,45,43,118
1771717887.8139935,45,43,118
1771717887.8141701,45,43,118
1771717887.814347,45,43,118
1771717887.8145244,45,43,118
1771717887.8147326,45,43,118
1771717887.8149097,45,43,118
1771717887.8150866,45,43,118
1771717887.815261,45,43,118
1771717887.8154364,45,43,118
1771717887.8156114,45,43,118
1771717887.8158078,45,43,118
1771717887.8159895,45,43,118
1771717887.816165,45,43,118
1771717887.8163407,45,43,118
1771717887.8165157,45,43,118
1771717887.8167193,45,43,118
1771717887.8168929,45,43,118
1771717887.8170664,45,43,118
1771717887.8172412,45,43,118
1771717887.817415,45,43,118
1771717887.8175893,45,43,118
1771717887.8177836,45,43,118
1771717887.8179643,45,43,118
1771717887.8181372,45,43,118
1771717887.8183105,45,43,118
1771717887.818485,45,43,118
1771717887.8186896,45,43,118
1771717887.8188643,45,43,118
1771717887.8190386,45,43,118
1771717887.8192549,45,43,118
1771717887.819429,45,43,118
1771717887.8195994,45,43,118
1771717887.819797,45,43,118
1771717887.8199756,45,43,118
1771717887.8201485,45,43,118
1771717887.820321,45,43,118
1771717887.8204956,45,43,118
1771717887.8206906,45,43,118
1771717887.820878,45,43,119
1771717887.8210523,45,43,119
1771717887.821226,45,43,119
1771717887.8213992,45,43,119
1771717887.821576,45,43,119
1771717887.8217864,45,43,119
1771717887.821958,45,43,119
1771717887.8221366,45,43,119
1771717887.8223116,45,43,119
1771717887.8224843,45,43,119
1771717887.8227298,45,43,119
1771717887.8230133,45,43,119
1771717887.8231943,45,43,119
1771717887.823372,45,43,119
1771717887.8235464,45,43,119
1771717887.8238075,45,43,119
1771717887.82412,45,43,119
1771717887.824311,45,43,119
1771717887.8268452,45,43,119
1771717887.8270772,45,43,119
1771717887.8272958,45,43,119
1771717887.8275073,45,43,119
1771717887.8277059,45,43,119
1771717887.8311155,45,43,119
1771717887.8313923,45,43,119
1771717887.831721,45,43,119
1771717887.8320532,45,43,119
1771717887.8350322,45,43,119
1771717887.8352344,45,43,119
1771717887.8354206,45,43,119
1771717887.8356345,45,43,119
1771717887.836011,45,43,119
1771717887.9091084,45,43,119
1771717887.9093218,45,43,119
1771717887.9095116,45,43,119
1771717887.909767,45,43,119
1771717887.909964,45,43,119
1771717887.910212,45,43,119
1771717887.9104877,45,43,119
1771717887.9107134,45,43,119
1771717887.9108877,45,43,119
1771717887.9110696,45,43,119
1771717887.911242,45,43,119
1771717887.911414,45,43,119
1771717887.9115875,45,43,119
1771717887.9117885,45,43,119
1771717887.911961,45,43,120
1771717887.912131,45,43,120
1771717887.9123034,45,43,120
1771717887.9124749,45,43,120
1771717887.9126794,45,43,120
1771717887.912898,45,43,120
1771717887.9130769,45,43,120
1771717887.9132476,45,43,120
1771717887.9134188,45,43,120
1771717887.9135911,45,43,120
1771717887.9137928,45,43,120
1771717887.9139652,45,43,120
1771717887.9141364,45,43,120
1771717887.9143078,45,43,120
1771717887.9144783,45,43,120
1771717887.9146764,45,43,120
1771717887.914848,45,43,120
1771717887.9150238,45,43,120
1771717887.9151952,45,43,120
1771717887.9153676,45,43,120
1771717887.9155374,45,43,120
1771717887.9157348,45,43,120
1771717887.9159808,45,43,120
1771717887.916186,45,43,120
1771717887.9163623,45,43,120
1771717887.9165342,45,43,120
1771717887.9167478,45,43,120
1771717887.9170105,45,43,120
1771717887.9172015,45,43,120
1771717887.9173741,45,43,120
1771717887.9175463,45,43,120
1771717887.917785,45,43,120
1771717887.9179652,45,43,120
1771717887.9182293,45,43,120
1771717887.91841,45,43,120
1771717887.9185834,45,43,120
1771717887.9188046,45,43,120
1771717887.918984,45,43,120
1771717887.919156,45,43,120
1771717887.9193277,45,43,120
1771717887.9195004,45,43,120
1771717887.9196994,45,43,120
1771717887.919871,45,43,120
1771717887.9200413,45,43,120
1771717887.9202116,45,43,120
1771717887.920384,45,43,120
1771717887.9206877,45,43,120
1771717887.9208987,45,43,121
1771717887.921117,45,43,121
1771717887.9220264,45,43,121
1771717887.922415,45,43,121
1771717887.9226916,45,43,121
1771717887.9231162,45,43,121
1771717887.9233823,45,43,121
1771717887.9235945,45,43,121
1771717887.923867,45,43,121
1771717887.9240513,45,43,121
1771717887.9242542,45,43,121
1771717887.9244335,45,43,121
1771717887.9246416,45,43,121
1771717887.924833,45,43,121
1771717887.9250164,45,43,121
1771717887.9252121,45,43,121
1771717887.9253974,45,43,121
1771717887.9256628,45,43,121
1771717887.9258828,45,43,121
1771717887.9260635,45,43,121
1771717887.9262612,45,43,121
1771717887.9264367,45,43,121
1771717887.9266598,45,43,121
1771717887.9268403,45,43,121
1771717887.927018,45,43,121
1771717887.9272106,45,43,121
1771717887.9273856,45,43,121
1771717887.927594,45,43,121
1771717887.9277692,45,43,121
1771717887.927944,45,43,121
1771717887.928122,45,43,121
1771717887.928309,45,43,121
1771717887.9284825,45,43,121
1771717887.9286747,45,43,121
1771717887.9288511,45,43,121
1771717887.9292176,45,43,121
1771717887.9293911,45,43,121
1771717887.929563,45,43,121
1771717887.929764,45,43,121
1771717887.9332855,45,43,121
1771717887.9334962,45,43,121
1771717887.9337032,45,43,121
1771717887.933909,45,43,121
1771717887.9341204,45,43,121
1771717888.0010211,45,43,121
1771717888.0012345,45,43,121
1771717888.0014205,45,43,122
1771717888.0016062,45,43,122
1771717888.001789,45,43,122
1771717888.0019994,45,43,122
1771717888.002192,45,43,122
1771717888.002374,45,43,122
1771717888.0025551,45,43,122
1771717888.0027366,45,43,122
1771717888.0029175,45,43,122
1771717888.003178,45,43,122
1771717888.003359,45,43,122
1771717888.0035396,45,43,122
1771717888.0037193,45,43,122
1771717888.0038989,45,43,122
1771717888.0041153,45,43,122
1771717888.004355,45,43,122
1771717888.0045333,45,43,122
1771717888.00471,45,43,122
1771717888.0048938,45,43,122
1771717888.0050957,45,43,122
1771717888.0052729,45,43,122
1771717888.0054483,45,43,122
1771717888.0056243,45,43,122
1771717888.0058017,45,43,122
1771717888.0060072,45,43,122
1771717888.0061958,45,43,122
1771717888.006374,45,43,122
1771717888.00658,45,43,122
1771717888.0068154,45,43,122
1771717888.0070384,45,43,122
1771717888.007222,45,43,122
1771717888.0073988,45,43,122
1771717888.0075743,45,43,122
1771717888.00775,45,43,122
1771717888.0079262,45,43,122
1771717888.00814,45,43,122
1771717888.0083218,45,43,122
1771717888.0084963,45,43,122
1771717888.0086718,45,43,122
1771717888.0088506,45,43,122
1771717888.0090477,45,43,122
1771717888.009226,45,43,122
1771717888.0094018,45,43,122
1771717888.0095768,45,43,122
1771717888.0097528,45,43,122
1771717888.0099282,45,43,122
1771717888.0101223,45,43,123
1771717888.0103085,45,43,123
1771717888.010484,45,43,123
1771717888.010659,45,43,123
1771717888.0108333,45,43,123
1771717888.0110357,45,43,123
1771717888.011211,45,43,123
1771717888.0113878,45,43,123
1771717888.0115626,45,43,123
1771717888.0117378,45,43,123
1771717888.0119133,45,43,123
1771717888.012117,45,43,123
1771717888.0123026,45,43,123
1771717888.0124776,45,43,123
1771717888.012654,45,43,123
1771717888.012832,45,43,123
1771717888.0131533,45,43,123
1771717888.0133412,45,43,123
1771717888.0135174,45,43,123
1771717888.013693,45,43,123
1771717888.0138688,45,43,123
1771717888.0141702,45,43,123
1771717888.0144324,45,43,123
1771717888.014671,45,43,123
1771717888.014932,45,43,123
1771717888.0152256,45,43,123
1771717888.0154712,45,43,123
1771717888.015705,45,43,123
1771717888.0160186,45,43,123
1771717888.0162833,45,43,123
1771717888.0165663,45,43,123
1771717888.0167565,45,43,123
1771717888.0169332,45,43,123
1771717888.0171406,45,43,123
1771717888.017315,45,43,123
1771717888.017486,45,43,123
1771717888.017663,45,43,123
1771717888.0178344,45,43,123
1771717888.018032,45,43,123
1771717888.0192826,45,43,123
1771717888.0194607,45,43,123
1771717888.0196314,45,43,123
1771717888.019808,45,43,123
1771717888.023368,45,43,123
1771717888.0235915,45,43,123
1771717888.0238068,45,43,123
1771717888.0240576,45,43,124
1771717888.0242674,45,43,124
1771717888.0275624,45,43,124
1771717888.027745,45,43,124
1771717888.027969,45,43,124
1771717888.0281482,45,43,124
1771717888.0316029,45,43,124
1771717888.0317912,45,43,124
1771717888.031968,45,43,124
1771717888.0321443,45,43,124
1771717888.0323582,45,43,124
1771717888.098136,45,43,124
1771717888.09843,45,43,124
1771717888.098616,45,43,124
1771717888.098798,45,43,124
1771717888.0989792,45,43,124
1771717888.0991604,45,43,124
1771717888.0993783,45,43,124
1771717888.0995617,45,43,124
1771717888.099745,45,43,124
1771717888.099926,45,43,124
1771717888.100107,45,43,124
1771717888.1003108,45,43,124
1771717888.1004944,45,43,124
1771717888.100677,45,43,124
1771717888.1008587,45,43,255
1771717888.1010268,45,43,15
1771717888.101233,45,43,15
1771717888.101407,45,43,15
1771717888.1015697,45,43,15
1771717888.1017323,45,43,15
1771717888.1018946,45,43,15
1771717888.1020572,45,43,15
1771717888.102244,45,43,15
1771717888.1024065,45,43,15
1771717888.1025672,45,43,15
1771717888.1027293,45,43,15
1771717888.1028903,45,43,15
1771717888.1030526,45,43,15
1771717888.103243,45,43,15
1771717888.103523,45,43,15
1771717888.1036859,45,43,15
1771717888.103847,45,43,15
1771717888.1040087,45,43,15
1771717888.1041706,45,43,15
1771717888.1043627,45,43,15
1771717888.1045249,45,43,15
1771717888.104686,45,43,15
1771717888.1048465,45,43,15
1771717888.1050076,45,43,15
1771717888.1051686,45,43,15
1771717888.1053553,45,43,15
1771717888.1055226,45,43,15
1771717888.1056838,45,43,15
1771717888.1058443,45,43,15
1771717888.1060054,45,43,15
1771717888.1061661,45,43,15
1771717888.106352,45,43,15
1771717888.1065152,45,43,15
1771717888.1066775,45,43,15
1771717888.1068995,45,43,15
1771717888.107125,45,43,15
1771717888.1073227,45,43,15
1771717888.1076927,45,43,15
1771717888.1079109,45,43,15
1771717888.10813,45,43,15
1771717888.1082952,45,43,15
1771717888.1085253,45,43,15
1771717888.1087565,45,43,15
1771717888.108996,45,43,15
1771717888.109169,45,43,15
1771717888.109332,45,43,15
1771717888.109517,45,43,15
1771717888.1096814,45,43,15
1771717888.1098435,45,43,15
1771717888.1100287,45,43,16
1771717888.1101947,45,43,16
1771717888.1103585,45,43,16
1771717888.1105185,45,43,16
1771717888.110678,45,43,16
1771717888.1108398,45,43,16
1771717888.1110198,45,43,16
1771717888.1111865,45,43,16
1771717888.111346,45,43,16
1771717888.1115065,45,43,16
1771717888.1116664,45,43,16
1771717888.1118264,45,43,16
1771717888.1120088,45,43,16
1771717888.1121724,45,43,16
1771717888.112331,45,43,16
1771717888.1124907,45,43,16
1771717888.1126506,45,43,16
1771717888.1128113,45,43,16
1771717888.113007,45,43,16
1771717888.1131744,45,43,16
1771717888.1133356,45,43,16
1771717888.1134973,45,43,16
1771717888.1136572,45,43,16
1771717888.1138163,45,43,16
1771717888.1139967,45,43,16
1771717888.1141567,45,43,16
1771717888.1143174,45,43,16
1771717888.1144757,45,43,16
1771717888.1146343,45,43,16
1771717888.114842,45,43,16
1771717888.1175625,45,42,255
1771717888.117736,45,42,31
1771717888.1179633,45,42,31
1771717888.118256,45,42,31
1771717888.118553,45,42,31
1771717888.121876,45,42,31
1771717888.1221898,45,42,31
1771717888.1225975,45,42,31
1771717888.1229193,45,42,31
1771717888.123183,45,42,31
1771717888.126087,45,42,32
1771717888.1264083,45,42,32
1771717888.1267,45,42,32
1771717888.1269872,45,42,32
1771717888.1272736,45,42,32
1771717888.1930554,45,42,32
1771717888.193288,45,42,32
1771717888.1934905,45,42,32
1771717888.1936612,45,42,32
1771717888.1938627,45,42,32
1771717888.1940289,45,42,32
1771717888.1942058,45,42,32
1771717888.1943717,45,42,32
1771717888.1945374,45,42,32
1771717888.1947336,45,42,32
1771717888.1949003,45,42,32
1771717888.195066,45,42,32
1771717888.1952338,45,42,32
1771717888.1954002,45,42,32
1771717888.1955667,45,42,32
1771717888.1957574,45,42,32
1771717888.1959214,45,42,32
1771717888.196085,45,42,32
1771717888.1962552,45,42,32
1771717888.1964173,45,42,32
1771717888.1965804,45,42,33
1771717888.1967764,45,42,33
1771717888.1969397,45,42,33
1771717888.1971025,45,42,33
1771717888.1972654,45,42,33
1771717888.197429,45,42,33
1771717888.197592,45,42,33
1771717888.197796,45,42,33
1771717888.1979604,45,42,33
1771717888.1981418,45,40,255
1771717888.1985462,45,40,48
1771717888.1988597,45,40,48
1771717888.1991599,45,40,48
1771717888.199449,45,40,48
1771717888.1996365,45,40,48
1771717888.19984,45,40,48
1771717888.2000134,45,40,48
1771717888.2001767,45,40,48
1771717888.2003393,45,40,48
1771717888.200502,45,40,48
1771717888.2006657,45,40,49
1771717888.2008505,45,40,49
1771717888.2010868,45,40,49
1771717888.2012959,45,40,49
1771717888.2015946,45,40,49
1771717888.2018864,45,40,49
1771717888.202138,45,40,49
1771717888.2023106,45,40,49
1771717888.2024763,45,40,49
1771717888.2026384,45,40,49
1771717888.2028358,45,40,49
1771717888.202999,45,40,49
1771717888.2031603,45,40,49
1771717888.2033436,45,40,49
1771717888.2035043,45,40,49
1771717888.2036643,45,40,49
1771717888.2038481,45,40,49
1771717888.204024,45,40,49
1771717888.204213,45,40,50
1771717888.2043746,45,40,50
1771717888.2045348,45,40,50
1771717888.2046955,45,40,50
1771717888.204923,45,40,50
1771717888.2050855,45,40,50
1771717888.2052462,45,40,50
1771717888.2054126,45,40,50
1771717888.2055721,45,40,50
1771717888.2057667,45,40,50
1771717888.2059429,45,39,255
1771717888.2061107,45,39,65
1771717888.2062716,45,39,65
1771717888.2064323,45,39,65
1771717888.2066784,45,39,65
1771717888.2068913,45,39,66
1771717888.2071064,45,39,66
1771717888.2072744,45,39,66
1771717888.2074432,45,39,66
1771717888.2076097,45,39,66
1771717888.2078092,45,39,66
1771717888.2080264,45,39,66
1771717888.2081923,45,39,66
1771717888.208352,45,39,66
1771717888.208513,45,39,66
1771717888.2086697,45,39,66
1771717888.2088592,45,39,67
1771717888.2090166,45,39,67
1771717888.2091746,45,39,67
1771717888.2093313,45,39,67
1771717888.209488,45,39,67
1771717888.2096453,45,39,67
1771717888.2098255,45,39,67
1771717888.2099876,45,39,67
1771717888.2101443,45,39,67
1771717888.210303,45,39,67
1771717888.2104604,45,39,67
1771717888.2106194,45,39,67
1771717888.2118454,45,39,67
1771717888.2120054,45,39,68
1771717888.2121623,45,39,68
1771717888.2123237,45,39,68
1771717888.2157962,45,39,68
1771717888.2159948,45,39,68
1771717888.2162108,45,39,68
1771717888.2164953,45,39,68
1771717888.2167902,45,39,68
1771717888.2200477,45,39,68
1771717888.2204359,45,39,68
1771717888.2207813,45,39,68
1771717888.2210667,45,39,68
1771717888.22123,45,39,68
1771717888.2242763,45,39,69
1771717888.224593,45,39,69
1771717888.224891,45,39,69
1771717888.2251792,45,39,69
1771717888.225546,45,39,69
1771717888.2282438,45,39,69
1771717888.2285478,45,39,69
1771717888.228837,45,39,69
1771717888.229126,45,39,69
1771717888.229458,45,39,69
1771717888.232709,45,39,69
1771717888.2331526,45,39,69
1771717888.2334583,45,39,69
1771717888.2336276,45,39,70
1771717888.2337987,45,39,70
1771717888.2906752,45,39,70
1771717888.2910194,45,39,70
1771717888.2912335,45,39,70
1771717888.291434,45,39,70
1771717888.2916298,45,39,70
1771717888.2918606,45,39,70
1771717888.2920327,45,39,70
1771717888.2922206,45,39,70
1771717888.292384,45,39,70
1771717888.292547,45,39,70
1771717888.29272,45,39,70
1771717888.2929125,45,39,71
1771717888.293075,45,39,71
1771717888.2932353,45,39,71
1771717888.2934172,45,39,71
1771717888.29358,45,39,71
1771717888.2937422,45,39,71
1771717888.293936,45,39,71
1771717888.2940972,45,39,71
1771717888.2942567,45,39,71
1771717888.2944157,45,39,71
1771717888.2945812,45,39,71
1771717888.2947414,45,39,71
1771717888.2949262,45,39,71
1771717888.2951458,45,39,72
1771717888.2954814,45,39,72
1771717888.2958083,45,39,72
1771717888.2960656,45,39,72
1771717888.2962666,45,39,72
1771717888.2964642,45,39,72
1771717888.2966602,45,39,72
1771717888.2968323,45,39,72
1771717888.2970006,45,39,72
1771717888.2971919,45,39,72
1771717888.2973545,45,39,72
1771717888.2975178,45,39,72
1771717888.297694,45,39,73
1771717888.2979321,45,39,73
1771717888.2980957,45,39,73
1771717888.298259,45,39,73
1771717888.298423,45,39,73
1771717888.2985883,45,39,73
1771717888.2987528,45,39,73
1771717888.2989504,45,39,73
1771717888.2991157,45,39,73
1771717888.2993958,45,39,73
1771717888.2995594,45,39,73
1771717888.2997239,45,39,73
1771717888.299893,45,39,73
1771717888.300077,45,39,74
1771717888.300338,45,39,74
1771717888.3005016,45,39,74
1771717888.3006647,45,39,74
1771717888.30083,45,39,74
1771717888.3010187,45,39,74
1771717888.3011878,45,39,74
1771717888.3013482,45,39,74
1771717888.301508,45,39,74
1771717888.3016698,45,39,74
1771717888.3019185,45,39,74
1771717888.3020837,45,39,74
1771717888.3022478,45,39,74
1771717888.302411,45,39,75
1771717888.3025756,45,39,75
1771717888.3027446,45,39,75
1771717888.3029454,45,39,75
1771717888.3031092,45,39,75
1771717888.3032727,45,39,75
1771717888.3034382,45,39,75
1771717888.3036027,45,39,75
1771717888.303767,45,39,75
1771717888.3039978,45,39,75
1771717888.3042083,45,39,75
1771717888.304372,45,39,75
1771717888.3045347,45,39,75
1771717888.3046958,45,39,76
1771717888.304857,45,39,76
1771717888.305062,45,39,76
1771717888.3052757,45,39,76
1771717888.3054404,45,39,76
1771717888.305602,45,39,76
1771717888.3059576,45,39,76
1771717888.3061404,45,39,76
1771717888.306343,45,39,76
1771717888.3065226,45,39,76
1771717888.3066864,45,39,76
1771717888.3101113,45,39,76
1771717888.310419,45,39,76
1771717888.3107812,45,39,77
1771717888.3110843,45,39,77
1771717888.311338,45,39,77
1771717888.3142078,45,39,77
1771717888.3144155,45,39,77
1771717888.314591,45,39,77
1771717888.3147955,45,39,77
1771717888.3151789,45,39,77
1771717888.3184133,45,39,77
1771717888.3187704,45,39,77
1771717888.3190734,45,39,77
1771717888.3193662,45,39,78
1771717888.3195693,45,39,78
1771717888.3752146,45,39,78
1771717888.3754508,45,39,78
1771717888.3756194,45,39,78
1771717888.3757873,45,39,78
1771717888.3759537,45,39,78
1771717888.376119,45,39,78
1771717888.3763225,45,39,78
1771717888.3764951,45,39,78
1771717888.376658,45,39,78
1771717888.376821,45,39,78
1771717888.376985,45,39,78
1771717888.3771565,45,39,79
1771717888.3773415,45,39,79
1771717888.3775034,45,39,79
1771717888.3776653,45,39,79
1771717888.3778274,45,39,79
1771717888.3779874,45,39,79
1771717888.3781474,45,39,79
1771717888.3783276,45,39,79
1771717888.3784935,45,39,79
1771717888.3786526,45,39,79
1771717888.3788118,45,39,79
1771717888.378971,45,39,79
1771717888.3791301,45,39,79
1771717888.3793118,45,39,80
1771717888.3794725,45,39,80
1771717888.3796341,45,39,80
1771717888.3798094,45,39,80
1771717888.3799665,45,39,80
1771717888.3801243,45,39,80
1771717888.3803036,45,39,80
1771717888.3806365,45,39,80
1771717888.3809714,45,39,80
1771717888.3812783,45,39,80
1771717888.3816354,45,39,80
1771717888.3819191,45,39,80
1771717888.3820858,45,39,80
1771717888.382264,45,39,81
1771717888.3824315,45,39,81
1771717888.382597,45,39,81
1771717888.3827896,45,39,81
1771717888.382957,45,39,81
1771717888.3831224,45,39,81
1771717888.3832898,45,39,81
1771717888.383455,45,39,81
1771717888.3836453,45,39,81
1771717888.383818,45,39,81
1771717888.3839984,45,39,81
1771717888.3841617,45,39,81
1771717888.3843305,45,39,81
1771717888.3845422,45,39,82
1771717888.3847036,45,39,82
1771717888.3848646,45,39,82
1771717888.385026,45,39,82
1771717888.385188,45,39,82
1771717888.3853493,45,39,82
1771717888.3855395,45,39,82
1771717888.3857007,45,39,82
1771717888.3858612,45,39,82
1771717888.3860219,45,39,82
1771717888.3861878,45,39,82
1771717888.3863525,45,39,82
1771717888.3865342,45,39,82
1771717888.386696,45,39,83
1771717888.3868573,45,39,83
1771717888.387019,45,39,83
1771717888.3871796,45,39,83
1771717888.3873396,45,39,83
1771717888.387528,45,39,83
1771717888.387688,45,39,83
1771717888.3878493,45,39,83
1771717888.3880248,45,39,83
1771717888.3882468,45,39,83
1771717888.3884113,45,39,83
1771717888.388607,45,39,83
1771717888.388768,45,39,84
1771717888.389017,45,39,84
1771717888.389306,45,39,84
1771717888.3896317,45,39,84
1771717888.3898637,45,39,84
1771717888.3900557,45,39,84
1771717888.3919547,45,39,84
1771717888.392117,45,39,84
1771717888.3923054,45,39,84
1771717888.3924632,45,39,84
1771717888.3926208,45,39,84
1771717888.3960836,45,39,84
1771717888.3962605,45,39,84
1771717888.3964746,45,39,85
1771717888.3966436,45,39,85
1771717888.3968098,45,39,85
1771717888.400263,45,39,85
1771717888.4005659,45,39,85
1771717888.4008677,45,39,85
1771717888.4011428,45,39,85
1771717888.4013028,45,39,85
1771717888.4044588,45,39,85
1771717888.4048383,45,39,85
1771717888.4055254,45,39,85
1771717888.4059644,45,39,85
1771717888.4061637,45,39,85
1771717888.408438,45,39,86
1771717888.4086373,45,39,86
1771717888.4088075,45,39,86
1771717888.4089754,45,39,86
1771717888.4124467,45,39,86
1771717888.4127533,45,39,86
1771717888.413053,45,39,86
1771717888.4134007,45,39,86
1771717888.4137044,45,39,86
1771717888.4165893,45,39,86
1771717888.4168885,45,39,86
1771717888.4171789,45,39,86
1771717888.4175506,45,39,86
1771717888.417831,45,39,87
1771717888.4210064,45,39,87
1771717888.421507,45,39,87
1771717888.4218848,45,39,87
1771717888.4221284,45,39,87
1771717888.4222927,45,39,87
1771717888.4247725,45,39,87
1771717888.4249668,45,39,87
1771717888.4251347,45,39,87
1771717888.4252987,45,39,87
1771717888.4254608,45,39,87
1771717888.4290042,45,39,87
1771717888.4292974,45,39,87
1771717888.4296465,45,39,88
1771717888.4298954,45,39,88
1771717888.4329515,45,39,88
1771717888.4333255,45,39,88
1771717888.4336243,45,39,88
1771717888.4340823,45,39,88
1771717888.4343872,45,39,88
1771717888.437093,45,39,88
1771717888.4373693,45,39,88
1771717888.437543,45,39,88
1771717888.4377844,45,39,88
1771717888.4379501,45,39,89
1771717888.4413283,45,39,89
1771717888.441647,45,39,89
1771717888.441933,45,39,89
1771717888.4420922,45,39,89
1771717888.4422617,45,39,89
1771717888.4454215,45,39,89
1771717888.4456246,45,39,89
1771717888.4458275,45,39,89
1771717888.445992,45,39,89
1771717888.44615,45,39,89
1771717888.4496543,45,39,89
1771717888.4499562,45,39,89
1771717888.4502428,45,39,90
1771717888.4504604,45,39,90
1771717888.4506178,45,39,90
1771717888.5127258,45,39,90
1771717888.5129547,45,39,90
1771717888.5131216,45,39,90
1771717888.5132842,45,39,90
1771717888.5134468,45,39,90
1771717888.5136433,45,39,90
1771717888.5138075,45,39,90
1771717888.5139709,45,39,90
1771717888.514133,45,39,90
1771717888.5143006,45,39,90
1771717888.5144641,45,39,91
1771717888.514762,45,39,91
1771717888.5150418,45,39,91
1771717888.515267,45,39,91
1771717888.5154843,45,39,91
1771717888.5157652,45,39,91
1771717888.5159788,45,39,91
1771717888.5161939,45,39,91
1771717888.5163856,45,39,91
1771717888.5165448,45,39,91
1771717888.5167356,45,39,91
1771717888.5168955,45,39,91
1771717888.5170546,45,39,91
1771717888.5172122,45,39,92
1771717888.517371,45,39,92
1771717888.5175302,45,39,92
1771717888.517729,45,39,92
1771717888.5178885,45,39,92
1771717888.5180464,45,39,92
1771717888.5182052,45,39,92
1771717888.518363,45,39,92
1771717888.5185206,45,39,92
1771717888.5187023,45,39,92
1771717888.5188606,45,39,92
1771717888.5190191,45,39,92
1771717888.519178,45,39,92
1771717888.5193377,45,39,93
1771717888.5194952,45,39,93
1771717888.5196843,45,39,93
1771717888.5198445,45,39,93
1771717888.5200024,45,39,93
1771717888.5201607,45,39,93
1771717888.5203187,45,39,93
1771717888.5204766,45,39,93
1771717888.5206602,45,39,93
1771717888.5208178,45,39,93
1771717888.5209763,45,39,93
1771717888.5211344,45,39,93
1771717888.5212922,45,39,93
1771717888.521451,45,39,94
1771717888.5217247,45,39,94
1771717888.5218854,45,39,94
1771717888.5220432,45,39,94
1771717888.522205,45,39,94
1771717888.522362,45,39,94
1771717888.522519,45,39,94
1771717888.5228002,45,39,94
1771717888.5229588,45,39,94
1771717888.5231168,45,39,94
1771717888.5232737,45,39,94
1771717888.5234308,45,39,94
1771717888.5236254,45,39,95
1771717888.5237901,45,39,95
1771717888.5239482,45,39,95
1771717888.5241046,45,39,95
1771717888.5242648,45,39,95
1771717888.524422,45,39,95
1771717888.5246353,45,39,95
1771717888.5247965,45,39,95
1771717888.5249531,45,39,95
1771717888.5251138,45,39,95
1771717888.5252717,45,39,95
1771717888.525429,45,39,95
1771717888.5255911,45,39,95
1771717888.5257683,45,39,96
1771717888.5259259,45,39,96
1771717888.5260835,45,39,96
1771717888.5262442,45,39,96
1771717888.526401,45,39,96
1771717888.5265586,45,39,96
1771717888.5267384,45,39,96
1771717888.5268965,45,39,96
1771717888.5270538,45,39,96
1771717888.527211,45,39,96
1771717888.5273688,45,39,96
1771717888.5275288,45,39,96
1771717888.5277078,45,39,96
1771717888.5278656,45,39,97
1771717888.5280254,45,39,97
1771717888.5281825,45,39,97
1771717888.5283403,45,39,97
1771717888.5312977,45,39,97
1771717888.5314724,45,39,97
1771717888.531639,45,39,97
1771717888.5318034,45,39,97
1771717888.531964,45,39,97
1771717888.5355864,45,39,97
1771717888.535899,45,39,97
1771717888.5361974,45,39,97
1771717888.5364935,45,39,97
1771717888.5367286,45,39,98
1771717888.5397332,45,39,98
1771717888.5400257,45,39,98
1771717888.540273,45,39,98
1771717888.54043,45,39,98
1771717888.5435228,45,39,98
1771717888.5438983,45,39,98
1771717888.5442774,45,39,98
1771717888.544575,45,39,98
1771717888.5448837,45,39,98
1771717888.5476375,45,39,98
1771717888.5478177,45,39,98
1771717888.547984,45,39,98
1771717888.548176,45,39,99
1771717888.5483403,45,39,99
1771717888.551896,45,39,99
1771717888.5522115,45,39,99
1771717888.5525117,45,39,99
1771717888.55294,45,39,99
1771717888.5532339,45,39,99
1771717888.555927,45,39,99
1771717888.5562282,45,39,99
1771717888.5565183,45,39,99
1771717888.5568132,45,39,99
1771717888.5570939,45,39,100
1771717888.6124783,45,39,100
1771717888.6126826,45,39,100
1771717888.6129844,45,39,100
1771717888.6132255,45,39,100
1771717888.6134045,45,39,100
1771717888.6136465,45,39,100
1771717888.613822,45,39,100
1771717888.614,45,39,100
1771717888.6142101,45,39,100
1771717888.6143985,45,39,100
1771717888.6145744,45,39,100
1771717888.6147513,45,39,101
1771717888.6149285,45,39,101
1771717888.6151268,45,39,101
1771717888.6153078,45,39,101
1771717888.615482,45,39,101
1771717888.6156552,45,39,101
1771717888.6158292,45,39,101
1771717888.616003,45,39,101
1771717888.6162066,45,39,101
1771717888.616381,45,39,101
1771717888.616556,45,39,101
1771717888.6167302,45,39,101
1771717888.6169057,45,39,102
1771717888.6171055,45,39,102
1771717888.6175656,45,39,102
1771717888.617903,45,39,102
1771717888.618304,45,39,102
1771717888.6184976,45,39,102
1771717888.6186762,45,39,102
1771717888.6188548,45,39,102
1771717888.6190407,45,39,102
1771717888.6192753,45,39,102
1771717888.6194537,45,39,102
1771717888.6196294,45,39,102
1771717888.619806,45,39,103
1771717888.6199813,45,39,103
1771717888.6201556,45,39,103
1771717888.6203525,45,39,103
1771717888.620533,45,39,103
1771717888.6207063,45,39,103
1771717888.6209106,45,39,103
1771717888.62109,45,39,103
1771717888.6212833,45,39,103
1771717888.6214552,45,39,103
1771717888.6216269,45,39,103
1771717888.6217985,45,39,103
1771717888.6220605,45,39,104
1771717888.6222763,45,39,104
1771717888.6224513,45,39,104
1771717888.622624,45,39,104
1771717888.6227965,45,39,104
1771717888.62297,45,39,104
1771717888.6231546,45,39,104
1771717888.6233504,45,39,104
1771717888.6235278,45,39,104
1771717888.6236992,45,39,104
1771717888.6239405,45,39,105
1771717888.6241677,45,39,105
1771717888.6244235,45,39,105
1771717888.6247199,45,39,105
1771717888.6249526,45,39,105
1771717888.6252923,45,39,105
1771717888.6255548,45,39,105
1771717888.625738,45,39,105
1771717888.6259196,45,39,105
1771717888.626099,45,39,105
1771717888.6263187,45,39,105
1771717888.626497,45,39,105
1771717888.6266751,45,39,106
1771717888.6268547,45,39,106
1771717888.6270466,45,39,106
1771717888.62725,45,39,106
1771717888.6274273,45,39,106
1771717888.6295884,45,39,106
1771717888.6297755,45,39,106
1771717888.6299598,45,39,106
1771717888.6301756,45,39,106
1771717888.6336071,45,39,106
1771717888.633947,45,39,106
1771717888.6342692,45,39,106
1771717888.6345909,45,39,107
1771717888.6349654,45,39,107
1771717888.638056,45,39,107
1771717888.6384804,45,39,107
1771717888.638742,45,39,107
1771717888.6389158,45,39,107
1771717888.641862,45,39,107
1771717888.642045,45,39,107
1771717888.6422193,45,39,107
1771717888.6424294,45,39,107
1771717888.64588,45,39,107
1771717888.646162,45,39,107
1771717888.6464818,45,39,108
1771717888.6466725,45,39,108
1771717888.6468852,45,39,108
1771717888.6501238,45,39,108
1771717888.6503158,45,39,108
1771717888.650505,45,39,108
1771717888.650697,45,39,108
1771717888.6542633,45,39,108
1771717888.654738,45,39,108
1771717888.6554384,45,39,108
1771717888.6557667,45,39,108
1771717888.6560712,45,39,109
1771717888.7145123,45,39,109
1771717888.7147264,45,39,109
1771717888.7149127,45,39,109
1771717888.7151322,45,39,109
1771717888.7153194,45,39,109
1771717888.7155008,45,39,109
1771717888.715704,45,39,109
1771717888.7158809,45,39,109
1771717888.7160852,45,39,109
1771717888.716278,45,39,109
1771717888.7164588,45,39,109
1771717888.7166412,45,39,110
1771717888.716822,45,39,110
1771717888.717044,45,39,110
1771717888.7172236,45,39,110
1771717888.7174022,45,39,110
1771717888.7175808,45,39,110
1771717888.7177591,45,39,110
1771717888.717938,45,39,110
1771717888.7181532,45,39,110
1771717888.7183383,45,39,110
1771717888.7186096,45,39,110
1771717888.7188618,45,39,111
1771717888.7191799,45,39,111
1771717888.7194445,45,39,111
1771717888.7197344,45,39,111
1771717888.7200537,45,39,111
1771717888.7203758,45,39,111
1771717888.720565,45,39,111
1771717888.7207465,45,39,111
1771717888.720966,45,39,111
1771717888.7211804,45,39,111
1771717888.7213604,45,39,111
1771717888.7215407,45,39,111
1771717888.7217202,45,39,112
1771717888.7219253,45,39,112
1771717888.7221797,45,39,112
1771717888.7223687,45,39,112
1771717888.7225528,45,39,112
1771717888.7227318,45,39,112
1771717888.7229137,45,39,112
1771717888.7231243,45,39,112
1771717888.723305,45,39,112
1771717888.7234805,45,39,112
1771717888.7236571,45,39,112
1771717888.723833,45,39,113
1771717888.7240293,45,39,113
1771717888.7242103,45,39,113
1771717888.7243857,45,39,113
1771717888.7245622,45,39,113
1771717888.7247376,45,39,113
1771717888.724915,45,39,113
1771717888.7251143,45,39,113
1771717888.7252908,45,39,113
1771717888.7254694,45,39,113
1771717888.725646,45,39,113
1771717888.7258222,45,39,113
1771717888.7259986,45,39,114
1771717888.726198,45,39,114
1771717888.7263741,45,39,114
1771717888.7265494,45,39,114
1771717888.7267263,45,39,114
1771717888.7270017,45,39,114
1771717888.7272222,45,39,114
1771717888.727401,45,39,114
1771717888.7275813,45,39,114
1771717888.7277582,45,39,114
1771717888.7279348,45,39,114
1771717888.7281473,45,39,114
1771717888.7283347,45,39,115
1771717888.728512,45,39,115
1771717888.7286892,45,39,115
1771717888.7288656,45,39,115
1771717888.729062,45,39,115
1771717888.7292385,45,39,115
1771717888.7294147,45,39,115
1771717888.7295911,45,39,115
1771717888.729772,45,39,115
1771717888.731979,45,39,115
1771717888.73221,45,39,116
1771717888.7324526,45,39,116
1771717888.7326367,45,39,116
1771717888.7329319,45,39,116
1771717888.7361157,45,39,116
1771717888.7363014,45,39,116
1771717888.7364757,45,39,116
1771717888.736694,45,39,116
1771717888.7401297,45,39,116
1771717888.7403114,45,39,116
1771717888.7404952,45,39,116
1771717888.7406774,45,39,116
1771717888.7441905,45,39,117
1771717888.7445729,45,39,117
1771717888.744905,45,39,117
1771717888.7452297,45,39,117
1771717888.74551,45,39,117
1771717888.748736,45,39,117
1771717888.7490678,45,39,117
1771717888.7493365,45,39,117
1771717888.7496197,45,39,117
1771717888.7525682,45,39,117
1771717888.7529123,45,39,117
1771717888.7532403,45,39,117
1771717888.753672,45,39,118
1771717888.7540004,45,39,118
1771717888.812864,45,39,118
1771717888.8130908,45,39,118
1771717888.813407,45,39,118
1771717888.81371,45,39,118
1771717888.8145082,45,39,118
1771717888.814882,45,39,118
1771717888.8152654,45,39,118
1771717888.8155382,45,39,118
1771717888.8157485,45,39,118
1771717888.8159282,45,39,118
1771717888.8161128,45,39,119
1771717888.8163211,45,39,119
1771717888.816511,45,39,119
1771717888.8166897,45,39,119
1771717888.8168678,45,39,119
1771717888.8170514,45,39,119
1771717888.8172538,45,39,119
1771717888.8174324,45,39,119
1771717888.817609,45,39,119
1771717888.8177843,45,39,119
1771717888.8179636,45,39,119
1771717888.8181422,45,39,119
1771717888.8183544,45,39,120
1771717888.8185298,45,39,120
1771717888.8187072,45,39,120
1771717888.818885,45,39,120
1771717888.8190677,45,39,120
1771717888.8192663,45,39,120
1771717888.8194432,45,39,120
1771717888.8196204,45,39,120
1771717888.8197968,45,39,120
1771717888.8199732,45,39,120
1771717888.8201842,45,39,120
1771717888.820364,45,39,121
1771717888.8205402,45,39,121
1771717888.8207161,45,39,121
1771717888.8209405,45,39,121
1771717888.8213203,45,39,121
1771717888.8215914,45,39,121
1771717888.8218203,45,39,121
1771717888.8219965,45,39,121
1771717888.8222032,45,39,121
1771717888.822378,45,39,121
1771717888.822551,45,39,121
1771717888.8227262,45,39,122
1771717888.8229067,45,39,122
1771717888.823078,45,39,122
1771717888.8233511,45,39,122
1771717888.8235254,45,39,122
1771717888.8237073,45,39,122
1771717888.8238795,45,39,122
1771717888.8240526,45,39,122
1771717888.8242528,45,39,122
1771717888.8244264,45,39,122
1771717888.8246005,45,39,122
1771717888.82478,45,39,122
1771717888.824956,45,39,123
1771717888.8251307,45,39,123
1771717888.8253353,45,39,123
1771717888.8255076,45,39,123
1771717888.8256824,45,39,123
1771717888.8258567,45,39,123
1771717888.82603,45,39,123
1771717888.8262284,45,39,123
1771717888.8264036,45,39,123
1771717888.826581,45,39,123
1771717888.8267543,45,39,123
1771717888.8269572,45,39,123
1771717888.827129,45,39,124
1771717888.8273225,45,39,124
1771717888.827494,45,39,124
1771717888.8276646,45,39,124
1771717888.8278365,45,39,124
1771717888.8280084,45,39,124
1771717888.8282273,45,39,124
1771717888.828635,45,39,124
1771717888.8289626,45,39,124
1771717888.8293962,45,39,124
1771717888.830344,45,39,124
1771717888.8306184,45,39,125
1771717888.8308566,45,39,125
1771717888.831084,45,39,125
1771717888.8313606,45,39,125
1771717888.8345003,45,39,125
1771717888.8346963,45,39,125
1771717888.834881,45,39,125
1771717888.8351116,45,39,125
1771717888.8384962,45,39,125
1771717888.8386893,45,39,125
1771717888.838868,45,39,125
1771717888.8390954,45,39,125
1771717888.8424475,45,39,126
1771717888.8426414,45,39,126
1771717888.8428555,45,39,126
1771717888.843171,45,39,126
1771717888.8433628,45,39,126
1771717888.8468719,45,39,126
1771717888.84709,45,39,126
1771717888.8472762,45,39,126
1771717888.8474555,45,39,126
1771717888.850942,45,39,126
1771717888.8511975,45,39,126
1771717888.8514326,45,39,127
1771717888.851609,45,39,127
1771717888.8517835,45,39,127
1771717888.9125898,45,39,127
1771717888.912858,45,39,127
1771717888.913075,45,39,127
1771717888.91329,45,39,127
1771717888.9134681,45,39,127
1771717888.9136462,45,39,127
1771717888.9138722,45,39,127
1771717888.9141307,45,39,127
1771717888.914318,45,39,127
1771717888.914498,45,39,128
1771717888.9147458,45,39,128
1771717888.9150207,45,39,128
1771717888.9152403,45,39,128
1771717888.9155254,45,39,128
1771717888.9158356,45,39,128
1771717888.916019,45,39,128
1771717888.9161994,45,39,128
1771717888.9163914,45,39,128
1771717888.9165666,45,39,128
1771717888.9167979,45,39,128
1771717888.9169729,45,39,129
1771717888.9171486,45,39,129
1771717888.9173286,45,39,129
1771717888.9175057,45,39,129
1771717888.9176788,45,39,129
1771717888.9178739,45,39,129
1771717888.9180472,45,39,129
1771717888.9182281,45,39,129
1771717888.918418,45,39,129
1771717888.9185894,45,39,129
1771717888.9187608,45,39,129
1771717888.9189568,45,39,129
1771717888.919129,45,39,130
1771717888.919306,45,39,130
1771717888.9194772,45,39,130
1771717888.9196491,45,39,130
1771717888.919868,45,39,130
1771717888.9200394,45,39,130
1771717888.9202118,45,39,130
1771717888.9203892,45,39,130
1771717888.920561,45,39,130
1771717888.920734,45,39,130
1771717888.92098,45,39,130
1771717888.9211524,45,39,130
1771717888.9213307,45,39,131
1771717888.921551,45,39,131
1771717888.921855,45,39,131
1771717888.9221292,45,39,131
1771717888.9223995,45,39,131
1771717888.9226782,45,39,131
1771717888.922997,45,39,131
1771717888.9233456,45,39,131
1771717888.9235396,45,39,131
1771717888.9237225,45,39,131
1771717888.9239078,45,39,131
1771717888.9240866,45,39,131
1771717888.9242663,45,39,132
1771717888.9244719,45,39,132
1771717888.9246511,45,39,132
1771717888.924855,45,39,132
1771717888.9250333,45,39,132
1771717888.9252095,45,39,132
1771717888.925485,45,39,132
1771717888.92566,45,39,132
1771717888.9258358,45,39,132
1771717888.9260159,45,39,132
1771717888.9261904,45,39,133
1771717888.9263892,45,39,133
1771717888.9265656,45,39,133
1771717888.9268723,45,39,133
1771717888.9271533,45,39,133
1771717888.9274848,45,39,133
1771717888.927764,45,39,133
1771717888.9280438,45,39,133
1771717888.9283373,45,39,133
1771717888.9285347,45,39,133
1771717888.928725,45,39,133
1771717888.9289076,45,39,133
1771717888.9290862,45,39,134
1771717888.9293003,45,39,134
1771717888.9294763,45,39,134
1771717888.9296718,45,39,134
1771717888.930052,45,39,134
1771717888.9329948,45,39,134
1771717888.9333053,45,39,134
1771717888.9335892,45,39,134
1771717888.9339037,45,39,134
1771717888.9369416,45,39,134
1771717888.937373,45,39,134
1771717888.937679,45,39,134
1771717888.9379375,45,39,135
1771717888.9408507,45,39,135
1771717888.941227,45,39,135
1771717888.9415064,45,39,135
1771717888.9419382,45,39,135
1771717888.9422848,45,39,135
1771717888.945213,45,39,135
1771717888.945501,45,39,135
1771717888.945775,45,39,135
1771717888.9460785,45,39,135
1771717888.9490812,45,39,135
1771717888.949361,45,39,135
1771717888.9496624,45,39,136
1771717888.949951,45,39,136
1771717888.9503021,45,39,136
1771717889.0290442,45,39,136
1771717889.0292542,45,39,136
1771717889.029586,45,39,136
1771717889.0298913,45,39,136
1771717889.0301154,45,39,136
1771717889.030333,45,39,136
1771717889.0305505,45,39,136
1771717889.0308044,45,39,136
1771717889.0311854,45,39,137
1771717889.031457,45,39,137
1771717889.0317223,45,39,137
1771717889.0320678,45,39,137
1771717889.0323958,45,39,137
1771717889.0326,45,39,137
1771717889.0329177,45,39,137
1771717889.0332313,45,39,137
1771717889.033519,45,39,137
1771717889.0337307,45,39,137
1771717889.0339758,45,39,137
1771717889.0341566,45,39,138
1771717889.0343368,45,39,138
1771717889.0345163,45,39,138
1771717889.0346954,45,39,138
1771717889.034901,45,39,138
1771717889.0350797,45,39,138
1771717889.035267,45,39,138
1771717889.0354698,45,39,138
1771717889.0356514,45,39,138
1771717889.0358555,45,39,138
1771717889.0360384,45,39,138
1771717889.0362148,45,39,138
1771717889.0363944,45,39,139
1771717889.036571,45,39,139
1771717889.0367696,45,39,139
1771717889.0369673,45,39,139
1771717889.0371497,45,39,139
1771717889.0373259,45,39,139
1771717889.037502,45,39,139
1771717889.0376768,45,39,139
1771717889.0378811,45,39,139
1771717889.0380583,45,39,139
1771717889.0382347,45,39,139
1771717889.0384104,45,39,139
1771717889.0386083,45,39,140
1771717889.0388148,45,39,140
1771717889.0390482,45,39,140
1771717889.039233,45,39,140
1771717889.0394123,45,39,140
1771717889.0395882,45,39,140
1771717889.03979,45,40,216
1771717889.0399704,45,40,125
1771717889.0401888,45,40,125
1771717889.0403664,45,40,125
1771717889.0406048,45,40,125
1771717889.0409124,45,40,125
1771717889.0411973,45,40,125
1771717889.0414681,45,40,126
1771717889.041729,45,40,126
1771717889.042062,45,40,126
1771717889.0424483,45,40,126
1771717889.0427346,45,40,126
1771717889.0430756,45,40,126
1771717889.0433204,45,40,126
1771717889.0435045,45,40,126
1771717889.0436833,45,40,126
1771717889.0438635,45,40,126
1771717889.0441403,45,40,126
1771717889.0443287,45,40,126
1771717889.0445051,45,40,126
1771717889.0446832,45,40,126
1771717889.0448601,45,40,126
1771717889.0451343,45,40,127
1771717889.045356,45,40,127
1771717889.0456276,45,40,127
1771717889.0458412,45,40,127
1771717889.0460742,45,40,127
1771717889.0462494,45,40,127
1771717889.0464318,45,40,127
1771717889.046607,45,40,127
1771717889.0467818,45,40,127
1771717889.0469837,45,40,127
1771717889.047469,45,40,127
1771717889.0478065,45,40,127
1771717889.0480752,45,40,127
1771717889.0483418,45,40,127
1771717889.0485277,45,40,127
1771717889.0487127,45,40,127
1771717889.048979,45,40,128
1771717889.0491674,45,40,128
1771717889.0493484,45,40,128
1771717889.049527,45,40,128
1771717889.049705,45,40,128
1771717889.0499134,45,40,128
1771717889.0500932,45,40,128
1771717889.0502696,45,40,128
1771717889.0504458,45,40,128
1771717889.0506318,45,40,128
1771717889.050832,45,40,128
1771717889.051008,45,40,128
1771717889.051183,45,40,128
1771717889.0513628,45,40,128
1771717889.0515382,45,40,128
1771717889.0517125,45,40,129
1771717889.0519197,45,40,129
1771717889.0520947,45,40,129
1771717889.0522702,45,40,129
1771717889.0524557,45,40,129
1771717889.0528002,45,40,129
1771717889.0531037,45,40,129
1771717889.055619,45,40,129
1771717889.0558424,45,40,129
1771717889.0560517,45,40,129
1771717889.056256,45,40,129
1771717889.0596342,45,40,129
1771717889.0598783,45,40,129
1771717889.0601122,45,40,129
1771717889.0603557,45,40,129
1771717889.060654,45,40,130
1771717889.0638533,45,40,130
1771717889.0640724,45,40,130
1771717889.0642807,45,40,130
1771717889.0644872,45,40,130
1771717889.067836,45,40,130
1771717889.0680563,45,40,130
1771717889.0682638,45,40,130
1771717889.068438,45,40,130
1771717889.0718212,45,40,130
1771717889.0721357,45,40,130
1771717889.0724459,45,40,130
1771717889.0727668,45,40,130
1771717889.073062,45,40,130
1771717889.076059,45,40,130
1771717889.0762427,45,40,130
1771717889.0764186,45,40,131
1771717889.0765932,45,40,131
1771717889.080142,45,42,225
1771717889.0803368,45,42,116
1771717889.0805151,45,42,116
1771717889.080691,45,42,116
1771717889.0808635,45,42,116
1771717889.1405914,45,42,116
1771717889.1409218,45,42,116
1771717889.1411762,45,42,116
1771717889.1414213,45,42,116
1771717889.1416535,45,42,116
1771717889.1419027,45,42,116
1771717889.1421294,45,42,116
1771717889.1423316,45,42,116
1771717889.1426058,45,42,116
1771717889.1427884,45,42,116
1771717889.14301,45,42,116
1771717889.1431854,45,42,116
1771717889.143362,45,42,116
1771717889.1435363,45,42,116
1771717889.1437118,45,42,116
1771717889.1439083,45,42,116
1771717889.144083,45,42,117
1771717889.144258,45,42,117
1771717889.1444318,45,42,117
1771717889.1446116,45,42,117
1771717889.1447856,45,42,117
1771717889.1449838,45,42,117
1771717889.145194,45,42,117
1771717889.1453664,45,42,117
1771717889.1455395,45,42,117
1771717889.1457129,45,42,117
1771717889.1459107,45,42,117
1771717889.1460853,45,42,117
1771717889.1462598,45,42,117
1771717889.146458,45,42,117
1771717889.1467566,45,42,117
1771717889.1470084,45,42,117
1771717889.147189,45,42,117
1771717889.147362,45,42,117
1771717889.1475344,45,42,117
1771717889.1477056,45,42,117
1771717889.1479099,45,42,117
1771717889.1480813,45,42,117
1771717889.1482542,45,42,117
1771717889.148425,45,42,118
1771717889.1486037,45,42,118
1771717889.1487765,45,42,118
1771717889.1489882,45,42,118
1771717889.1491594,45,42,118
1771717889.1493328,45,42,118
1771717889.1495054,45,42,118
1771717889.1496758,45,42,118
1771717889.1498783,45,42,118
1771717889.1500504,45,42,118
1771717889.150223,45,42,118
1771717889.150395,45,42,118
1771717889.1505737,45,42,118
1771717889.1507456,45,42,118
1771717889.1509395,45,42,118
1771717889.1511116,45,42,118
1771717889.1512856,45,42,118
1771717889.1514575,45,42,118
1771717889.1516302,45,42,118
1771717889.1518016,45,42,118
1771717889.151997,45,42,118
1771717889.1521695,45,42,118
1771717889.152342,45,42,118
1771717889.152515,45,42,119
1771717889.1528027,45,42,119
1771717889.1530013,45,42,119
1771717889.1531773,45,42,119
1771717889.1533513,45,42,119
1771717889.1535244,45,42,119
1771717889.153697,45,42,119
1771717889.153899,45,42,119
1771717889.154095,45,42,119
1771717889.1542902,45,42,119
1771717889.154463,45,42,119
1771717889.1546416,45,42,119
1771717889.154814,45,42,119
1771717889.1550105,45,42,119
1771717889.1552567,45,42,119
1771717889.1554463,45,42,119
1771717889.1580076,45,42,119
1771717889.1582267,45,42,119
1771717889.1584513,45,42,119
1771717889.1586378,45,42,119
1771717889.1588237,45,42,119
1771717889.162095,45,42,119
1771717889.162311,45,42,119
1771717889.1625235,45,42,120
1771717889.162734,45,42,120
1771717889.1661403,45,42,120
1771717889.166354,45,42,120
1771717889.166542,45,42,120
1771717889.1667275,45,42,120
1771717889.17012,45,42,120
1771717889.1704693,45,42,120
1771717889.1708226,45,42,120
1771717889.1712012,45,42,120
1771717889.1714888,45,42,120
1771717889.1745014,45,42,120
1771717889.174769,45,42,120
1771717889.1749878,45,42,120
1771717889.1752725,45,42,120
1771717889.178396,45,42,120
1771717889.1785889,45,42,120
1771717889.1788766,45,42,120
1771717889.179245,45,42,120
1771717889.1795547,45,42,120
1771717889.2405632,45,42,120
1771717889.2409842,45,42,120
1771717889.24125,45,42,120
1771717889.2415683,45,42,120
1771717889.2417767,45,42,121
1771717889.2419596,45,42,121
1771717889.2421446,45,42,121
1771717889.2423239,45,42,121
1771717889.2425678,45,42,121
1771717889.2427492,45,42,121
1771717889.242931,45,42,121
1771717889.2432969,45,42,121
1771717889.2435083,45,42,121
1771717889.243689,45,42,121
1771717889.2439263,45,42,121
1771717889.244111,45,42,121
1771717889.2442954,45,42,121
1771717889.244514,45,42,121
1771717889.2447,45,42,121
1771717889.24488,45,42,121
1771717889.2450588,45,42,121
1771717889.245238,45,42,121
1771717889.245416,45,42,121
1771717889.245614,45,42,121
1771717889.245792,45,42,121
1771717889.2459712,45,42,121
1771717889.2461486,45,42,122
1771717889.2463267,45,42,122
1771717889.246599,45,42,122
1771717889.2467875,45,42,122
1771717889.2469678,45,42,122
1771717889.2471457,45,42,122
1771717889.247324,45,42,122
1771717889.2476575,45,42,122
1771717889.247871,45,42,122
1771717889.2481067,45,42,122
1771717889.2482872,45,42,122
1771717889.2485032,45,42,122
1771717889.2486799,45,42,122
1771717889.2488563,45,42,122
1771717889.2490318,45,42,122
1771717889.2492049,45,42,122
1771717889.2493882,45,42,122
1771717889.249584,45,42,122
1771717889.249756,45,42,122
1771717889.2499287,45,42,122
1771717889.250315,45,42,122
1771717889.2507946,45,42,122
1771717889.2512217,45,42,122
1771717889.251731,45,42,122
1771717889.252119,45,42,123
1771717889.2523093,45,42,123
1771717889.2524898,45,42,123
1771717889.252713,45,42,123
1771717889.2528968,45,42,123
1771717889.2530744,45,42,123
1771717889.253251,45,42,123
1771717889.2534318,45,42,123
1771717889.2536683,45,42,123
1771717889.2539253,45,42,123
1771717889.254186,45,42,123
1771717889.2543662,45,42,123
1771717889.2545602,45,42,123
1771717889.254925,45,42,123
1771717889.2551672,45,42,123
1771717889.2553685,45,42,123
1771717889.2555451,45,42,123
1771717889.2557735,45,42,123
1771717889.2559474,45,42,123
1771717889.2561562,45,42,123
1771717889.2563531,45,42,123
1771717889.2565248,45,42,123
1771717889.2567232,45,42,124
1771717889.256896,45,42,124
1771717889.2570689,45,42,124
1771717889.2572453,45,42,124
1771717889.2574172,45,42,124
1771717889.2576175,45,42,124
1771717889.2577953,45,42,124
1771717889.257969,45,42,124
1771717889.2581406,45,42,124
1771717889.2583127,45,42,124
1771717889.258485,45,42,124
1771717889.2605937,45,42,124
1771717889.2609363,45,42,124
1771717889.2613516,45,42,124
1771717889.2615857,45,42,124
1771717889.2646115,45,42,124
1771717889.264957,45,42,124
1771717889.26519,45,42,124
1771717889.2654808,45,42,124
1771717889.2685084,45,42,124
1771717889.2689087,45,42,124
1771717889.2692711,45,42,124
1771717889.2696755,45,42,124
1771717889.2699516,45,42,124
1771717889.2726545,45,42,125
1771717889.2728355,45,42,125
1771717889.2730107,45,42,125
1771717889.2733119,45,42,125
1771717889.2767684,45,42,125
1771717889.277108,45,42,125
1771717889.2774904,45,42,125
1771717889.2778084,45,42,125
1771717889.278108,45,42,125
1771717889.3392653,45,42,125
1771717889.3394742,45,42,125
1771717889.3397393,45,42,125
1771717889.3399165,45,42,125
1771717889.340094,45,42,125
1771717889.3402889,45,42,125
1771717889.3405066,45,42,125
1771717889.3407755,45,42,125
1771717889.34095,45,42,125
1771717889.3411243,45,42,125
1771717889.341308,45,42,125
1771717889.3415208,45,42,125
1771717889.3417275,45,42,125
1771717889.341901,45,42,125
1771717889.3422503,45,42,126
1771717889.3425357,45,42,126
1771717889.342796,45,42,126
1771717889.342974,45,42,126
1771717889.3431501,45,42,126
1771717889.3433304,45,42,126
1771717889.3435063,45,42,126
1771717889.3437076,45,42,126
1771717889.3438797,45,42,126
1771717889.3440566,45,42,126
1771717889.3442302,45,42,126
1771717889.3444035,45,42,126
1771717889.344576,45,42,126
1771717889.3447697,45,42,126
1771717889.3449464,45,42,126
1771717889.3452194,45,42,126
1771717889.3453975,45,42,126
1771717889.345571,45,42,126
1771717889.3457801,45,42,126
1771717889.3459532,45,42,126
1771717889.3461266,45,42,126
1771717889.3463495,45,42,126
1771717889.3465226,45,42,126
1771717889.3467288,45,42,127
1771717889.3469028,45,42,127
1771717889.3470762,45,42,127
1771717889.3472598,45,42,127
1771717889.3474417,45,42,127
1771717889.3476164,45,42,127
1771717889.3478842,45,42,127
1771717889.3480573,45,42,127
1771717889.3482287,45,42,127
1771717889.3483996,45,42,127
1771717889.3485982,45,42,127
1771717889.3489523,45,42,127
1771717889.3492885,45,42,127
1771717889.349561,45,42,127
1771717889.3497748,45,42,127
1771717889.3499486,45,42,127
1771717889.3501225,45,42,127
1771717889.350315,45,42,127
1771717889.350526,45,42,127
1771717889.350725,45,42,127
1771717889.350898,45,42,127
1771717889.3510742,45,42,127
1771717889.351253,45,42,127
1771717889.351426,45,42,128
1771717889.3515983,45,42,128
1771717889.3518054,45,42,128
1771717889.3519776,45,42,128
1771717889.35215,45,42,128
1771717889.3523269,45,42,128
1771717889.352499,45,42,128
1771717889.3526943,45,42,128
1771717889.352866,45,42,128
1771717889.3530376,45,42,128
1771717889.3532147,45,42,128
1771717889.353387,45,42,128
1771717889.3535593,45,42,128
1771717889.35375,45,42,128
1771717889.3539486,45,42,128
1771717889.354143,45,42,128
1771717889.3543205,45,42,128
1771717889.3545496,45,42,128
1771717889.3547535,45,42,128
1771717889.3549964,45,42,128
1771717889.3552487,45,42,128
1771717889.3554258,45,42,128
1771717889.3556,45,42,128
1771717889.3587933,45,42,128
1771717889.3589983,45,42,129
1771717889.359195,45,42,129
1771717889.3593876,45,42,129
1771717889.3628001,45,42,129
1771717889.363162,45,42,129
1771717889.363449,45,42,129
1771717889.3637278,45,42,129
1771717889.3667467,45,42,129
1771717889.3669977,45,42,129
1771717889.3672054,45,42,129
1771717889.3673847,45,42,129
1771717889.367615,45,42,129
1771717889.3710027,45,42,129
1771717889.371222,45,42,129
1771717889.3715663,45,42,129
1771717889.3718896,45,42,129
1771717889.3749933,45,42,129
1771717889.375185,45,42,129
1771717889.3753684,45,42,129
1771717889.375569,45,42,129
1771717889.3758273,45,42,129
1771717889.4352267,45,42,129
1771717889.4354293,45,42,130
1771717889.435685,45,42,130
1771717889.4358668,45,42,130
1771717889.4360468,45,42,130
1771717889.4362252,45,42,130
1771717889.4364123,45,42,130
1771717889.4365902,45,42,130
1771717889.4368021,45,42,130
1771717889.436982,45,42,130
1771717889.4371598,45,42,130
1771717889.4373393,45,42,130
1771717889.437522,45,42,130
1771717889.4377291,45,42,130
1771717889.4379077,45,42,130
1771717889.4381642,45,42,130
1771717889.438372,45,42,130
1771717889.4385507,45,42,130
1771717889.438756,45,42,130
1771717889.4389434,45,42,130
1771717889.4391205,45,42,130
1771717889.4392965,45,42,130
1771717889.4395022,45,42,130
1771717889.4398308,45,42,130
1771717889.4400926,45,42,130
1771717889.4403746,45,42,131
1771717889.4405534,45,42,131
1771717889.440764,45,42,131
1771717889.440937,45,42,131
1771717889.4411094,45,42,131
1771717889.441281,45,42,131
1771717889.4414523,45,42,131
1771717889.4416547,45,42,131
1771717889.4418278,45,42,131
1771717889.4420013,45,42,131
1771717889.4421728,45,42,131
1771717889.4423501,45,42,131
1771717889.4425256,45,42,131
1771717889.4427185,45,42,131
1771717889.4428992,45,42,131
1771717889.44307,45,42,131
1771717889.443312,45,42,131
1771717889.4435682,45,42,131
1771717889.44381,45,42,131
1771717889.4439971,45,42,131
1771717889.4441695,45,42,131
1771717889.4443502,45,42,131
1771717889.4445238,45,42,131
1771717889.4447305,45,42,131
1771717889.4449048,45,42,132
1771717889.4450762,45,42,132
1771717889.445249,45,42,132
1771717889.4454226,45,42,132
1771717889.4456184,45,42,132
1771717889.4457905,45,42,132
1771717889.4459653,45,42,132
1771717889.4461372,45,42,132
1771717889.4463134,45,43,224
1771717889.4464893,45,43,117
1771717889.4466825,45,43,117
1771717889.4468534,45,43,117
1771717889.4470265,45,43,117
1771717889.4471972,45,43,117
1771717889.4473681,45,43,117
1771717889.4475403,45,43,117
1771717889.4477363,45,43,117
1771717889.4479084,45,43,117
1771717889.4480796,45,43,117
1771717889.4482505,45,43,117
1771717889.4484296,45,43,117
1771717889.4486208,45,43,117
1771717889.4487958,45,43,117
1771717889.4489665,45,43,117
1771717889.4491377,45,43,117
1771717889.4493089,45,43,117
1771717889.4494808,45,43,117
1771717889.4496732,45,43,117
1771717889.4498484,45,43,117
1771717889.4528105,45,43,117
1771717889.453002,45,43,117
1771717889.4532373,45,43,117
1771717889.4534166,45,43,117
1771717889.4535954,45,43,117
1771717889.4570322,45,43,117
1771717889.4572184,45,43,117
1771717889.4573975,45,43,117
1771717889.4575734,45,43,118
1771717889.4611297,45,43,118
1771717889.461537,45,43,118
1771717889.4618614,45,43,118
1771717889.4620454,45,43,118
1771717889.4651358,45,43,118
1771717889.465544,45,43,118
1771717889.4657228,45,43,118
1771717889.4659,45,43,118
1771717889.4660726,45,43,118
1771717889.469316,45,43,118
1771717889.4696379,45,43,118
1771717889.4700089,45,43,118
1771717889.4703655,45,43,118
1771717889.4732783,45,43,118
1771717889.4735432,45,43,118
1771717889.473751,45,43,118
1771717889.4739447,45,43,118
1771717889.474118,45,43,118
1771717889.5285509,45,43,118
1771717889.5287552,45,43,118
1771717889.5289385,45,43,118
1771717889.5291643,45,43,118
1771717889.5293458,45,43,118
1771717889.5295315,45,43,118
1771717889.529712,45,43,118
1771717889.5298913,45,43,118
1771717889.5300949,45,43,118
1771717889.5302737,45,43,118
1771717889.5304513,45,43,118
1771717889.5306304,45,43,118
1771717889.5308087,45,43,118
1771717889.5310209,45,43,118
1771717889.531203,45,43,118
1771717889.531389,45,43,118
1771717889.5315673,45,43,118
1771717889.5317447,45,43,118
1771717889.5319273,45,43,118
1771717889.5322034,45,43,118
1771717889.532467,45,43,118
1771717889.532673,45,43,118
1771717889.53285,45,43,118
1771717889.5330827,45,43,118
1771717889.533257,45,43,118
1771717889.5334373,45,43,118
1771717889.5336099,45,43,118
1771717889.5337825,45,43,119
1771717889.5339546,45,43,119
1771717889.5341544,45,43,119
1771717889.5343263,45,43,119
1771717889.534498,45,43,119
1771717889.534671,45,43,119
1771717889.534843,45,43,119
1771717889.535037,45,43,119
1771717889.5352087,45,43,119
1771717889.535385,45,43,119
1771717889.5355566,45,43,119
1771717889.535727,45,43,119
1771717889.5359015,45,43,119
1771717889.5360925,45,43,119
1771717889.5362642,45,43,119
1771717889.536444,45,43,119
1771717889.536617,45,43,119
1771717889.536788,45,43,119
1771717889.5369606,45,43,119
1771717889.5371618,45,43,119
1771717889.537333,45,43,119
1771717889.5375798,45,43,119
1771717889.5377545,45,43,119
1771717889.5379264,45,43,119
1771717889.538133,45,43,119
1771717889.538325,45,43,119
1771717889.538529,45,43,119
1771717889.5387015,45,43,119
1771717889.5388737,45,43,119
1771717889.539086,45,43,119
1771717889.5392594,45,43,119
1771717889.5394373,45,43,119
1771717889.5396094,45,43,119
1771717889.5397816,45,43,119
1771717889.5399616,45,43,119
1771717889.540157,45,43,119
1771717889.5403285,45,43,119
1771717889.5405,45,43,119
1771717889.5406737,45,43,119
1771717889.540845,45,43,119
1771717889.541038,45,43,119
1771717889.5412097,45,43,119
1771717889.541386,45,43,119
1771717889.5999491,45,43,119
1771717889.600169,45,43,119
1771717889.6003506,45,43,119
1771717889.6005604,45,43,120
1771717889.60074,45,43,120
1771717889.6009161,45,43,120
1771717889.6010916,45,43,120
1771717889.6012685,45,43,120
1771717889.6016731,45,43,120
1771717889.6020162,45,43,120
1771717889.602381,45,43,120
1771717889.602559,45,43,120
1771717889.602737,45,43,120
1771717889.602912,45,43,120
1771717889.603177,45,43,120
1771717889.603415,45,43,120
1771717889.6035895,45,43,120
1771717889.6037831,45,43,120
1771717889.6039581,45,43,120
1771717889.6041713,45,43,120
1771717889.6043932,45,43,120
1771717889.6045678,45,43,120
1771717889.6047418,45,43,120
1771717889.604915,45,43,120
1771717889.605088,45,43,120
1771717889.6053138,45,43,120
1771717889.605539,45,43,120
1771717889.6057143,45,43,120
1771717889.6058886,45,43,120
1771717889.6060622,45,43,120
1771717889.6062338,45,43,120
1771717889.6064374,45,43,120
1771717889.6066096,45,43,120
1771717889.606782,45,43,120
1771717889.606954,45,43,120
1771717889.6071255,45,43,120
1771717889.607328,45,43,120
1771717889.6074991,45,43,120
1771717889.6076698,45,43,120
1771717889.6078408,45,43,120
1771717889.6080115,45,43,120
1771717889.6081834,45,43,120
1771717889.60838,45,43,120
1771717889.608551,45,43,120
1771717889.608722,45,43,120
1771717889.6088924,45,43,120
1771717889.6090634,45,43,120
1771717889.60926,45,43,120
1771717889.6094322,45,43,120
1771717889.6096032,45,43,120
1771717889.6097746,45,43,121
1771717889.609956,45,43,121
1771717889.6101744,45,43,121
1771717889.6104476,45,43,121
1771717889.6106281,45,43,121
1771717889.6108012,45,43,121
1771717889.610976,45,43,121
1771717889.6111484,45,43,121
1771717889.611362,45,43,121
1771717889.611534,45,43,121
1771717889.6117058,45,43,121
1771717889.6118782,45,43,121
1771717889.6120503,45,43,121
1771717889.612229,45,43,121
1771717889.6124222,45,43,121
1771717889.6125994,45,43,121
1771717889.6127748,45,43,121
1771717889.612946,45,43,121
1771717889.6131177,45,43,121
1771717889.613321,45,43,121
1771717889.613495,45,43,121
1771717889.6136675,45,43,121
1771717889.6138396,45,43,121
1771717889.6140122,45,43,121
1771717889.6141837,45,43,121
1771717889.6143754,45,43,121
1771717889.6145468,45,43,121
1771717889.6147227,45,43,121
1771717889.6166022,45,43,121
1771717889.6167831,45,43,121
1771717889.6169953,45,43,121
1771717889.6171753,45,43,121
1771717889.6173532,45,43,121
1771717889.6210668,45,43,121
1771717889.6215308,45,43,121
1771717889.6217544,45,43,121
1771717889.6219313,45,43,121
1771717889.6249232,45,43,121
1771717889.625497,45,43,121
1771717889.6260848,45,43,121
1771717889.6263459,45,43,121
1771717889.628867,45,43,121
1771717889.6290514,45,43,121
1771717889.6292741,45,43,121
1771717889.6294572,45,43,121
1771717889.6296437,45,43,121
1771717889.6330893,45,43,122
1771717889.6333923,45,43,122
1771717889.63375,45,43,122
1771717889.6340795,45,43,122
1771717889.6371522,45,43,122
1771717889.6374786,45,43,122
1771717889.6377308,45,43,122
1771717889.637921,45,43,122
1771717889.6381462,45,43,122
1771717889.6948206,45,43,122
1771717889.695015,45,43,122
1771717889.6952283,45,43,122
1771717889.69541,45,43,122
1771717889.6955879,45,43,122
1771717889.695762,45,43,122
1771717889.6959362,45,43,122
1771717889.6961157,45,43,122
1771717889.696338,45,43,122
1771717889.696512,45,43,122
1771717889.6966908,45,43,122
1771717889.696864,45,43,122
1771717889.6970375,45,43,122
1771717889.6972334,45,43,122
1771717889.6974058,45,43,122
1771717889.6975784,45,43,122
1771717889.697752,45,43,122
1771717889.697925,45,43,122
1771717889.6980994,45,43,122
1771717889.6982906,45,43,122
1771717889.6984642,45,43,122
1771717889.6986456,45,43,122
1771717889.6988194,45,43,122
1771717889.6989925,45,43,122
1771717889.6991847,45,43,122
1771717889.6993577,45,43,122
1771717889.6995301,45,43,122
1771717889.6997035,45,43,122
1771717889.6998773,45,43,122
1771717889.7000532,45,43,122
1771717889.7002616,45,43,122
1771717889.7004359,45,43,122
1771717889.7006152,45,43,122
1771717889.7007895,45,43,122
1771717889.7009628,45,43,122
1771717889.7011554,45,43,122
1771717889.7013302,45,43,122
1771717889.7015052,45,43,123
1771717889.701678,45,43,123
1771717889.7018502,45,43,123
1771717889.702025,45,43,123
1771717889.70222,45,43,123
1771717889.7023928,45,43,123
1771717889.7025847,45,43,123
1771717889.7027645,45,43,123
1771717889.7032428,45,43,123
1771717889.703514,45,43,123
1771717889.703813,45,43,123
1771717889.7040389,45,43,123
1771717889.7043228,45,43,123
1771717889.7045715,45,43,123
1771717889.7048094,45,43,123
1771717889.7050464,45,43,123
1771717889.705325,45,43,123
1771717889.705502,45,43,123
1771717889.705679,45,43,123
1771717889.7058668,45,43,123
1771717889.706039,45,43,123
1771717889.7062361,45,43,123
1771717889.7064095,45,43,123
1771717889.7065837,45,43,123
1771717889.7067642,45,43,123
1771717889.7069366,45,43,123
1771717889.7071114,45,43,123
1771717889.7073028,45,43,123
1771717889.70748,45,43,123
1771717889.7076516,45,43,123
1771717889.7078435,45,43,123
1771717889.708015,45,43,123
1771717889.7082205,45,43,123
1771717889.708392,45,43,123
1771717889.7085626,45,43,123
1771717889.7087407,45,43,123
1771717889.7089124,45,43,123
1771717889.710946,45,43,123
1771717889.7111716,45,43,123
1771717889.7114484,45,43,123
1771717889.7116554,45,43,123
1771717889.7149146,45,43,123
1771717889.7151043,45,43,123
1771717889.7152865,45,43,123
1771717889.7155056,45,43,123
1771717889.7156863,45,43,123
1771717889.7193313,45,43,123
1771717889.7196722,45,43,124
1771717889.7199793,45,43,124
1771717889.720156,45,43,124
1771717889.7232347,45,43,124
1771717889.7234266,45,43,124
1771717889.7236278,45,43,124
1771717889.7238128,45,43,124
1771717889.727219,45,43,124
1771717889.7274137,45,43,124
1771717889.7276082,45,43,124
1771717889.7277894,45,43,124
1771717889.7280176,45,43,124
1771717889.731387,45,43,124
1771717889.7316964,45,43,124
1771717889.7318892,45,43,124
1771717889.732106,45,43,124
1771717889.7354624,45,43,124
1771717889.7356515,45,43,124
1771717889.7358277,45,43,124
1771717889.7360022,45,43,124
1771717889.736177,45,43,124
1771717889.7920008,45,43,124
1771717889.7923055,45,43,124
1771717889.7924893,45,43,124
1771717889.7926686,45,43,124
1771717889.792845,45,43,124
1771717889.7930226,45,43,124
1771717889.7932532,45,43,124
1771717889.7934299,45,43,124
1771717889.7936115,45,43,124
1771717889.7937882,45,43,124
1771717889.7939653,45,43,124
1771717889.7941685,45,43,124
1771717889.7943447,45,43,124
1771717889.7945204,45,43,124
1771717889.7946968,45,43,124
1771717889.7948737,45,43,124
1771717889.79505,45,43,124
1771717889.795257,45,43,124
1771717889.795434,45,43,124
1771717889.7956138,45,43,124
1771717889.7957947,45,43,124
1771717889.7959661,45,43,124
1771717889.796168,45,43,124
1771717889.7963388,45,43,124
1771717889.7965102,45,43,124
1771717889.7966816,45,43,125
1771717889.796854,45,43,125
1771717889.7970269,45,43,125
1771717889.797221,45,43,125
1771717889.7973926,45,43,125
1771717889.7975688,45,43,125
1771717889.7978227,45,43,125
1771717889.7981155,45,43,125
1771717889.7983325,45,43,125
1771717889.7985067,45,43,125
1771717889.7986813,45,43,125
1771717889.7988546,45,43,125
1771717889.7990282,45,43,125
1771717889.7992353,45,43,125
1771717889.7994072,45,43,125
1771717889.7995884,45,43,125
1771717889.79976,45,43,125
1771717889.799933,45,43,125
1771717889.8001049,45,43,125
1771717889.8003125,45,43,125
1771717889.8004847,45,43,125
1771717889.8006563,45,43,125
1771717889.8008285,45,43,125
1771717889.8010013,45,43,125
1771717889.8011947,45,43,125
1771717889.8013673,45,43,125
1771717889.8015385,45,43,125
1771717889.8017147,45,43,125
1771717889.8018868,45,43,125
1771717889.802061,45,43,125
1771717889.8022552,45,43,125
1771717889.8024263,45,43,125
1771717889.8025982,45,43,125
1771717889.8027685,45,43,125
1771717889.8029404,45,43,125
1771717889.8031118,45,43,125
1771717889.8033056,45,43,125
1771717889.8034773,45,43,125
1771717889.8036585,45,43,125
1771717889.803831,45,43,125
1771717889.804071,45,43,125
1771717889.804369,45,43,125
1771717889.804606,45,43,125
1771717889.8048687,45,43,125
1771717889.805079,45,45,231
1771717889.8052855,45,45,110
1771717889.8054674,45,45,110
1771717889.8056407,45,45,110
1771717889.8058133,45,45,110
1771717889.8092556,45,45,110
1771717889.8096235,45,45,110
1771717889.8099442,45,45,110
1771717889.8101325,45,45,110
1771717889.8132942,45,45,110
1771717889.8136284,45,45,110
1771717889.813843,45,45,110
1771717889.81408,45,45,110
1771717889.8142579,45,45,110
1771717889.8176692,45,45,110
1771717889.8180094,45,45,110
1771717889.8183105,45,45,110
1771717889.8184834,45,45,110
1771717889.8216157,45,45,110
1771717889.8217998,45,45,110
1771717889.821974,45,45,110
1771717889.8221517,45,45,110
1771717889.8256087,45,45,110
1771717889.825841,45,45,110
1771717889.826033,45,45,110
1771717889.8262188,45,45,110
1771717889.826402,45,45,110
1771717889.83032,45,45,110
1771717889.8309066,45,45,110
1771717889.831091,45,45,110
1771717889.8312862,45,45,110
1771717889.8337193,45,45,110
1771717889.833956,45,45,110
1771717889.834172,45,45,110
1771717889.834433,45,45,110
1771717889.8346982,45,45,110
1771717889.8973513,45,45,110
1771717889.8976655,45,45,110
1771717889.8979928,45,45,110
1771717889.8982074,45,45,110
1771717889.8983948,45,45,110
1771717889.898584,45,45,110
1771717889.8989642,45,45,110
1771717889.8992467,45,45,110
1771717889.8994374,45,45,110
1771717889.8996186,45,45,110
1771717889.8998015,45,45,110
1771717889.8999834,45,45,110
1771717889.9002063,45,45,110
1771717889.9003894,45,45,110
1771717889.9005766,45,45,110
1771717889.9007602,45,45,110
1771717889.9009435,45,45,110
1771717889.901128,45,45,110
1771717889.9013557,45,45,110
1771717889.9015415,45,45,110
1771717889.901723,45,45,110
1771717889.9019053,45,45,110
1771717889.9020865,45,45,110
1771717889.902291,45,45,110
1771717889.902475,45,45,110
1771717889.9026577,45,45,110
1771717889.9028382,45,45,110
1771717889.9030182,45,45,110
1771717889.9032416,45,45,110
1771717889.9035785,45,45,110
1771717889.9037666,45,45,110
1771717889.90399,45,45,110
1771717889.9042425,45,45,110
1771717889.9044347,45,45,110
1771717889.9046202,45,45,110
1771717889.9048,45,45,110
1771717889.9050798,45,45,110
1771717889.905356,45,45,110
1771717889.9055395,45,45,110
1771717889.9057152,45,45,110
1771717889.9058902,45,45,110
1771717889.906108,45,45,110
1771717889.9063158,45,45,110
1771717889.906896,45,45,110
1771717889.9071295,45,45,110
1771717889.9073622,45,45,110
1771717889.9075453,45,45,110
1771717889.9077747,45,45,110
1771717889.907954,45,45,110
1771717889.9081323,45,45,110
1771717889.9083214,45,45,110
1771717889.908499,45,45,110
1771717889.9087024,45,45,110
1771717889.9088826,45,45,110
1771717889.9090633,45,45,110
1771717889.9092438,45,45,110
1771717889.9094224,45,45,110
1771717889.9096024,45,45,110
1771717889.9098017,45,45,110
1771717889.9099782,45,45,110
1771717889.9101536,45,45,110
1771717889.910336,45,45,110
1771717889.9105136,45,45,110
1771717889.91071,45,45,110
1771717889.9108882,45,45,110
1771717889.9110708,45,45,110
1771717889.911248,45,45,110
1771717889.9114249,45,45,110
1771717889.9116046,45,45,110
1771717889.9118068,45,45,110
1771717889.9119837,45,45,110
1771717889.912161,45,45,110
1771717889.9123447,45,45,110
1771717889.912521,45,45,110
1771717889.9127207,45,45,110
1771717889.9128962,45,45,110
1771717889.9130716,45,45,110
1771717889.9132514,45,45,110
1771717889.913427,45,45,110
1771717889.913607,45,45,110
1771717889.9138012,45,45,110
1771717889.913977,45,45,110
1771717889.9141524,45,45,110
1771717889.9158278,45,45,110
1771717889.916021,45,45,110
1771717889.916204,45,45,110
1771717889.9163837,45,45,110
1771717889.9200196,45,45,110
1771717889.9203365,45,45,110
1771717889.9205165,45,45,110
1771717889.9207962,45,45,110
1771717889.923807,45,45,110
1771717889.9240122,45,45,110
1771717889.9242125,45,45,110
1771717889.9244387,45,45,110
1771717889.9246347,45,45,110
1771717889.9279652,45,45,110
1771717889.928159,45,45,110
1771717889.9283843,45,45,110
1771717889.9285781,45,45,110
1771717889.932059,45,45,110
1771717889.9323921,45,45,110
1771717889.9329054,45,45,110
1771717889.9332373,45,45,110
1771717889.9335344,45,45,110
1771717889.9887004,45,45,110
1771717889.9889734,45,45,110
1771717889.989158,45,45,110
1771717889.989343,45,45,110
1771717889.9895604,45,45,110
1771717889.989739,45,45,110
1771717889.9899175,45,45,110
1771717889.9901047,45,45,110
1771717889.9902887,45,45,110
1771717889.9904923,45,45,110
1771717889.990671,45,45,110
1771717889.9908464,45,45,110
1771717889.991023,45,45,110
1771717889.9912786,45,45,110
1771717889.991473,45,45,110
1771717889.9916446,45,45,110
1771717889.9918168,45,45,110
1771717889.9919908,45,45,110
1771717889.9921682,45,45,110
1771717889.9923508,45,45,110
1771717889.9925723,45,45,110
1771717889.9928722,45,45,110
1771717889.9930444,45,45,110
1771717889.9932191,45,45,110
1771717889.9934278,45,45,110
1771717889.993601,45,45,110
1771717889.993774,45,45,110
1771717889.9939468,45,45,110
1771717889.9941196,45,45,110
1771717889.9942997,45,45,110
1771717889.9944973,45,45,110
1771717889.99467,45,45,110
1771717889.9948428,45,45,110
1771717889.9950185,45,45,110
1771717889.995191,45,45,110
1771717889.9953878,45,45,110
1771717889.9955635,45,45,110
1771717889.995737,45,45,110
1771717889.995911,45,45,110
1771717889.996083,45,45,110
1771717889.9962623,45,45,110
1771717889.996461,45,45,110
1771717889.9966335,45,45,110
1771717889.9968076,45,45,110
1771717889.9969811,45,45,110
1771717889.9971552,45,45,110
1771717889.997329,45,45,110
1771717889.9975212,45,45,110
1771717889.997696,45,45,110
1771717889.99787,45,45,110
1771717889.9980423,45,45,110
1771717889.9982219,45,45,110
1771717889.9984164,45,45,110
1771717889.998592,45,45,110
1771717889.9987652,45,45,110
1771717889.9989388,45,45,110
1771717889.9991112,45,45,110
1771717889.9992855,45,45,110
1771717889.9994812,45,45,110
1771717889.999655,45,45,110
1771717889.9998274,45,45,110
1771717890.000001,45,45,110
1771717890.0001743,45,45,110
1771717890.0003548,45,45,110
1771717890.0005484,45,45,110
1771717890.0008235,45,45,110
1771717890.0011432,45,45,110
1771717890.0014567,45,45,110
1771717890.0016587,45,45,110
1771717890.00184,45,45,110
1771717890.0020165,45,45,110
1771717890.002195,45,45,110
1771717890.00242,45,45,110
1771717890.0026531,45,45,110
1771717890.0059056,45,45,110
1771717890.0063882,45,45,110
1771717890.0066686,45,45,110
1771717890.0069766,45,45,110
1771717890.0099173,45,45,110
1771717890.0102296,45,45,110
1771717890.0105093,45,45,110
1771717890.0108464,45,45,110
1771717890.0111425,45,45,110
1771717890.014082,45,45,110
1771717890.0143409,45,45,110
1771717890.0145295,45,45,110
1771717890.0147138,45,45,110
1771717890.0180795,45,45,110
1771717890.0182695,45,45,110
1771717890.0184495,45,45,110
1771717890.01863,45,45,110
1771717890.0220728,45,45,110
1771717890.0222673,45,45,110
1771717890.022452,45,45,110
1771717890.0226269,45,45,110
1771717890.0229113,45,45,110
1771717890.0263727,45,45,110
1771717890.0266964,45,45,110
1771717890.0270195,45,45,110
1771717890.027238,45,45,110
1771717890.0304596,45,45,110
1771717890.0307403,45,45,110
1771717890.0309157,45,45,110
1771717890.0310955,45,45,110
1771717890.0312698,45,45,110
1771717890.0876455,45,45,110
1771717890.087842,45,45,110
1771717890.0880206,45,45,110
1771717890.0882866,45,45,110
1771717890.0885046,45,45,110
1771717890.0886836,45,45,110
1771717890.0888608,45,45,110
1771717890.0890381,45,45,110
1771717890.0892508,45,45,110
1771717890.0894306,45,45,110
1771717890.0896087,45,45,110
1771717890.089786,45,45,110
1771717890.0899632,45,45,110
1771717890.0901883,45,45,110
1771717890.0903652,45,45,110
1771717890.0905418,45,45,110
1771717890.0907269,45,45,110
1771717890.090871,45,45,0
1771717890.0910144,45,45,0
1771717890.0911863,45,45,0
1771717890.0913315,45,45,0
1771717890.0914752,45,45,0
1771717890.0916188,45,45,0
1771717890.0917633,45,45,0
1771717890.0919073,45,45,0
1771717890.0920563,45,45,0
1771717890.0922492,45,45,0
1771717890.0923922,45,45,0
1771717890.0925353,45,45,0
1771717890.0927076,45,43,255
1771717890.0928671,45,43,15
1771717890.0930257,45,43,15
1771717890.09337,45,43,15
1771717890.093619,45,43,15
1771717890.093795,45,43,15
1771717890.0939617,45,43,15
1771717890.0941727,45,43,15
1771717890.094336,45,43,15
1771717890.0945,45,43,15
1771717890.094662,45,43,15
1771717890.0948286,45,43,15
1771717890.0949905,45,43,15
1771717890.0951855,45,43,15
1771717890.0953467,45,43,15
1771717890.0955076,45,43,15
1771717890.0956693,45,43,15
1771717890.095833,45,43,15
1771717890.095996,45,43,15
1771717890.0961878,45,43,15
1771717890.0963523,45,43,15
1771717890.0965133,45,43,15
1771717890.0966742,45,43,15
1771717890.0968366,45,43,15
1771717890.096999,45,43,15
1771717890.0971892,45,43,15
1771717890.0973523,45,43,15
1771717890.0975149,45,43,15
1771717890.0976758,45,43,15
1771717890.097837,45,43,15
1771717890.0979984,45,43,15
1771717890.098182,45,43,15
1771717890.0983448,45,43,15
1771717890.0985057,45,43,15
1771717890.0986664,45,43,15
1771717890.0988312,45,43,15
1771717890.0989943,45,43,15
1771717890.0991888,45,43,15
1771717890.0993505,45,43,15
1771717890.0995123,45,43,15
1771717890.0996737,45,43,15
1771717890.0998354,45,43,15
1771717890.0999973,45,43,15
1771717890.100184,45,43,15
1771717890.1003466,45,43,15
1771717890.1005077,45,43,15
1771717890.100669,45,43,15
1771717890.1008308,45,43,15
1771717890.1009955,45,43,15
1771717890.101179,45,43,15
1771717890.1013405,45,43,16
1771717890.1015186,45,43,16
1771717890.1041865,45,43,16
1771717890.1043909,45,43,16
1771717890.104704,45,43,16
1771717890.1049163,45,43,16
1771717890.1051018,45,43,16
1771717890.1630144,45,43,16
1771717890.1632466,45,43,16
1771717890.1634145,45,43,16
1771717890.163634,45,43,16
1771717890.163797,45,43,16
1771717890.1639783,45,43,16
1771717890.164143,45,43,16
1771717890.1643064,45,43,16
1771717890.1644678,45,43,16
1771717890.164666,45,43,16
1771717890.1648278,45,43,16
1771717890.1649935,45,43,16
1771717890.165156,45,43,16
1771717890.1653159,45,43,16
1771717890.1655312,45,42,255
1771717890.1656954,45,42,31
1771717890.1658533,45,42,31
1771717890.1660156,45,42,31
1771717890.1661773,45,42,31
1771717890.1663356,45,42,31
1771717890.1664941,45,42,31
1771717890.166673,45,42,31
1771717890.1668308,45,42,31
1771717890.166995,45,42,31
1771717890.1671526,45,42,31
1771717890.167312,45,42,31
1771717890.167468,45,42,31
1771717890.1676512,45,42,31
1771717890.167808,45,42,32
1771717890.167969,45,42,32
1771717890.168127,45,42,32
1771717890.168284,45,42,32
1771717890.1684432,45,42,32
1771717890.1686203,45,42,32
1771717890.1687772,45,42,32
1771717890.168938,45,42,32
1771717890.1690948,45,42,32
1771717890.1692517,45,42,32
1771717890.1694098,45,42,32
1771717890.1695852,45,42,32
1771717890.1697426,45,42,32
1771717890.170003,45,42,32
1771717890.170441,45,42,32
1771717890.1708193,45,42,32
1771717890.1711078,45,42,32
1771717890.1714132,45,42,32
1771717890.1717203,45,42,32
1771717890.1719966,45,42,32
1771717890.1722527,45,42,32
1771717890.172438,45,42,32
1771717890.1726542,45,42,32
1771717890.172937,45,42,32
1771717890.1732368,45,42,32
1771717890.173402,45,42,32
1771717890.173592,45,42,33
1771717890.1737854,45,42,33
1771717890.1740305,45,42,33
1771717890.1742818,45,42,33
1771717890.1744547,45,42,33
1771717890.1746614,45,42,33
1771717890.1748247,45,42,33
1771717890.175019,45,42,33
1771717890.1751814,45,42,33
1771717890.175345,45,42,33
1771717890.1755376,45,42,33
1771717890.1757085,45,42,33
1771717890.1758742,45,42,33
1771717890.1760685,45,42,33
1771717890.1762311,45,42,33
1771717890.1763945,45,42,33
1771717890.176578,45,42,33
1771717890.1767406,45,42,33
1771717890.1769238,45,42,33
1771717890.1770864,45,42,33
1771717890.1772504,45,42,33
1771717890.1774154,45,42,33
1771717890.1775978,45,42,33
1771717890.1777716,45,42,33
1771717890.177955,45,42,33
1771717890.1781218,45,42,33
1771717890.1782875,45,42,34
1771717890.1784558,45,42,34
1771717890.1786528,45,42,34
1771717890.1788163,45,42,34
1771717890.1790006,45,42,34
1771717890.1791646,45,42,34
1771717890.1818652,45,42,34
1771717890.1820555,45,42,34
1771717890.1823092,45,40,255
1771717890.1825078,45,40,49
1771717890.1827064,45,40,49
1771717890.1860855,45,40,49
1771717890.186681,45,40,49
1771717890.1869712,45,40,49
1771717890.1872065,45,40,49
1771717890.1874304,45,40,49
1771717890.2530694,45,40,49
1771717890.253262,45,40,49
1771717890.2534332,45,40,49
1771717890.253642,45,40,50
1771717890.253809,45,40,50
1771717890.2539723,45,40,50
1771717890.2541568,45,40,50
1771717890.2543178,45,40,50
1771717890.2545068,45,40,50
1771717890.2546694,45,40,50
1771717890.2548363,45,40,50
1771717890.2550507,45,40,50
1771717890.2552166,45,40,50
1771717890.2553797,45,40,50
1771717890.2555816,45,40,50
1771717890.2557516,45,40,50
1771717890.255913,45,40,50
1771717890.2560737,45,40,50
1771717890.2562356,45,40,50
1771717890.2563953,45,40,50
1771717890.2565868,45,40,50
1771717890.2567456,45,40,51
1771717890.256902,45,40,51
1771717890.25706,45,40,51
1771717890.2572181,45,40,51
1771717890.2573776,45,40,51
1771717890.2575629,45,40,51
1771717890.257726,45,40,51
1771717890.2578828,45,40,51
1771717890.2580404,45,40,51
1771717890.2581973,45,40,51
1771717890.2583542,45,40,51
1771717890.258534,45,40,51
1771717890.2586908,45,40,51
1771717890.2588477,45,40,51
1771717890.2590058,45,40,51
1771717890.2591627,45,40,51
1771717890.25932,45,40,52
1771717890.2595077,45,40,52
1771717890.2596705,45,40,52
1771717890.259829,45,40,52
1771717890.2599862,45,40,52
1771717890.2601426,45,40,52
1771717890.2603006,45,40,52
1771717890.2604823,45,40,52
1771717890.2606409,45,40,52
1771717890.2607977,45,40,52
1771717890.2609549,45,40,52
1771717890.2611122,45,40,52
1771717890.2612712,45,40,52
1771717890.2614276,45,40,52
1771717890.2616045,45,40,52
1771717890.261767,45,40,52
1771717890.2619252,45,40,52
1771717890.2620826,45,40,52
1771717890.2622392,45,40,53
1771717890.2623968,45,40,53
1771717890.262575,45,40,53
1771717890.2627318,45,40,53
1771717890.2628894,45,40,53
1771717890.2630458,45,40,53
1771717890.2632952,45,40,53
1771717890.2634776,45,40,53
1771717890.2636347,45,40,53
1771717890.2637975,45,40,53
1771717890.263957,45,40,53
1771717890.2641141,45,40,53
1771717890.2643187,45,40,53
1771717890.2645998,45,40,53
1771717890.2648995,45,40,53
1771717890.2651696,45,40,53
1771717890.2653642,45,40,54
1771717890.2655694,45,40,54
1771717890.2657409,45,40,54
1771717890.2659009,45,40,54
1771717890.26606,45,40,54
1771717890.2662187,45,40,54
1771717890.2663822,45,40,54
1771717890.2665713,45,40,54
1771717890.2667313,45,40,54
1771717890.2668898,45,40,54
1771717890.2670498,45,40,54
1771717890.2672079,45,40,54
1771717890.2673655,45,40,54
1771717890.267548,45,40,54
1771717890.2677116,45,40,54
1771717890.267875,45,40,54
1771717890.2680345,45,40,54
1771717890.2681923,45,40,55
1771717890.2683496,45,40,55
1771717890.2685273,45,40,55
1771717890.2686887,45,40,55
1771717890.2688468,45,40,55
1771717890.2690053,45,40,55
1771717890.2691627,45,40,55
1771717890.2693207,45,40,55
1771717890.2720425,45,40,55
1771717890.2722366,45,40,55
1771717890.2724252,45,40,55
1771717890.2726142,45,40,55
1771717890.272804,45,40,55
1771717890.2762308,45,40,55
1771717890.2764335,45,40,55
1771717890.2766283,45,40,55
1771717890.2767918,45,40,55
1771717890.2802656,45,40,56
1771717890.2805126,45,40,56
1771717890.2806756,45,40,56
1771717890.2808387,45,40,56
1771717890.2810004,45,40,56
1771717890.2845092,45,40,56
1771717890.2848318,45,40,56
1771717890.2851207,45,40,56
1771717890.2852824,45,40,56
1771717890.2854455,45,40,56
1771717890.2884114,45,40,56
1771717890.2885847,45,40,56
1771717890.2887473,45,40,56
1771717890.288953,45,40,56
1771717890.289115,45,40,56
1771717890.292835,45,40,56
1771717890.2931514,45,40,56
1771717890.2934551,45,40,57
1771717890.2937381,45,40,57
1771717890.2938976,45,40,57
1771717890.2967815,45,40,57
1771717890.297066,45,40,57
1771717890.297284,45,40,57
1771717890.2974932,45,40,57
1771717890.297713,45,40,57
1771717890.3555298,45,40,57
1771717890.3557134,45,40,57
1771717890.355891,45,40,57
1771717890.3561049,45,40,57
1771717890.3562696,45,40,57
1771717890.3564327,45,40,57
1771717890.3566182,45,40,57
1771717890.3568525,45,40,57
1771717890.3571782,45,40,57
1771717890.357357,45,40,58
1771717890.3575244,45,40,58
1771717890.357692,45,40,58
1771717890.357869,45,40,58
1771717890.3580632,45,40,58
1771717890.3582313,45,40,58
1771717890.3584023,45,40,58
1771717890.3585775,45,40,58
1771717890.3587399,45,40,58
1771717890.3589423,45,40,58
1771717890.359105,45,40,58
1771717890.3592675,45,40,58
1771717890.3594313,45,40,58
1771717890.359591,45,40,58
1771717890.3597522,45,40,58
1771717890.3599465,45,40,58
1771717890.3601084,45,40,58
1771717890.360268,45,40,59
1771717890.3604276,45,40,59
1771717890.3605876,45,40,59
1771717890.3607478,45,40,59
1771717890.3609319,45,40,59
1771717890.361093,45,40,59
1771717890.361254,45,40,59
1771717890.361417,45,40,59
1771717890.3615775,45,40,59
1771717890.3617384,45,40,59
1771717890.3619287,45,40,59
1771717890.3620894,45,40,59
1771717890.36225,45,40,59
1771717890.36241,45,40,59
1771717890.3625705,45,40,59
1771717890.362734,45,40,59
1771717890.3628938,45,40,60
1771717890.363073,45,40,60
1771717890.3632338,45,40,60
1771717890.363395,45,40,60
1771717890.3635561,45,40,60
1771717890.3637161,45,40,60
1771717890.3638809,45,40,60
1771717890.3640623,45,40,60
1771717890.3642237,45,40,60
1771717890.3643847,45,40,60
1771717890.3645463,45,40,60
1771717890.3647068,45,40,60
1771717890.3648672,45,40,60
1771717890.36505,45,40,60
1771717890.3652112,45,40,60
1771717890.3653717,45,40,60
1771717890.3655314,45,40,60
1771717890.3656917,45,40,60
1771717890.3658571,45,40,61
1771717890.3660367,45,40,61
1771717890.366199,45,40,61
1771717890.3663597,45,40,61
1771717890.3665204,45,40,61
1771717890.3666873,45,40,61
1771717890.3668482,45,40,61
1771717890.3670268,45,40,61
1771717890.367189,45,40,61
1771717890.367349,45,40,61
1771717890.3675094,45,40,61
1771717890.3676693,45,40,61
1771717890.3678288,45,40,61
1771717890.368015,45,40,61
1771717890.3681746,45,40,61
1771717890.3683357,45,40,61
1771717890.368496,45,40,62
1771717890.3686593,45,40,62
1771717890.3688195,45,40,62
1771717890.369001,45,40,62
1771717890.369247,45,40,62
1771717890.3702533,45,40,62
1771717890.3705268,45,40,62
1771717890.3708239,45,40,62
1771717890.371045,45,40,62
1771717890.3712647,45,40,62
1771717890.374384,45,40,62
1771717890.3745608,45,40,62
1771717890.374727,45,40,62
1771717890.3748903,45,40,62
1771717890.37506,45,40,62
1771717890.378527,45,40,62
1771717890.378737,45,40,62
1771717890.3790474,45,40,62
1771717890.3793411,45,40,63
1771717890.3796344,45,40,63
1771717890.3828623,45,40,63
1771717890.3831825,45,40,63
1771717890.3835254,45,40,63
1771717890.3836846,45,40,63
1771717890.383842,45,40,63
1771717890.44529,45,40,63
1771717890.44548,45,40,63
1771717890.4456506,45,40,63
1771717890.4458206,45,40,63
1771717890.4459867,45,40,63
1771717890.4461966,45,40,63
1771717890.446362,45,40,63
1771717890.4465258,45,40,63
1771717890.4466903,45,40,63
1771717890.4468536,45,40,63
1771717890.4470181,45,40,64
1771717890.4472106,45,40,64
1771717890.447419,45,40,64
1771717890.4476247,45,40,64
1771717890.447787,45,40,64
1771717890.4479566,45,40,64
1771717890.4482238,45,40,64
1771717890.44843,45,40,64
1771717890.4485922,45,40,64
1771717890.4487681,45,40,64
1771717890.4490275,45,40,64
1771717890.4492824,45,40,64
1771717890.4495292,45,40,64
1771717890.449754,45,40,64
1771717890.4499195,45,40,64
1771717890.4500911,45,40,64
1771717890.4502828,45,40,64
1771717890.4504757,45,40,65
1771717890.450682,45,40,65
1771717890.450895,45,40,65
1771717890.4511528,45,40,65
1771717890.451364,45,40,65
1771717890.4515748,45,40,65
1771717890.4517946,45,40,65
1771717890.4520102,45,40,65
1771717890.4522824,45,40,65
1771717890.4524453,45,40,65
1771717890.452605,45,40,65
1771717890.4527652,45,40,65
1771717890.452924,45,40,65
1771717890.4530818,45,40,65
1771717890.453269,45,40,65
1771717890.453428,45,40,65
1771717890.4535878,45,40,65
1771717890.4537473,45,40,66
1771717890.453954,45,40,66
1771717890.4542122,45,40,66
1771717890.4543722,45,40,66
1771717890.454531,45,40,66
1771717890.4547632,45,40,66
1771717890.4549458,45,40,66
1771717890.4551342,45,40,66
1771717890.4553478,45,40,66
1771717890.4555182,45,40,66
1771717890.4557178,45,40,66
1771717890.4558983,45,40,66
1771717890.4562407,45,40,66
1771717890.4564934,45,40,66
1771717890.456657,45,40,66
1771717890.45682,45,40,66
1771717890.4569783,45,40,67
1771717890.4571767,45,40,67
1771717890.4573355,45,40,67
1771717890.4574955,45,40,67
1771717890.457654,45,40,67
1771717890.4578173,45,40,67
1771717890.4579754,45,40,67
1771717890.458164,45,40,67
1771717890.4583218,45,40,67
1771717890.4584801,45,40,67
1771717890.4586372,45,40,67
1771717890.458797,45,40,67
1771717890.4589572,45,40,67
1771717890.4591405,45,40,67
1771717890.4592998,45,40,67
1771717890.4594576,45,40,67
1771717890.4596155,45,40,67
1771717890.4597788,45,40,67
1771717890.4599369,45,40,68
1771717890.4601214,45,40,68
1771717890.4603128,45,40,68
1771717890.4604945,45,40,68
1771717890.4606526,45,40,68
1771717890.4608116,45,40,68
1771717890.4609685,45,40,68
1771717890.4611511,45,40,68
1771717890.4613159,45,40,68
1771717890.4615161,45,40,68
1771717890.4616787,45,40,68
1771717890.4618738,45,40,68
1771717890.4620843,45,40,68
1771717890.4645824,45,40,68
1771717890.4648023,45,40,68
1771717890.4650054,45,40,68
1771717890.4651961,45,40,69
1771717890.465409,45,40,69
1771717890.4686177,45,40,69
1771717890.46885,45,40,69
1771717890.469014,45,40,69
1771717890.4691744,45,40,69
1771717890.4693367,45,40,69
1771717890.4727943,45,40,69
1771717890.472968,45,40,69
1771717890.4731333,45,40,69
1771717890.4732947,45,40,69
1771717890.4766848,45,40,69
1771717890.477055,45,40,69
1771717890.477371,45,40,69
1771717890.4777064,45,40,69
1771717890.4782815,45,40,69
1771717890.4808443,45,40,69
1771717890.4810789,45,40,69
1771717890.4813068,45,40,70
1771717890.481518,45,40,70
1771717890.4816878,45,40,70
1771717890.4851124,45,40,70
1771717890.4853318,45,40,70
1771717890.4855516,45,40,70
1771717890.485712,45,40,70
1771717890.4858713,45,40,70
1771717890.4890614,45,40,70
1771717890.4893327,45,40,70
1771717890.4896188,45,40,70
1771717890.489952,45,40,70
1771717890.4902384,45,40,70
1771717890.4932184,45,40,70
1771717890.4933882,45,40,70
1771717890.493584,45,40,70
1771717890.4937418,45,40,71
1771717890.4971848,45,40,71
1771717890.497524,45,40,71
1771717890.4978747,45,40,71
1771717890.498101,45,40,71
1771717890.4982631,45,40,71
1771717890.501303,45,40,71
1771717890.5015144,45,40,71
1771717890.5016763,45,40,71
1771717890.5018358,45,40,71
1771717890.5019932,45,40,71
1771717890.505569,45,40,71
1771717890.505906,45,40,71
1771717890.5060685,45,40,71
1771717890.5062282,45,40,71
1771717890.5063865,45,40,71
1771717890.5097265,45,40,71
1771717890.5100427,45,40,71
1771717890.5104246,45,40,72
1771717890.510716,45,40,72
1771717890.510879,45,40,72
1771717890.513786,45,40,72
1771717890.5140798,45,40,72
1771717890.5143557,45,40,72
1771717890.5145693,45,40,72
1771717890.5147364,45,40,72
1771717890.5689893,45,40,72
1771717890.569177,45,40,72
1771717890.5693436,45,40,72
1771717890.5695474,45,40,72
1771717890.5697157,45,40,72
1771717890.5698805,45,40,72
1771717890.5700433,45,40,72
1771717890.5702062,45,40,72
1771717890.5704007,45,40,73
1771717890.5705652,45,40,73
1771717890.5707283,45,40,73
1771717890.5708978,45,40,73
1771717890.5710618,45,40,73
1771717890.5712237,45,40,73
1771717890.5714297,45,40,73
1771717890.571614,45,40,73
1771717890.5718243,45,40,73
1771717890.572041,45,40,73
1771717890.5723298,45,40,73
1771717890.5725048,45,40,73
1771717890.5726676,45,40,73
1771717890.5728738,45,40,73
1771717890.5730348,45,40,73
1771717890.5731955,45,40,73
1771717890.573371,45,40,73
1771717890.5735326,45,40,74
1771717890.5736954,45,40,74
1771717890.5738852,45,40,74
1771717890.5741568,45,40,74
1771717890.5743356,45,40,74
1771717890.5745525,45,40,74
1771717890.574716,45,40,74
1771717890.5749788,45,40,74
1771717890.5752783,45,40,74
1771717890.5754662,45,40,74
1771717890.575707,45,40,74
1771717890.5758708,45,40,74
1771717890.5760338,45,40,74
1771717890.5761964,45,40,74
1771717890.5763578,45,40,74
1771717890.5765483,45,40,74
1771717890.5767124,45,40,74
1771717890.5768757,45,40,74
1771717890.5770385,45,40,75
1771717890.5771997,45,40,75
1771717890.5773644,45,40,75
1771717890.5775506,45,40,75
1771717890.577718,45,40,75
1771717890.5778778,45,40,75
1771717890.5780373,45,40,75
1771717890.5782027,45,40,75
1771717890.5783596,45,40,75
1771717890.5785372,45,40,75
1771717890.5786946,45,40,75
1771717890.5788517,45,40,75
1771717890.5790095,45,40,75
1771717890.5791671,45,40,75
1771717890.5793262,45,40,75
1771717890.5794826,45,40,75
1771717890.5796618,45,40,76
1771717890.5798242,45,40,76
1771717890.579982,45,40,76
1771717890.5801413,45,40,76
1771717890.5802982,45,40,76
1771717890.580455,45,40,76
1771717890.5806358,45,40,76
1771717890.5807934,45,40,76
1771717890.580951,45,40,76
1771717890.5811088,45,40,76
1771717890.5812669,45,40,76
1771717890.5814247,45,40,76
1771717890.581607,45,40,76
1771717890.58177,45,40,76
1771717890.5819275,45,40,76
1771717890.5820847,45,40,76
1771717890.582241,45,40,76
1771717890.582398,45,40,76
1771717890.633874,45,40,77
1771717890.634056,45,40,77
1771717890.6342664,45,40,77
1771717890.6344645,45,40,77
1771717890.634624,45,40,77
1771717890.6347852,45,40,77
1771717890.6349444,45,40,77
1771717890.6351037,45,40,77
1771717890.6352925,45,40,77
1771717890.6354525,45,40,77
1771717890.6356134,45,40,77
1771717890.635772,45,40,77
1771717890.6359313,45,40,77
1771717890.6360965,45,40,77
1771717890.6362784,45,40,77
1771717890.6364384,45,40,77
1771717890.6365988,45,40,78
1771717890.6367948,45,40,78
1771717890.6370614,45,40,78
1771717890.6373873,45,40,78
1771717890.6376398,45,40,78
1771717890.6378703,45,40,78
1771717890.638064,45,40,78
1771717890.6383295,45,40,78
1771717890.6384912,45,40,78
1771717890.6386511,45,40,78
1771717890.6388094,45,40,78
1771717890.638975,45,40,78
1771717890.639132,45,40,78
1771717890.6393225,45,40,78
1771717890.6394806,45,40,78
1771717890.6396382,45,40,78
1771717890.639796,45,40,78
1771717890.6399543,45,40,78
1771717890.640119,45,40,79
1771717890.640304,45,40,79
1771717890.6404629,45,40,79
1771717890.6406233,45,40,79
1771717890.6407804,45,40,79
1771717890.6409376,45,40,79
1771717890.6410944,45,40,79
1771717890.6412735,45,40,79
1771717890.6414309,45,40,79
1771717890.6415875,45,40,79
1771717890.6417446,45,40,79
1771717890.641902,45,40,79
1771717890.642058,45,40,79
1771717890.642242,45,40,79
1771717890.6424,45,40,79
1771717890.6425571,45,40,79
1771717890.642714,45,40,80
1771717890.642875,45,40,80
1771717890.6430326,45,40,80
1771717890.6431894,45,40,80
1771717890.6433704,45,40,80
1771717890.64353,45,40,80
1771717890.6436863,45,40,80
1771717890.643844,45,40,80
1771717890.6440003,45,40,80
1771717890.644163,45,40,80
1771717890.644345,45,40,80
1771717890.6445017,45,40,80
1771717890.6446602,45,40,80
1771717890.6448166,45,40,80
1771717890.6449735,45,40,80
1771717890.6451333,45,40,80
1771717890.6453085,45,40,80
1771717890.6454666,45,40,81
1771717890.6456249,45,40,81
1771717890.6457825,45,40,81
1771717890.6459398,45,40,81
1771717890.646097,45,40,81
1771717890.6462865,45,40,81
1771717890.6464438,45,40,81
1771717890.6466036,45,40,81
1771717890.6467605,45,40,81
1771717890.646917,45,40,81
1771717890.7000554,45,40,81
1771717890.7002969,45,40,81
1771717890.7005455,45,40,81
1771717890.700777,45,40,81
1771717890.7010584,45,40,81
1771717890.7013462,45,40,81
1771717890.7015193,45,40,81
1771717890.7016857,45,40,82
1771717890.7018526,45,40,82
1771717890.7020183,45,40,82
1771717890.7022235,45,40,82
1771717890.7023904,45,40,82
1771717890.70257,45,40,82
1771717890.7027338,45,40,82
1771717890.7028997,45,40,82
1771717890.703065,45,40,82
1771717890.7032545,45,40,82
1771717890.7034175,45,40,82
1771717890.70358,45,40,82
1771717890.7037423,45,40,82
1771717890.7039058,45,40,82
1771717890.7040725,45,40,82
1771717890.7042763,45,40,82
1771717890.7044396,45,40,82
1771717890.7046068,45,40,83
1771717890.7047973,45,40,83
1771717890.7049837,45,40,83
1771717890.7051697,45,40,83
1771717890.705331,45,40,83
1771717890.7054937,45,40,83
1771717890.7056587,45,40,83
1771717890.70582,45,40,83
1771717890.705983,45,40,83
1771717890.7061665,45,40,83
1771717890.706374,45,40,83
1771717890.7065403,45,40,83
1771717890.706711,45,40,83
1771717890.7068708,45,40,83
1771717890.7070284,45,40,83
1771717890.7072222,45,40,83
1771717890.7073805,45,40,83
1771717890.7075381,45,40,83
1771717890.7076957,45,40,84
1771717890.7078538,45,40,84
1771717890.7080145,45,40,84
1771717890.7081938,45,40,84
1771717890.708351,45,40,84
1771717890.7085118,45,40,84
1771717890.708674,45,40,84
1771717890.7088318,45,40,84
1771717890.7089915,45,40,84
1771717890.7091715,45,40,84
1771717890.7093298,45,40,84
1771717890.7094872,45,40,84
1771717890.7096438,45,40,84
1771717890.7098005,45,40,84
1771717890.7099574,45,40,84
1771717890.7101145,45,40,84
1771717890.7102916,45,40,85
1771717890.710449,45,40,85
1771717890.7106106,45,40,85
1771717890.7107682,45,40,85
1771717890.7109249,45,40,85
1771717890.711082,45,40,85
1771717890.7112617,45,40,85
1771717890.711421,45,40,85
1771717890.7115777,45,40,85
1771717890.7117362,45,40,85
1771717890.711898,45,40,85
1771717890.7120552,45,40,85
1771717890.7122426,45,40,85
1771717890.7124135,45,40,85
1771717890.7125711,45,40,85
1771717890.712735,45,40,85
1771717890.7128928,45,40,86
1771717890.7130501,45,40,86
1771717890.7132306,45,40,86
1771717890.768354,45,40,86
1771717890.7686014,45,40,86
1771717890.7687855,45,40,86
1771717890.76896,45,40,86
1771717890.7691329,45,40,86
1771717890.7693253,45,40,86
1771717890.769526,45,40,86
1771717890.7696955,45,40,86
1771717890.7698648,45,40,86
1771717890.7700388,45,40,86
1771717890.770212,45,40,86
1771717890.7703953,45,40,86
1771717890.770609,45,40,86
1771717890.7708635,45,40,86
1771717890.7710972,45,40,86
1771717890.7713313,45,40,87
1771717890.7715976,45,40,87
1771717890.7718172,45,40,87
1771717890.7720668,45,40,87
1771717890.77227,45,40,87
1771717890.7724361,45,40,87
1771717890.7726383,45,40,87
1771717890.7728293,45,40,87
1771717890.7730384,45,40,87
1771717890.7732055,45,40,87
1771717890.7735364,45,40,87
1771717890.773705,45,40,87
1771717890.7739484,45,40,87
1771717890.7741792,45,40,87
1771717890.774371,45,40,87
1771717890.7745712,45,40,87
1771717890.7747355,45,40,87
1771717890.7749019,45,40,88
1771717890.7750676,45,40,88
1771717890.77525,45,40,88
1771717890.7754166,45,40,88
1771717890.7756073,45,40,88
1771717890.7758207,45,40,88
1771717890.775989,45,40,88
1771717890.7761636,45,40,88
1771717890.7763484,45,40,88
1771717890.7765362,45,40,88
1771717890.7767005,45,40,88
1771717890.7768648,45,40,88
1771717890.7770405,45,40,88
1771717890.7772043,45,40,88
1771717890.7773864,45,40,88
1771717890.7775702,45,40,88
1771717890.777733,45,40,88
1771717890.7778945,45,40,89
1771717890.7780623,45,40,89
1771717890.7782402,45,40,89
1771717890.7784064,45,40,89
1771717890.7785897,45,40,89
1771717890.7787523,45,40,89
1771717890.7789142,45,40,89
1771717890.7790802,45,40,89
1771717890.779263,45,40,89
1771717890.779655,45,40,89
1771717890.7799397,45,40,89
1771717890.7801874,45,40,89
1771717890.7804277,45,40,89
1771717890.7806354,45,40,89
1771717890.7807994,45,40,89
1771717890.7809715,45,40,89
1771717890.781219,45,40,89
1771717890.7814324,45,40,90
1771717890.781622,45,40,90
1771717890.7817855,45,40,90
1771717890.7819483,45,40,90
1771717890.7821167,45,40,90
1771717890.7822988,45,40,90
1771717890.7824602,45,40,90
1771717890.782642,45,40,90
1771717890.782805,45,40,90
1771717890.782971,45,40,90
1771717890.7831323,45,40,90
1771717890.7833185,45,40,90
1771717890.783512,45,40,90
1771717890.7836735,45,40,90
1771717890.783855,45,40,90
1771717890.7840414,45,40,90
1771717890.7842145,45,40,90
1771717890.784392,45,40,91
1771717890.7845867,45,40,91
1771717890.784748,45,40,91
1771717890.7880852,45,40,91
1771717890.788287,45,40,91
1771717890.7885902,45,40,91
1771717890.7887552,45,40,91
1771717890.7889276,45,40,91
1771717890.7922957,45,40,91
1771717890.7926142,45,40,91
1771717890.7929251,45,40,91
1771717890.7932763,45,40,91
1771717890.7935767,45,40,91
1771717890.7964904,45,40,91
1771717890.7967424,45,40,91
1771717890.7969806,45,40,91
1771717890.797159,45,40,91
1771717890.7973688,45,40,92
1771717890.8005645,45,40,92
1771717890.8008804,45,40,92
1771717890.8011522,45,40,92
1771717890.801313,45,40,92
1771717890.804377,45,40,92
1771717890.8047476,45,40,92
1771717890.8049116,45,40,92
1771717890.8050735,45,40,92
1771717890.8052683,45,40,92
1771717890.8085244,45,40,92
1771717890.808847,45,40,92
1771717890.8091428,45,40,92
1771717890.8094375,45,40,92
1771717890.8096333,45,40,92
1771717890.8126454,45,40,92
1771717890.8128173,45,40,93
1771717890.812986,45,40,93
1771717890.8131878,45,40,93
1771717890.813352,45,40,93
1771717890.8167486,45,40,93
1771717890.8169265,45,40,93
1771717890.8170912,45,40,93
1771717890.817255,45,40,93
1771717890.8174622,45,40,93
1771717890.8209076,45,40,93
1771717890.8211322,45,40,93
1771717890.821359,45,40,93
1771717890.8215299,45,40,93
1771717890.8248405,45,40,93
1771717890.8253136,45,40,93
1771717890.8254857,45,40,93
1771717890.825675,45,40,93
1771717890.8260858,45,40,93
1771717890.8290257,45,40,94
1771717890.8292022,45,40,94
1771717890.82937,45,40,94
1771717890.8295374,45,40,94
1771717890.8297007,45,40,94
1771717890.8331087,45,40,94
1771717890.8334644,45,40,94
1771717890.8337476,45,40,94
1771717890.834034,45,40,94
1771717890.834326,45,40,94
1771717890.8373737,45,40,94
1771717890.8378246,45,40,94
1771717890.8381271,45,40,94
1771717890.8383799,45,40,94
1771717890.8385375,45,40,94
1771717890.841629,45,40,94
1771717890.8420308,45,40,95
1771717890.8422718,45,40,95
1771717890.8424373,45,40,95
1771717890.842597,45,40,95
1771717890.900039,45,40,95
1771717890.9002316,45,40,95
1771717890.9004033,45,40,95
1771717890.9005775,45,40,95
1771717890.900742,45,40,95
1771717890.9009433,45,40,95
1771717890.9011037,45,40,95
1771717890.9012604,45,40,95
1771717890.9014184,45,40,95
1771717890.9015753,45,40,95
1771717890.9017391,45,40,95
1771717890.9019315,45,40,95
1771717890.9020905,45,40,95
1771717890.9022467,45,40,95
1771717890.9024036,45,40,96
1771717890.9025598,45,40,96
1771717890.9027607,45,40,96
1771717890.9031615,45,40,96
1771717890.9034858,45,40,96
1771717890.9039152,45,40,96
1771717890.90442,45,40,96
1771717890.9046118,45,40,96
1771717890.9048262,45,40,96
1771717890.9050329,45,40,96
1771717890.9052393,45,40,96
1771717890.9054081,45,40,96
1771717890.9055686,45,40,96
1771717890.9057455,45,40,96
1771717890.9059215,45,40,96
1771717890.9061155,45,40,96
1771717890.9062822,45,40,96
1771717890.9064422,45,40,97
1771717890.9066014,45,40,97
1771717890.9067616,45,40,97
1771717890.906941,45,40,97
1771717890.907123,45,40,97
1771717890.9072826,45,40,97
1771717890.9074454,45,40,97
1771717890.907605,45,40,97
1771717890.9077635,45,40,97
1771717890.9079423,45,40,97
1771717890.9081223,45,40,97
1771717890.908283,45,40,97
1771717890.9084413,45,40,97
1771717890.9085999,45,40,97
1771717890.9087598,45,40,97
1771717890.9089358,45,40,97
1771717890.9091256,45,40,97
1771717890.909284,45,40,98
1771717890.909454,45,40,98
1771717890.9096115,45,40,98
1771717890.9097683,45,40,98
1771717890.9099467,45,40,98
1771717890.9101317,45,40,98
1771717890.9102921,45,40,98
1771717890.9104507,45,40,98
1771717890.9106085,45,40,98
1771717890.910768,45,40,98
1771717890.9109416,45,40,98
1771717890.9111207,45,40,98
1771717890.9112806,45,40,98
1771717890.911444,45,40,98
1771717890.9116044,45,40,98
1771717890.9117641,45,40,98
1771717890.9119413,45,40,98
1771717890.9121208,45,40,99
1771717890.9122784,45,40,99
1771717890.9124389,45,40,99
1771717890.9125955,45,40,99
1771717890.9127524,45,40,99
1771717890.9129267,45,40,99
1771717890.91311,45,40,99
1771717890.9132679,45,40,99
1771717890.9134295,45,40,99
1771717890.9135869,45,40,99
1771717890.913745,45,40,99
1771717890.9139154,45,40,99
1771717890.9141157,45,40,99
1771717890.9142733,45,40,99
1771717890.9144332,45,40,99
1771717890.914592,45,40,99
1771717890.9149835,45,40,100
1771717890.915165,45,40,100
1771717890.9153674,45,40,100
1771717890.9155443,45,40,100
1771717890.9157205,45,40,100
1771717890.9194753,45,40,100
1771717890.9198089,45,40,100
1771717890.9200041,45,40,100
1771717890.9201882,45,40,100
1771717890.9232225,45,40,100
1771717890.9234364,45,40,100
1771717890.9236472,45,40,100
1771717890.9238293,45,40,100
1771717890.9272668,45,40,100
1771717890.927461,45,40,100
1771717890.927637,45,40,100
1771717890.9278119,45,40,101
1771717890.927988,45,40,101
1771717890.9314356,45,40,101
1771717890.931619,45,40,101
1771717890.9317977,45,40,101
1771717890.9319792,45,40,101
1771717890.935504,45,40,101
1771717890.9357321,45,40,101
1771717890.9359114,45,40,101
1771717890.9360847,45,40,101
1771717890.9362588,45,40,101
1771717890.9940314,45,40,101
1771717890.994238,45,40,101
1771717890.9944267,45,40,101
1771717890.994668,45,40,101
1771717890.994852,45,40,102
1771717890.9950297,45,40,102
1771717890.9952047,45,40,102
1771717890.9953756,45,40,102
1771717890.9955468,45,40,102
1771717890.995758,45,40,102
1771717890.995934,45,40,102
1771717890.996112,45,40,102
1771717890.9962883,45,40,102
1771717890.9964645,45,40,102
1771717890.9966693,45,40,102
1771717890.996892,45,40,102
1771717890.9971764,45,40,102
1771717890.9973588,45,40,102
1771717890.9975357,45,40,102
1771717890.9980772,45,40,102
1771717890.998379,45,40,103
1771717890.9986794,45,40,103
1771717890.9989748,45,40,103
1771717890.99923,45,40,103
1771717890.999433,45,40,103
1771717890.999623,45,40,103
1771717890.9998674,45,40,103
1771717891.0000489,45,40,103
1771717891.0002325,45,40,103
1771717891.000414,45,40,103
1771717891.0005965,45,40,103
1771717891.0008256,45,40,103
1771717891.0010517,45,40,103
1771717891.0012343,45,40,103
1771717891.0014312,45,40,103
1771717891.0016172,45,40,104
1771717891.0018373,45,40,104
1771717891.002014,45,40,104
1771717891.002191,45,40,104
1771717891.0023696,45,40,104
1771717891.0025485,45,40,104
1771717891.0027697,45,40,104
1771717891.0029476,45,40,104
1771717891.0031238,45,40,104
1771717891.0033019,45,40,104
1771717891.003484,45,40,104
1771717891.003684,45,40,104
1771717891.0038998,45,40,104
1771717891.0041244,45,40,104
1771717891.0043428,45,40,104
1771717891.0045962,45,40,105
1771717891.0048325,45,40,105
1771717891.0050414,45,40,105
1771717891.0053844,45,40,105
1771717891.0055776,45,40,105
1771717891.0058217,45,40,105
1771717891.0060012,45,40,105
1771717891.006183,45,40,105
1771717891.0063632,45,40,105
1771717891.0065563,45,40,105
1771717891.006774,45,40,105
1771717891.0069525,45,40,105
1771717891.0071325,45,40,105
1771717891.007313,45,40,105
1771717891.0074956,45,40,105
1771717891.0076962,45,40,105
1771717891.007902,45,40,106
1771717891.0080793,45,40,106
1771717891.008258,45,40,106
1771717891.0084374,45,40,106
1771717891.0086143,45,40,106
1771717891.0088353,45,40,106
1771717891.0090137,45,40,106
1771717891.0092366,45,40,106
1771717891.0094156,45,40,106
1771717891.0096018,45,40,106
1771717891.0098236,45,40,106
1771717891.0100052,45,40,106
1771717891.013373,45,40,106
1771717891.0135639,45,40,106
1771717891.0143342,45,40,106
1771717891.0148823,45,40,107
1771717891.0150697,45,40,107
1771717891.0177329,45,40,107
1771717891.0183227,45,40,107
1771717891.0186062,45,40,107
1771717891.0189643,45,40,107
1771717891.0216253,45,40,107
1771717891.0219476,45,40,107
1771717891.0222282,45,40,107
1771717891.0225341,45,40,107
1771717891.0255628,45,40,107
1771717891.0257561,45,40,107
1771717891.025978,45,40,107
1771717891.026159,45,40,107
1771717891.0263376,45,40,107
1771717891.0297854,45,40,107
1771717891.0300138,45,40,108
1771717891.0301955,45,40,108
1771717891.0303776,45,40,108
1771717891.033806,45,40,108
1771717891.0341303,45,40,108
1771717891.0344872,45,40,108
1771717891.0348034,45,40,108
1771717891.035111,45,40,108
1771717891.090819,45,40,108
1771717891.0911262,45,40,108
1771717891.09131,45,40,108
1771717891.0914896,45,40,108
1771717891.0916657,45,40,108
1771717891.091854,45,40,108
1771717891.0920289,45,40,108
1771717891.092229,45,40,109
1771717891.0924044,45,40,109
1771717891.0925777,45,40,109
1771717891.0927575,45,40,109
1771717891.0931745,45,40,109
1771717891.0934372,45,40,109
1771717891.093691,45,40,109
1771717891.0938776,45,40,109
1771717891.0941184,45,40,109
1771717891.094297,45,40,109
1771717891.094475,45,40,109
1771717891.0946515,45,40,109
1771717891.094841,45,40,109
1771717891.0950208,45,40,109
1771717891.0952284,45,40,109
1771717891.095411,45,40,109
1771717891.095586,45,40,110
1771717891.095763,45,40,110
1771717891.0959399,45,40,110
1771717891.0961382,45,40,110
1771717891.0963137,45,40,110
1771717891.0964894,45,40,110
1771717891.09667,45,40,110
1771717891.0968454,45,40,110
1771717891.097023,45,40,110
1771717891.097224,45,40,110
1771717891.0973997,45,40,110
1771717891.0975757,45,40,110
1771717891.097751,45,40,110
1771717891.0979254,45,40,110
1771717891.0981193,45,40,110
1771717891.0982947,45,40,111
1771717891.09847,45,40,111
1771717891.0986445,45,40,111
1771717891.0988252,45,40,111
1771717891.0990007,45,40,111
1771717891.099197,45,40,111
1771717891.099375,45,40,111
1771717891.0995493,45,40,111
1771717891.0997238,45,40,111
1771717891.0999012,45,40,111
1771717891.1001277,45,40,111
1771717891.100397,45,40,111
1771717891.1006272,45,40,111
1771717891.1008115,45,40,111
1771717891.1009855,45,40,111
1771717891.1011944,45,40,112
1771717891.1013691,45,40,112
1771717891.1015413,45,40,112
1771717891.1017141,45,40,112
1771717891.1018865,45,40,112
1771717891.102083,45,40,112
1771717891.102257,45,40,112
1771717891.1024292,45,40,112
1771717891.102603,45,40,112
1771717891.1027825,45,40,112
1771717891.1030934,45,40,112
1771717891.103267,45,40,112
1771717891.1034462,45,40,112
1771717891.103619,45,40,112
1771717891.103791,45,40,112
1771717891.1039627,45,40,112
1771717891.1042364,45,40,113
1771717891.1044075,45,40,113
1771717891.1045787,45,40,113
1771717891.104757,45,40,113
1771717891.1049345,45,40,113
1771717891.1075456,45,40,113
1771717891.1077282,45,40,113
1771717891.1079075,45,40,113
1771717891.1081839,45,40,113
1771717891.111579,45,40,113
1771717891.1117723,45,40,113
1771717891.111951,45,40,113
1771717891.112214,45,40,113
1771717891.112534,45,40,113
1771717891.1158962,45,40,113
1771717891.1162136,45,40,114
1771717891.1165233,45,40,114
1771717891.116784,45,40,114
1771717891.1199977,45,40,114
1771717891.1204228,45,40,114
1771717891.1208458,45,40,114
1771717891.1213307,45,40,114
1771717891.123867,45,40,114
1771717891.1240602,45,40,114
1771717891.1242385,45,40,114
1771717891.1244173,45,40,114
1771717891.1245928,45,40,114
1771717891.128367,45,40,114
1771717891.1287098,45,40,114
1771717891.1288962,45,40,114
1771717891.1290708,45,40,114
1771717891.1323135,45,40,115
1771717891.1326573,45,40,115
1771717891.1331205,45,40,115
1771717891.133443,45,40,115
1771717891.1336577,45,40,115
1771717891.1924126,45,40,115
1771717891.192691,45,40,115
1771717891.1928866,45,40,115
1771717891.1933615,45,40,115
1771717891.1936524,45,40,115
1771717891.193839,45,40,115
1771717891.1940527,45,40,115
1771717891.1942592,45,40,115
1771717891.1944354,45,40,115
1771717891.1946416,45,40,115
1771717891.1948562,45,40,116
1771717891.195036,45,40,116
1771717891.1952412,45,40,116
1771717891.1954181,45,40,116
1771717891.195596,45,40,116
1771717891.1957722,45,40,116
1771717891.19595,45,40,116
1771717891.1961496,45,40,116
1771717891.196327,45,40,116
1771717891.1965027,45,40,116
1771717891.1966758,45,40,116
1771717891.196855,45,40,116
1771717891.197029,45,40,116
1771717891.1972246,45,40,116
1771717891.1973984,45,40,116
1771717891.1975741,45,40,116
1771717891.1977475,45,40,117
1771717891.1979208,45,40,117
1771717891.1981165,45,40,117
1771717891.198289,45,40,117
1771717891.1984599,45,40,117
1771717891.1986303,45,40,117
1771717891.1988099,45,40,117
1771717891.1989837,45,40,117
1771717891.1991754,45,40,117
1771717891.199347,45,40,117
1771717891.1995182,45,40,117
1771717891.1996906,45,40,117
1771717891.1998618,45,40,117
1771717891.2000325,45,40,117
1771717891.2002296,45,40,117
1771717891.2004008,45,40,118
1771717891.2005734,45,40,118
1771717891.2007446,45,40,118
1771717891.2009213,45,40,118
1771717891.2011137,45,40,118
1771717891.2012851,45,40,118
1771717891.2015445,45,40,118
1771717891.2018101,45,40,118
1771717891.202215,45,40,118
1771717891.202492,45,40,118
1771717891.2027647,45,40,118
1771717891.2030597,45,40,118
1771717891.2032604,45,40,118
1771717891.2034526,45,40,118
1771717891.2036316,45,40,118
1771717891.20382,45,40,119
1771717891.2040422,45,40,119
1771717891.204306,45,40,119
1771717891.2045493,45,40,119
1771717891.204782,45,40,119
1771717891.2050598,45,40,119
1771717891.2052357,45,40,119
1771717891.2054083,45,40,119
1771717891.2056215,45,40,119
1771717891.2058048,45,40,119
1771717891.2060056,45,40,119
1771717891.2061803,45,40,119
1771717891.206355,45,40,119
1771717891.2065341,45,40,119
1771717891.2067084,45,40,119
1771717891.2069035,45,40,119
1771717891.2070787,45,40,120
1771717891.2072551,45,40,120
1771717891.2074752,45,40,120
1771717891.2076628,45,40,120
1771717891.2078774,45,40,120
1771717891.2080543,45,40,120
1771717891.2098768,45,40,120
1771717891.2100577,45,40,120
1771717891.210268,45,40,120
1771717891.2104466,45,40,120
1771717891.2106256,45,40,120
1771717891.2141335,45,40,120
1771717891.2143688,45,40,120
1771717891.2146134,45,40,120
1771717891.2148073,45,40,120
1771717891.2181523,45,40,121
1771717891.2183733,45,40,121
1771717891.2185514,45,40,121
1771717891.2187335,45,40,121
1771717891.222183,45,40,121
1771717891.2224345,45,40,121
1771717891.2226532,45,40,121
1771717891.2228305,45,40,121
1771717891.2230058,45,40,121
1771717891.2271035,45,40,121
1771717891.227651,45,40,121
1771717891.2281024,45,40,121
1771717891.2284608,45,40,121
1771717891.230414,45,40,121
1771717891.2305944,45,40,121
1771717891.2307677,45,40,121
1771717891.2309484,45,40,122
1771717891.2311325,45,40,122
1771717891.2948194,45,40,122
1771717891.2951348,45,40,122
1771717891.2953603,45,40,122
1771717891.295541,45,40,122
1771717891.2957258,45,40,122
1771717891.295903,45,40,122
1771717891.2961679,45,40,122
1771717891.2963927,45,40,122
1771717891.2965727,45,40,122
1771717891.29675,45,40,122
1771717891.296925,45,40,122
1771717891.297204,45,40,122
1771717891.297483,45,40,122
1771717891.2976732,45,40,123
1771717891.2978508,45,40,123
1771717891.2980745,45,40,123
1771717891.298304,45,40,123
1771717891.29848,45,40,123
1771717891.298655,45,40,123
1771717891.2988288,45,40,123
1771717891.2990036,45,40,123
1771717891.2992277,45,40,123
1771717891.2994008,45,40,123
1771717891.299573,45,40,123
1771717891.2997446,45,40,123
1771717891.299919,45,40,123
1771717891.3001177,45,40,123
1771717891.3002903,45,40,123
1771717891.3004625,45,40,124
1771717891.3006341,45,40,124
1771717891.3008063,45,40,124
1771717891.3009803,45,40,124
1771717891.3011885,45,40,124
1771717891.301362,45,40,124
1771717891.3015332,45,40,124
1771717891.3017063,45,40,124
1771717891.301879,45,40,124
1771717891.302073,45,40,124
1771717891.3022463,45,40,124
1771717891.3024182,45,40,124
1771717891.3025913,45,40,124
1771717891.3027642,45,40,124
1771717891.3029392,45,40,124
1771717891.303139,45,40,124
1771717891.303311,45,40,125
1771717891.303484,45,40,125
1771717891.3036568,45,40,125
1771717891.3038309,45,40,125
1771717891.304003,45,40,125
1771717891.3042405,45,40,125
1771717891.3044152,45,40,125
1771717891.3045878,45,40,125
1771717891.304761,45,40,125
1771717891.3049414,45,40,125
1771717891.305159,45,40,125
1771717891.3053524,45,40,125
1771717891.3055255,45,40,125
1771717891.3056982,45,40,125
1771717891.3058698,45,40,125
1771717891.3060668,45,40,126
1771717891.3062406,45,40,126
1771717891.3064148,45,40,126
1771717891.3065882,45,40,126
1771717891.3067667,45,40,126
1771717891.3069465,45,40,126
1771717891.3071444,45,40,126
1771717891.3073163,45,40,126
1771717891.3074896,45,40,126
1771717891.3076618,45,40,126
1771717891.307836,45,40,126
1771717891.3080325,45,40,126
1771717891.3082082,45,40,126
1771717891.3083804,45,40,126
1771717891.3085532,45,40,126
1771717891.3087268,45,40,126
1771717891.3089054,45,40,127
1771717891.309105,45,40,127
1771717891.3092809,45,40,127
1771717891.309454,45,40,127
1771717891.309632,45,40,127
1771717891.3098059,45,40,127
1771717891.3099787,45,40,127
1771717891.3101718,45,40,127
1771717891.312617,45,40,127
1771717891.3128097,45,40,127
1771717891.3129964,45,40,127
1771717891.313175,45,40,127
1771717891.3164833,45,40,127
1771717891.3168674,45,40,127
1771717891.317196,45,40,127
1771717891.3173773,45,40,128
1771717891.320572,45,40,128
1771717891.3209264,45,40,128
1771717891.3213348,45,40,128
1771717891.3216624,45,40,128
1771717891.3220572,45,40,128
1771717891.324865,45,40,128
1771717891.3252566,45,40,128
1771717891.3256164,45,40,128
1771717891.3259265,45,40,128
1771717891.328734,45,40,128
1771717891.3289938,45,40,128
1771717891.329218,45,40,128
1771717891.3295455,45,40,128
1771717891.3298671,45,40,128
1771717891.3893297,45,40,128
1771717891.3896015,45,40,129
1771717891.389877,45,40,129
1771717891.3901064,45,40,129
1771717891.39029,45,40,129
1771717891.3905149,45,40,129
1771717891.3907323,45,40,129
1771717891.390914,45,40,129
1771717891.3910944,45,40,129
1771717891.3912761,45,40,129
1771717891.391478,45,40,129
1771717891.391686,45,40,129
1771717891.391868,45,40,129
1771717891.392049,45,40,129
1771717891.3922331,45,40,129
1771717891.3924136,45,40,129
1771717891.3926184,45,40,130
1771717891.3928366,45,40,130
1771717891.3930147,45,40,130
1771717891.3931932,45,40,130
1771717891.3933709,45,40,130
1771717891.3935692,45,40,130
1771717891.393772,45,40,130
1771717891.39395,45,40,130
1771717891.394165,45,40,130
1771717891.3943465,45,40,130
1771717891.3945541,45,40,130
1771717891.39476,45,40,130
1771717891.3949378,45,40,130
1771717891.3951163,45,40,130
1771717891.395329,45,40,130
1771717891.3955452,45,40,131
1771717891.395749,45,40,131
1771717891.3959284,45,40,131
1771717891.3961062,45,40,131
1771717891.3963134,45,40,131
1771717891.3965356,45,40,131
1771717891.3967428,45,40,131
1771717891.396923,45,40,131
1771717891.3971019,45,40,131
1771717891.3972816,45,40,131
1771717891.3974905,45,40,131
1771717891.397693,45,40,131
1771717891.3978736,45,40,131
1771717891.3980527,45,40,131
1771717891.398265,45,40,131
1771717891.398468,45,40,131
1771717891.3986542,45,40,132
1771717891.398857,45,40,132
1771717891.3990357,45,40,132
1771717891.399214,45,40,132
1771717891.3993914,45,40,132
1771717891.3995888,45,40,132
1771717891.3997874,45,40,132
1771717891.3999672,45,40,132
1771717891.4001448,45,40,132
1771717891.4003236,45,40,132
1771717891.4005258,45,40,132
1771717891.4007237,45,40,132
1771717891.400902,45,40,132
1771717891.4010808,45,40,132
1771717891.4012585,45,40,132
1771717891.401449,45,40,133
1771717891.4016328,45,40,133
1771717891.4018404,45,40,133
1771717891.4020214,45,40,133
1771717891.4021988,45,40,133
1771717891.4024312,45,40,133
1771717891.4026575,45,40,133
1771717891.4028976,45,40,133
1771717891.4030762,45,40,133
1771717891.403255,45,40,133
1771717891.403443,45,40,133
1771717891.4037712,45,40,133
1771717891.404056,45,40,133
1771717891.404311,45,40,133
1771717891.4045973,45,40,133
1771717891.4049559,45,40,133
1771717891.4065046,45,40,134
1771717891.4066956,45,40,134
1771717891.406877,45,40,134
1771717891.407095,45,40,134
1771717891.40731,45,40,134
1771717891.4117968,45,40,134
1771717891.4120905,45,40,134
1771717891.4124515,45,40,134
1771717891.4127347,45,40,134
1771717891.4147904,45,40,134
1771717891.4150248,45,40,134
1771717891.4153283,45,40,134
1771717891.4155443,45,40,134
1771717891.4188247,45,40,134
1771717891.4192731,45,40,134
1771717891.419611,45,40,135
1771717891.4199905,45,40,135
1771717891.42033,45,40,135
1771717891.4230626,45,40,135
1771717891.423272,45,40,135
1771717891.423571,45,40,135
1771717891.4237888,45,40,135
1771717891.4271038,45,40,135
1771717891.4274037,45,40,135
1771717891.4276562,45,40,135
1771717891.4279103,45,40,135
1771717891.4310207,45,40,135
1771717891.4312668,45,40,135
1771717891.4315088,45,40,135
1771717891.4317205,45,40,135
1771717891.4319823,45,40,135
1771717891.4352658,45,40,136
1771717891.4354885,45,40,136
1771717891.4357522,45,40,136
1771717891.435962,45,40,136
1771717891.439325,45,40,136
1771717891.4396586,45,40,136
1771717891.4398932,45,40,136
1771717891.4402378,45,40,136
1771717891.4406035,45,40,136
1771717891.4436524,45,40,136
1771717891.4438818,45,40,136
1771717891.444103,45,40,136
1771717891.4443457,45,40,136
1771717891.4476554,45,40,136
1771717891.447937,45,40,136
1771717891.4481251,45,40,137
1771717891.4483058,45,40,137
1771717891.4515417,45,40,137
1771717891.4517756,45,40,137
1771717891.4519546,45,40,137
1771717891.4521348,45,40,137
1771717891.4523122,45,40,137
1771717891.4557621,45,40,137
1771717891.4559588,45,40,137
1771717891.4561403,45,40,137
1771717891.4563203,45,40,137
1771717891.4599962,45,40,137
1771717891.460375,45,42,219
1771717891.460674,45,42,122
1771717891.4608994,45,42,122
1771717891.4637818,45,42,122
1771717891.4640424,45,42,122
1771717891.4642217,45,42,123
1771717891.4643989,45,42,123
1771717891.4645734,45,42,123
1771717891.4680333,45,42,123
1771717891.46826,45,42,123
1771717891.4684768,45,42,123
1771717891.4687529,45,42,123
1771717891.4721012,45,42,123
1771717891.4723208,45,42,123
1771717891.4725158,45,42,123
1771717891.4727108,45,42,123
1771717891.4729605,45,42,123
1771717891.4764996,45,42,123
1771717891.476741,45,42,123
1771717891.4770854,45,42,123
1771717891.477406,45,42,123
1771717891.4802809,45,42,123
1771717891.4804785,45,42,123
1771717891.4806652,45,42,123
1771717891.4809372,45,42,123
1771717891.4843163,45,42,123
1771717891.4845662,45,42,123
1771717891.4847524,45,42,123
1771717891.48493,45,42,123
1771717891.485108,45,42,124
1771717891.4886262,45,42,124
1771717891.488832,45,42,124
1771717891.4890323,45,42,124
1771717891.4892757,45,42,124
1771717891.4927714,45,42,124
1771717891.493116,45,42,124
1771717891.4933152,45,42,124
1771717891.4939144,45,42,124
1771717891.4941087,45,42,124
1771717891.564249,45,42,124
1771717891.5644674,45,42,124
1771717891.564695,45,42,124
1771717891.5648751,45,42,124
1771717891.5650535,45,42,124
1771717891.565232,45,42,124
1771717891.5654109,45,43,232
1771717891.5656223,45,43,109
1771717891.565802,45,43,109
1771717891.5659878,45,43,109
1771717891.5661669,45,43,109
1771717891.5663447,45,43,109
1771717891.5665634,45,43,109
1771717891.5667424,45,43,109
1771717891.5669212,45,43,109
1771717891.5670986,45,43,109
1771717891.5672765,45,43,109
1771717891.5674536,45,43,109
1771717891.567681,45,43,109
1771717891.5678563,45,43,109
1771717891.5680313,45,43,109
1771717891.5682082,45,43,110
1771717891.5683851,45,43,110
1771717891.5685854,45,43,110
1771717891.5687613,45,43,110
1771717891.5689375,45,43,110
1771717891.5691152,45,43,110
1771717891.5692914,45,43,110
1771717891.569467,45,43,110
1771717891.5699077,45,43,110
1771717891.5704548,45,43,110
1771717891.570682,45,43,110
1771717891.570997,45,43,110
1771717891.5712445,45,43,110
1771717891.5715759,45,43,110
1771717891.5718071,45,43,110
1771717891.572035,45,43,110
1771717891.5723155,45,43,110
1771717891.572557,45,43,110
1771717891.572805,45,43,110
1771717891.5730572,45,43,110
1771717891.5733645,45,43,110
1771717891.5736227,45,43,110
1771717891.5739586,45,43,110
1771717891.5743425,45,43,110
1771717891.5746357,45,43,110
1771717891.5749166,45,43,110
1771717891.5751617,45,43,110
1771717891.5754523,45,43,110
1771717891.5756354,45,43,110
1771717891.5758154,45,43,110
1771717891.576006,45,43,110
1771717891.5762136,45,43,110
1771717891.5765216,45,43,110
1771717891.5767152,45,43,110
1771717891.5769002,45,43,110
1771717891.5770888,45,43,110
1771717891.5773807,45,43,110
1771717891.577593,45,43,110
1771717891.5778892,45,43,110
1771717891.5781493,45,43,110
1771717891.5785654,45,43,110
1771717891.5787506,45,43,110
1771717891.578938,45,43,110
1771717891.5791543,45,43,110
1771717891.5793645,45,43,110
1771717891.5795426,45,43,110
1771717891.5797198,45,43,111
1771717891.5798948,45,43,111
1771717891.5800705,45,43,111
1771717891.580259,45,43,111
1771717891.580453,45,43,111
1771717891.5806258,45,43,111
1771717891.5807984,45,43,111
1771717891.5809717,45,43,111
1771717891.581152,45,43,111
1771717891.5813422,45,43,111
1771717891.5815167,45,43,111
1771717891.5816896,45,43,111
1771717891.5818603,45,43,111
1771717891.5820339,45,43,111
1771717891.582206,45,43,111
1771717891.5824044,45,43,111
1771717891.582576,45,43,111
1771717891.582747,45,43,111
1771717891.5829175,45,43,111
1771717891.5830956,45,43,111
1771717891.5832722,45,43,111
1771717891.583471,45,43,111
1771717891.5838094,45,43,111
1771717891.5839865,45,43,111
1771717891.584162,45,43,111
1771717891.584338,45,43,111
1771717891.5845933,45,43,111
1771717891.58488,45,43,111
1771717891.5851126,45,43,111
1771717891.5868502,45,43,111
1771717891.5870287,45,43,111
1771717891.5872056,45,43,111
1771717891.5874221,45,43,111
1771717891.5908878,45,43,111
1771717891.5910761,45,43,111
1771717891.5912573,45,43,111
1771717891.5914333,45,43,111
1771717891.5949466,45,43,111
1771717891.595268,45,43,111
1771717891.5954716,45,43,111
1771717891.5956938,45,43,111
1771717891.5958812,45,43,111
1771717891.5990162,45,43,111
1771717891.5993931,45,43,111
1771717891.599861,45,43,111
1771717891.6001892,45,43,111
1771717891.603146,45,43,112
1771717891.6033428,45,43,112
1771717891.603529,45,43,112
1771717891.6037703,45,43,112
1771717891.6039524,45,43,112
1771717891.6074204,45,43,112
1771717891.6076372,45,43,112
1771717891.6078963,45,43,112
1771717891.6080832,45,43,112
1771717891.611416,45,43,112
1771717891.6116602,45,43,112
1771717891.6118436,45,43,112
1771717891.6120393,45,43,112
1771717891.6153665,45,43,112
1771717891.6155872,45,43,112
1771717891.6157646,45,43,112
1771717891.6159465,45,43,112
1771717891.616123,45,43,112
1771717891.6197755,45,43,112
1771717891.6202545,45,43,112
1771717891.6205928,45,43,112
1771717891.6208856,45,43,112
1771717891.6237555,45,43,112
1771717891.6241977,45,43,112
1771717891.624493,45,43,112
1771717891.6247275,45,43,112
1771717891.6276329,45,43,112
1771717891.627873,45,43,112
1771717891.6281075,45,43,112
1771717891.6283224,45,43,112
1771717891.6285567,45,43,112
1771717891.631978,45,43,112
1771717891.6323156,45,43,112
1771717891.6326363,45,43,112
1771717891.6328945,45,43,112
1771717891.6360128,45,43,112
1771717891.636475,45,43,112
1771717891.636725,45,43,112
1771717891.63697,45,43,112
1771717891.6373215,45,43,112
1771717891.6400764,45,43,112
1771717891.6403453,45,43,112
1771717891.6405663,45,43,112
1771717891.6407866,45,43,112
1771717891.6446176,45,43,112
1771717891.6448636,45,43,112
1771717891.6450825,45,43,112
1771717891.6453488,45,43,113
1771717891.6482425,45,43,113
1771717891.6486647,45,43,113
1771717891.649001,45,43,113
1771717891.6493304,45,43,113
1771717891.6496458,45,43,113
1771717891.6526453,45,43,113
1771717891.6529813,45,43,113
1771717891.653274,45,43,113
1771717891.6534514,45,43,113
1771717891.6565995,45,43,113
1771717891.6569371,45,43,113
1771717891.6572607,45,43,113
1771717891.657633,45,43,113
1771717891.6605213,45,43,113
1771717891.6609268,45,43,113
1771717891.6612623,45,43,113
1771717891.6615922,45,43,113
1771717891.6617823,45,43,113
1771717891.6647618,45,43,113
1771717891.6650968,45,43,113
1771717891.6653254,45,43,113
1771717891.6655009,45,43,113
1771717891.6686685,45,43,113
1771717891.6689043,45,43,113
1771717891.6692228,45,43,113
1771717891.6695344,45,43,113
1771717891.6698475,45,43,113
1771717891.67311,45,43,113
1771717891.6734393,45,43,113
1771717891.6736956,45,43,113
1771717891.673874,45,43,113
1771717891.6769495,45,43,113
1771717891.6771708,45,43,113
1771717891.67737,45,43,113
1771717891.677567,45,43,113
1771717891.6809313,45,43,113
1771717891.6811287,45,43,113
1771717891.6813085,45,43,113
1771717891.6814847,45,43,113
1771717891.6818693,45,43,113
1771717891.6852372,45,43,113
1771717891.6854281,45,43,113
1771717891.6856194,45,43,113
1771717891.6857984,45,43,113
1771717891.6891613,45,43,113
1771717891.6893892,45,43,114
1771717891.6895661,45,43,114
1771717891.6897411,45,43,114
1771717891.6931536,45,43,114
1771717891.6934373,45,43,114
1771717891.6936214,45,43,114
1771717891.6938024,45,43,114
1771717891.6939847,45,43,114
1771717891.6978447,45,43,114
1771717891.6982412,45,43,114
1771717891.6986427,45,43,114
1771717891.6989427,45,43,114
1771717891.7015762,45,43,114
1771717891.701805,45,43,114
1771717891.7041397,45,43,114
1771717891.7044127,45,43,114
1771717891.7045977,45,43,114
1771717891.7055893,45,43,114
1771717891.7057724,45,43,114
1771717891.7059503,45,43,114
1771717891.7061796,45,43,114
1771717891.7096791,45,43,114
1771717891.7098634,45,43,114
1771717891.7100394,45,43,114
1771717891.7102287,45,43,114
1771717891.7137535,45,43,114
1771717891.7143137,45,43,114
1771717891.71477,45,43,114
1771717891.7149975,45,43,114
1771717891.7152243,45,43,114
1771717891.7178838,45,43,114
1771717891.7180724,45,43,114
1771717891.718257,45,43,114
1771717891.718434,45,43,114
1771717891.7219234,45,43,114
1771717891.7221098,45,43,114
1771717891.7222881,45,43,114
1771717891.7224631,45,43,114
1771717891.725925,45,43,114
1771717891.7263227,45,43,114
1771717891.7265716,45,43,114
1771717891.7271924,45,43,114
1771717891.728042,45,43,114
1771717891.7305589,45,43,114
1771717891.7307491,45,43,114
1771717891.7309859,45,43,114
1771717891.7311604,45,43,115
1771717891.7341342,45,43,115
1771717891.734343,45,43,115
1771717891.7345257,45,43,115
1771717891.7347105,45,43,115
1771717891.7353878,45,43,115
1771717891.7384162,45,43,115
1771717891.738612,45,43,115
1771717891.7387955,45,43,115
1771717891.738973,45,43,115
1771717891.742875,45,43,115
1771717891.743187,45,43,115
1771717891.7434053,45,43,115
1771717891.743748,45,43,115
1771717891.7465477,45,43,115
1771717891.746862,45,43,115
1771717891.7471414,45,43,115
1771717891.7474892,45,43,115
1771717891.747769,45,43,115
1771717891.7511334,45,43,115
1771717891.7514153,45,43,115
1771717891.751684,45,43,115
1771717891.7520452,45,43,115
1771717891.7553537,45,43,115
1771717891.7556846,45,43,115
1771717891.756016,45,43,115
1771717891.7562995,45,43,115
1771717891.7587028,45,43,115
1771717891.7591765,45,43,115
1771717891.7595139,45,43,115
1771717891.7597885,45,43,115
1771717891.7600515,45,43,115
1771717891.7629983,45,43,115
1771717891.7632067,45,43,115
1771717891.7634006,45,43,115
1771717891.7635846,45,43,115
1771717891.7670197,45,43,115
1771717891.7672215,45,43,115
1771717891.7674582,45,43,115
1771717891.7676473,45,43,115
1771717891.7678313,45,43,115
1771717891.771214,45,43,115
1771717891.7715185,45,43,115
1771717891.7717698,45,43,115
1771717891.77201,45,43,115
1771717891.7752185,45,43,115
1771717891.7754803,45,43,116
1771717891.775667,45,43,116
1771717891.775878,45,43,116
1771717891.7792163,45,43,116
1771717891.7795246,45,43,116
1771717891.7797165,45,43,116
1771717891.7799013,45,43,116
1771717891.780101,45,43,116
1771717891.7835004,45,43,116
1771717891.7837381,45,43,116
1771717891.7839875,45,43,116
1771717891.7841678,45,43,116
1771717891.789182,45,43,116
1771717891.7896223,45,43,116
1771717891.7900343,45,43,116
1771717891.7902808,45,43,116
1771717891.791457,45,43,116
1771717891.7919178,45,43,116
1771717891.7921891,45,43,116
1771717891.792493,45,43,116
1771717891.7927506,45,43,116
1771717891.7958186,45,43,116
1771717891.7960355,45,43,116
1771717891.7962446,45,43,116
1771717891.79657,45,43,116
1771717891.799687,45,43,116
1771717891.7998772,45,43,116
1771717891.8000596,45,43,116
1771717891.8002408,45,43,116
1771717891.8004577,45,43,116
1771717891.803897,45,43,116
1771717891.804179,45,43,116
1771717891.8044298,45,43,116
1771717891.8046992,45,43,116
1771717891.8082592,45,43,116
1771717891.8088253,45,43,116
1771717891.8091753,45,43,116
1771717891.8095472,45,43,116
1771717891.8119864,45,43,116
1771717891.8121805,45,43,116
1771717891.8123624,45,43,116
1771717891.8125446,45,43,116
1771717891.812767,45,43,116
1771717891.8161952,45,43,116
1771717891.8164294,45,43,116
1771717891.8168461,45,43,116
1771717891.817109,45,43,116
1771717891.8202026,45,43,117
1771717891.8203912,45,43,117
1771717891.8205876,45,43,117
1771717891.8208842,45,43,117
1771717891.824356,45,43,117
1771717891.8246748,45,43,117
1771717891.8249774,45,43,117
1771717891.8252473,45,43,117
1771717891.8257086,45,43,117
1771717891.8285103,45,43,117
1771717891.8287067,45,43,117
1771717891.8289356,45,43,117
1771717891.8291192,45,43,117
1771717891.8324988,45,43,117
1771717891.8327382,45,43,117
1771717891.8329175,45,43,117
1771717891.8330948,45,43,117
1771717891.833291,45,43,117
1771717891.8367238,45,43,117
1771717891.8369188,45,43,117
1771717891.8371148,45,43,117
1771717891.8373084,45,43,117
1771717891.8408828,45,43,117
1771717891.841179,45,43,117
1771717891.841367,45,43,117
1771717891.8415442,45,43,117
1771717891.8448005,45,43,117
1771717891.8450184,45,43,117
1771717891.845255,45,43,117
1771717891.845558,45,43,117
1771717891.8458066,45,43,117
1771717891.848958,45,43,117
1771717891.8491993,45,43,117
1771717891.8493822,45,43,117
1771717891.8495638,45,43,117
1771717891.8531349,45,43,117
1771717891.8533297,45,43,117
1771717891.853513,45,43,117
1771717891.8537054,45,43,117
1771717891.8570187,45,43,117
1771717891.857347,45,43,117
1771717891.8575625,45,43,117
1771717891.8577452,45,43,117
1771717891.8579266,45,43,117
1771717891.8613417,45,43,117
1771717891.8615925,45,43,117
1771717891.8618152,45,43,118
1771717891.8620405,45,43,118
1771717891.8652856,45,43,118
1771717891.8656256,45,43,118
1771717891.8659532,45,43,118
1771717891.8662763,45,43,118
1771717891.8667498,45,43,118
1771717891.8696284,45,43,118
1771717891.8699992,45,43,118
1771717891.8702524,45,43,118
1771717891.8704603,45,43,118
1771717891.8735726,45,43,118
1771717891.8738153,45,43,118
1771717891.8740382,45,43,118
1771717891.8742387,45,43,118
1771717891.877547,45,43,118
1771717891.8777676,45,43,118
1771717891.878015,45,43,118
1771717891.8782039,45,43,118
1771717891.8783913,45,43,118
1771717891.8819838,45,43,118
1771717891.882314,45,43,118
1771717891.8825254,45,43,118
1771717891.882702,45,43,118
1771717891.885778,45,43,118
1771717891.8859746,45,43,118
1771717891.8861785,45,43,118
1771717891.8863788,45,43,118
1771717891.8898847,45,43,118
1771717891.8902287,45,43,118
1771717891.8917043,45,43,118
1771717891.892069,45,43,118
1771717891.8923383,45,43,118
1771717891.8941057,45,43,118
1771717891.8943408,45,43,118
1771717891.8946295,45,43,118
1771717891.8948615,45,43,118
1771717891.8980026,45,43,118
1771717891.8981926,45,43,118
1771717891.8983705,45,43,118
1771717891.8985453,45,43,118
1771717891.8987718,45,43,118
1771717891.9022598,45,43,118
1771717891.9025793,45,43,118
1771717891.90283,45,43,118
1771717891.9031081,45,43,118
1771717891.9063218,45,43,119
1771717891.9066865,45,43,119
1771717891.906914,45,43,119
1771717891.9070976,45,43,119
1771717891.9103918,45,43,119
1771717891.910619,45,43,119
1771717891.9108813,45,43,119
1771717891.9113352,45,43,119
1771717891.9117887,45,43,119
1771717891.9144745,45,43,119
1771717891.9146793,45,43,119
1771717891.9148955,45,43,119
1771717891.9150755,45,43,119
1771717891.9185479,45,43,119
1771717891.9187434,45,43,119
1771717891.9189262,45,43,119
1771717891.919167,45,43,119
1771717891.922555,45,43,119
1771717891.9228745,45,43,119
1771717891.9234476,45,43,119
1771717891.923647,45,43,119
1771717891.9238837,45,43,119
1771717891.9268303,45,43,119
1771717891.9270492,45,43,119
1771717891.9272528,45,43,119
1771717891.9274416,45,43,119
1771717891.9307194,45,43,119
1771717891.9309113,45,43,119
1771717891.9310954,45,43,119
1771717891.9312868,45,43,119
1771717891.9316964,45,43,119
1771717891.934978,45,43,119
1771717891.935175,45,43,119
1771717891.9353964,45,43,119
1771717891.935579,45,43,119
1771717891.9390569,45,43,119
1771717891.9392757,45,43,119
1771717891.9395092,45,43,119
1771717891.9396918,45,43,119
1771717891.943101,45,43,119
1771717891.9433417,45,43,119
1771717891.9436069,45,43,119
1771717891.943812,45,43,119
1771717891.9440124,45,43,119
1771717891.9472852,45,43,119
1771717891.9476774,45,43,119
1771717891.948099,45,43,120
1771717891.948441,45,43,120
1771717891.9512541,45,43,120
1771717891.9514856,45,43,120
1771717891.951686,45,43,120
1771717891.9518707,45,43,120
1771717891.955292,45,43,120
1771717891.9556034,45,43,120
1771717891.9557858,45,43,120
1771717891.9559631,45,43,120
1771717891.9561403,45,43,120
1771717891.9596543,45,43,120
1771717891.9598603,45,43,120
1771717891.9601073,45,43,120
1771717891.960438,45,43,120
1771717891.9636586,45,43,120
1771717891.9638643,45,43,120
1771717891.9640965,45,43,120
1771717891.964283,45,43,120
1771717891.9644997,45,43,120
1771717891.9678867,45,43,120
1771717891.968096,45,43,120
1771717891.968322,45,43,120
1771717891.9685059,45,43,120
1771717891.9718273,45,43,120
1771717891.9720683,45,43,120
1771717891.9722621,45,43,120
1771717891.9724772,45,43,120
1771717891.9759202,45,43,120
1771717891.9761665,45,43,120
1771717891.976348,45,43,120
1771717891.9765236,45,43,120
1771717891.9766986,45,43,120
1771717891.9800134,45,43,120
1771717891.9802005,45,43,120
1771717891.9803805,45,43,120
1771717891.9805565,45,43,120
1771717891.9840257,45,43,120
1771717891.9842525,45,43,120
1771717891.984474,45,43,120
1771717891.9846568,45,43,120
1771717891.9880428,45,43,120
1771717891.9882503,45,43,120
1771717891.9884288,45,43,120
1771717891.9886074,45,43,120
1771717891.988833,45,43,120
1771717891.9922385,45,43,120
1771717891.9924238,45,43,121
1771717891.9926062,45,43,121
1771717891.9928231,45,43,121
1771717891.9963202,45,43,121
1771717891.9965396,45,43,121
1771717891.99675,45,43,121
1771717891.9970086,45,43,121
1771717891.9972172,45,43,121
1771717892.0005705,45,43,121
1771717892.000892,45,43,121
1771717892.0012164,45,43,121
1771717892.0013885,45,43,121
1771717892.0045655,45,43,121
1771717892.0048244,45,43,121
1771717892.005074,45,43,121
1771717892.0052578,45,43,121
1771717892.0086088,45,43,121
1771717892.008918,45,43,121
1771717892.0091102,45,43,121
1771717892.0092978,45,43,121
1771717892.0094845,45,43,121
1771717892.012983,45,43,121
1771717892.0133917,45,43,121
1771717892.0137181,45,43,121
1771717892.0140417,45,43,121
1771717892.0169795,45,43,121
1771717892.0173223,45,43,121
1771717892.017649,45,43,121
1771717892.0179613,45,43,121
1771717892.0208144,45,43,121
1771717892.021054,45,43,121
1771717892.0213428,45,43,121
1771717892.0215294,45,43,121
1771717892.0217106,45,43,121
1771717892.025259,45,43,121
1771717892.025465,45,43,121
1771717892.0256457,45,43,121
1771717892.0258284,45,43,121
1771717892.029253,45,43,121
1771717892.02956,45,43,121
1771717892.0298576,45,43,121
1771717892.0301867,45,43,121
1771717892.0310533,45,43,121
1771717892.0334685,45,43,121
1771717892.0337806,45,43,121
1771717892.034058,45,43,121
1771717892.034387,45,43,122
1771717892.0373511,45,43,122
1771717892.0376403,45,43,122
1771717892.0379763,45,43,122
1771717892.0381622,45,43,122
1771717892.0413833,45,43,122
1771717892.04197,45,43,122
1771717892.042197,45,43,122
1771717892.042429,45,43,122
1771717892.0426214,45,43,122
1771717892.045661,45,43,122
1771717892.045922,45,43,122
1771717892.0461693,45,43,122
1771717892.046352,45,43,122
1771717892.0495613,45,43,122
1771717892.0497746,45,43,122
1771717892.050035,45,43,122
1771717892.050246,45,43,255
1771717892.050433,45,43,15
1771717892.1115742,45,43,15
1771717892.1118574,45,43,15
1771717892.1120436,45,43,15
1771717892.1123133,45,43,15
1771717892.1125414,45,43,15
1771717892.1127205,45,43,15
1771717892.1128953,45,43,15
1771717892.1130574,45,43,15
1771717892.113272,45,43,15
1771717892.1135492,45,43,15
1771717892.1137629,45,43,15
1771717892.113928,45,43,15
1771717892.114099,45,43,15
1771717892.1142604,45,43,15
1771717892.1144245,45,43,15
1771717892.1146293,45,43,15
1771717892.1147895,45,43,15
1771717892.1149478,45,43,15
1771717892.115107,45,43,15
1771717892.1152835,45,42,255
1771717892.115483,45,42,30
1771717892.1156423,45,42,30
1771717892.1158,45,42,30
1771717892.1159585,45,42,30
1771717892.116217,45,42,30
1771717892.1163945,45,42,30
1771717892.1165926,45,42,30
1771717892.1167595,45,42,30
1771717892.1169205,45,42,30
1771717892.1170833,45,42,30
1771717892.1172805,45,42,30
1771717892.1174884,45,42,30
1771717892.1177893,45,42,30
1771717892.1180139,45,42,31
1771717892.1181781,45,42,31
1771717892.1183388,45,42,31
1771717892.1185,45,42,31
1771717892.118703,45,42,31
1771717892.118862,45,42,31
1771717892.1190302,45,42,31
1771717892.1192071,45,42,31
1771717892.1193693,45,42,31
1771717892.119566,45,42,31
1771717892.119727,45,42,31
1771717892.1198902,45,42,31
1771717892.1200762,45,42,31
1771717892.120288,45,42,31
1771717892.120474,45,42,31
1771717892.1207228,45,42,31
1771717892.1209211,45,42,31
1771717892.1210823,45,42,31
1771717892.121241,45,42,31
1771717892.1213987,45,42,31
1771717892.121599,45,42,31
1771717892.1217618,45,42,31
1771717892.1219273,45,42,31
1771717892.1220849,45,42,31
1771717892.122242,45,42,31
1771717892.1224008,45,42,31
1771717892.1225846,45,42,32
1771717892.1227422,45,42,32
1771717892.1228993,45,42,32
1771717892.1230574,45,42,32
1771717892.123226,45,42,32
1771717892.123391,45,42,32
1771717892.123575,45,42,32
1771717892.123733,45,42,32
1771717892.1239,45,42,32
1771717892.1240578,45,42,32
1771717892.1242151,45,42,32
1771717892.1243722,45,42,32
1771717892.1245632,45,42,32
1771717892.1247995,45,42,32
1771717892.1249616,45,42,32
1771717892.1251197,45,42,32
1771717892.125277,45,42,32
1771717892.1254346,45,42,32
1771717892.1256287,45,42,32
1771717892.125786,45,42,32
1771717892.1259496,45,42,32
1771717892.126108,45,42,32
1771717892.1263294,45,42,32
1771717892.1266556,45,42,32
1771717892.1268208,45,42,32
1771717892.1269782,45,42,33
1771717892.127137,45,42,33
1771717892.127348,45,42,33
1771717892.127513,45,42,33
1771717892.1277134,45,42,33
1771717892.127892,45,42,33
1771717892.128064,45,42,33
1771717892.1315658,45,42,33
1771717892.1318154,45,42,33
1771717892.1320953,45,42,33
1771717892.1322923,45,42,33
1771717892.1324563,45,42,33
1771717892.135654,45,42,33
1771717892.1360142,45,42,33
1771717892.1362495,45,42,33
1771717892.1365032,45,42,33
1771717892.1366951,45,42,33
1771717892.209508,45,42,33
1771717892.209963,45,42,33
1771717892.2101526,45,42,33
1771717892.2103472,45,42,33
1771717892.2105706,45,42,33
1771717892.2107952,45,42,33
1771717892.2109718,45,42,33
1771717892.2112367,45,42,33
1771717892.211464,45,42,33
1771717892.2117245,45,42,34
1771717892.211983,45,42,34
1771717892.212334,45,42,34
1771717892.2126079,45,42,34
1771717892.212822,45,42,34
1771717892.2130353,45,42,34
1771717892.2132492,45,42,34
1771717892.2135315,45,42,34
1771717892.2137005,45,42,34
1771717892.213867,45,42,34
1771717892.2140403,45,42,34
1771717892.214254,45,42,34
1771717892.214572,45,42,34
1771717892.2147415,45,42,34
1771717892.2149022,45,42,34
1771717892.2150614,45,42,34
1771717892.2152205,45,42,34
1771717892.2154496,45,42,34
1771717892.2157161,45,40,255
1771717892.2159026,45,40,255
1771717892.2161574,45,40,49
1771717892.2163196,45,40,49
1771717892.2165036,45,40,49
1771717892.2166638,45,40,50
1771717892.2168233,45,40,50
1771717892.216983,45,40,50
1771717892.2171679,45,40,50
1771717892.2173579,45,40,50
1771717892.2175653,45,40,50
1771717892.2177262,45,40,50
1771717892.2178843,45,40,50
1771717892.2180429,45,40,50
1771717892.2182324,45,40,50
1771717892.2184114,45,40,50
1771717892.218588,45,40,50
1771717892.21875,45,40,50
1771717892.21891,45,40,50
1771717892.2190907,45,40,50
1771717892.2192552,45,40,50
1771717892.2194345,45,40,51
1771717892.2195923,45,40,51
1771717892.2197511,45,40,51
1771717892.219908,45,40,51
1771717892.2201297,45,40,51
1771717892.2203276,45,40,51
1771717892.2205033,45,40,51
1771717892.220725,45,40,51
1771717892.2209826,45,40,51
1771717892.2212746,45,40,51
1771717892.2215052,45,40,51
1771717892.22173,45,40,51
1771717892.2220144,45,40,51
1771717892.2223945,45,40,51
1771717892.2225718,45,40,51
1771717892.2228587,45,40,51
1771717892.2230349,45,40,51
1771717892.2232082,45,40,52
1771717892.2233768,45,40,52
1771717892.2235422,45,40,52
1771717892.2237408,45,40,52
1771717892.2239256,45,40,52
1771717892.2241235,45,40,52
1771717892.2242916,45,40,52
1771717892.2244554,45,40,52
1771717892.2246213,45,40,52
1771717892.2248201,45,40,52
1771717892.225014,45,40,52
1771717892.2251794,45,40,52
1771717892.2253532,45,40,52
1771717892.2255158,45,40,52
1771717892.2257323,45,40,52
1771717892.2259338,45,40,52
1771717892.2261124,45,40,52
1771717892.2263708,45,40,52
1771717892.2266335,45,40,53
1771717892.2268617,45,40,53
1771717892.2270453,45,40,53
1771717892.2272344,45,40,53
1771717892.2275558,45,40,53
1771717892.2278483,45,40,53
1771717892.2281,45,40,53
1771717892.2284303,45,40,53
1771717892.2286978,45,40,53
1771717892.2289598,45,40,53
1771717892.229257,45,40,53
1771717892.2295892,45,40,53
1771717892.2298467,45,40,53
1771717892.230027,45,40,53
1771717892.2304573,45,40,53
1771717892.230806,45,40,53
1771717892.2311754,45,40,54
1771717892.2313876,45,40,54
1771717892.2316036,45,40,54
1771717892.2317727,45,40,54
1771717892.2319505,45,40,54
1771717892.2321167,45,40,54
1771717892.2322838,45,40,54
1771717892.2324765,45,40,54
1771717892.2326438,45,40,54
1771717892.2328217,45,40,54
1771717892.2330039,45,40,54
1771717892.23396,45,40,54
1771717892.2342124,45,40,54
1771717892.234651,45,40,54
1771717892.2348857,45,40,54
1771717892.235119,45,40,54
1771717892.2380788,45,40,54
1771717892.2382734,45,40,54
1771717892.2385159,45,40,55
1771717892.2386851,45,40,55
1771717892.2388506,45,40,55
1771717892.2421675,45,40,55
1771717892.2423508,45,40,55
1771717892.242719,45,40,55
1771717892.2430007,45,40,55
1771717892.2462444,45,40,55
1771717892.2466772,45,40,55
1771717892.246872,45,40,55
1771717892.2470562,45,40,55
1771717892.2472453,45,40,55
1771717892.2502944,45,40,55
1771717892.2504857,45,40,55
1771717892.2506857,45,40,55
1771717892.2508745,45,40,55
1771717892.2510362,45,40,56
1771717892.2544813,45,40,56
1771717892.2548146,45,40,56
1771717892.2551243,45,40,56
1771717892.2554233,45,40,56
1771717892.2556996,45,40,56
1771717892.2591748,45,40,56
1771717892.2594814,45,40,56
1771717892.259735,45,40,56
1771717892.26004,45,40,56
1771717892.260298,45,40,56
1771717892.2627091,45,40,56
1771717892.262972,45,40,56
1771717892.2632968,45,40,56
1771717892.263554,45,40,56
1771717892.2637389,45,40,56
1771717892.3291435,45,40,56
1771717892.3293233,45,40,56
1771717892.3294911,45,40,57
1771717892.329656,45,40,57
1771717892.329817,45,40,57
1771717892.329979,45,40,57
1771717892.330167,45,40,57
1771717892.330328,45,40,57
1771717892.330497,45,40,57
1771717892.3306587,45,40,57
1771717892.3308208,45,40,57
1771717892.330981,45,40,57
1771717892.331163,45,40,57
1771717892.3313265,45,40,57
1771717892.3314872,45,40,57
1771717892.3316503,45,40,57
1771717892.3318098,45,40,57
1771717892.3319683,45,40,57
1771717892.3321462,45,40,58
1771717892.332305,45,40,58
1771717892.3324685,45,40,58
1771717892.3326285,45,40,58
1771717892.3327882,45,40,58
1771717892.3329487,45,40,58
1771717892.3332236,45,40,58
1771717892.3333814,45,40,58
1771717892.3335385,45,40,58
1771717892.333696,45,40,58
1771717892.333853,45,40,58
1771717892.3340101,45,40,58
1771717892.3341887,45,40,58
1771717892.3343456,45,40,58
1771717892.3345091,45,40,58
1771717892.33467,45,40,58
1771717892.3348277,45,40,58
1771717892.3349855,45,40,59
1771717892.3351655,45,40,59
1771717892.335324,45,40,59
1771717892.335482,45,40,59
1771717892.3356392,45,40,59
1771717892.3357973,45,40,59
1771717892.3359537,45,40,59
1771717892.3361301,45,40,59
1771717892.336288,45,40,59
1771717892.3364468,45,40,59
1771717892.336615,45,40,59
1771717892.3367724,45,40,59
1771717892.336932,45,40,59
1771717892.3372297,45,40,59
1771717892.3374739,45,40,59
1771717892.3377244,45,40,59
1771717892.3379436,45,40,59
1771717892.3382137,45,40,60
1771717892.338443,45,40,60
1771717892.3387213,45,40,60
1771717892.3389258,45,40,60
1771717892.3391802,45,40,60
1771717892.3394332,45,40,60
1771717892.3396592,45,40,60
1771717892.3398995,45,40,60
1771717892.340179,45,40,60
1771717892.3403447,45,40,60
1771717892.3405197,45,40,60
1771717892.340682,45,40,60
1771717892.3408449,45,40,60
1771717892.3410132,45,40,60
1771717892.3411996,45,40,60
1771717892.3413663,45,40,60
1771717892.3415277,45,40,60
1771717892.341689,45,40,61
1771717892.341881,45,40,61
1771717892.3420436,45,40,61
1771717892.3423042,45,40,61
1771717892.342527,45,40,61
1771717892.3426917,45,40,61
1771717892.342855,45,40,61
1771717892.3430178,45,40,61
1771717892.34323,45,40,61
1771717892.3433907,45,40,61
1771717892.343552,45,40,61
1771717892.3437147,45,40,61
1771717892.343877,45,40,61
1771717892.3440404,45,40,61
1771717892.3442361,45,40,61
1771717892.3444092,45,40,61
1771717892.3445816,45,40,61
1771717892.3447428,45,40,61
1771717892.3449028,45,40,62
1771717892.3450627,45,40,62
1771717892.3452647,45,40,62
1771717892.3454263,45,40,62
1771717892.3455873,45,40,62
1771717892.3457475,45,40,62
1771717892.3459089,45,40,62
1771717892.3460977,45,40,62
1771717892.3462586,45,40,62
1771717892.3486056,45,40,62
1771717892.3487754,45,40,62
1771717892.3489413,45,40,62
1771717892.349106,45,40,62
1771717892.349307,45,40,62
1771717892.4111278,45,40,62
1771717892.4113235,45,40,62
1771717892.4115365,45,40,63
1771717892.411705,45,40,63
1771717892.4118717,45,40,63
1771717892.4120376,45,40,63
1771717892.4122043,45,40,63
1771717892.4123707,45,40,63
1771717892.41257,45,40,63
1771717892.412738,45,40,63
1771717892.4129052,45,40,63
1771717892.413076,45,40,63
1771717892.4132416,45,40,63
1771717892.413409,45,40,63
1771717892.4136052,45,40,63
1771717892.41377,45,40,63
1771717892.4139478,45,40,63
1771717892.4141157,45,40,63
1771717892.4142787,45,40,63
1771717892.4144416,45,40,63
1771717892.4146252,45,40,64
1771717892.4147892,45,40,64
1771717892.4149501,45,40,64
1771717892.4151168,45,40,64
1771717892.415277,45,40,64
1771717892.4154396,45,40,64
1771717892.415734,45,40,64
1771717892.4159796,45,40,64
1771717892.4162092,45,40,64
1771717892.4164467,45,40,64
1771717892.4166834,45,40,64
1771717892.4168484,45,40,64
1771717892.417063,45,40,64
1771717892.4172266,45,40,64
1771717892.4173937,45,40,64
1771717892.4175878,45,40,64
1771717892.417777,45,40,65
1771717892.4180129,45,40,65
1771717892.4182441,45,40,65
1771717892.4184575,45,40,65
1771717892.4187477,45,40,65
1771717892.4190052,45,40,65
1771717892.41925,45,40,65
1771717892.4194133,45,40,65
1771717892.4196038,45,40,65
1771717892.4197674,45,40,65
1771717892.419928,45,40,65
1771717892.4200926,45,40,65
1771717892.4202526,45,40,65
1771717892.420412,45,40,65
1771717892.4205987,45,40,65
1771717892.4207602,45,40,65
1771717892.4209247,45,40,65
1771717892.4210956,45,40,66
1771717892.421257,45,40,66
1771717892.4214168,45,40,66
1771717892.4216046,45,40,66
1771717892.4217756,45,40,66
1771717892.4219823,45,40,66
1771717892.422144,45,40,66
1771717892.422305,45,40,66
1771717892.4224668,45,40,66
1771717892.4226599,45,40,66
1771717892.4228213,45,40,66
1771717892.4229872,45,40,66
1771717892.423158,45,40,66
1771717892.4233186,45,40,66
1771717892.4234798,45,40,66
1771717892.423687,45,40,66
1771717892.4238505,45,40,66
1771717892.424014,45,40,67
1771717892.424174,45,40,67
1771717892.4243343,45,40,67
1771717892.4245167,45,40,67
1771717892.4246771,45,40,67
1771717892.4248376,45,40,67
1771717892.424997,45,40,67
1771717892.4251654,45,40,67
1771717892.425326,45,40,67
1771717892.4254854,45,40,67
1771717892.4256647,45,40,67
1771717892.4258242,45,40,67
1771717892.4259834,45,40,67
1771717892.4261434,45,40,67
1771717892.4263036,45,40,67
1771717892.426463,45,40,67
1771717892.4266527,45,40,67
1771717892.4268157,45,40,68
1771717892.426976,45,40,68
1771717892.427142,45,40,68
1771717892.4273014,45,40,68
1771717892.430509,45,40,68
1771717892.4306798,45,40,68
1771717892.4308748,45,40,68
1771717892.4310896,45,40,68
1771717892.4313395,45,40,68
1771717892.434602,45,40,68
1771717892.4347782,45,40,68
1771717892.4349465,45,40,68
1771717892.4351141,45,40,68
1771717892.4352808,45,40,68
1771717892.4388134,45,40,68
1771717892.4391124,45,40,68
1771717892.4392936,45,40,68
1771717892.4394548,45,40,69
1771717892.4427352,45,40,69
1771717892.4431703,45,40,69
1771717892.4434726,45,40,69
1771717892.4437711,45,40,69
1771717892.444049,45,40,69
1771717892.4468324,45,40,69
1771717892.4470334,45,40,69
1771717892.4472957,45,40,69
1771717892.447615,45,40,69
1771717892.447796,45,40,69
1771717892.4511037,45,40,69
1771717892.4514318,45,40,69
1771717892.451734,45,40,69
1771717892.4520288,45,40,69
1771717892.4523225,45,40,69
1771717892.4552724,45,40,69
1771717892.4555767,45,40,70
1771717892.4558673,45,40,70
1771717892.4560664,45,40,70
1771717892.4562237,45,40,70
1771717892.459486,45,40,70
1771717892.4597962,45,40,70
1771717892.460181,45,40,70
1771717892.4604769,45,40,70
1771717892.4607651,45,40,70
1771717892.5165975,45,40,70
1771717892.516796,45,40,70
1771717892.5169718,45,40,70
1771717892.5171406,45,40,70
1771717892.517308,45,40,70
1771717892.5175009,45,40,70
1771717892.5176702,45,40,70
1771717892.5178375,45,40,71
1771717892.518005,45,40,71
1771717892.5181942,45,40,71
1771717892.5183659,45,40,71
1771717892.5185714,45,40,71
1771717892.5187466,45,40,71
1771717892.5189083,45,40,71
1771717892.5190735,45,40,71
1771717892.5192397,45,40,71
1771717892.5194068,45,40,71
1771717892.5195978,45,40,71
1771717892.5197616,45,40,71
1771717892.519926,45,40,71
1771717892.5200896,45,40,71
1771717892.5202582,45,40,71
1771717892.520423,45,40,71
1771717892.5206118,45,40,71
1771717892.5207858,45,40,71
1771717892.520952,45,40,72
1771717892.521114,45,40,72
1771717892.5212762,45,40,72
1771717892.5214374,45,40,72
1771717892.5216298,45,40,72
1771717892.5217912,45,40,72
1771717892.5219936,45,40,72
1771717892.5221765,45,40,72
1771717892.52235,45,40,72
1771717892.5225363,45,40,72
1771717892.5226974,45,40,72
1771717892.5228596,45,40,72
1771717892.5230212,45,40,72
1771717892.5231829,45,40,72
1771717892.5233443,45,40,72
1771717892.5235348,45,40,72
1771717892.523697,45,40,73
1771717892.5238585,45,40,73
1771717892.5240443,45,40,73
1771717892.524269,45,40,73
1771717892.5244765,45,40,73
1771717892.524711,45,40,73
1771717892.5249379,45,40,73
1771717892.525123,45,40,73
1771717892.525286,45,40,73
1771717892.5255702,45,40,73
1771717892.5257843,45,40,73
1771717892.525949,45,40,73
1771717892.5261097,45,40,73
1771717892.5262778,45,40,73
1771717892.526437,45,40,73
1771717892.5266342,45,40,73
1771717892.5267944,45,40,73
1771717892.5269537,45,40,73
1771717892.5271122,45,40,74
1771717892.5272696,45,40,74
1771717892.5274289,45,40,74
1771717892.5276136,45,40,74
1771717892.5277724,45,40,74
1771717892.5279343,45,40,74
1771717892.5280955,45,40,74
1771717892.5283108,45,40,74
1771717892.5284705,45,40,74
1771717892.5286546,45,40,74
1771717892.5288134,45,40,74
1771717892.5289726,45,40,74
1771717892.5291302,45,40,74
1771717892.5292876,45,40,74
1771717892.5294454,45,40,74
1771717892.529625,45,40,74
1771717892.5297828,45,40,74
1771717892.5299394,45,40,75
1771717892.5301018,45,40,75
1771717892.5302591,45,40,75
1771717892.5304215,45,40,75
1771717892.530625,45,40,75
1771717892.5327983,45,40,75
1771717892.53299,45,40,75
1771717892.5331786,45,40,75
1771717892.5333693,45,40,75
1771717892.5335968,45,40,75
1771717892.5369487,45,40,75
1771717892.5372422,45,40,75
1771717892.5375347,45,40,75
1771717892.5377502,45,40,75
1771717892.5379076,45,40,75
1771717892.5411777,45,40,75
1771717892.541447,45,40,75
1771717892.541764,45,40,76
1771717892.542022,45,40,76
1771717892.5422912,45,40,76
1771717892.5453496,45,40,76
1771717892.5457082,45,40,76
1771717892.5460389,45,40,76
1771717892.5464573,45,40,76
1771717892.546635,45,40,76
1771717892.6131387,45,40,76
1771717892.6133294,45,40,76
1771717892.6135452,45,40,76
1771717892.613714,45,40,76
1771717892.613878,45,40,76
1771717892.6140418,45,40,76
1771717892.614207,45,40,76
1771717892.6143718,45,40,76
1771717892.6146073,45,40,76
1771717892.6147702,45,40,77
1771717892.614933,45,40,77
1771717892.6150959,45,40,77
1771717892.6152592,45,40,77
1771717892.6154435,45,40,77
1771717892.6156063,45,40,77
1771717892.6157684,45,40,77
1771717892.6159306,45,40,77
1771717892.6160924,45,40,77
1771717892.6162546,45,40,77
1771717892.6164408,45,40,77
1771717892.616603,45,40,77
1771717892.6167653,45,40,77
1771717892.6169264,45,40,77
1771717892.6170876,45,40,77
1771717892.617249,45,40,77
1771717892.6174114,45,40,78
1771717892.6175895,45,40,78
1771717892.6177518,45,40,78
1771717892.6179128,45,40,78
1771717892.6180754,45,40,78
1771717892.6182377,45,40,78
1771717892.6183994,45,40,78
1771717892.6185825,45,40,78
1771717892.6187444,45,40,78
1771717892.6189055,45,40,78
1771717892.619073,45,40,78
1771717892.6192346,45,40,78
1771717892.6194327,45,40,78
1771717892.6195955,45,40,78
1771717892.619756,45,40,78
1771717892.6199205,45,40,78
1771717892.6200855,45,40,78
1771717892.6202507,45,40,78
1771717892.6204665,45,40,79
1771717892.6209092,45,40,79
1771717892.621179,45,40,79
1771717892.6214383,45,40,79
1771717892.6217117,45,40,79
1771717892.6219242,45,40,79
1771717892.6221366,45,40,79
1771717892.6223924,45,40,79
1771717892.6226099,45,40,79
1771717892.6227741,45,40,79
1771717892.6229358,45,40,79
1771717892.623099,45,40,79
1771717892.6232622,45,40,79
1771717892.6234436,45,40,79
1771717892.6236427,45,40,79
1771717892.6238039,45,40,79
1771717892.6239653,45,40,80
1771717892.624128,45,40,80
1771717892.6242952,45,40,80
1771717892.624455,45,40,80
1771717892.6246347,45,40,80
1771717892.6247938,45,40,80
1771717892.624955,45,40,80
1771717892.625115,45,40,80
1771717892.6252763,45,40,80
1771717892.6254334,45,40,80
1771717892.6256113,45,40,80
1771717892.6257696,45,40,80
1771717892.6259286,45,40,80
1771717892.6260872,45,40,80
1771717892.6262507,45,40,80
1771717892.6264074,45,40,80
1771717892.626678,45,40,80
1771717892.6268723,45,40,80
1771717892.62704,45,40,81
1771717892.6271973,45,40,81
1771717892.627354,45,40,81
1771717892.6275167,45,40,81
1771717892.6277156,45,40,81
1771717892.6278741,45,40,81
1771717892.6280394,45,40,81
1771717892.6282012,45,40,81
1771717892.6283588,45,40,81
1771717892.6285162,45,40,81
1771717892.628701,45,40,81
1771717892.6288579,45,40,81
1771717892.6290147,45,40,81
1771717892.6291726,45,40,81
1771717892.629329,45,40,81
1771717892.629486,45,40,81
1771717892.6296682,45,40,82
1771717892.6298254,45,40,82
1771717892.6299932,45,40,82
1771717892.631188,45,40,82
1771717892.6313474,45,40,82
1771717892.631505,45,40,82
1771717892.6316862,45,40,82
1771717892.6318433,45,40,82
1771717892.6353643,45,40,82
1771717892.6355686,45,40,82
1771717892.635769,45,40,82
1771717892.6359575,45,40,82
1771717892.6392796,45,40,82
1771717892.6394796,45,40,82
1771717892.6396434,45,40,82
1771717892.639804,45,40,82
1771717892.639967,45,40,82
1771717892.6434975,45,40,82
1771717892.6436992,45,40,83
1771717892.6439006,45,40,83
1771717892.6440952,45,40,83
1771717892.6442857,45,40,83
1771717892.6475234,45,40,83
1771717892.6476948,45,40,83
1771717892.6479099,45,40,83
1771717892.6482146,45,40,83
1771717892.6485643,45,40,83
1771717892.6516993,45,40,83
1771717892.6519134,45,40,83
1771717892.65215,45,40,83
1771717892.6523497,45,40,83
1771717892.6525493,45,40,83
1771717892.6559446,45,40,83
1771717892.6562471,45,40,83
1771717892.6564877,45,40,84
1771717892.6566505,45,40,84
1771717892.659745,45,40,84
1771717892.6599789,45,40,84
1771717892.6602821,45,40,84
1771717892.6606042,45,40,84
1771717892.6609492,45,40,84
1771717892.663941,45,40,84
1771717892.664245,45,40,84
1771717892.6645412,45,40,84
1771717892.6648326,45,40,84
1771717892.6650276,45,40,84
1771717892.6680303,45,40,84
1771717892.6683424,45,40,84
1771717892.6686406,45,40,84
1771717892.6689289,45,40,84
1771717892.669283,45,40,84
1771717892.672305,45,40,85
1771717892.67261,45,40,85
1771717892.6729004,45,40,85
1771717892.6731856,45,40,85
1771717892.6733682,45,40,85
1771717892.6764505,45,40,85
1771717892.6767652,45,40,85
1771717892.6769664,45,40,85
1771717892.6771257,45,40,85
1771717892.6772838,45,40,85
1771717892.744368,45,40,85
1771717892.7445595,45,40,85
1771717892.7447286,45,40,85
1771717892.7448964,45,40,85
1771717892.745095,45,40,85
1771717892.745259,45,40,85
1771717892.7454216,45,40,85
1771717892.745584,45,40,85
1771717892.7457597,45,40,86
1771717892.7459598,45,40,86
1771717892.746123,45,40,86
1771717892.7462878,45,40,86
1771717892.7464507,45,40,86
1771717892.746614,45,40,86
1771717892.7467763,45,40,86
1771717892.7469645,45,40,86
1771717892.7471263,45,40,86
1771717892.7472868,45,40,86
1771717892.7474473,45,40,86
1771717892.7476068,45,40,86
1771717892.7477717,45,40,86
1771717892.7479594,45,40,86
1771717892.74812,45,40,86
1771717892.7482812,45,40,86
1771717892.7484405,45,40,87
1771717892.7486007,45,40,87
1771717892.748762,45,40,87
1771717892.7489474,45,40,87
1771717892.7491076,45,40,87
1771717892.7492678,45,40,87
1771717892.7494261,45,40,87
1771717892.7495863,45,40,87
1771717892.7499998,45,40,87
1771717892.750407,45,40,87
1771717892.750746,45,40,87
1771717892.7510674,45,40,87
1771717892.7513216,45,40,87
1771717892.7515092,45,40,87
1771717892.7516692,45,40,87
1771717892.7518547,45,40,87
1771717892.752013,45,40,87
1771717892.7521715,45,40,87
1771717892.7523327,45,40,88
1771717892.752514,45,40,88
1771717892.7526734,45,40,88
1771717892.7528334,45,40,88
1771717892.7529936,45,40,88
1771717892.7531538,45,40,88
1771717892.7534416,45,40,88
1771717892.7536016,45,40,88
1771717892.753761,45,40,88
1771717892.7539186,45,40,88
1771717892.7540865,45,40,88
1771717892.7542462,45,40,88
1771717892.754429,45,40,88
1771717892.7545865,45,40,88
1771717892.7547686,45,40,88
1771717892.7549672,45,40,88
1771717892.7551267,45,40,89
1771717892.755285,45,40,89
1771717892.7554758,45,40,89
1771717892.7556334,45,40,89
1771717892.7557902,45,40,89
1771717892.7559478,45,40,89
1771717892.756105,45,40,89
1771717892.756264,45,40,89
1771717892.7564454,45,40,89
1771717892.7566025,45,40,89
1771717892.7567606,45,40,89
1771717892.7569454,45,40,89
1771717892.7571054,45,40,89
1771717892.7574694,45,40,89
1771717892.7576814,45,40,89
1771717892.7578444,45,40,89
1771717892.7580042,45,40,89
1771717892.7581637,45,40,90
1771717892.758324,45,40,90
1771717892.7585204,45,40,90
1771717892.7586815,45,40,90
1771717892.7588398,45,40,90
1771717892.7589993,45,40,90
1771717892.759163,45,40,90
1771717892.7593215,45,40,90
1771717892.7595127,45,40,90
1771717892.75967,45,40,90
1771717892.7598288,45,40,90
1771717892.7599895,45,40,90
1771717892.7601478,45,40,90
1771717892.7603064,45,40,90
1771717892.7605805,45,40,90
1771717892.7612257,45,40,90
1771717892.7621126,45,40,90
1771717892.7623239,45,40,91
1771717892.7625241,45,40,91
1771717892.7626853,45,40,91
1771717892.7628443,45,40,91
1771717892.7630248,45,40,91
1771717892.7631834,45,40,91
1771717892.7633405,45,40,91
1771717892.7635055,45,40,91
1771717892.763663,45,40,91
1771717892.7664263,45,40,91
1771717892.7665956,45,40,91
1771717892.7667596,45,40,91
1771717892.766933,45,40,91
1771717892.7703326,45,40,91
1771717892.770712,45,40,91
1771717892.7710068,45,40,91
1771717892.7713041,45,40,91
1771717892.7716024,45,40,92
1771717892.7747574,45,40,92
1771717892.7749887,45,40,92
1771717892.7753332,45,40,92
1771717892.7755344,45,40,92
1771717892.7757323,45,40,92
1771717892.7787526,45,40,92
1771717892.7790034,45,40,92
1771717892.7791903,45,40,92
1771717892.779421,45,40,92
1771717892.779582,45,40,92
1771717892.7828887,45,40,92
1771717892.7832074,45,40,92
1771717892.783573,45,40,92
1771717892.783781,45,40,92
1771717892.783956,45,40,92
1771717892.7869632,45,40,92
1771717892.7872663,45,40,93
1771717892.787638,45,40,93
1771717892.7879467,45,40,93
1771717892.7908502,45,40,93
1771717892.7911286,45,40,93
1771717892.791397,45,40,93
1771717892.7916205,45,40,93
1771717892.791847,45,40,93
1771717892.7950613,45,40,93
1771717892.7952423,45,40,93
1771717892.795408,45,40,93
1771717892.7955728,45,40,93
1771717892.7957845,45,40,93
1771717892.7990975,45,40,93
1771717892.799291,45,40,93
1771717892.7995915,45,40,93
1771717892.799887,45,40,93
1771717892.8001838,45,40,94
1771717892.8033798,45,40,94
1771717892.8037908,45,40,94
1771717892.8040938,45,40,94
1771717892.804267,45,40,94
1771717892.804431,45,40,94
1771717892.807382,45,40,94
1771717892.807563,45,40,94
1771717892.8078773,45,40,94
1771717892.8081658,45,40,94
1771717892.8084552,45,40,94
1771717892.8693705,45,40,94
1771717892.8695586,45,40,94
1771717892.8697765,45,40,94
1771717892.8699405,45,40,94
1771717892.8701034,45,40,94
1771717892.8702667,45,40,94
1771717892.870429,45,40,94
1771717892.8705926,45,40,95
1771717892.870962,45,40,95
1771717892.8713014,45,40,95
1771717892.8716202,45,40,95
1771717892.8719158,45,40,95
1771717892.8722057,45,40,95
1771717892.8725216,45,40,95
1771717892.872686,45,40,95
1771717892.872857,45,40,95
1771717892.8730476,45,40,95
1771717892.873221,45,40,95
1771717892.8733819,45,40,95
1771717892.8735867,45,40,95
1771717892.8737466,45,40,95
1771717892.8739066,45,40,95
1771717892.8740666,45,40,95
1771717892.87423,45,40,96
1771717892.8743908,45,40,96
1771717892.8745866,45,40,96
1771717892.8747466,45,40,96
1771717892.87491,45,40,96
1771717892.8750708,45,40,96
1771717892.875228,45,40,96
1771717892.8753881,45,40,96
1771717892.875613,45,40,96
1771717892.8758318,45,40,96
1771717892.876045,45,40,96
1771717892.8762088,45,40,96
1771717892.8763702,45,40,96
1771717892.8765898,45,40,96
1771717892.876747,45,40,96
1771717892.876917,45,40,96
1771717892.8770747,45,40,97
1771717892.8772364,45,40,97
1771717892.8773956,45,40,97
1771717892.877601,45,40,97
1771717892.87776,45,40,97
1771717892.877918,45,40,97
1771717892.8780754,45,40,97
1771717892.878232,45,40,97
1771717892.8783886,45,40,97
1771717892.8785722,45,40,97
1771717892.8787298,45,40,97
1771717892.8788922,45,40,97
1771717892.8790514,45,40,97
1771717892.8792105,45,40,97
1771717892.8793702,45,40,97
1771717892.8795533,45,40,97
1771717892.8797114,45,40,97
1771717892.8798702,45,40,97
1771717892.8800275,45,40,98
1771717892.880221,45,40,98
1771717892.880402,45,40,98
1771717892.880603,45,40,98
1771717892.8807616,45,40,98
1771717892.880927,45,40,98
1771717892.881089,45,40,98
1771717892.881247,45,40,98
1771717892.8814085,45,40,98
1771717892.8815928,45,40,98
1771717892.88175,45,40,98
1771717892.8819075,45,40,98
1771717892.8820643,45,40,98
1771717892.8823628,45,40,98
1771717892.8826926,45,40,98
1771717892.8829317,45,40,98
1771717892.883187,45,40,98
1771717892.883358,45,40,99
1771717892.883553,45,40,99
1771717892.8837152,45,40,99
1771717892.8838813,45,40,99
1771717892.8840435,45,40,99
1771717892.8842058,45,40,99
1771717892.8843675,45,40,99
1771717892.8845537,45,40,99
1771717892.8847146,45,40,99
1771717892.8848827,45,40,99
1771717892.8850436,45,40,99
1771717892.8852046,45,40,99
1771717892.8853643,45,40,99
1771717892.8855565,45,40,99
1771717892.8857164,45,40,99
1771717892.8858767,45,40,99
1771717892.8860364,45,40,99
1771717892.889306,45,40,100
1771717892.8895307,45,40,100
1771717892.889746,45,40,100
1771717892.8899548,45,40,100
1771717892.8932846,45,40,100
1771717892.893657,45,40,100
1771717892.893981,45,40,100
1771717892.8941946,45,40,100
1771717892.894368,45,40,100
1771717892.897739,45,40,100
1771717892.8980725,45,40,100
1771717892.8983917,45,40,100
1771717892.8988934,45,40,100
1771717892.90161,45,40,100
1771717892.9020267,45,40,100
1771717892.9023545,45,40,101
1771717892.9025688,45,40,101
1771717892.9055064,45,40,101
1771717892.9057846,45,40,101
1771717892.9059963,45,40,101
1771717892.9062097,45,40,101
1771717892.9064193,45,40,101
1771717892.909861,45,40,101
1771717892.9100482,45,40,101
1771717892.9102423,45,40,101
1771717892.9104164,45,40,101
1771717892.9143815,45,40,101
1771717892.9146721,45,40,101
1771717892.914885,45,40,101
1771717892.9151223,45,40,101
1771717892.9153104,45,40,101
1771717892.978255,45,40,102
1771717892.978509,45,40,102
1771717892.9786952,45,40,102
1771717892.9788742,45,40,102
1771717892.9790518,45,40,102
1771717892.9792337,45,40,102
1771717892.9794374,45,40,102
1771717892.9796162,45,40,102
1771717892.9797945,45,40,102
1771717892.979971,45,40,102
1771717892.9801476,45,40,102
1771717892.9803588,45,40,102
1771717892.9805393,45,40,102
1771717892.9807167,45,40,102
1771717892.9808927,45,40,102
1771717892.9810717,45,40,103
1771717892.9812558,45,40,103
1771717892.9814546,45,40,103
1771717892.981632,45,40,103
1771717892.981809,45,40,103
1771717892.9819875,45,40,103
1771717892.9821658,45,40,103
1771717892.9823666,45,40,103
1771717892.9825444,45,40,103
1771717892.982721,45,40,103
1771717892.982901,45,40,103
1771717892.9830773,45,40,103
1771717892.983431,45,40,103
1771717892.9837747,45,40,103
1771717892.9840732,45,40,103
1771717892.984256,45,40,104
1771717892.9844708,45,40,104
1771717892.984674,45,40,104
1771717892.9848492,45,40,104
1771717892.9850366,45,40,104
1771717892.985216,45,40,104
1771717892.9854193,45,40,104
1771717892.9855983,45,40,104
1771717892.9857762,45,40,104
1771717892.9859548,45,40,104
1771717892.9861355,45,40,104
1771717892.9863524,45,40,104
1771717892.9865313,45,40,104
1771717892.9867084,45,40,104
1771717892.9868941,45,40,104
1771717892.9870732,45,40,104
1771717892.9872446,45,40,105
1771717892.98744,45,40,105
1771717892.9876149,45,40,105
1771717892.9877877,45,40,105
1771717892.9879608,45,40,105
1771717892.9881349,45,40,105
1771717892.9883347,45,40,105
1771717892.9885077,45,40,105
1771717892.988763,45,40,105
1771717892.9889393,45,40,105
1771717892.9891202,45,40,105
1771717892.9892921,45,40,105
1771717892.9895022,45,40,105
1771717892.9896748,45,40,105
1771717892.9898467,45,40,105
1771717892.9900196,45,40,106
1771717892.9901993,45,40,106
1771717892.9903946,45,40,106
1771717892.9905658,45,40,106
1771717892.9907393,45,40,106
1771717892.9909143,45,40,106
1771717892.9910898,45,40,106
1771717892.9912753,45,40,106
1771717892.9916177,45,40,106
1771717892.991875,45,40,106
1771717892.9921336,45,40,106
1771717892.9924235,45,40,106
1771717892.9927087,45,40,106
1771717892.9928946,45,40,106
1771717892.993077,45,40,106
1771717892.993359,45,40,106
1771717892.9935367,45,40,107
1771717892.9937093,45,40,107
1771717892.9938867,45,40,107
1771717892.9940586,45,40,107
1771717892.9942307,45,40,107
1771717892.9944396,45,40,107
1771717892.9957407,45,40,107
1771717892.9959164,45,40,107
1771717892.9960887,45,40,107
1771717892.9962602,45,40,107
1771717892.999832,45,40,107
1771717893.00014,45,40,107
1771717893.0004487,45,40,107
1771717893.0007532,45,40,107
1771717893.0038574,45,40,107
1771717893.0043437,45,40,108
1771717893.004773,45,40,108
1771717893.0050995,45,40,108
1771717893.0054276,45,40,108
1771717893.0080366,45,40,108
1771717893.0082219,45,40,108
1771717893.0083957,45,40,108
1771717893.0086038,45,40,108
1771717893.012027,45,40,108
1771717893.0122104,45,40,108
1771717893.0123904,45,40,108
1771717893.0125678,45,40,108
1771717893.0127912,45,40,108
1771717893.082101,45,40,108
1771717893.0823357,45,40,108
1771717893.0825253,45,40,109
1771717893.0827658,45,40,109
1771717893.0829768,45,40,109
1771717893.0833185,45,40,109
1771717893.0835013,45,40,109
1771717893.0836813,45,40,109
1771717893.0839126,45,40,109
1771717893.0841098,45,40,109
1771717893.0842905,45,40,109
1771717893.0844724,45,40,109
1771717893.0846515,45,40,109
1771717893.0848598,45,40,109
1771717893.085041,45,40,109
1771717893.085225,45,40,109
1771717893.0854068,45,40,109
1771717893.085588,45,40,109
1771717893.0858471,45,40,110
1771717893.0860288,45,40,110
1771717893.0872262,45,40,110
1771717893.0876062,45,40,110
1771717893.0878592,45,40,110
1771717893.0881042,45,40,110
1771717893.088346,45,40,110
1771717893.088583,45,40,110
1771717893.088767,45,40,110
1771717893.0889413,45,40,110
1771717893.0891566,45,40,110
1771717893.0893347,45,40,110
1771717893.089535,45,40,110
1771717893.0897112,45,40,110
1771717893.0898857,45,40,110
1771717893.0900621,45,40,111
1771717893.0902388,45,40,111
1771717893.0904133,45,40,111
1771717893.0906217,45,40,111
1771717893.0908048,45,40,111
1771717893.09098,45,40,111
1771717893.091155,45,40,111
1771717893.0913289,45,40,111
1771717893.0915287,45,40,111
1771717893.0917006,45,40,111
1771717893.091873,45,40,111
1771717893.0920453,45,40,111
1771717893.0922716,45,40,111
1771717893.0925279,45,40,111
1771717893.092765,45,40,111
1771717893.0930126,45,40,111
1771717893.0932286,45,40,112
1771717893.093402,45,40,112
1771717893.093623,45,40,112
1771717893.0937955,45,40,112
1771717893.093974,45,40,112
1771717893.0941482,45,40,112
1771717893.09432,45,40,112
1771717893.0945418,45,40,112
1771717893.0947273,45,40,112
1771717893.0948987,45,40,112
1771717893.0950708,45,40,112
1771717893.0952413,45,40,112
1771717893.0954132,45,40,112
1771717893.095615,45,40,112
1771717893.0957866,45,40,112
1771717893.0959585,45,40,113
1771717893.096135,45,40,113
1771717893.0963063,45,40,113
1771717893.0965147,45,40,113
1771717893.096692,45,40,113
1771717893.0968637,45,40,113
1771717893.0970342,45,40,113
1771717893.0972068,45,40,113
1771717893.0973809,45,40,113
1771717893.0975735,45,40,113
1771717893.0977454,45,40,113
1771717893.0979161,45,40,113
1771717893.0980883,45,40,113
1771717893.0982642,45,40,113
1771717893.0984612,45,40,113
1771717893.0986364,45,40,113
1771717893.0988133,45,40,114
1771717893.098985,45,40,114
1771717893.0991566,45,40,114
1771717893.099328,45,40,114
1771717893.0995224,45,40,114
1771717893.0996935,45,40,114
1771717893.0998645,45,40,114
1771717893.1000357,45,40,114
1771717893.1002092,45,40,114
1771717893.1003828,45,40,114
1771717893.1005914,45,40,114
1771717893.102087,45,40,114
1771717893.1023405,45,40,114
1771717893.102656,45,40,114
1771717893.1029503,45,40,114
1771717893.1031885,45,40,115
1771717893.106353,45,40,115
1771717893.1065576,45,40,115
1771717893.1068,45,40,115
1771717893.1070054,45,40,115
1771717893.1103766,45,40,115
1771717893.1106975,45,40,115
1771717893.1110153,45,40,115
1771717893.1113374,45,40,115
1771717893.1115096,45,40,115
1771717893.1648297,45,40,115
1771717893.1650717,45,40,115
1771717893.1658752,45,40,115
1771717893.166232,45,40,115
1771717893.1665602,45,40,115
1771717893.1668875,45,40,116
1771717893.1671305,45,40,116
1771717893.1674147,45,40,116
1771717893.1677504,45,40,116
1771717893.168019,45,40,116
1771717893.1682944,45,40,116
1771717893.168567,45,40,116
1771717893.168889,45,40,116
1771717893.1691186,45,40,116
1771717893.1693609,45,40,116
1771717893.1695352,45,40,116
1771717893.1697457,45,40,116
1771717893.1699264,45,40,116
1771717893.1701193,45,40,116
1771717893.1702967,45,40,116
1771717893.170473,45,40,116
1771717893.1708138,45,40,117
1771717893.1710582,45,40,117
1771717893.1712887,45,40,117
1771717893.1715174,45,40,117
1771717893.17179,45,40,117
1771717893.172024,45,40,117
1771717893.1722522,45,40,117
1771717893.172479,45,40,117
1771717893.172698,45,40,117
1771717893.1728797,45,40,117
1771717893.1731749,45,40,117
1771717893.1733508,45,40,117
1771717893.173527,45,40,117
1771717893.173724,45,40,117
1771717893.1738987,45,40,117
1771717893.1740935,45,40,118
1771717893.1742668,45,40,118
1771717893.1744437,45,40,118
1771717893.1746166,45,40,118
1771717893.1748166,45,40,118
1771717893.1750674,45,40,118
1771717893.1752448,45,40,118
1771717893.175419,45,40,118
1771717893.1755927,45,40,118
1771717893.17582,45,40,118
1771717893.1760893,45,40,118
1771717893.176288,45,40,118
1771717893.1764674,45,40,118
1771717893.176645,45,40,118
1771717893.176857,45,40,118
1771717893.177063,45,40,118
1771717893.1772408,45,40,119
1771717893.1774185,45,40,119
1771717893.1775963,45,40,119
1771717893.1778002,45,40,119
1771717893.1780148,45,40,119
1771717893.1781921,45,40,119
1771717893.1783686,45,40,119
1771717893.1785455,45,40,119
1771717893.178745,45,40,119
1771717893.1789353,45,40,119
1771717893.1791222,45,40,119
1771717893.179299,45,40,119
1771717893.1794758,45,40,119
1771717893.1796875,45,40,119
1771717893.1798754,45,40,119
1771717893.1805675,45,40,120
1771717893.1808822,45,40,120
1771717893.1810632,45,40,120
1771717893.181275,45,40,120
1771717893.1814537,45,40,120
1771717893.1816287,45,40,120
1771717893.181814,45,40,120
1771717893.1841898,45,40,120
1771717893.184376,45,40,120
1771717893.184551,45,40,120
1771717893.184727,45,40,120
1771717893.1882827,45,40,120
1771717893.1886249,45,40,120
1771717893.189014,45,40,120
1771717893.189255,45,40,120
1771717893.1894763,45,40,120
1771717893.192578,45,42,235
1771717893.1929212,45,42,106
1771717893.1933153,45,42,106
1771717893.19364,45,42,106
1771717893.1966097,45,42,106
1771717893.1970322,45,42,106
1771717893.1973634,45,42,106
1771717893.197692,45,42,106
1771717893.2005394,45,42,106
1771717893.2009408,45,42,106
1771717893.2012732,45,42,106
1771717893.2014513,45,42,106
1771717893.201633,45,42,106
1771717893.204789,45,42,106
1771717893.2051501,45,42,106
1771717893.2053342,45,42,106
1771717893.2055137,45,42,106
1771717893.208811,45,42,106
1771717893.209141,45,42,106
1771717893.2095163,45,42,106
1771717893.2097466,45,42,106
1771717893.2099204,45,42,106
1771717893.2687137,45,42,106
1771717893.268964,45,42,107
1771717893.2691498,45,42,107
1771717893.2693431,45,42,107
1771717893.2695215,45,42,107
1771717893.2696989,45,42,107
1771717893.2699003,45,42,107
1771717893.2700782,45,42,107
1771717893.2702563,45,42,107
1771717893.270441,45,42,107
1771717893.2706325,45,42,107
1771717893.2709634,45,42,107
1771717893.2712064,45,42,107
1771717893.271448,45,42,107
1771717893.2716944,45,42,107
1771717893.2719977,45,42,107
1771717893.2722533,45,42,107
1771717893.272533,45,42,107
1771717893.2728486,45,42,107
1771717893.2731159,45,42,107
1771717893.2733872,45,42,107
1771717893.2736444,45,42,107
1771717893.2739613,45,42,107
1771717893.2742171,45,42,107
1771717893.2744782,45,42,108
1771717893.2747288,45,42,108
1771717893.2752333,45,42,108
1771717893.27585,45,42,108
1771717893.2764175,45,42,108
1771717893.2768226,45,42,108
1771717893.2771177,45,42,108
1771717893.2774472,45,42,108
1771717893.277699,45,42,108
1771717893.277956,45,42,108
1771717893.2782,45,42,108
1771717893.2785017,45,42,108
1771717893.2786915,45,42,108
1771717893.2788727,45,42,108
1771717893.2790549,45,42,108
1771717893.2792387,45,42,108
1771717893.2794585,45,42,108
1771717893.2796416,45,42,108
1771717893.2798302,45,42,108
1771717893.2800114,45,42,108
1771717893.280191,45,42,108
1771717893.2803946,45,42,108
1771717893.2805738,45,42,108
1771717893.2807517,45,42,109
1771717893.2809348,45,42,109
1771717893.2811098,45,42,109
1771717893.281285,45,42,109
1771717893.2814832,45,42,109
1771717893.2816606,45,42,109
1771717893.281845,45,42,109
1771717893.2820194,45,42,109
1771717893.2821946,45,42,109
1771717893.282393,45,42,109
1771717893.2825687,45,42,109
1771717893.2827442,45,42,109
1771717893.2829204,45,42,109
1771717893.283095,45,42,109
1771717893.2832725,45,42,109
1771717893.2834718,45,42,109
1771717893.2836473,45,42,109
1771717893.283829,45,42,109
1771717893.2840104,45,42,109
1771717893.2841868,45,42,109
1771717893.2843866,45,42,109
1771717893.284562,45,42,109
1771717893.2847369,45,42,109
1771717893.2849152,45,42,110
1771717893.285091,45,42,110
1771717893.285266,45,42,110
1771717893.2854657,45,42,110
1771717893.285643,45,42,110
1771717893.2858248,45,42,110
1771717893.2860026,45,42,110
1771717893.2861826,45,42,110
1771717893.2864408,45,42,110
1771717893.2866192,45,42,110
1771717893.286794,45,42,110
1771717893.28697,45,42,110
1771717893.287144,45,42,110
1771717893.2907932,45,42,110
1771717893.2911012,45,42,110
1771717893.2918391,45,42,110
1771717893.292229,45,42,110
1771717893.2949262,45,42,110
1771717893.2951593,45,42,110
1771717893.295372,45,42,110
1771717893.2955835,45,42,110
1771717893.298681,45,42,110
1771717893.2988667,45,42,110
1771717893.299057,45,42,110
1771717893.2992392,45,42,111
1771717893.2994432,45,42,111
1771717893.3030105,45,42,111
1771717893.303354,45,42,111
1771717893.3036609,45,42,111
1771717893.303965,45,42,111
1771717893.3070648,45,42,111
1771717893.3073308,45,42,111
1771717893.3076046,45,42,111
1771717893.3078022,45,42,111
1771717893.3081374,45,42,111
1771717893.3687267,45,42,111
1771717893.3689396,45,42,111
1771717893.3691268,45,42,111
1771717893.3693507,45,42,111
1771717893.3695354,45,42,111
1771717893.3697174,45,42,111
1771717893.3699107,45,42,111
1771717893.3700948,45,42,111
1771717893.3702998,45,42,111
1771717893.3704839,45,42,111
1771717893.3706884,45,42,111
1771717893.370998,45,42,112
1771717893.371312,45,42,112
1771717893.3715177,45,42,112
1771717893.3717,45,42,112
1771717893.3718922,45,42,112
1771717893.372073,45,42,112
1771717893.3722863,45,42,112
1771717893.3724663,45,42,112
1771717893.3726475,45,42,112
1771717893.3728285,45,42,112
1771717893.3730087,45,42,112
1771717893.3732278,45,42,112
1771717893.3734083,45,42,112
1771717893.3735867,45,42,112
1771717893.3737705,45,42,112
1771717893.3741498,45,42,112
1771717893.3744884,45,42,112
1771717893.3748727,45,42,112
1771717893.375194,45,42,112
1771717893.3754387,45,42,112
1771717893.3757136,45,42,112
1771717893.3759205,45,42,112
1771717893.3761675,45,42,112
1771717893.376356,45,42,112
1771717893.376545,45,42,113
1771717893.3767376,45,42,113
1771717893.376974,45,42,113
1771717893.3771553,45,42,113
1771717893.3773358,45,42,113
1771717893.3775182,45,42,113
1771717893.3777084,45,42,113
1771717893.3779159,45,42,113
1771717893.3780997,45,42,113
1771717893.3782742,45,42,113
1771717893.3784475,45,42,113
1771717893.3786206,45,42,113
1771717893.3788202,45,42,113
1771717893.3789935,45,42,113
1771717893.3791673,45,42,113
1771717893.3793411,45,42,113
1771717893.3795147,45,42,113
1771717893.3796935,45,42,113
1771717893.3798873,45,42,113
1771717893.3800614,45,42,113
1771717893.380235,45,42,113
1771717893.380409,45,42,113
1771717893.3805833,45,42,113
1771717893.3807585,45,42,114
1771717893.380952,45,42,114
1771717893.3811269,45,42,114
1771717893.3813033,45,42,114
1771717893.3814766,45,42,114
1771717893.3816502,45,42,114
1771717893.3818493,45,42,114
1771717893.382071,45,42,114
1771717893.3824055,45,42,114
1771717893.3827553,45,42,114
1771717893.3831933,45,42,114
1771717893.3836176,45,42,114
1771717893.3839946,45,42,114
1771717893.3842816,45,42,114
1771717893.384584,45,42,114
1771717893.384917,45,42,114
1771717893.385111,45,42,114
1771717893.3852894,45,42,114
1771717893.385464,45,42,114
1771717893.3856466,45,42,114
1771717893.3858619,45,42,114
1771717893.38606,45,42,114
1771717893.3862386,45,42,114
1771717893.3864157,45,42,115
1771717893.3865917,45,42,115
1771717893.3889976,45,42,115
1771717893.3891916,45,42,115
1771717893.3893738,45,42,115
1771717893.3895905,45,42,115
1771717893.3930998,45,42,115
1771717893.3934708,45,42,115
1771717893.3938057,45,42,115
1771717893.3941371,45,42,115
1771717893.3969762,45,42,115
1771717893.3973212,45,42,115
1771717893.3975837,45,42,115
1771717893.3979084,45,42,115
1771717893.3982103,45,42,115
1771717893.4013026,45,42,115
1771717893.4015021,45,42,115
1771717893.4017274,45,42,115
1771717893.402055,45,42,115
1771717893.4052813,45,42,115
1771717893.4055197,45,42,115
1771717893.4057095,45,42,115
1771717893.4058926,45,42,115
1771717893.4060702,45,42,116
1771717893.4653811,45,42,116
1771717893.4656563,45,42,116
1771717893.465864,45,42,116
1771717893.4661021,45,42,116
1771717893.4662814,45,42,116
1771717893.4664881,45,42,116
1771717893.466666,45,42,116
1771717893.466843,45,42,116
1771717893.46702,45,42,116
1771717893.4671974,45,42,116
1771717893.4673748,45,42,116
1771717893.467576,45,42,116
1771717893.467751,45,42,116
1771717893.4679275,45,42,116
1771717893.4681122,45,42,116
1771717893.4682875,45,42,116
1771717893.4685025,45,42,116
1771717893.4686773,45,42,116
1771717893.468851,45,42,116
1771717893.4690342,45,42,116
1771717893.4692073,45,42,116
1771717893.4693801,45,42,116
1771717893.4695716,45,42,116
1771717893.4697437,45,42,117
1771717893.4699183,45,42,117
1771717893.470097,45,42,117
1771717893.4702692,45,42,117
1771717893.470465,45,42,117
1771717893.4706776,45,42,117
1771717893.4708507,45,42,117
1771717893.471025,45,42,117
1771717893.4711995,45,42,117
1771717893.471371,45,42,117
1771717893.4715657,45,42,117
1771717893.4717376,45,42,117
1771717893.471913,45,42,117
1771717893.47209,45,42,117
1771717893.4722624,45,42,117
1771717893.472435,45,42,117
1771717893.4726272,45,42,117
1771717893.4727976,45,42,117
1771717893.4729817,45,42,117
1771717893.4731545,45,42,117
1771717893.4733267,45,42,117
1771717893.4735284,45,42,117
1771717893.4737012,45,42,118
1771717893.4738753,45,42,118
1771717893.4740543,45,42,118
1771717893.4742935,45,42,118
1771717893.4745991,45,42,118
1771717893.474846,45,42,118
1771717893.4750695,45,42,118
1771717893.4753492,45,42,118
1771717893.4756413,45,42,118
1771717893.4758608,45,42,118
1771717893.4761803,45,42,118
1771717893.47636,45,42,118
1771717893.4765706,45,42,118
1771717893.4767528,45,42,118
1771717893.4769294,45,42,118
1771717893.4771075,45,42,118
1771717893.4772854,45,42,118
1771717893.477494,45,42,118
1771717893.4776971,45,42,118
1771717893.477877,45,42,118
1771717893.478063,45,42,118
1771717893.4782395,45,42,118
1771717893.4784176,45,42,118
1771717893.4786181,45,42,118
1771717893.478796,45,42,119
1771717893.4789736,45,42,119
1771717893.4791503,45,42,119
1771717893.479351,45,42,119
1771717893.4795563,45,42,119
1771717893.4797332,45,42,119
1771717893.47991,45,42,119
1771717893.4800909,45,42,119
1771717893.480273,45,42,119
1771717893.483073,45,42,119
1771717893.4833705,45,42,119
1771717893.4836755,45,42,119
1771717893.4839761,45,42,119
1771717893.4843442,45,42,119
1771717893.4875507,45,42,119
1771717893.4877548,45,42,119
1771717893.4879508,45,42,119
1771717893.4881628,45,42,119
1771717893.4914823,45,42,119
1771717893.4917727,45,42,119
1771717893.492029,45,42,119
1771717893.49221,45,42,119
1771717893.49539,45,42,120
1771717893.4957302,45,42,120
1771717893.4960425,45,42,120
1771717893.4963434,45,42,120
1771717893.4967015,45,42,120
1771717893.499645,45,42,120
1771717893.499932,45,42,120
1771717893.5002015,45,42,120
1771717893.5005388,45,42,120
1771717893.5036783,45,42,120
1771717893.5039358,45,42,120
1771717893.50445,45,42,120
1771717893.5046818,45,42,120
1771717893.5049396,45,42,120
1771717893.6009243,45,42,120
1771717893.601132,45,42,120
1771717893.6013744,45,42,120
1771717893.6016495,45,42,120
1771717893.601924,45,42,120
1771717893.6021671,45,42,120
1771717893.6024203,45,42,120
1771717893.6027033,45,42,120
1771717893.6030526,45,42,120
1771717893.6032681,45,42,120
1771717893.6035151,45,42,121
1771717893.6037107,45,42,121
1771717893.6040077,45,42,121
1771717893.60428,45,42,121
1771717893.6045182,45,42,121
1771717893.604705,45,42,121
1771717893.6049228,45,42,121
1771717893.6051986,45,42,121
1771717893.6054204,45,42,121
1771717893.6056125,45,42,121
1771717893.605834,45,42,121
1771717893.606017,45,42,121
1771717893.6061962,45,42,121
1771717893.606377,45,42,121
1771717893.6065555,45,42,121
1771717893.6068208,45,42,121
1771717893.6070712,45,42,121
1771717893.6072843,45,42,121
1771717893.607469,45,42,121
1771717893.6076572,45,42,121
1771717893.6078722,45,42,121
1771717893.6080523,45,42,121
1771717893.6082294,45,42,121
1771717893.6084087,45,42,122
1771717893.6085906,45,42,122
1771717893.6088026,45,42,122
1771717893.6089835,45,42,122
1771717893.6091602,45,42,122
1771717893.6093383,45,42,122
1771717893.609522,45,42,122
1771717893.60971,45,42,122
1771717893.609916,45,42,122
1771717893.610097,45,42,122
1771717893.6102781,45,42,122
1771717893.6104572,45,42,122
1771717893.6106331,45,42,122
1771717893.6109047,45,42,122
1771717893.6117299,45,42,122
1771717893.6119344,45,42,122
1771717893.612112,45,42,122
1771717893.612289,45,42,122
1771717893.6124678,45,42,122
1771717893.6126747,45,42,122
1771717893.6128564,45,42,122
1771717893.6130357,45,42,122
1771717893.6132324,45,42,122
1771717893.6134098,45,42,123
1771717893.6135871,45,42,123
1771717893.6137693,45,42,123
1771717893.6139472,45,42,123
1771717893.614143,45,42,123
1771717893.6143222,45,42,123
1771717893.6145027,45,42,123
1771717893.614681,45,42,123
1771717893.614872,45,42,123
1771717893.6152182,45,42,123
1771717893.6154025,45,42,123
1771717893.6155834,45,42,123
1771717893.6157942,45,42,123
1771717893.6159713,45,42,123
1771717893.6162086,45,42,123
1771717893.6164536,45,42,123
1771717893.6166472,45,42,123
1771717893.616859,45,42,123
1771717893.6171513,45,42,123
1771717893.6173596,45,42,123
1771717893.617573,45,42,123
1771717893.6178017,45,42,123
1771717893.6179807,45,42,123
1771717893.6182356,45,42,124
1771717893.6184132,45,42,124
1771717893.618623,45,42,124
1771717893.618811,45,42,124
1771717893.618986,45,42,124
1771717893.619188,45,42,124
1771717893.6193645,45,42,124
1771717893.6195438,45,42,124
1771717893.619728,45,42,124
1771717893.619906,45,42,124
1771717893.6201131,45,42,124
1771717893.620291,45,42,124
1771717893.6204693,45,42,124
1771717893.6206534,45,42,124
1771717893.620894,45,42,124
1771717893.6211147,45,42,124
1771717893.6213048,45,42,124
1771717893.621487,45,42,124
1771717893.6216745,45,42,124
1771717893.621856,45,42,124
1771717893.6220381,45,42,124
1771717893.6222458,45,42,124
1771717893.6224651,45,42,124
1771717893.62265,45,42,124
1771717893.6228323,45,42,125
1771717893.6232,45,42,125
1771717893.623388,45,42,125
1771717893.623572,45,42,125
1771717893.6237583,45,42,125
1771717893.6239364,45,42,125
1771717893.6241846,45,42,125
1771717893.6243863,45,42,125
1771717893.6245737,45,42,125
1771717893.6247604,45,42,125
1771717893.6249425,45,42,125
1771717893.6251564,45,42,125
1771717893.6253388,45,42,125
1771717893.6255238,45,42,125
1771717893.6257129,45,42,125
1771717893.6258972,45,42,125
1771717893.6261053,45,42,125
1771717893.6262858,45,42,125
1771717893.6264658,45,42,125
1771717893.6266453,45,42,125
1771717893.6268334,45,42,125
1771717893.6270123,45,42,125
1771717893.6272206,45,42,126
1771717893.627403,45,42,126
1771717893.627584,45,42,126
1771717893.6277757,45,42,126
1771717893.6279664,45,42,126
1771717893.6281817,45,42,126
1771717893.6310513,45,42,126
1771717893.631283,45,42,126
1771717893.6314642,45,42,126
1771717893.6316822,45,42,126
1771717893.634699,45,42,126
1771717893.634951,45,42,126
1771717893.6351633,45,42,126
1771717893.635438,45,42,126
1771717893.6356475,45,42,126
1771717893.6429884,45,42,126
1771717893.6433134,45,42,126
1771717893.643614,45,42,126
1771717893.643829,45,42,126
1771717893.6444237,45,42,126
1771717893.6448975,45,42,126
1771717893.6451943,45,42,126
1771717893.6458375,45,42,126
1771717893.6469562,45,42,126
1771717893.6472447,45,42,127
1771717893.6474698,45,42,127
1771717893.6477633,45,42,127
1771717893.6480577,45,42,127
1771717893.651259,45,42,127
1771717893.6515162,45,42,127
1771717893.6517572,45,42,127
1771717893.6519616,45,42,127
1771717893.6552868,45,42,127
1771717893.6555934,45,42,127
1771717893.6558678,45,42,127
1771717893.6561384,45,42,127
1771717893.6593049,45,42,127
1771717893.6595125,45,42,127
1771717893.659742,45,42,127
1771717893.659925,45,42,127
1771717893.6601076,45,42,127
1771717893.6633852,45,42,127
1771717893.6636062,45,42,127
1771717893.6637936,45,42,127
1771717893.6639962,45,42,127
1771717893.6675007,45,42,127
1771717893.667694,45,42,127
1771717893.667874,45,42,128
1771717893.6680498,45,42,128
1771717893.668246,45,42,128
1771717893.6715653,45,42,128
1771717893.6717532,45,42,128
1771717893.6719356,45,42,128
1771717893.6721127,45,42,128
1771717893.6757026,45,42,128
1771717893.675902,45,42,128
1771717893.6760845,45,42,128
1771717893.676315,45,42,128
1771717893.6796935,45,42,128
1771717893.679895,45,42,128
1771717893.680083,45,42,128
1771717893.680267,45,42,128
1771717893.680504,45,42,128
1771717893.6838844,45,42,128
1771717893.6841152,45,42,128
1771717893.6842957,45,42,128
1771717893.6844714,45,42,128
1771717893.687947,45,42,128
1771717893.6882222,45,42,128
1771717893.6884215,45,42,128
1771717893.6887662,45,42,129
1771717893.6919458,45,42,129
1771717893.6921453,45,42,129
1771717893.6923316,45,42,129
1771717893.692559,45,42,129
1771717893.6928716,45,42,129
1771717893.696263,45,42,129
1771717893.6965384,45,42,129
1771717893.6968024,45,42,129
1771717893.6969974,45,42,129
1771717893.70037,45,42,129
1771717893.7006972,45,42,129
1771717893.7009928,45,42,129
1771717893.7013934,45,42,129
1771717893.701638,45,42,129
1771717893.7197578,45,42,129
1771717893.7200978,45,42,129
1771717893.7206223,45,42,129
1771717893.7209668,45,42,129
1771717893.7211976,45,42,129
1771717893.7215664,45,42,129
1771717893.7218366,45,42,129
1771717893.7220268,45,42,129
1771717893.7222438,45,42,130
1771717893.7225325,45,42,130
1771717893.7228155,45,42,130
1771717893.7230844,45,42,130
1771717893.7232807,45,42,130
1771717893.7235124,45,42,130
1771717893.7240937,45,42,130
1771717893.724317,45,42,130
1771717893.724553,45,42,130
1771717893.7248175,45,42,130
1771717893.7250068,45,42,130
1771717893.7252002,45,42,130
1771717893.7254746,45,42,130
1771717893.7258642,45,42,130
1771717893.726084,45,42,130
1771717893.7262664,45,42,130
1771717893.7264452,45,42,130
1771717893.7266595,45,42,130
1771717893.7289906,45,42,130
1771717893.729191,45,42,130
1771717893.7293746,45,42,130
1771717893.72956,45,42,130
1771717893.7329605,45,42,130
1771717893.7331758,45,42,131
1771717893.733375,45,42,131
1771717893.73361,45,42,131
1771717893.733794,45,42,131
1771717893.737134,45,42,131
1771717893.7376182,45,42,131
1771717893.7378073,45,42,131
1771717893.7380238,45,42,131
1771717893.741354,45,42,131
1771717893.7415557,45,42,131
1771717893.741777,45,42,131
1771717893.7419577,45,42,131
1771717893.7454016,45,42,131
1771717893.745747,45,42,131
1771717893.7460618,45,42,131
1771717893.7462468,45,42,131
1771717893.7464302,45,42,131
1771717893.7494574,45,42,131
1771717893.7496526,45,42,131
1771717893.7498355,45,42,131
1771717893.750016,45,42,131
1771717893.753502,45,42,131
1771717893.7537315,45,42,131
1771717893.7539477,45,42,132
1771717893.7541876,45,42,132
1771717893.757558,45,42,132
1771717893.7577734,45,42,132
1771717893.757963,45,42,132
1771717893.7581484,45,42,132
1771717893.7584486,45,42,132
1771717893.7619221,45,42,132
1771717893.7622652,45,42,132
1771717893.762591,45,42,132
1771717893.7628837,45,42,132
1771717893.7657845,45,42,132
1771717893.7660298,45,42,132
1771717893.7662184,45,42,132
1771717893.7664108,45,42,132
1771717893.7666166,45,42,132
1771717893.8337538,45,42,132
1771717893.8339775,45,42,132
1771717893.8341672,45,42,132
1771717893.8343532,45,42,132
1771717893.8345826,45,42,132
1771717893.83488,45,42,132
1771717893.8351674,45,42,132
1771717893.835358,45,42,132
1771717893.8355892,45,42,133
1771717893.8357701,45,42,133
1771717893.8359542,45,42,133
1771717893.836128,45,42,133
1771717893.8363023,45,42,133
1771717893.8365026,45,42,133
1771717893.8366792,45,42,133
1771717893.8368642,45,42,133
1771717893.8370364,45,42,133
1771717893.8372102,45,42,133
1771717893.837473,45,42,133
1771717893.8376508,45,42,133
1771717893.8378267,45,42,133
1771717893.8380096,45,42,133
1771717893.8381834,45,42,133
1771717893.8383598,45,42,133
1771717893.8385763,45,42,133
1771717893.8387525,45,42,133
1771717893.8389256,45,42,133
1771717893.8390987,45,42,133
1771717893.8392754,45,42,133
1771717893.8394766,45,42,133
1771717893.839652,45,42,134
1771717893.8398287,45,42,134
1771717893.8400419,45,42,134
1771717893.8402252,45,42,134
1771717893.8404355,45,42,134
1771717893.8406117,45,42,134
1771717893.8407855,45,42,134
1771717893.8409612,45,42,134
1771717893.8411405,45,42,134
1771717893.841318,45,42,134
1771717893.841547,45,42,134
1771717893.8417833,45,42,134
1771717893.8420658,45,42,134
1771717893.8422801,45,42,134
1771717893.842462,45,42,134
1771717893.8426838,45,42,134
1771717893.8428693,45,42,134
1771717893.8430493,45,42,134
1771717893.8432257,45,42,134
1771717893.843416,45,42,134
1771717893.843678,45,42,134
1771717893.8438537,45,42,134
1771717893.8440259,45,42,134
1771717893.8441994,45,42,134
1771717893.8443723,45,42,135
1771717893.844584,45,42,135
1771717893.844761,45,42,135
1771717893.844932,45,42,135
1771717893.8451025,45,42,135
1771717893.845273,45,42,135
1771717893.8454475,45,42,135
1771717893.8456473,45,42,135
1771717893.8458204,45,42,135
1771717893.8459969,45,42,135
1771717893.8461745,45,42,135
1771717893.8463564,45,42,135
1771717893.8465326,45,42,135
1771717893.846733,45,42,135
1771717893.846907,45,42,135
1771717893.8470995,45,42,135
1771717893.847347,45,42,135
1771717893.8476133,45,42,135
1771717893.847788,45,42,135
1771717893.8479593,45,42,135
1771717893.8481758,45,42,135
1771717893.8483548,45,42,135
1771717893.8485289,45,42,135
1771717893.8487399,45,42,136
1771717893.8489187,45,42,136
1771717893.8490965,45,42,136
1771717893.8492725,45,42,136
1771717893.8494477,45,42,136
1771717893.8497832,45,42,136
1771717893.8500485,45,42,136
1771717893.850233,45,42,136
1771717893.850408,45,42,136
1771717893.8506186,45,42,136
1771717893.851757,45,42,136
1771717893.851936,45,43,220
1771717893.8521104,45,43,121
1771717893.8522832,45,43,121
1771717893.855996,45,43,121
1771717893.856479,45,43,121
1771717893.8566902,45,43,121
1771717893.856886,45,43,121
1771717893.8571045,45,43,121
1771717893.8600526,45,43,121
1771717893.8603227,45,43,121
1771717893.8605394,45,43,121
1771717893.8607595,45,43,121
1771717893.8640366,45,43,121
1771717893.8642366,45,43,121
1771717893.8644726,45,43,121
1771717893.8646574,45,43,121
1771717893.8648481,45,43,121
1771717893.9665847,45,43,121
1771717893.9668288,45,43,121
1771717893.9670563,45,43,121
1771717893.967239,45,43,121
1771717893.9674153,45,43,121
1771717893.9675915,45,43,121
1771717893.9677656,45,43,121
1771717893.9679928,45,43,121
1771717893.96817,45,43,122
1771717893.9683452,45,43,122
1771717893.9685202,45,43,122
1771717893.9686964,45,43,122
1771717893.9688954,45,43,122
1771717893.9690707,45,43,122
1771717893.9692469,45,43,122
1771717893.969423,45,43,122
1771717893.9695973,45,43,122
1771717893.9697733,45,43,122
1771717893.9699748,45,43,122
1771717893.9701505,45,43,122
1771717893.9703271,45,43,122
1771717893.970501,45,43,122
1771717893.970684,45,43,122
1771717893.9708984,45,43,122
1771717893.9710772,45,43,122
1771717893.9712553,45,43,122
1771717893.9714353,45,43,122
1771717893.9716117,45,43,122
1771717893.9720047,45,43,122
1771717893.9722059,45,43,122
1771717893.9723907,45,43,122
1771717893.9726245,45,43,122
1771717893.9728117,45,43,122
1771717893.972994,45,43,122
1771717893.9731755,45,43,122
1771717893.973394,45,43,122
1771717893.9737954,45,43,122
1771717893.9739954,45,43,122
1771717893.9742172,45,43,122
1771717893.974405,45,43,122
1771717893.974803,45,43,122
1771717893.9753304,45,43,122
1771717893.9755182,45,43,122
1771717893.975737,45,43,122
1771717893.9759214,45,43,122
1771717893.9761066,45,43,122
1771717893.9762983,45,43,122
1771717893.9764822,45,43,122
1771717893.976691,45,43,122
1771717893.9768739,45,43,122
1771717893.9770575,45,43,122
1771717893.977242,45,43,122
1771717893.977545,45,43,122
1771717893.9777572,45,43,122
1771717893.977937,45,43,123
1771717893.9781182,45,43,123
1771717893.9783273,45,43,123
1771717893.9785345,45,43,123
1771717893.9788744,45,45,233
1771717893.9790819,45,45,108
1771717893.9792717,45,45,108
1771717893.9794853,45,45,108
1771717893.9797392,45,45,108
1771717893.9799438,45,45,108
1771717893.9801252,45,45,108
1771717893.9803193,45,45,108
1771717893.9805005,45,45,108
1771717893.980713,45,45,108
1771717893.980895,45,45,108
1771717893.9810805,45,45,108
1771717893.981274,45,45,108
1771717893.9814599,45,45,108
1771717893.9817142,45,45,108
1771717893.9819336,45,45,108
1771717893.9821167,45,45,108
1771717893.9823058,45,45,108
1771717893.9824889,45,45,108
1771717893.9827886,45,45,108
1771717893.9829721,45,45,108
1771717893.9831538,45,45,108
1771717893.9833875,45,45,108
1771717893.9836054,45,45,108
1771717893.9837859,45,45,108
1771717893.9839687,45,45,108
1771717893.9841487,45,45,108
1771717893.9843438,45,45,108
1771717893.9845266,45,45,108
1771717893.9848325,45,45,108
1771717893.9850788,45,45,108
1771717893.9852655,45,45,108
1771717893.985445,45,45,108
1771717893.98569,45,45,108
1771717893.9858744,45,45,108
1771717893.9860623,45,45,108
1771717893.9863014,45,45,108
1771717893.9864872,45,45,108
1771717893.986718,45,45,108
1771717893.9869418,45,45,108
1771717893.9871185,45,45,108
1771717893.9875305,45,45,108
1771717893.9877794,45,45,108
1771717893.9879677,45,45,108
1771717893.9881687,45,45,108
1771717893.9888914,45,45,108
1771717893.9891875,45,45,108
1771717893.989378,45,45,108
1771717893.9895594,45,45,108
1771717893.9897447,45,45,108
1771717893.9899735,45,45,108
1771717893.9901662,45,45,108
1771717893.9903526,45,45,108
1771717893.990575,45,45,108
1771717893.990774,45,45,108
1771717893.990997,45,45,108
1771717893.99118,45,45,108
1771717893.9913604,45,45,108
1771717893.9916244,45,45,108
1771717893.9918013,45,45,108
1771717893.9920037,45,45,108
1771717893.992178,45,45,108
1771717893.9923532,45,45,108
1771717893.992533,45,45,108
1771717893.9927146,45,45,108
1771717893.9928901,45,45,108
1771717893.9930913,45,45,108
1771717893.9933012,45,45,108
1771717893.9935336,45,45,108
1771717893.9938395,45,45,108
1771717893.9940598,45,45,108
1771717893.9942486,45,45,108
1771717893.9944706,45,45,108
1771717893.994662,45,45,108
1771717893.9948432,45,45,108
1771717893.9950485,45,45,108
1771717893.9952242,45,45,108
1771717893.9954002,45,45,108
1771717893.9955766,45,45,108
1771717893.9957528,45,45,108
1771717893.9959548,45,45,108
1771717893.9961395,45,45,108
1771717894.0020561,45,45,108
1771717894.0022628,45,45,108
1771717894.002506,45,45,108
1771717894.0026944,45,45,108
1771717894.0032966,45,45,108
1771717894.0035334,45,45,108
1771717894.0038772,45,45,108
1771717894.0041118,45,45,108
1771717894.0075238,45,45,108
1771717894.0079668,45,45,108
1771717894.0082688,45,45,108
1771717894.0086448,45,45,108
1771717894.0090034,45,45,108
1771717894.0117023,45,45,108
1771717894.0120027,45,45,108
1771717894.0122294,45,45,108
1771717894.0124512,45,45,108
1771717894.0156538,45,45,108
1771717894.0158923,45,45,108
1771717894.0161076,45,45,108
1771717894.0163057,45,45,108
1771717894.0196676,45,45,108
1771717894.0199063,45,45,108
1771717894.0201228,45,45,108
1771717894.0203931,45,45,108
1771717894.0206091,45,45,108
1771717894.0240278,45,45,108
1771717894.0243192,45,45,108
1771717894.0245411,45,45,108
1771717894.0247822,45,45,108
1771717894.0279233,45,45,108
1771717894.0282073,45,45,108
1771717894.028625,45,45,108
1771717894.028954,45,45,108
1771717894.0293107,45,45,108
1771717894.032016,45,45,108
1771717894.0322034,45,45,108
1771717894.0323887,45,45,108
1771717894.03257,45,45,108
1771717894.0363157,45,45,108
1771717894.0365813,45,45,108
1771717894.036838,45,45,108
1771717894.037076,45,45,108
1771717894.04018,45,45,108
1771717894.040466,45,45,108
1771717894.0408304,45,45,108
1771717894.0411832,45,45,108
1771717894.0414798,45,45,108
1771717894.044516,45,45,108
1771717894.044773,45,45,108
1771717894.04497,45,45,108
1771717894.04515,45,45,108
1771717894.0484064,45,45,108
1771717894.048679,45,45,108
1771717894.0489185,45,45,108
1771717894.0494118,45,45,108
1771717894.0523965,45,45,108
1771717894.052626,45,45,108
1771717894.0528698,45,45,108
1771717894.0530257,45,45,0
1771717894.0531769,45,45,0
1771717894.0565696,45,45,0
1771717894.0567522,45,45,0
1771717894.0571518,45,45,0
1771717894.0573916,45,45,0
1771717894.0578506,45,45,0
1771717894.0585752,45,45,0
1771717894.1300178,45,45,0
1771717894.1302657,45,45,0
1771717894.1304536,45,45,0
1771717894.1306107,45,45,0
1771717894.1308014,45,45,0
1771717894.130964,45,45,0
1771717894.1311145,45,45,0
1771717894.1312656,45,45,0
1771717894.131415,45,45,0
1771717894.1315632,45,45,0
1771717894.1317542,45,45,0
1771717894.1319027,45,45,0
1771717894.1320577,45,45,0
1771717894.1322067,45,45,0
1771717894.1323562,45,45,0
1771717894.132505,45,45,0
1771717894.1326544,45,45,0
1771717894.1328313,45,45,0
1771717894.1330314,45,45,0
1771717894.133183,45,45,0
1771717894.1333318,45,45,0
1771717894.1334808,45,45,0
1771717894.1336298,45,45,0
1771717894.1338058,45,45,0
1771717894.1339695,45,45,0
1771717894.134121,45,45,0
1771717894.1343026,45,45,0
1771717894.1344748,45,45,0
1771717894.1346245,45,45,0
1771717894.1348047,45,45,0
1771717894.1349595,45,45,0
1771717894.1351092,45,45,0
1771717894.135258,45,45,0
1771717894.135408,45,45,0
1771717894.1355557,45,45,0
1771717894.1357274,45,45,0
1771717894.1358776,45,45,0
1771717894.1360302,45,45,0
1771717894.1361787,45,45,0
1771717894.136396,45,45,0
1771717894.1365986,45,45,0
1771717894.1367722,45,45,0
1771717894.1369262,45,45,0
1771717894.1371062,45,43,255
1771717894.1375673,45,43,15
1771717894.137834,45,43,15
1771717894.138154,45,43,15
1771717894.138369,45,43,15
1771717894.1385546,45,43,15
1771717894.1387215,45,43,15
1771717894.1389327,45,43,15
1771717894.1390967,45,43,15
1771717894.1393225,45,43,15
1771717894.1395109,45,43,15
1771717894.1396806,45,43,15
1771717894.1399379,45,43,15
1771717894.140126,45,43,15
1771717894.1402903,45,43,15
1771717894.1404567,45,43,15
1771717894.1406233,45,43,15
1771717894.1408253,45,43,15
1771717894.1410162,45,43,15
1771717894.1411839,45,43,15
1771717894.1413498,45,43,15
1771717894.1415327,45,43,15
1771717894.1418226,45,43,15
1771717894.1420429,45,43,15
1771717894.1422904,45,43,15
1771717894.142464,45,43,15
1771717894.1426482,45,42,255
1771717894.1428602,45,42,30
1771717894.1430275,45,42,30
1771717894.1431913,45,42,30
1771717894.143444,45,42,30
1771717894.143608,45,42,30
1771717894.1439576,45,42,30
1771717894.144137,45,42,30
1771717894.1443107,45,42,30
1771717894.1444764,45,42,30
1771717894.1446948,45,42,30
1771717894.1449065,45,42,30
1771717894.145074,45,42,31
1771717894.1452327,45,42,31
1771717894.1453934,45,42,31
1771717894.1455538,45,42,31
1771717894.1457143,45,42,31
1771717894.145901,45,42,31
1771717894.146069,45,42,31
1771717894.1462302,45,42,31
1771717894.1463912,45,42,31
1771717894.1466064,45,42,31
1771717894.146802,45,42,31
1771717894.1469743,45,42,31
1771717894.1471395,45,42,31
1771717894.1472988,45,42,31
1771717894.1474755,45,40,255
1771717894.1476357,45,40,46
1771717894.1478205,45,40,46
1771717894.147986,45,40,46
1771717894.1481452,45,40,46
1771717894.148304,45,40,46
1771717894.1484652,45,40,46
1771717894.1486247,45,40,47
1771717894.148813,45,40,47
1771717894.1489792,45,40,47
1771717894.1491382,45,40,47
1771717894.149295,45,40,47
1771717894.1494555,45,40,47
1771717894.1496155,45,40,47
1771717894.1506371,45,40,47
1771717894.1509106,45,40,47
1771717894.151113,45,40,47
1771717894.1512725,45,40,47
1771717894.1514304,45,40,47
1771717894.154868,45,40,47
1771717894.1550949,45,40,47
1771717894.1552877,45,40,47
1771717894.1555028,45,40,47
1771717894.1556702,45,40,47
1771717894.1590362,45,40,48
1771717894.1592267,45,40,48
1771717894.1594071,45,40,48
1771717894.1595821,45,40,48
1771717894.159785,45,40,48
1771717894.1630678,45,40,48
1771717894.1632504,45,40,48
1771717894.1634786,45,40,48
1771717894.163643,45,40,48
1771717894.1638062,45,40,48
1771717894.1671932,45,40,48
1771717894.1674013,45,40,48
1771717894.167641,45,40,48
1771717894.167836,45,40,48
1771717894.1680286,45,40,48
1771717894.248172,45,40,48
1771717894.2484422,45,40,48
1771717894.248679,45,40,49
1771717894.2489443,45,40,49
1771717894.249185,45,40,49
1771717894.2493498,45,40,49
1771717894.2495155,45,40,49
1771717894.2496765,45,40,49
1771717894.2498722,45,40,49
1771717894.2500386,45,40,49
1771717894.250199,45,40,49
1771717894.2503612,45,40,49
1771717894.2505226,45,40,49
1771717894.250683,45,40,49
1771717894.2508993,45,40,49
1771717894.2510676,45,40,49
1771717894.25123,45,40,49
1771717894.2514746,45,40,49
1771717894.2516406,45,40,49
1771717894.2518492,45,39,255
1771717894.2522326,45,39,65
1771717894.2524147,45,39,65
1771717894.2525806,45,39,65
1771717894.2527423,45,39,65
1771717894.2529478,45,39,65
1771717894.25312,45,39,65
1771717894.2533262,45,39,65
1771717894.2535727,45,39,65
1771717894.254006,45,39,65
1771717894.2541988,45,39,65
1771717894.2543712,45,39,65
1771717894.2545419,45,39,66
1771717894.2547684,45,39,66
1771717894.2551115,45,39,66
1771717894.255404,45,39,66
1771717894.2556808,45,39,66
1771717894.2560155,45,39,66
1771717894.2562299,45,39,66
1771717894.2563915,45,39,66
1771717894.2565458,45,39,66
1771717894.256704,45,39,66
1771717894.2568536,45,39,66
1771717894.257029,45,39,66
1771717894.2572181,45,39,66
1771717894.2574124,45,39,67
1771717894.25763,45,39,67
1771717894.2577736,45,39,67
1771717894.257968,45,39,67
1771717894.258095,45,39,67
1771717894.2582848,45,39,67
1771717894.258442,45,39,67
1771717894.2585924,45,39,67
1771717894.258721,45,39,67
1771717894.2588327,45,39,67
1771717894.25894,45,39,67
1771717894.2590487,45,39,67
1771717894.259155,45,39,67
1771717894.259263,45,39,68
1771717894.2593696,45,39,68
1771717894.2595103,45,39,68
1771717894.2596178,45,39,68
1771717894.2597244,45,39,68
1771717894.2598372,45,39,68
1771717894.2599466,45,39,68
1771717894.26008,45,39,68
1771717894.2602305,45,39,68
1771717894.2603385,45,39,68
1771717894.2604673,45,39,68
1771717894.2606082,45,39,68
1771717894.2607267,45,39,68
1771717894.2608387,45,39,69
1771717894.2609506,45,39,69
1771717894.261061,45,39,69
1771717894.2611706,45,39,69
1771717894.261283,45,39,69
1771717894.2613912,45,39,69
1771717894.2615197,45,39,69
1771717894.26163,45,39,69
1771717894.2617357,45,39,69
1771717894.2618468,45,39,69
1771717894.261953,45,39,69
1771717894.2620575,45,39,69
1771717894.2621624,45,39,69
1771717894.262267,45,39,70
1771717894.262371,45,39,70
1771717894.262495,45,39,70
1771717894.262602,45,39,70
1771717894.2627063,45,39,70
1771717894.2628112,45,39,70
1771717894.2629201,45,39,70
1771717894.2630274,45,39,70
1771717894.2631354,45,39,70
1771717894.2632437,45,39,70
1771717894.2633607,45,39,70
1771717894.2634797,45,39,70
1771717894.2635846,45,39,71
1771717894.2636895,45,39,71
1771717894.263798,45,39,71
1771717894.263903,45,39,71
1771717894.2640224,45,39,71
1771717894.2641451,45,39,71
1771717894.2642753,45,39,71
1771717894.2644126,45,39,71
1771717894.264565,45,39,71
1771717894.2646759,45,39,71
1771717894.2648191,45,39,71
1771717894.2649508,45,39,71
1771717894.2650619,45,39,71
1771717894.26517,45,39,72
1771717894.2653189,45,39,72
1771717894.265461,45,39,72
1771717894.265599,45,39,72
1771717894.2657278,45,39,72
1771717894.2658691,45,39,72
1771717894.2659829,45,39,72
1771717894.2699518,45,39,72
1771717894.27024,45,39,72
1771717894.2704246,45,39,72
1771717894.2706063,45,39,72
1771717894.2707891,45,39,72
1771717894.2736948,45,39,73
1771717894.2738242,45,39,73
1771717894.2739403,45,39,73
1771717894.274054,45,39,73
1771717894.274166,45,39,73
1771717894.3061862,45,39,73
1771717894.3063776,45,39,73
1771717894.3065155,45,39,73
1771717894.306775,45,39,73
1771717894.3072193,45,39,73
1771717894.3073354,45,39,73
1771717894.3074481,45,39,73
1771717894.3075583,45,39,73
1771717894.3077295,45,39,74
1771717894.3078551,45,39,74
1771717894.307964,45,39,74
1771717894.3080783,45,39,74
1771717894.3081892,45,39,74
1771717894.3082976,45,39,74
1771717894.3084068,45,39,74
1771717894.3085146,45,39,74
1771717894.3086255,45,39,74
1771717894.3087611,45,39,74
1771717894.3088715,45,39,74
1771717894.308983,45,39,74
1771717894.3090985,45,39,74
1771717894.3092089,45,39,75
1771717894.3093178,45,39,75
1771717894.309428,45,39,75
1771717894.3095357,45,39,75
1771717894.309665,45,39,75
1771717894.3097749,45,39,75
1771717894.3099551,45,39,75
1771717894.3101006,45,39,75
1771717894.3102114,45,39,75
1771717894.3103232,45,39,75
1771717894.3104682,45,39,75
1771717894.3105807,45,39,75
1771717894.3107169,45,39,75
1771717894.310837,45,39,76
1771717894.3109794,45,39,76
1771717894.311161,45,39,76
1771717894.3112783,45,39,76
1771717894.3114116,45,39,76
1771717894.3115377,45,39,76
1771717894.3116813,45,39,76
1771717894.3118134,45,39,76
1771717894.3119261,45,39,76
1771717894.314625,45,39,76
1771717894.3147514,45,39,76
1771717894.3148654,45,39,76
1771717894.3149812,45,39,77
1771717894.3150995,45,39,77
1771717894.3187015,45,39,77
1771717894.3188303,45,39,77
1771717894.3189461,45,39,77
1771717894.3190615,45,39,77
1771717894.322693,45,39,77
1771717894.3228846,45,39,77
1771717894.3230083,45,39,77
1771717894.3231208,45,39,77
1771717894.3232343,45,39,77
1771717894.3268867,45,39,77
1771717894.3270218,45,39,77
1771717894.3271358,45,39,78
1771717894.3272777,45,39,78
1771717894.327387,45,39,78
1771717894.3309476,45,39,78
1771717894.331083,45,39,78
1771717894.331208,45,39,78
1771717894.3313618,45,39,78
1771717894.331478,45,39,78
1771717894.3350503,45,39,78
1771717894.3351786,45,39,78
1771717894.3352885,45,39,78
1771717894.335399,45,39,78
1771717894.3355496,45,39,78
1771717894.339232,45,39,79
1771717894.3393588,45,39,79
1771717894.3394735,45,39,79
1771717894.339587,45,39,79
1771717894.3397,45,39,79
1771717894.3962417,45,39,79
1771717894.3963897,45,39,79
1771717894.396504,45,39,79
1771717894.396615,45,39,79
1771717894.3967242,45,39,79
1771717894.3968403,45,39,79
1771717894.396951,45,39,79
1771717894.3970618,45,39,79
1771717894.3971722,45,39,80
1771717894.397318,45,39,80
1771717894.3974278,45,39,80
1771717894.3975372,45,39,80
1771717894.3976464,45,39,80
1771717894.3977559,45,39,80
1771717894.397877,45,39,80
1771717894.3979874,45,39,80
1771717894.3980966,45,39,80
1771717894.3982074,45,39,80
1771717894.3983436,45,39,80
1771717894.3984525,45,39,80
1771717894.3985627,45,39,80
1771717894.3986754,45,39,81
1771717894.3987887,45,39,81
1771717894.398901,45,39,81
1771717894.3990154,45,39,81
1771717894.3991303,45,39,81
1771717894.3992677,45,39,81
1771717894.3993814,45,39,81
1771717894.3995,45,39,81
1771717894.39961,45,39,81
1771717894.399722,45,39,81
1771717894.3998394,45,39,81
1771717894.3999524,45,39,81
1771717894.4000688,45,39,82
1771717894.4001815,45,39,82
1771717894.400321,45,39,82
1771717894.4004345,45,39,82
1771717894.4005451,45,39,82
1771717894.400658,45,39,82
1771717894.4007695,45,39,82
1771717894.4008865,45,39,82
1771717894.4009974,45,39,82
1771717894.4011075,45,39,82
1771717894.4012191,45,39,82
1771717894.401349,45,39,82
1771717894.401462,45,39,82
1771717894.4015753,45,39,83
1771717894.4016912,45,39,83
1771717894.4018078,45,39,83
1771717894.401919,45,39,83
1771717894.4020402,45,39,83
1771717894.4021645,45,39,83
1771717894.402309,45,39,83
1771717894.4024289,45,39,83
1771717894.4025455,45,39,83
1771717894.402658,45,39,83
1771717894.4027746,45,39,83
1771717894.4028897,45,39,83
1771717894.403005,45,39,84
1771717894.403117,45,39,84
1771717894.4032328,45,39,84
1771717894.4033797,45,39,84
1771717894.4034953,45,39,84
1771717894.403612,45,39,84
1771717894.4037251,45,39,84
1771717894.4038444,45,39,84
1771717894.4040046,45,39,84
1771717894.4041295,45,39,84
1771717894.4042819,45,39,84
1771717894.4044106,45,39,84
1771717894.4045436,45,39,84
1771717894.404675,45,39,85
1771717894.404808,45,39,85
1771717894.404945,45,39,85
1771717894.4050846,45,39,85
1771717894.4052646,45,39,85
1771717894.4054198,45,39,85
1771717894.4507,45,39,85
1771717894.4508886,45,39,85
1771717894.451001,45,39,85
1771717894.451113,45,39,85
1771717894.4512236,45,39,85
1771717894.4513316,45,39,85
1771717894.4514406,45,39,85
1771717894.4515777,45,39,86
1771717894.4516897,45,39,86
1771717894.4518313,45,39,86
1771717894.4519417,45,39,86
1771717894.4520602,45,39,86
1771717894.452169,45,39,86
1771717894.4522784,45,39,86
1771717894.452386,45,39,86
1771717894.4524927,45,39,86
1771717894.4526012,45,39,86
1771717894.45271,45,39,86
1771717894.4528396,45,39,86
1771717894.4529479,45,39,86
1771717894.4530683,45,39,87
1771717894.4531753,45,39,87
1771717894.4532807,45,39,87
1771717894.4533868,45,39,87
1771717894.4534929,45,39,87
1771717894.4535987,45,39,87
1771717894.4537053,45,39,87
1771717894.4538245,45,39,87
1771717894.4539313,45,39,87
1771717894.4540474,45,39,87
1771717894.4541728,45,39,87
1771717894.454283,45,39,87
1771717894.4543924,45,39,88
1771717894.4545014,45,39,88
1771717894.4546316,45,39,88
1771717894.4547415,45,39,88
1771717894.4548845,45,39,88
1771717894.4549913,45,39,88
1771717894.4550982,45,39,88
1771717894.4552073,45,39,88
1771717894.4553154,45,39,88
1771717894.455424,45,39,88
1771717894.4555323,45,39,88
1771717894.4556413,45,39,88
1771717894.4557521,45,39,88
1771717894.4558969,45,39,89
1771717894.4560084,45,39,89
1771717894.4562216,45,39,89
1771717894.4563456,45,39,89
1771717894.4565194,45,39,89
1771717894.4566483,45,39,89
1771717894.4567628,45,39,89
1771717894.4568756,45,39,89
1771717894.4569905,45,39,89
1771717894.4571009,45,39,89
1771717894.4572165,45,39,89
1771717894.4573264,45,39,89
1771717894.4578662,45,39,89
1771717894.4579883,45,39,90
1771717894.4581015,45,39,90
1771717894.458213,45,39,90
1771717894.4583216,45,39,90
1771717894.461986,45,39,90
1771717894.462124,45,39,90
1771717894.4622452,45,39,90
1771717894.4623668,45,39,90
1771717894.4625223,45,39,90
1771717894.4660957,45,39,90
1771717894.4662375,45,39,90
1771717894.4663506,45,39,90
1771717894.4664617,45,39,90
1771717894.4665723,45,39,91
1771717894.4702222,45,39,91
1771717894.4703488,45,39,91
1771717894.4704666,45,39,91
1771717894.4705808,45,39,91
1771717894.470775,45,39,91
1771717894.5105453,45,39,91
1771717894.5107293,45,39,91
1771717894.5108445,45,39,91
1771717894.5109856,45,39,91
1771717894.511101,45,39,91
1771717894.5112073,45,39,91
1771717894.5113301,45,39,91
1771717894.5114365,45,39,92
1771717894.5115428,45,39,92
1771717894.511648,45,39,92
1771717894.5117528,45,39,92
1771717894.5118592,45,39,92
1771717894.5119827,45,39,92
1771717894.5120866,45,39,92
1771717894.5121918,45,39,92
1771717894.512296,45,39,92
1771717894.5124063,45,39,92
1771717894.5125117,45,39,92
1771717894.5126193,45,39,92
1771717894.5128057,45,39,93
1771717894.5129898,45,39,93
1771717894.5131009,45,39,93
1771717894.513209,45,39,93
1771717894.5133162,45,39,93
1771717894.5134246,45,39,93
1771717894.513533,45,39,93
1771717894.5136418,45,39,93
1771717894.513753,45,39,93
1771717894.5138612,45,39,93
1771717894.5139904,45,39,93
1771717894.5141034,45,39,93
1771717894.5142214,45,39,93
1771717894.5143337,45,39,94
1771717894.5144413,45,39,94
1771717894.5145473,45,39,94
1771717894.5146549,45,39,94
1771717894.5147622,45,39,94
1771717894.514869,45,39,94
1771717894.515004,45,39,94
1771717894.5151114,45,39,94
1771717894.515218,45,39,94
1771717894.5153248,45,39,94
1771717894.515431,45,39,94
1771717894.5155373,45,39,94
1771717894.515643,45,39,95
1771717894.5157483,45,39,95
1771717894.515854,45,39,95
1771717894.515974,45,39,95
1771717894.5160804,45,39,95
1771717894.5161867,45,39,95
1771717894.5162926,45,39,95
1771717894.5164547,45,39,95
1771717894.519216,45,39,95
1771717894.5193267,45,39,95
1771717894.5194325,45,39,95
1771717894.5195396,45,39,95
1771717894.5196562,45,39,95
1771717894.5235205,45,39,96
1771717894.5236802,45,39,96
1771717894.523832,45,39,96
1771717894.5239878,45,39,96
1771717894.5241506,45,39,96
1771717894.5276022,45,39,96
1771717894.527725,45,39,96
1771717894.5278335,45,39,96
1771717894.5279484,45,39,96
1771717894.5280566,45,39,96
1771717894.5316021,45,39,96
1771717894.5317228,45,39,96
1771717894.531834,45,39,96
1771717894.5319452,45,39,97
1771717894.532057,45,39,97
1771717894.5357666,45,39,97
1771717894.5358846,45,39,97
1771717894.5359955,45,39,97
1771717894.536105,45,39,97
1771717894.5362165,45,39,97
1771717894.5772994,45,39,97
1771717894.577485,45,39,97
1771717894.5776,45,39,97
1771717894.5777173,45,39,97
1771717894.577827,45,39,97
1771717894.5779376,45,39,97
1771717894.5780616,45,39,98
1771717894.578169,45,39,98
1771717894.5782769,45,39,98
1771717894.5783827,45,39,98
1771717894.578512,45,39,98
1771717894.5786257,45,39,98
1771717894.5787475,45,39,98
1771717894.5788534,45,39,98
1771717894.5789595,45,39,98
1771717894.5790663,45,39,98
1771717894.5791714,45,39,98
1771717894.5792758,45,39,98
1771717894.5793803,45,39,99
1771717894.5795038,45,39,99
1771717894.5796096,45,39,99
1771717894.5797138,45,39,99
1771717894.579819,45,39,99
1771717894.579924,45,39,99
1771717894.5800288,45,39,99
1771717894.5801334,45,39,99
1771717894.580237,45,39,99
1771717894.5803401,45,39,99
1771717894.5804613,45,39,99
1771717894.5805652,45,39,99
1771717894.5806735,45,39,99
1771717894.5807872,45,39,100
1771717894.5809011,45,39,100
1771717894.5810153,45,39,100
1771717894.5811284,45,39,100
1771717894.5812416,45,39,100
1771717894.5813637,45,39,100
1771717894.5814946,45,39,100
1771717894.5816085,45,39,100
1771717894.581721,45,39,100
1771717894.581835,45,39,100
1771717894.5819488,45,39,100
1771717894.5820622,45,39,100
1771717894.5821755,45,39,101
1771717894.582289,45,39,101
1771717894.582419,45,39,101
1771717894.5825326,45,39,101
1771717894.5827117,45,39,101
1771717894.5829458,45,39,101
1771717894.5830684,45,39,101
1771717894.5847723,45,39,101
1771717894.5849102,45,39,101
1771717894.5850258,45,39,101
1771717894.5851407,45,39,101
1771717894.585256,45,39,101
1771717894.5890021,45,39,102
1771717894.5891335,45,39,102
1771717894.5892565,45,39,102
1771717894.5893805,45,39,102
1771717894.5930362,45,39,102
1771717894.593173,45,39,102
1771717894.5933006,45,39,102
1771717894.5934818,45,39,102
1771717894.5936086,45,39,102
1771717894.5972223,45,39,102
1771717894.5973651,45,39,102
1771717894.5975323,45,39,103
1771717894.5976534,45,39,103
1771717894.6012347,45,39,103
1771717894.601376,45,39,103
1771717894.6014953,45,39,103
1771717894.6016135,45,39,103
1771717894.6053267,45,39,103
1771717894.6054842,45,39,103
1771717894.6056187,45,39,103
1771717894.6057506,45,39,103
1771717894.605881,45,39,103
1771717894.6096246,45,39,104
1771717894.6098225,45,39,104
1771717894.6099489,45,39,104
1771717894.6100726,45,39,104
1771717894.613518,45,39,104
1771717894.613646,45,39,104
1771717894.6137924,45,39,104
1771717894.61391,45,39,104
1771717894.6175559,45,39,104
1771717894.617716,45,39,104
1771717894.6178417,45,39,104
1771717894.6179633,45,39,104
1771717894.6180818,45,39,105
1771717894.6217208,45,39,105
1771717894.6218455,45,39,105
1771717894.6220188,45,39,105
1771717894.6221533,45,39,105
1771717894.6258638,45,39,105
1771717894.6260068,45,39,105
1771717894.6261313,45,39,105
1771717894.626254,45,39,105
1771717894.6264148,45,39,105
1771717894.6299493,45,39,105
1771717894.6300762,45,39,105
1771717894.630197,45,39,106
1771717894.6303236,45,39,106
1771717894.633985,45,39,106
1771717894.6341147,45,39,106
1771717894.6342394,45,39,106
1771717894.6344035,45,39,106
1771717894.638141,45,39,106
1771717894.6382816,45,39,106
1771717894.6384118,45,39,106
1771717894.6385322,45,39,106
1771717894.638658,45,39,106
1771717894.6422508,45,39,107
1771717894.6423829,45,39,107
1771717894.642504,45,39,107
1771717894.6426246,45,39,107
1771717894.6462681,45,39,107
1771717894.6463974,45,39,107
1771717894.6465182,45,39,107
1771717894.6466424,45,39,107
1771717894.6502705,45,39,107
1771717894.6504326,45,39,107
1771717894.6505525,45,39,107
1771717894.650673,45,39,107
1771717894.6507921,45,39,108
1771717894.6545324,45,39,108
1771717894.6547043,45,39,108
1771717894.6548295,45,39,108
1771717894.6549532,45,39,108
1771717894.658661,45,39,108
1771717894.658815,45,39,108
1771717894.6589563,45,39,108
1771717894.6590877,45,39,108
1771717894.659217,45,39,108
1771717894.662719,45,39,108
1771717894.6628516,45,39,108
1771717894.6629734,45,39,109
1771717894.6630948,45,39,109
1771717894.6668015,45,39,109
1771717894.6669326,45,39,109
1771717894.6670532,45,39,109
1771717894.6671712,45,39,109
1771717894.670841,45,39,109
1771717894.6709843,45,39,109
1771717894.6711123,45,39,109
1771717894.6712418,45,39,109
1771717894.6713667,45,39,109
1771717894.675022,45,39,110
1771717894.6751513,45,39,110
1771717894.6752763,45,39,110
1771717894.6753967,45,39,110
1771717894.6791024,45,39,110
1771717894.6792397,45,39,110
1771717894.679362,45,39,110
1771717894.679485,45,39,110
1771717894.6830807,45,39,110
1771717894.6832533,45,39,110
1771717894.6834285,45,39,110
1771717894.6835532,45,39,111
1771717894.6836748,45,39,111
1771717894.687286,45,39,111
1771717894.6875021,45,39,111
1771717894.6876347,45,39,111
1771717894.6877675,45,39,111
1771717894.6913917,45,39,111
1771717894.6915329,45,39,111
1771717894.6916597,45,39,111
1771717894.6918259,45,39,111
1771717894.6919818,45,39,111
1771717894.6955652,45,39,111
1771717894.6957037,45,39,112
1771717894.6958256,45,39,112
1771717894.6959698,45,39,112
1771717894.6996176,45,39,112
1771717894.699771,45,39,112
1771717894.6998973,45,39,112
1771717894.700024,45,39,112
1771717894.7036204,45,39,112
1771717894.7037623,45,39,112
1771717894.7038853,45,39,112
1771717894.7040727,45,39,112
1771717894.7042117,45,39,112
1771717894.7078424,45,39,113
1771717894.7080133,45,39,113
1771717894.7081451,45,39,113
1771717894.708263,45,39,113
1771717894.7118464,45,39,113
1771717894.7119842,45,39,113
1771717894.7121024,45,39,113
1771717894.712221,45,39,113
1771717894.7159069,45,39,113
1771717894.7162468,45,39,113
1771717894.7164025,45,39,113
1771717894.7165544,45,39,113
1771717894.7167122,45,39,114
1771717894.72008,45,39,114
1771717894.720257,45,39,114
1771717894.7203836,45,39,114
1771717894.720506,45,39,114
1771717894.724162,45,39,114
1771717894.724299,45,39,114
1771717894.7244892,45,39,114
1771717894.7246094,45,39,114
1771717894.724728,45,39,114
1771717894.761974,45,39,115
1771717894.7621343,45,39,115
1771717894.7622554,45,39,115
1771717894.762374,45,39,115
1771717894.762491,45,39,115
1771717894.762627,45,39,115
1771717894.7627478,45,39,115
1771717894.7628658,45,39,115
1771717894.7629824,45,39,115
1771717894.7630992,45,39,115
1771717894.7632158,45,39,115
1771717894.763333,45,39,115
1771717894.7635837,45,39,116
1771717894.7637303,45,39,116
1771717894.763849,45,39,116
1771717894.7639675,45,39,116
1771717894.7641034,45,39,116
1771717894.7642226,45,39,116
1771717894.7643418,45,39,116
1771717894.7644606,45,39,116
1771717894.7645795,45,39,116
1771717894.7647214,45,39,116
1771717894.7648396,45,39,116
1771717894.764962,45,39,116
1771717894.7650824,45,39,117
1771717894.7652009,45,39,117
1771717894.7653174,45,39,117
1771717894.7654335,45,39,117
1771717894.7655504,45,39,117
1771717894.7656918,45,39,117
1771717894.7658105,45,39,117
1771717894.7659297,45,39,117
1771717894.7660565,45,39,117
1771717894.766186,45,39,117
1771717894.7663045,45,39,117
1771717894.7664242,45,39,117
1771717894.7665434,45,39,118
1771717894.7666943,45,39,118
1771717894.7669137,45,39,118
1771717894.767074,45,39,118
1771717894.7672114,45,39,118
1771717894.7673414,45,39,118
1771717894.7674723,45,39,118
1771717894.7691312,45,39,118
1771717894.7692685,45,39,118
1771717894.7694285,45,39,118
1771717894.7695494,45,39,118
1771717894.7696679,45,39,119
1771717894.7733338,45,39,119
1771717894.7734802,45,39,119
1771717894.7736037,45,39,119
1771717894.7737236,45,39,119
1771717894.7773592,45,39,119
1771717894.7775393,45,39,119
1771717894.7776628,45,39,119
1771717894.777815,45,39,119
1771717894.7818651,45,39,119
1771717894.7822707,45,39,119
1771717894.7825155,45,39,120
1771717894.7827332,45,39,120
1771717894.7829347,45,39,120
1771717894.7856815,45,39,120
1771717894.7860966,45,39,120
1771717894.786474,45,39,120
1771717894.7866533,45,39,120
1771717894.7897677,45,39,120
1771717894.7900963,45,39,120
1771717894.790314,45,39,120
1771717894.7905867,45,39,120
1771717894.7907763,45,39,120
1771717894.8619514,45,39,121
1771717894.8623078,45,39,121
1771717894.862499,45,39,121
1771717894.8627365,45,39,121
1771717894.8629236,45,39,121
1771717894.8631065,45,39,121
1771717894.86336,45,39,121
1771717894.863591,45,39,121
1771717894.8637729,45,39,121
1771717894.8639557,45,39,121
1771717894.864135,45,39,121
1771717894.8643136,45,39,121
1771717894.8644927,45,39,122
1771717894.8647022,45,39,122
1771717894.8648818,45,39,122
1771717894.8650594,45,39,122
1771717894.8652391,45,39,122
1771717894.8654509,45,39,122
1771717894.8657057,45,39,122
1771717894.8659096,45,39,122
1771717894.866107,45,39,122
1771717894.8663173,45,39,122
1771717894.8665183,45,39,122
1771717894.8668728,45,39,123
1771717894.867108,45,39,123
1771717894.8673098,45,39,123
1771717894.867557,45,39,123
1771717894.867894,45,39,123
1771717894.8681023,45,39,123
1771717894.8682818,45,39,123
1771717894.868462,45,39,123
1771717894.868675,45,39,123
1771717894.8688533,45,39,123
1771717894.8690317,45,39,123
1771717894.8692107,45,39,123
1771717894.8693898,45,39,124
1771717894.8695943,45,39,124
1771717894.8697739,45,39,124
1771717894.8699539,45,39,124
1771717894.8701322,45,39,124
1771717894.8703122,45,39,124
1771717894.870627,45,39,124
1771717894.8708167,45,39,124
1771717894.8709965,45,39,124
1771717894.8711867,45,39,124
1771717894.8713677,45,39,124
1771717894.871644,45,39,124
1771717894.8718276,45,39,125
1771717894.8720076,45,39,125
1771717894.8725102,45,39,125
1771717894.8727117,45,39,125
1771717894.8728917,45,39,125
1771717894.873092,45,39,125
1771717894.8732712,45,39,125
1771717894.873494,45,39,125
1771717894.8736715,45,39,125
1771717894.873856,45,39,125
1771717894.8741312,45,39,125
1771717894.874314,45,39,126
1771717894.8744957,45,39,126
1771717894.8747067,45,39,126
1771717894.875015,45,39,126
1771717894.8752005,45,39,126
1771717894.8753836,45,39,126
1771717894.8756073,45,39,126
1771717894.8758,45,39,126
1771717894.8760157,45,39,126
1771717894.8761983,45,39,126
1771717894.8763802,45,39,126
1771717894.876572,45,39,127
1771717894.876784,45,39,127
1771717894.8769896,45,39,127
1771717894.8771734,45,39,127
1771717894.8773584,45,39,127
1771717894.8775418,45,39,127
1771717894.8777437,45,39,127
1771717894.877956,45,39,127
1771717894.8781438,45,39,127
1771717894.8783262,45,39,127
1771717894.8785105,45,39,127
1771717894.878715,45,39,127
1771717894.8789291,45,39,128
1771717894.87911,45,39,128
1771717894.879293,45,39,128
1771717894.8794756,45,39,128
1771717894.8796918,45,39,128
1771717894.8799284,45,39,128
1771717894.8801274,45,39,128
1771717894.8803287,45,39,128
1771717894.8805091,45,39,128
1771717894.8806944,45,39,128
1771717894.8809078,45,39,128
1771717894.8810952,45,39,128
1771717894.8814113,45,39,129
1771717894.881629,45,39,129
1771717894.8818111,45,39,129
1771717894.8840013,45,39,129
1771717894.884242,45,39,129
1771717894.8844786,45,39,129
1771717894.8846586,45,39,129
1771717894.8881583,45,39,129
1771717894.8886452,45,39,129
1771717894.8889377,45,39,129
1771717894.8892567,45,39,129
1771717894.8894472,45,39,129
1771717894.96991,45,39,130
1771717894.9701967,45,39,130
1771717894.9704914,45,39,130
1771717894.970784,45,39,130
1771717894.9710357,45,39,130
1771717894.971292,45,39,130
1771717894.9715738,45,39,130
1771717894.9718277,45,39,130
1771717894.9720798,45,39,130
1771717894.9723308,45,39,130
1771717894.9726431,45,39,131
1771717894.9728978,45,39,131
1771717894.9731598,45,39,131
1771717894.9734564,45,39,131
1771717894.9737122,45,39,131
1771717894.973961,45,39,131
1771717894.9742172,45,39,131
1771717894.9745095,45,39,131
1771717894.974762,45,39,131
1771717894.975012,45,39,131
1771717894.975285,45,39,131
1771717894.9755647,45,39,131
1771717894.9758139,45,39,132
1771717894.9760592,45,39,132
1771717894.9763024,45,39,132
1771717894.9765816,45,39,132
1771717894.9768305,45,39,132
1771717894.9770935,45,39,132
1771717894.9773376,45,39,132
1771717894.9776087,45,39,132
1771717894.9778583,45,39,132
1771717894.978102,45,39,132
1771717894.9783485,45,39,132
1771717894.9786208,45,39,132
1771717894.9789948,45,39,133
1771717894.9793053,45,39,133
1771717894.9795613,45,39,133
1771717894.979847,45,39,133
1771717894.9800816,45,39,133
1771717894.9802654,45,39,133
1771717894.9804456,45,39,133
1771717894.9806266,45,39,133
1771717894.980844,45,39,133
1771717894.9810271,45,39,133
1771717894.9813793,45,39,133
1771717894.981642,45,39,133
1771717894.9818947,45,39,134
1771717894.982181,45,39,134
1771717894.9824355,45,39,134
1771717894.9826875,45,39,134
1771717894.982954,45,39,134
1771717894.9832344,45,39,134
1771717894.9834821,45,39,134
1771717894.9837284,45,39,134
1771717894.984,45,39,134
1771717894.984245,45,39,134
1771717894.984494,45,39,134
1771717894.9847395,45,39,135
1771717894.9850597,45,39,135
1771717894.9853039,45,39,135
1771717894.9855504,45,39,135
1771717894.9857938,45,39,135
1771717894.986067,45,39,135
1771717894.9863112,45,39,135
1771717894.986565,45,39,135
1771717894.986826,45,39,135
1771717894.987101,45,39,135
1771717894.98736,45,39,135
1771717894.9876208,45,39,135
1771717894.987866,45,39,136
1771717894.988141,45,39,136
1771717894.988388,45,39,136
1771717894.9886322,45,39,136
1771717894.9888954,45,39,136
1771717894.9891713,45,39,136
1771717894.9894226,45,39,136
1771717894.9896681,45,39,136
1771717894.989916,45,39,136
1771717894.9901888,45,39,136
1771717894.9904351,45,39,136
1771717894.9906802,45,39,137
1771717894.9909403,45,39,137
1771717894.991218,45,39,137
1771717894.9914675,45,39,137
1771717894.9917145,45,39,137
1771717894.9919622,45,39,137
1771717894.9922364,45,39,137
1771717894.992491,45,39,137
1771717894.9927487,45,39,137
1771717894.9930592,45,39,137
1771717894.9933076,45,39,137
1771717894.993574,45,39,137
1771717894.993851,45,39,138
1771717894.9941716,45,39,138
1771717894.9944372,45,39,138
1771717894.9946783,45,40,218
1771717894.994873,45,40,123
1771717894.9950886,45,40,123
1771717894.9952757,45,40,123
1771717894.995458,45,40,123
1771717894.9956408,45,40,123
1771717894.9958236,45,40,123
1771717894.9960344,45,40,123
1771717894.9962153,45,40,123
1771717894.9963958,45,40,123
1771717894.996576,45,40,123
1771717894.9967566,45,40,123
1771717894.9970963,45,40,124
1771717894.9974132,45,40,124
1771717894.997682,45,40,124
1771717894.9984093,45,40,124
1771717894.9990692,45,40,124
1771717894.9995868,45,40,124
1771717894.9999835,45,40,124
1771717895.000183,45,40,124
1771717895.0003743,45,40,124
1771717895.0005932,45,40,124
1771717895.000781,45,40,124
1771717895.0029068,45,40,124
1771717895.0031369,45,40,124
1771717895.0034683,45,40,124
1771717895.003793,45,40,124
1771717895.00692,45,40,125
1771717895.0073526,45,40,125
1771717895.0077422,45,40,125
1771717895.008299,45,40,125
1771717895.0108006,45,40,125
1771717895.0111349,45,40,125
1771717895.0114048,45,40,125
1771717895.0117264,45,40,125
1771717895.0120826,45,40,125
1771717895.0151155,45,40,125
1771717895.0154047,45,40,125
1771717895.0158656,45,40,125
1771717895.0161927,45,40,125
1771717895.0191252,45,40,125
1771717895.0194018,45,40,125
1771717895.0196583,45,40,125
1771717895.019964,45,40,126
1771717895.0202239,45,40,126
1771717895.0444953,45,40,126
1771717895.044814,45,40,126
1771717895.045416,45,40,126
1771717895.0457668,45,40,126
1771717895.046091,45,40,126
1771717895.0463498,45,40,126
1771717895.0466027,45,40,126
1771717895.0468516,45,40,126
1771717895.047185,45,40,126
1771717895.0474365,45,40,126
1771717895.047702,45,40,126
1771717895.047946,45,40,126
1771717895.0482159,45,40,126
1771717895.0484726,45,40,127
1771717895.048717,45,40,127
1771717895.0489964,45,40,127
1771717895.0492404,45,40,127
1771717895.049491,45,40,127
1771717895.0497422,45,40,127
1771717895.0500264,45,42,229
1771717895.0502758,45,42,112
1771717895.0505233,45,42,112
1771717895.0507824,45,42,112
1771717895.0510714,45,42,112
1771717895.051333,45,42,112
1771717895.051589,45,42,112
1771717895.0518568,45,42,112
1771717895.0522134,45,42,112
1771717895.0525155,45,42,112
1771717895.052833,45,42,112
1771717895.0531795,45,42,112
1771717895.0535607,45,42,112
1771717895.054004,45,42,112
1771717895.0544736,45,42,113
1771717895.0550115,45,42,113
1771717895.0560703,45,42,113
1771717895.0564137,45,42,113
1771717895.0568428,45,42,113
1771717895.0573018,45,42,113
1771717895.0606878,45,42,113
1771717895.0610301,45,42,113
1771717895.0613608,45,42,113
1771717895.0618172,45,42,113
1771717895.0641367,45,42,113
1771717895.0646641,45,42,113
1771717895.0650954,45,42,113
1771717895.065395,45,42,113
1771717895.0657518,45,42,113
1771717895.0688365,45,42,113
1771717895.0691528,45,42,113
1771717895.0695028,45,42,113
1771717895.0698,45,42,113
1771717895.0732598,45,42,113
1771717895.0736833,45,42,113
1771717895.0739634,45,42,113
1771717895.0743692,45,42,113
1771717895.0763385,45,42,114
1771717895.077157,45,42,114
1771717895.0775886,45,42,114
1771717895.0778837,45,42,114
1771717895.0784395,45,42,114
1771717895.08079,45,42,114
1771717895.0810854,45,42,114
1771717895.081414,45,42,114
1771717895.0819185,45,42,114
1771717895.084752,45,42,114
1771717895.0850272,45,42,114
1771717895.0852242,45,42,114
1771717895.0854146,45,42,114
1771717895.0856023,45,42,114
1771717895.1623843,45,42,114
1771717895.162594,45,42,114
1771717895.1627965,45,42,114
1771717895.1630418,45,42,114
1771717895.1632226,45,42,114
1771717895.163401,45,42,114
1771717895.163579,45,42,114
1771717895.1637578,45,42,114
1771717895.1640692,45,42,114
1771717895.164354,45,42,115
1771717895.1646683,45,42,115
1771717895.1650076,45,42,115
1771717895.1652608,45,42,115
1771717895.165482,45,42,115
1771717895.165666,45,42,115
1771717895.1658478,45,42,115
1771717895.1660652,45,42,115
1771717895.1662474,45,42,115
1771717895.1664293,45,42,115
1771717895.1666102,45,42,115
1771717895.1668901,45,42,115
1771717895.1671243,45,42,115
1771717895.1673508,45,42,115
1771717895.1676352,45,42,115
1771717895.167851,45,42,115
1771717895.168063,45,42,115
1771717895.1682458,45,42,115
1771717895.168422,45,42,115
1771717895.1685975,45,42,115
1771717895.1687973,45,42,115
1771717895.1689696,45,42,115
1771717895.1691496,45,42,115
1771717895.1693234,45,42,116
1771717895.1694968,45,42,116
1771717895.1696908,45,42,116
1771717895.1698635,45,42,116
1771717895.1700351,45,42,116
1771717895.1702077,45,42,116
1771717895.17038,45,42,116
1771717895.170995,45,42,116
1771717895.1711802,45,42,116
1771717895.171366,45,42,116
1771717895.171683,45,42,116
1771717895.1719565,45,42,116
1771717895.172224,45,42,116
1771717895.1724086,45,42,116
1771717895.1726327,45,42,116
1771717895.1736612,45,42,116
1771717895.173898,45,42,116
1771717895.1740854,45,42,116
1771717895.17427,45,42,116
1771717895.1744964,45,42,116
1771717895.1746814,45,42,116
1771717895.1748655,45,42,116
1771717895.1751435,45,42,116
1771717895.1754053,45,42,116
1771717895.175633,45,42,117
1771717895.175834,45,42,117
1771717895.1760576,45,42,117
1771717895.1763382,45,42,117
1771717895.1765795,45,42,117
1771717895.1767712,45,42,117
1771717895.1769507,45,42,117
1771717895.1771312,45,42,117
1771717895.1773403,45,42,117
1771717895.177525,45,42,117
1771717895.1777105,45,42,117
1771717895.1778898,45,42,117
1771717895.178072,45,42,117
1771717895.1782885,45,42,117
1771717895.1784694,45,42,117
1771717895.1787224,45,42,117
1771717895.1789043,45,42,117
1771717895.1790824,45,42,117
1771717895.1792867,45,42,117
1771717895.179468,45,42,117
1771717895.1796498,45,42,117
1771717895.180394,45,42,117
1771717895.1809652,45,42,118
1771717895.1812885,45,42,118
1771717895.181647,45,42,118
1771717895.1818712,45,42,118
1771717895.1820662,45,42,118
1771717895.1822677,45,42,118
1771717895.1824636,45,42,118
1771717895.182875,45,42,118
1771717895.1831043,45,42,118
1771717895.1833432,45,42,118
1771717895.1835668,45,42,118
1771717895.1837432,45,42,118
1771717895.183923,45,42,118
1771717895.1841297,45,42,118
1771717895.1843405,45,42,118
1771717895.1846168,45,42,118
1771717895.1847942,45,42,118
1771717895.1849926,45,42,118
1771717895.185189,45,42,118
1771717895.1853738,45,42,118
1771717895.1855729,45,42,118
1771717895.185802,45,42,118
1771717895.1859872,45,42,118
1771717895.1862934,45,42,118
1771717895.1865585,45,42,119
1771717895.1867845,45,42,119
1771717895.1870317,45,42,119
1771717895.187402,45,42,119
1771717895.1876733,45,42,119
1771717895.1878774,45,42,119
1771717895.18806,45,42,119
1771717895.1912198,45,42,119
1771717895.1914449,45,42,119
1771717895.1918015,45,42,119
1771717895.192098,45,42,119
1771717895.1951013,45,42,119
1771717895.195526,45,42,119
1771717895.1959226,45,42,119
1771717895.1964338,45,42,119
1771717895.1969154,45,42,119
1771717895.1993537,45,42,119
1771717895.1996377,45,42,119
1771717895.1998365,45,42,119
1771717895.2000844,45,42,119
1771717895.203378,45,42,119
1771717895.20367,45,42,119
1771717895.2038918,45,42,120
1771717895.2042363,45,42,120
1771717895.2074754,45,42,120
1771717895.2078924,45,42,120
1771717895.2081807,45,42,120
1771717895.2084224,45,42,120
1771717895.2086067,45,42,120
1771717895.2118032,45,42,120
1771717895.2120428,45,42,120
1771717895.2122633,45,42,120
1771717895.2125194,45,42,120
1771717895.215643,45,42,120
1771717895.2158768,45,42,120
1771717895.216231,45,42,120
1771717895.216457,45,42,120
1771717895.2166686,45,42,120
1771717895.2922385,45,42,120
1771717895.292665,45,42,120
1771717895.292963,45,42,120
1771717895.293301,45,42,120
1771717895.2941833,45,42,120
1771717895.2944324,45,42,120
1771717895.2946467,45,42,120
1771717895.2949667,45,42,120
1771717895.2951844,45,42,121
1771717895.295443,45,42,121
1771717895.2958038,45,42,121
1771717895.2960234,45,42,121
1771717895.2962124,45,42,121
1771717895.29647,45,42,121
1771717895.2966812,45,42,121
1771717895.2970343,45,42,121
1771717895.2972667,45,42,121
1771717895.2975686,45,42,121
1771717895.297789,45,42,121
1771717895.2979956,45,42,121
1771717895.2981772,45,42,121
1771717895.2983572,45,42,121
1771717895.2985377,45,42,121
1771717895.2987537,45,42,121
1771717895.2989657,45,42,121
1771717895.2992034,45,42,121
1771717895.2993822,45,42,121
1771717895.2995603,45,42,121
1771717895.2997663,45,42,121
1771717895.29995,45,42,121
1771717895.3001328,45,42,121
1771717895.3003101,45,42,122
1771717895.3005226,45,42,122
1771717895.300727,45,42,122
1771717895.301008,45,42,122
1771717895.3012054,45,42,122
1771717895.3022587,45,42,122
1771717895.3025045,45,42,122
1771717895.302874,45,42,122
1771717895.3036022,45,42,122
1771717895.3039005,45,42,122
1771717895.3045561,45,42,122
1771717895.3050172,45,42,122
1771717895.3052373,45,42,122
1771717895.305422,45,42,122
1771717895.305681,45,42,122
1771717895.3059154,45,42,122
1771717895.3061366,45,42,122
1771717895.3063242,45,42,122
1771717895.3065152,45,42,122
1771717895.3067422,45,42,122
1771717895.306942,45,42,122
1771717895.3072474,45,42,122
1771717895.307502,45,42,122
1771717895.3086803,45,42,123
1771717895.3090153,45,42,123
1771717895.3092742,45,42,123
1771717895.3094597,45,42,123
1771717895.3096411,45,42,123
1771717895.3099296,45,42,123
1771717895.310118,45,42,123
1771717895.3103645,45,42,123
1771717895.3105934,45,42,123
1771717895.310807,45,42,123
1771717895.3109837,45,42,123
1771717895.3111737,45,42,123
1771717895.3113537,45,42,123
1771717895.3115845,45,42,123
1771717895.3117883,45,42,123
1771717895.3120468,45,42,123
1771717895.3122377,45,42,123
1771717895.312422,45,42,123
1771717895.3126314,45,42,123
1771717895.312856,45,42,123
1771717895.3130422,45,42,123
1771717895.3132234,45,42,123
1771717895.313413,45,42,123
1771717895.3136442,45,42,124
1771717895.3139417,45,42,124
1771717895.31412,45,42,124
1771717895.3142946,45,42,124
1771717895.3144698,45,42,124
1771717895.3146467,45,42,124
1771717895.3148863,45,42,124
1771717895.3150687,45,42,124
1771717895.3153095,45,42,124
1771717895.315484,45,42,124
1771717895.3156574,45,42,124
1771717895.3158805,45,42,124
1771717895.3160548,45,42,124
1771717895.3162298,45,42,124
1771717895.3164074,45,42,124
1771717895.3165822,45,42,124
1771717895.3167882,45,42,124
1771717895.3170023,45,42,124
1771717895.317184,45,42,124
1771717895.3173583,45,42,124
1771717895.3175373,45,42,124
1771717895.3177352,45,42,124
1771717895.3179667,45,42,124
1771717895.318142,45,42,124
1771717895.3183153,45,42,125
1771717895.3184886,45,42,125
1771717895.318663,45,42,125
1771717895.3188894,45,42,125
1771717895.3192096,45,42,125
1771717895.3193989,45,42,125
1771717895.3195794,45,42,125
1771717895.3198316,45,42,125
1771717895.3225517,45,42,125
1771717895.3229008,45,42,125
1771717895.3232367,45,42,125
1771717895.3236463,45,42,125
1771717895.3263268,45,42,125
1771717895.3265276,45,42,125
1771717895.3267136,45,42,125
1771717895.3268979,45,42,125
1771717895.3270776,45,42,125
1771717895.3304439,45,42,125
1771717895.3307056,45,42,125
1771717895.3310213,45,42,125
1771717895.3313656,45,42,125
1771717895.334621,45,42,125
1771717895.3349316,45,42,126
1771717895.3352737,45,42,126
1771717895.3356376,45,42,126
1771717895.3384967,45,42,126
1771717895.3388643,45,42,126
1771717895.3391318,45,42,126
1771717895.3393555,45,42,126
1771717895.3395467,45,42,126
1771717895.3428276,45,42,126
1771717895.3431222,45,42,126
1771717895.3434734,45,42,126
1771717895.3437364,45,42,126
1771717895.3468034,45,42,126
1771717895.3471038,45,42,126
1771717895.347389,45,42,126
1771717895.3477194,45,42,126
1771717895.3479946,45,42,126
1771717895.3554974,45,42,126
1771717895.3557696,45,42,126
1771717895.3560781,45,42,126
1771717895.3563392,45,42,126
1771717895.3566122,45,42,126
1771717895.356943,45,42,126
1771717895.3572097,45,42,126
1771717895.3574846,45,42,127
1771717895.3594687,45,42,127
1771717895.3598573,45,42,127
1771717895.3602166,45,42,127
1771717895.3606024,45,42,127
1771717895.3608992,45,42,127
1771717895.3631845,45,42,127
1771717895.3634298,45,42,127
1771717895.3637493,45,42,127
1771717895.3640163,45,42,127
1771717895.367263,45,42,127
1771717895.3675463,45,42,127
1771717895.3677764,45,42,127
1771717895.3680308,45,42,127
1771717895.3712084,45,42,127
1771717895.3716068,45,42,127
1771717895.3720284,45,42,127
1771717895.3722646,45,42,127
1771717895.3724515,45,42,127
1771717895.3755713,45,42,127
1771717895.3757858,45,42,127
1771717895.3760347,45,42,127
1771717895.3762774,45,42,127
1771717895.379552,45,42,127
1771717895.379791,45,42,128
1771717895.3800197,45,42,128
1771717895.380241,45,42,128
1771717895.380511,45,42,128
1771717895.383694,45,42,128
1771717895.3838904,45,42,128
1771717895.384074,45,42,128
1771717895.3842597,45,42,128
1771717895.387986,45,42,128
1771717895.3887856,45,42,128
1771717895.3890529,45,42,128
1771717895.3892496,45,42,128
1771717895.3917642,45,42,128
1771717895.3920703,45,42,128
1771717895.3923297,45,42,128
1771717895.3926883,45,42,128
1771717895.392963,45,42,128
1771717895.3959315,45,42,128
1771717895.3962154,45,42,128
1771717895.3964345,45,42,128
1771717895.396651,45,42,128
1771717895.3999732,45,42,128
1771717895.4002483,45,42,129
1771717895.4004319,45,42,129
1771717895.4006133,45,42,129
1771717895.403949,45,42,129
1771717895.4043763,45,42,129
1771717895.4046507,45,42,129
1771717895.4048672,45,42,129
1771717895.405098,45,42,129
1771717895.4093165,45,42,129
1771717895.4096503,45,42,129
1771717895.410025,45,42,129
1771717895.410339,45,42,129
1771717895.4123285,45,42,129
1771717895.412708,45,42,129
1771717895.4130075,45,42,129
1771717895.4132013,45,42,129
1771717895.4133923,45,42,129
1771717895.510185,45,42,129
1771717895.510534,45,42,129
1771717895.5108404,45,42,129
1771717895.5110874,45,42,129
1771717895.511531,45,42,129
1771717895.5121098,45,42,129
1771717895.5124075,45,42,130
1771717895.5127096,45,42,130
1771717895.513072,45,42,130
1771717895.513382,45,42,130
1771717895.5136607,45,42,130
1771717895.5139391,45,42,130
1771717895.5142634,45,42,130
1771717895.5145247,45,42,130
1771717895.5147712,45,42,130
1771717895.5150917,45,42,130
1771717895.5153778,45,42,130
1771717895.5156553,45,42,130
1771717895.5159342,45,42,130
1771717895.516275,45,42,130
1771717895.516557,45,42,130
1771717895.5168405,45,42,130
1771717895.5171645,45,42,130
1771717895.5175865,45,42,130
1771717895.5178638,45,42,130
1771717895.5180864,45,42,130
1771717895.518392,45,42,130
1771717895.5192494,45,42,130
1771717895.5195282,45,42,130
1771717895.5198414,45,42,131
1771717895.5202281,45,42,131
1771717895.5205097,45,42,131
1771717895.5219574,45,42,131
1771717895.5231662,45,42,131
1771717895.524699,45,42,131
1771717895.5250099,45,42,131
1771717895.5254078,45,42,131
1771717895.5256674,45,42,131
1771717895.5259566,45,42,131
1771717895.5261607,45,42,131
1771717895.5264096,45,42,131
1771717895.526607,45,42,131
1771717895.5268083,45,42,131
1771717895.5270116,45,42,131
1771717895.5272493,45,42,131
1771717895.5274496,45,42,131
1771717895.5276678,45,42,131
1771717895.5279956,45,42,131
1771717895.5283797,45,42,131
1771717895.5286694,45,42,131
1771717895.5289035,45,42,131
1771717895.5293338,45,42,131
1771717895.52987,45,42,132
1771717895.5301993,45,42,132
1771717895.5305524,45,42,132
1771717895.5308774,45,42,132
1771717895.5311532,45,42,132
1771717895.5314898,45,42,132
1771717895.5317948,45,42,132
1771717895.5322998,45,42,132
1771717895.532635,45,42,132
1771717895.5329924,45,42,132
1771717895.533275,45,42,132
1771717895.533576,45,42,132
1771717895.5338972,45,42,132
1771717895.5341835,45,42,132
1771717895.5347931,45,42,132
1771717895.5351114,45,42,132
1771717895.5355837,45,42,132
1771717895.535909,45,42,132
1771717895.5361912,45,42,132
1771717895.5366497,45,42,132
1771717895.5370464,45,42,132
1771717895.537781,45,42,132
1771717895.5387146,45,42,132
1771717895.5391526,45,42,132
1771717895.5395246,45,42,133
1771717895.5402865,45,42,133
1771717895.5407398,45,42,133
1771717895.5412176,45,42,133
1771717895.5426059,45,42,133
1771717895.54349,45,42,133
1771717895.5441732,45,42,133
1771717895.5446064,45,42,133
1771717895.5450096,45,42,133
1771717895.545302,45,42,133
1771717895.545669,45,42,133
1771717895.5459697,45,42,133
1771717895.5463169,45,42,133
1771717895.54682,45,42,133
1771717895.5472512,45,42,133
1771717895.5476377,45,42,133
1771717895.5479345,45,42,133
1771717895.548243,45,42,133
1771717895.5485568,45,42,133
1771717895.548912,45,42,133
1771717895.5494435,45,42,133
1771717895.5497513,45,42,133
1771717895.5501094,45,42,134
1771717895.5508454,45,42,134
1771717895.5511212,45,42,134
1771717895.5513368,45,42,134
1771717895.5515509,45,42,134
1771717895.5518343,45,43,222
1771717895.5523179,45,43,119
1771717895.553006,45,43,119
1771717895.553317,45,43,119
1771717895.5535965,45,43,119
1771717895.555007,45,43,119
1771717895.5557995,45,43,119
1771717895.5566561,45,43,119
1771717895.5576978,45,43,119
1771717895.5583112,45,43,119
1771717895.5587077,45,43,119
1771717895.5590138,45,43,119
1771717895.559905,45,43,119
1771717895.5606575,45,43,119
1771717895.5609357,45,43,119
1771717895.5615854,45,43,119
1771717895.5618885,45,43,119
1771717895.562223,45,43,119
1771717895.5626032,45,43,119
1771717895.5628953,45,43,119
1771717895.5633082,45,43,119
1771717895.5637698,45,43,119
1771717895.5640936,45,43,119
1771717895.5647275,45,43,119
1771717895.565056,45,43,119
1771717895.5655031,45,43,119
1771717895.5659153,45,43,119
1771717895.566205,45,43,119
1771717895.5665786,45,43,119
1771717895.5668306,45,43,119
1771717895.5671797,45,43,119
1771717895.5674205,45,43,119
1771717895.5676534,45,43,119
1771717895.5679042,45,43,119
1771717895.5682218,45,43,119
1771717895.5684643,45,43,119
1771717895.5687118,45,43,119
1771717895.5689719,45,43,119
1771717895.569265,45,43,120
1771717895.5695128,45,43,120
1771717895.5699,45,43,120
1771717895.570302,45,43,120
1771717895.5708776,45,43,120
1771717895.5713367,45,43,120
1771717895.5722356,45,43,120
1771717895.572588,45,43,120
1771717895.5729578,45,43,120
1771717895.5732663,45,43,120
1771717895.5735266,45,43,120
1771717895.573812,45,43,120
1771717895.5740848,45,43,120
1771717895.5743992,45,43,120
1771717895.5748415,45,43,120
1771717895.575249,45,43,120
1771717895.5755355,45,43,120
1771717895.5758395,45,43,120
1771717895.5762134,45,43,120
1771717895.5765073,45,43,120
1771717895.5767975,45,43,120
1771717895.577169,45,43,120
1771717895.5774534,45,43,120
1771717895.577732,45,43,120
1771717895.5780916,45,43,120
1771717895.5783744,45,43,120
1771717895.5786629,45,43,120
1771717895.5789843,45,43,120
1771717895.5793035,45,43,120
1771717895.579596,45,43,120
1771717895.5798762,45,43,120
1771717895.5802221,45,43,120
1771717895.5805078,45,43,120
1771717895.5808597,45,43,120
1771717895.5811195,45,43,120
1771717895.5813427,45,43,120
1771717895.5815272,45,43,120
1771717895.5817804,45,43,120
1771717895.5844133,45,43,120
1771717895.5847244,45,43,120
1771717895.5851429,45,43,120
1771717895.585455,45,43,120
1771717895.5884786,45,43,120
1771717895.5888817,45,43,120
1771717895.5893087,45,43,120
1771717895.5896451,45,43,120
1771717895.5899932,45,43,120
1771717895.592666,45,43,121
1771717895.5928686,45,43,121
1771717895.593055,45,43,121
1771717895.5933096,45,43,121
1771717895.596661,45,43,121
1771717895.5968912,45,43,121
1771717895.5971844,45,43,121
1771717895.5975158,45,43,121
1771717895.6005764,45,43,121
1771717895.6009455,45,43,121
1771717895.6012444,45,43,121
1771717895.6015422,45,43,121
1771717895.6019285,45,43,121
1771717895.6049728,45,43,121
1771717895.6052969,45,43,121
1771717895.6055534,45,43,121
1771717895.6058185,45,43,121
1771717895.6089146,45,43,121
1771717895.6091938,45,43,121
1771717895.609503,45,43,121
1771717895.609761,45,43,121
1771717895.6100318,45,43,121
1771717895.6169581,45,43,121
1771717895.6172602,45,43,121
1771717895.6176023,45,43,121
1771717895.617871,45,43,121
1771717895.6182368,45,43,121
1771717895.6185255,45,43,121
1771717895.618836,45,43,121
1771717895.6191278,45,43,121
1771717895.6212037,45,43,121
1771717895.6214247,45,43,121
1771717895.621625,45,43,121
1771717895.621868,45,43,121
1771717895.6222599,45,43,121
1771717895.6253557,45,43,121
1771717895.6255732,45,43,121
1771717895.625774,45,43,121
1771717895.6260211,45,43,121
1771717895.6293774,45,43,121
1771717895.6296923,45,43,121
1771717895.629918,45,43,121
1771717895.6301332,45,43,121
1771717895.6333878,45,43,121
1771717895.6338298,45,43,121
1771717895.6341393,45,43,121
1771717895.6344204,45,43,122
1771717895.6347775,45,43,122
1771717895.638015,45,43,122
1771717895.638366,45,43,122
1771717895.638608,45,43,122
1771717895.6389043,45,43,122
1771717895.6417124,45,43,122
1771717895.6420124,45,43,122
1771717895.64239,45,43,122
1771717895.64262,45,43,122
1771717895.6428435,45,43,122
1771717895.6458762,45,43,122
1771717895.6461,45,43,122
1771717895.646365,45,43,122
1771717895.6465771,45,43,122
1771717895.6499207,45,43,122
1771717895.6501365,45,43,122
1771717895.6503305,45,43,122
1771717895.6505375,45,43,122
1771717895.6542456,45,43,122
1771717895.6546752,45,43,122
1771717895.6549196,45,43,122
1771717895.6551077,45,43,122
1771717895.6552942,45,43,122
1771717895.6581814,45,43,122
1771717895.6583884,45,43,122
1771717895.6585972,45,43,122
1771717895.6588392,45,43,122
1771717895.6622336,45,43,122
1771717895.6624632,45,43,122
1771717895.6626527,45,43,122
1771717895.6628394,45,43,122
1771717895.6661308,45,43,122
1771717895.6664674,45,43,122
1771717895.666763,45,43,122
1771717895.6671686,45,43,122
1771717895.667461,45,43,122
1771717895.6704586,45,43,122
1771717895.670741,45,43,122
1771717895.6710646,45,43,122
1771717895.6713195,45,43,122
1771717895.6745057,45,43,122
1771717895.6748288,45,43,122
1771717895.6750722,45,43,122
1771717895.67532,45,43,122
1771717895.6756124,45,43,122
1771717895.6826859,45,43,123
1771717895.682993,45,43,123
1771717895.6833348,45,43,123
1771717895.6836245,45,43,123
1771717895.6839232,45,43,123
1771717895.684265,45,43,123
1771717895.684563,45,43,123
1771717895.6848588,45,43,123
1771717895.6867497,45,43,123
1771717895.687049,45,43,123
1771717895.68736,45,43,123
1771717895.687708,45,43,123
1771717895.6880052,45,43,123
1771717895.691015,45,43,123
1771717895.6913157,45,43,123
1771717895.6915936,45,43,123
1771717895.6919308,45,43,123
1771717895.6950583,45,43,123
1771717895.6953514,45,43,123
1771717895.6956623,45,43,123
1771717895.6959167,45,43,123
1771717895.6988804,45,43,123
1771717895.6992319,45,43,123
1771717895.6995301,45,43,123
1771717895.6998649,45,43,123
1771717895.700141,45,43,123
1771717895.7032988,45,43,123
1771717895.7035089,45,43,123
1771717895.7037332,45,43,123
1771717895.7039344,45,43,123
1771717895.7071972,45,43,123
1771717895.7074027,45,43,123
1771717895.707587,45,43,123
1771717895.7078097,45,43,123
1771717895.7081313,45,43,123
1771717895.7114534,45,43,123
1771717895.7117925,45,43,123
1771717895.7120998,45,43,123
1771717895.7123811,45,43,123
1771717895.715472,45,43,123
1771717895.715827,45,43,123
1771717895.716109,45,43,123
1771717895.7163818,45,43,123
1771717895.7194803,45,43,123
1771717895.719784,45,43,123
1771717895.7200656,45,43,123
1771717895.7204063,45,43,123
1771717895.720811,45,43,124
1771717895.7237303,45,43,124
1771717895.7240255,45,43,124
1771717895.7244034,45,43,124
1771717895.724687,45,43,124
1771717895.7276254,45,43,124
1771717895.7278452,45,43,124
1771717895.7280738,45,43,124
1771717895.7283046,45,43,124
1771717895.7316346,45,43,124
1771717895.7319727,45,43,124
1771717895.7323627,45,43,124
1771717895.7325735,45,43,124
1771717895.7327595,45,43,124
1771717895.7359917,45,43,124
1771717895.7362974,45,43,124
1771717895.7365992,45,43,124
1771717895.736949,45,43,124
1771717895.7399576,45,43,124
1771717895.7403052,45,43,124
1771717895.7406154,45,43,124
1771717895.7409022,45,43,124
1771717895.7411587,45,43,124
1771717895.8118327,45,43,124
1771717895.8121624,45,43,124
1771717895.812351,45,43,124
1771717895.812536,45,43,124
1771717895.812716,45,43,124
1771717895.8130343,45,43,124
1771717895.8132095,45,43,124
1771717895.8133833,45,43,124
1771717895.813557,45,43,124
1771717895.8137321,45,43,124
1771717895.8139322,45,43,124
1771717895.8141038,45,43,124
1771717895.814276,45,43,124
1771717895.814519,45,43,124
1771717895.8146932,45,43,124
1771717895.8148973,45,43,124
1771717895.8150733,45,43,124
1771717895.8153396,45,43,124
1771717895.8155208,45,43,124
1771717895.8157015,45,43,124
1771717895.81591,45,43,124
1771717895.8160884,45,43,124
1771717895.816265,45,43,124
1771717895.8164434,45,43,125
1771717895.8166218,45,43,125
1771717895.8168025,45,43,125
1771717895.817001,45,43,125
1771717895.8171787,45,43,125
1771717895.8173573,45,43,125
1771717895.817536,45,43,125
1771717895.8177135,45,43,125
1771717895.81793,45,43,125
1771717895.8181078,45,43,125
1771717895.8182862,45,43,125
1771717895.818464,45,43,125
1771717895.818641,45,43,125
1771717895.819143,45,43,125
1771717895.819754,45,43,125
1771717895.820026,45,43,125
1771717895.8203173,45,43,125
1771717895.8207016,45,43,125
1771717895.820927,45,43,125
1771717895.8211062,45,43,125
1771717895.8212826,45,43,125
1771717895.8216062,45,43,125
1771717895.8218236,45,43,125
1771717895.8220055,45,43,125
1771717895.822185,45,43,125
1771717895.8224936,45,43,125
1771717895.822677,45,43,125
1771717895.8228567,45,43,125
1771717895.823036,45,43,125
1771717895.8232138,45,43,125
1771717895.8234189,45,43,125
1771717895.8235962,45,43,125
1771717895.8237736,45,43,125
1771717895.823952,45,43,125
1771717895.8241303,45,43,125
1771717895.8243203,45,43,125
1771717895.8245316,45,43,125
1771717895.8247104,45,43,125
1771717895.8248885,45,43,125
1771717895.825067,45,43,125
1771717895.8252451,45,43,125
1771717895.8254514,45,43,125
1771717895.8256333,45,43,125
1771717895.8258102,45,43,125
1771717895.8259885,45,43,125
1771717895.8261666,45,43,125
1771717895.8263505,45,43,126
1771717895.8265553,45,43,126
1771717895.826733,45,43,126
1771717895.8269112,45,43,126
1771717895.8270893,45,43,126
1771717895.8272657,45,43,126
1771717895.827466,45,43,126
1771717895.8276434,45,43,126
1771717895.8278248,45,43,126
1771717895.8280036,45,43,126
1771717895.828181,45,43,126
1771717895.828362,45,43,126
1771717895.8285608,45,43,126
1771717895.8287396,45,43,126
1771717895.8289864,45,43,126
1771717895.829163,45,43,126
1771717895.8293467,45,43,126
1771717895.8295448,45,43,126
1771717895.8298101,45,43,126
1771717895.829989,45,43,126
1771717895.8301704,45,43,126
1771717895.8303478,45,43,126
1771717895.830547,45,43,126
1771717895.8307252,45,43,126
1771717895.830919,45,43,126
1771717895.8310978,45,43,126
1771717895.8312755,45,43,126
1771717895.8342113,45,43,126
1771717895.8344085,45,43,126
1771717895.8345962,45,43,126
1771717895.8347812,45,43,126
1771717895.838239,45,43,126
1771717895.8384326,45,43,126
1771717895.8386166,45,43,126
1771717895.8388004,45,43,126
1771717895.8391042,45,43,126
1771717895.9036176,45,43,126
1771717895.9038277,45,43,126
1771717895.904019,45,43,126
1771717895.9042213,45,43,126
1771717895.9043987,45,43,126
1771717895.904599,45,43,126
1771717895.9047756,45,43,126
1771717895.90496,45,43,126
1771717895.9051356,45,43,126
1771717895.9053905,45,43,126
1771717895.905624,45,43,127
1771717895.9058244,45,43,127
1771717895.9060016,45,43,127
1771717895.906176,45,43,127
1771717895.906351,45,43,127
1771717895.9065492,45,43,127
1771717895.9067264,45,43,127
1771717895.9069088,45,43,127
1771717895.9070828,45,43,127
1771717895.907257,45,43,127
1771717895.907429,45,43,127
1771717895.907633,45,43,127
1771717895.9078069,45,43,127
1771717895.90798,45,43,127
1771717895.9081528,45,43,127
1771717895.9083261,45,43,127
1771717895.9084997,45,43,127
1771717895.9087036,45,43,127
1771717895.9088752,45,43,127
1771717895.9094915,45,43,127
1771717895.9098444,45,43,127
1771717895.9100764,45,43,127
1771717895.9103394,45,43,127
1771717895.910525,45,43,127
1771717895.910712,45,43,127
1771717895.9108887,45,43,127
1771717895.9110935,45,43,127
1771717895.9112687,45,43,127
1771717895.9114456,45,43,127
1771717895.9116497,45,43,127
1771717895.9119759,45,43,127
1771717895.9122512,45,43,127
1771717895.9125288,45,43,127
1771717895.9127383,45,43,127
1771717895.9129133,45,43,127
1771717895.9131286,45,43,127
1771717895.9133017,45,43,127
1771717895.913476,45,43,127
1771717895.9136472,45,43,127
1771717895.9138205,45,43,127
1771717895.9140177,45,43,127
1771717895.914191,45,43,127
1771717895.9143624,45,43,127
1771717895.9145353,45,43,127
1771717895.9147124,45,43,127
1771717895.9148855,45,43,127
1771717895.9150789,45,43,127
1771717895.9152505,45,43,128
1771717895.915547,45,43,128
1771717895.9157226,45,43,128
1771717895.9159718,45,43,128
1771717895.9161472,45,43,128
1771717895.9164135,45,43,128
1771717895.916592,45,43,128
1771717895.9168448,45,43,128
1771717895.9171355,45,43,128
1771717895.9173155,45,43,128
1771717895.9174902,45,43,128
1771717895.9176662,45,43,128
1771717895.917841,45,43,128
1771717895.9180455,45,43,128
1771717895.9182177,45,43,128
1771717895.9183903,45,43,128
1771717895.9185631,45,43,128
1771717895.9187524,45,43,128
1771717895.91895,45,43,128
1771717895.9191227,45,43,128
1771717895.9193003,45,43,128
1771717895.9194734,45,43,128
1771717895.9196455,45,43,128
1771717895.919818,45,43,128
1771717895.92006,45,43,128
1771717895.9202323,45,43,128
1771717895.920406,45,43,128
1771717895.9206676,45,43,128
1771717895.9208765,45,43,128
1771717895.9210873,45,43,128
1771717895.9242828,45,43,128
1771717895.9244895,45,43,128
1771717895.9246807,45,43,128
1771717895.924855,45,43,128
1771717895.9282196,45,43,128
1771717895.9285579,45,43,128
1771717895.928814,45,43,128
1771717895.9290526,45,43,128
1771717895.929301,45,43,128
1771717895.9325674,45,43,128
1771717895.932943,45,43,128
1771717895.933128,45,43,128
1771717895.93338,45,43,128
1771717895.9366796,45,43,128
1771717895.9370358,45,43,128
1771717895.937456,45,43,128
1771717895.9376423,45,43,129
1771717895.9378684,45,43,129
1771717895.9428015,45,43,129
1771717895.9430387,45,43,129
1771717895.9432912,45,43,129
1771717895.9435873,45,43,129
1771717895.944774,45,43,129
1771717895.9449806,45,43,129
1771717895.9451723,45,43,129
1771717895.9453611,45,43,129
1771717895.9487803,45,43,129
1771717895.9490175,45,43,129
1771717895.949204,45,43,129
1771717895.9494202,45,43,129
1771717895.9497313,45,43,129
1771717895.9529424,45,43,129
1771717895.953133,45,43,129
1771717895.953315,45,43,129
1771717895.9534981,45,43,129
1771717895.9571145,45,43,129
1771717895.9573147,45,43,129
1771717895.9575179,45,43,129
1771717895.9576993,45,43,129
1771717895.9610114,45,43,129
1771717895.961253,45,43,129
1771717895.961463,45,43,129
1771717895.961682,45,43,129
1771717895.9619682,45,43,129
1771717895.9652026,45,43,129
1771717895.9653997,45,43,129
1771717895.9655871,45,43,129
1771717895.9658225,45,43,129
1771717895.9692595,45,43,129
1771717895.969453,45,43,129
1771717895.9696357,45,43,129
1771717895.969958,45,43,129
1771717895.9702866,45,43,129
1771717895.9734597,45,45,227
1771717895.9736507,45,45,114
1771717895.9738994,45,45,114
1771717895.9743018,45,45,114
1771717895.9775217,45,45,114
1771717895.977714,45,45,114
1771717895.977939,45,45,114
1771717895.9781241,45,45,114
1771717895.981516,45,45,114
1771717895.9818404,45,45,114
1771717895.9821608,45,45,114
1771717895.9824781,45,45,114
1771717895.982839,45,45,114
1771717895.98599,45,45,114
1771717895.9863315,45,45,114
1771717895.9866028,45,45,114
1771717895.9867811,45,45,114
1771717895.9899292,45,45,114
1771717895.990137,45,45,114
1771717895.9903204,45,45,114
1771717895.9904993,45,45,114
1771717895.9938934,45,45,114
1771717895.9942508,45,45,114
1771717895.994583,45,45,114
1771717895.9949665,45,45,114
1771717895.995162,45,45,114
1771717895.998137,45,45,114
1771717895.998522,45,45,114
1771717895.9989262,45,45,114
1771717895.9992516,45,45,114
1771717896.0020335,45,45,114
1771717896.0023654,45,45,114
1771717896.002697,45,45,114
1771717896.0030885,45,45,114
1771717896.0033476,45,45,114
1771717896.0072932,45,45,114
1771717896.0076008,45,45,114
1771717896.0077865,45,45,114
1771717896.0079696,45,45,114
1771717896.0104158,45,45,114
1771717896.010768,45,45,114
1771717896.0113103,45,45,114
1771717896.0116475,45,45,114
1771717896.0144145,45,45,114
1771717896.0148535,45,45,114
1771717896.0151865,45,45,114
1771717896.0154135,45,45,114
1771717896.0155904,45,45,114
1771717896.0187252,45,45,114
1771717896.018974,45,45,114
1771717896.0191948,45,45,114
1771717896.0193715,45,45,114
1771717896.022578,45,45,114
1771717896.022979,45,45,114
1771717896.0232282,45,45,114
1771717896.023989,45,45,114
1771717896.0265687,45,45,114
1771717896.0267818,45,45,114
1771717896.0269651,45,45,114
1771717896.0271978,45,45,114
1771717896.0273798,45,45,114
1771717896.030708,45,45,114
1771717896.0309315,45,45,114
1771717896.031118,45,45,114
1771717896.031338,45,45,114
1771717896.0347838,45,45,114
1771717896.034986,45,45,114
1771717896.035179,45,45,114
1771717896.0354042,45,45,114
1771717896.035595,45,45,114
1771717896.0389447,45,45,114
1771717896.039136,45,45,114
1771717896.039356,45,45,114
1771717896.0395422,45,45,114
1771717896.0430446,45,45,114
1771717896.0432684,45,45,114
1771717896.043485,45,45,114
1771717896.0437365,45,45,114
1771717896.04705,45,45,114
1771717896.0472493,45,45,114
1771717896.047515,45,45,114
1771717896.0477026,45,45,114
1771717896.04793,45,45,114
1771717896.051248,45,45,114
1771717896.0516374,45,45,114
1771717896.0521567,45,45,114
1771717896.0526557,45,45,114
1771717896.0553234,45,45,114
1771717896.0555127,45,45,114
1771717896.0556622,45,45,0
1771717896.0558116,45,45,0
1771717896.0559597,45,45,0
1771717896.0593119,45,45,0
1771717896.0594985,45,45,0
1771717896.0596507,45,45,0
1771717896.0598843,45,45,0
1771717896.0601554,45,45,0
1771717896.0634267,45,45,0
1771717896.0638237,45,45,0
1771717896.0640898,45,45,0
1771717896.0643733,45,45,0
1771717896.064581,45,45,0
1771717896.0647278,45,45,0
1771717896.067962,45,45,0
1771717896.0682485,45,45,0
1771717896.0684073,45,45,0
1771717896.0686116,45,45,0
1771717896.0689168,45,45,0
1771717896.0717187,45,45,0
1771717896.071888,45,45,0
1771717896.0720391,45,45,0
1771717896.07219,45,45,0
1771717896.0723374,45,45,0
1771717896.075721,45,45,0
1771717896.076113,45,45,0
1771717896.0763836,45,45,0
1771717896.0765615,45,45,0
1771717896.076709,45,45,0
1771717896.0768557,45,45,0
1771717896.0800397,45,45,0
1771717896.08034,45,45,0
1771717896.0806205,45,45,0
1771717896.0808914,45,45,0
1771717896.0811625,45,45,0
1771717896.0840287,45,45,0
1771717896.0842397,45,45,0
1771717896.0845492,45,45,0
1771717896.0847843,45,45,0
1771717896.0850103,45,45,0
1771717896.0879438,45,45,0
1771717896.088146,45,45,0
1771717896.0883443,45,45,0
1771717896.0885077,45,45,0
1771717896.0886815,45,45,0
1771717896.0888562,45,45,0
1771717896.0923014,45,45,0
1771717896.0925581,45,45,0
1771717896.092802,45,45,0
1771717896.0930486,45,45,0
1771717896.0933275,45,45,0
1771717896.0962026,45,45,0
1771717896.0964403,45,45,0
1771717896.0966692,45,45,0
1771717896.096989,45,43,255
1771717896.097243,45,43,15
1771717896.1003299,45,43,15
1771717896.1005137,45,43,15
1771717896.1006916,45,43,15
1771717896.100862,45,43,15
1771717896.1010692,45,43,15
1771717896.1044452,45,43,15
1771717896.1046424,45,43,15
1771717896.1049016,45,43,15
1771717896.1051927,45,43,15
1771717896.1054573,45,43,15
1771717896.108573,45,43,15
1771717896.1087978,45,43,15
1771717896.1090531,45,43,15
1771717896.1092298,45,43,15
1771717896.1094017,45,43,15
1771717896.1143632,45,43,15
1771717896.1145833,45,43,15
1771717896.1148033,45,43,15
1771717896.1150417,45,43,15
1771717896.116665,45,43,15
1771717896.1168783,45,43,15
1771717896.1170747,45,43,15
1771717896.1172636,45,43,15
1771717896.1174266,45,43,15
1771717896.1208713,45,42,255
1771717896.1211462,45,42,30
1771717896.1214738,45,42,30
1771717896.1217372,45,42,30
1771717896.122004,45,42,30
1771717896.1252463,45,42,30
1771717896.1255078,45,42,30
1771717896.1257553,45,42,30
1771717896.1260843,45,42,30
1771717896.1263409,45,42,30
1771717896.1291256,45,42,30
1771717896.1293895,45,42,30
1771717896.129597,45,42,31
1771717896.1298075,45,42,31
1771717896.130021,45,42,31
1771717896.133125,45,42,31
1771717896.1333165,45,42,31
1771717896.1334918,45,42,31
1771717896.1336582,45,42,31
1771717896.1371071,45,42,31
1771717896.1372836,45,42,31
1771717896.1375566,45,42,31
1771717896.1377733,45,42,31
1771717896.138018,45,42,31
1771717896.14138,45,42,31
1771717896.1416366,45,40,255
1771717896.1419504,45,40,46
1771717896.1422117,45,40,46
1771717896.1424572,45,40,46
1771717896.1455927,45,40,46
1771717896.1458473,45,40,46
1771717896.146093,45,40,46
1771717896.1462893,45,40,46
1771717896.1464562,45,40,47
1771717896.1496527,45,40,47
1771717896.149981,45,40,47
1771717896.150254,45,40,47
1771717896.1505182,45,40,47
1771717896.1535072,45,40,47
1771717896.1538877,45,40,47
1771717896.154193,45,40,47
1771717896.1544888,45,40,47
1771717896.1547217,45,40,47
1771717896.157712,45,40,47
1771717896.1580317,45,40,47
1771717896.1583307,45,40,47
1771717896.1586912,45,40,47
1771717896.15905,45,40,47
1771717896.1618092,45,40,47
1771717896.1620772,45,40,48
1771717896.1624563,45,40,48
1771717896.1626375,45,40,48
1771717896.1629314,45,40,48
1771717896.166006,45,40,48
1771717896.1663294,45,40,48
1771717896.1665967,45,40,48
1771717896.1667645,45,40,48
1771717896.1669283,45,40,48
1771717896.1701748,45,40,48
1771717896.1704822,45,40,48
1771717896.1707757,45,40,48
1771717896.1710691,45,40,48
1771717896.1713088,45,40,48
1771717896.1799872,45,40,48
1771717896.1801722,45,40,48
1771717896.18034,45,40,48
1771717896.180583,45,40,48
1771717896.1807475,45,40,49
1771717896.1809094,45,40,49
1771717896.181076,45,40,49
1771717896.181237,45,40,49
1771717896.1814303,45,40,49
1771717896.1822813,45,40,49
1771717896.1824534,45,40,49
1771717896.1826243,45,40,49
1771717896.1827867,45,40,49
1771717896.1831448,45,40,49
1771717896.1863856,45,40,49
1771717896.1865582,45,40,49
1771717896.1867225,45,40,49
1771717896.1868837,45,40,49
1771717896.1870651,45,39,255
1771717896.1905816,45,39,64
1771717896.1909015,45,39,65
1771717896.191476,45,39,65
1771717896.1917832,45,39,65
1771717896.192046,45,39,65
1771717896.194683,45,39,65
1771717896.1948924,45,39,65
1771717896.195064,45,39,65
1771717896.1952271,45,39,65
1771717896.1985939,45,39,65
1771717896.1988823,45,39,65
1771717896.1990664,45,39,65
1771717896.1992376,45,39,65
1771717896.199413,45,39,66
1771717896.2027228,45,39,66
1771717896.2028944,45,39,66
1771717896.2030954,45,39,66
1771717896.2035036,45,39,66
1771717896.2036672,45,39,66
1771717896.2070699,45,39,66
1771717896.207327,45,39,66
1771717896.2076488,45,39,66
1771717896.2079413,45,39,66
1771717896.2082868,45,39,66
1771717896.2110853,45,39,66
1771717896.2113512,45,39,66
1771717896.2116175,45,39,67
1771717896.2119582,45,39,67
1771717896.2122693,45,39,67
1771717896.215093,45,39,67
1771717896.215299,45,39,67
1771717896.215466,45,39,67
1771717896.215631,45,39,67
1771717896.219205,45,39,67
1771717896.2193902,45,39,67
1771717896.219562,45,39,67
1771717896.219765,45,39,67
1771717896.2200425,45,39,67
1771717896.2232382,45,39,67
1771717896.223427,45,39,68
1771717896.2235935,45,39,68
1771717896.2237582,45,39,68
1771717896.2239594,45,39,68
1771717896.227309,45,39,68
1771717896.2275164,45,39,68
1771717896.2276895,45,39,68
1771717896.2278593,45,39,68
1771717896.2280586,45,39,68
1771717896.2314332,45,39,68
1771717896.2318387,45,39,68
1771717896.2321627,45,39,68
1771717896.2324524,45,39,68
1771717896.232766,45,39,69
1771717896.2356448,45,39,69
1771717896.235827,45,39,69
1771717896.235995,45,39,69
1771717896.2361605,45,39,69
1771717896.239499,45,39,69
1771717896.2397966,45,39,69
1771717896.2400627,45,39,69
1771717896.24038,45,39,69
1771717896.240623,45,39,69
1771717896.2437162,45,39,69
1771717896.243926,45,39,69
1771717896.2441425,45,39,69
1771717896.2443075,45,39,70
1771717896.2444718,45,39,70
1771717896.2478485,45,39,70
1771717896.2481956,45,39,70
1771717896.2484024,45,39,70
1771717896.2485695,45,39,70
1771717896.2487414,45,39,70
1771717896.2519825,45,39,70
1771717896.2522647,45,39,70
1771717896.252558,45,39,70
1771717896.2527347,45,39,70
1771717896.2529063,45,39,70
1771717896.256146,45,39,71
1771717896.2564228,45,39,71
1771717896.2567732,45,39,71
1771717896.2569904,45,39,71
1771717896.2600765,45,39,71
1771717896.2604868,45,39,71
1771717896.2607434,45,39,71
1771717896.2610073,45,39,71
1771717896.261266,45,39,71
1771717896.2641618,45,39,71
1771717896.2644148,45,39,71
1771717896.264691,45,39,71
1771717896.2649477,45,39,72
1771717896.265205,45,39,72
1771717896.2683518,45,39,72
1771717896.2686849,45,39,72
1771717896.2689486,45,39,72
1771717896.269212,45,39,72
1771717896.2698386,45,39,72
1771717896.272493,45,39,72
1771717896.2728682,45,39,72
1771717896.2731411,45,39,72
1771717896.2735872,45,39,72
1771717896.273799,45,39,72
1771717896.2766774,45,39,72
1771717896.2769473,45,39,73
1771717896.277267,45,39,73
1771717896.2775133,45,39,73
1771717896.2777512,45,39,73
1771717896.2838228,45,39,73
1771717896.2840064,45,39,73
1771717896.2841794,45,39,73
1771717896.284391,45,39,73
1771717896.2845597,45,39,73
1771717896.28487,45,39,73
1771717896.2851548,45,39,73
1771717896.2854054,45,39,73
1771717896.2856455,45,39,73
1771717896.288843,45,39,74
1771717896.2891634,45,39,74
1771717896.2894478,45,39,74
1771717896.289796,45,39,74
1771717896.2900965,45,39,74
1771717896.2931073,45,39,74
1771717896.293467,45,39,74
1771717896.2936394,45,39,74
1771717896.2938097,45,39,74
1771717896.2939794,45,39,74
1771717896.2970219,45,39,74
1771717896.2972038,45,39,74
1771717896.2973878,45,39,74
1771717896.297588,45,39,75
1771717896.2977839,45,39,75
1771717896.3011284,45,39,75
1771717896.3013806,45,39,75
1771717896.3015785,45,39,75
1771717896.3017776,45,39,75
1771717896.30506,45,39,75
1771717896.3054526,45,39,75
1771717896.305806,45,39,75
1771717896.3059752,45,39,75
1771717896.3061445,45,39,75
1771717896.3092365,45,39,75
1771717896.3094413,45,39,75
1771717896.309643,45,39,76
1771717896.30984,45,39,76
1771717896.3100393,45,39,76
1771717896.3133543,45,39,76
1771717896.313557,45,39,76
1771717896.3137512,45,39,76
1771717896.3139474,45,39,76
1771717896.3141406,45,39,76
1771717896.317447,45,39,76
1771717896.317631,45,39,76
1771717896.3178077,45,39,76
1771717896.3179748,45,39,76
1771717896.318179,45,39,77
1771717896.321601,45,39,77
1771717896.3218298,45,39,77
1771717896.3221269,45,39,77
1771717896.3223994,45,39,77
1771717896.3255076,45,39,77
1771717896.325716,45,39,77
1771717896.3259282,45,39,77
1771717896.326159,45,39,77
1771717896.326332,45,39,77
1771717896.329705,45,39,77
1771717896.3299415,45,39,77
1771717896.3301115,45,39,77
1771717896.3302824,45,39,78
1771717896.3304472,45,39,78
1771717896.3339267,45,39,78
1771717896.3341243,45,39,78
1771717896.334294,45,39,78
1771717896.3345506,45,39,78
1771717896.3347206,45,39,78
1771717896.337906,45,39,78
1771717896.3381264,45,39,78
1771717896.3383315,45,39,78
1771717896.3385434,45,39,78
1771717896.3388033,45,39,78
1771717896.3421717,45,39,78
1771717896.3424833,45,39,79
1771717896.3427904,45,39,79
1771717896.3430326,45,39,79
1771717896.3432019,45,39,79
1771717896.3472755,45,39,79
1771717896.3474565,45,39,79
1771717896.3476233,45,39,79
1771717896.34779,45,39,79
1771717896.350136,45,39,79
1771717896.3503351,45,39,79
1771717896.350564,45,39,79
1771717896.3507361,45,39,79
1771717896.3509057,45,39,79
1771717896.3543482,45,39,80
1771717896.3546634,45,39,80
1771717896.354987,45,39,80
1771717896.3551526,45,39,80
1771717896.3553164,45,39,80
1771717896.3584113,45,39,80
1771717896.3586102,45,39,80
1771717896.358815,45,39,80
1771717896.3590198,45,39,80
1771717896.3592238,45,39,80
1771717896.3625383,45,39,80
1771717896.362724,45,39,80
1771717896.3628957,45,39,80
1771717896.3630648,45,39,81
1771717896.363236,45,39,81
1771717896.3666635,45,39,81
1771717896.3668516,45,39,81
1771717896.3670695,45,39,81
1771717896.3672333,45,39,81
1771717896.3708465,45,39,81
1771717896.3711727,45,39,81
1771717896.3714006,45,39,81
1771717896.3716218,45,39,81
1771717896.3718414,45,39,81
1771717896.3747518,45,39,81
1771717896.3749363,45,39,82
1771717896.3751123,45,39,82
1771717896.3752835,45,39,82
1771717896.3754547,45,39,82
1771717896.3788538,45,39,82
1771717896.379269,45,39,82
1771717896.379759,45,39,82
1771717896.38023,45,39,82
1771717896.380488,45,39,82
1771717896.3829975,45,39,82
1771717896.3832068,45,39,82
1771717896.383465,45,39,82
1771717896.3836622,45,39,83
1771717896.3838367,45,39,83
1771717896.3871047,45,39,83
1771717896.3873155,45,39,83
1771717896.387512,45,39,83
1771717896.387716,45,39,83
1771717896.3910248,45,39,83
1771717896.3913653,45,39,83
1771717896.3916616,45,39,83
1771717896.3919582,45,39,83
1771717896.392248,45,39,83
1771717896.3952265,45,39,83
1771717896.3958151,45,39,83
1771717896.3964005,45,39,84
1771717896.3967776,45,39,84
1771717896.3970098,45,39,84
1771717896.399254,45,39,84
1771717896.3994672,45,39,84
1771717896.3996341,45,39,84
1771717896.3998036,45,39,84
1771717896.3999715,45,39,84
1771717896.403442,45,39,84
1771717896.4036388,45,39,84
1771717896.4038324,45,39,84
1771717896.4040277,45,39,84
1771717896.404193,45,39,84
1771717896.4075456,45,39,85
1771717896.4077184,45,39,85
1771717896.4078937,45,39,85
1771717896.4080598,45,39,85
1771717896.4082255,45,39,85
1771717896.4129567,45,39,85
1771717896.4131691,45,39,85
1771717896.413501,45,39,85
1771717896.4137206,45,39,85
1771717896.4156601,45,39,85
1771717896.415887,45,39,85
1771717896.4160671,45,39,85
1771717896.4162657,45,39,85
1771717896.416463,45,39,86
1771717896.4197857,45,39,86
1771717896.4200926,45,39,86
1771717896.4204504,45,39,86
1771717896.4207652,45,39,86
1771717896.421011,45,39,86
1771717896.4245386,45,39,86
1771717896.4249833,45,39,86
1771717896.425147,45,39,86
1771717896.425315,45,39,86
1771717896.4254766,45,39,86
1771717896.4280353,45,39,86
1771717896.428212,45,39,86
1771717896.4284384,45,39,87
1771717896.4286425,45,39,87
1771717896.4288056,45,39,87
1771717896.4321375,45,39,87
1771717896.4323382,45,39,87
1771717896.4325614,45,39,87
1771717896.4327307,45,39,87
1771717896.436116,45,39,87
1771717896.4365351,45,39,87
1771717896.436853,45,39,87
1771717896.4371674,45,39,87
1771717896.4374766,45,39,87
1771717896.440365,45,39,88
1771717896.4407618,45,39,88
1771717896.4412045,45,39,88
1771717896.4415433,45,39,88
1771717896.4417632,45,39,88
1771717896.444601,45,39,88
1771717896.4449239,45,39,88
1771717896.4451175,45,39,88
1771717896.4452846,45,39,88
1771717896.4454482,45,39,88
1771717896.4486935,45,39,88
1771717896.448999,45,39,88
1771717896.4492874,45,39,88
1771717896.4495766,45,39,89
1771717896.4498441,45,39,89
1771717896.4526923,45,39,89
1771717896.452866,45,39,89
1771717896.4530318,45,39,89
1771717896.4531941,45,39,89
1771717896.4566257,45,39,89
1771717896.4570107,45,39,89
1771717896.4576259,45,39,89
1771717896.4581857,45,39,89
1771717896.4585226,45,39,89
1771717896.4606698,45,39,89
1771717896.4608665,45,39,89
1771717896.4610822,45,39,90
1771717896.4612505,45,39,90
1771717896.4614162,45,39,90
1771717896.464791,45,39,90
1771717896.4649603,45,39,90
1771717896.4651523,45,39,90
1771717896.46532,45,39,90
1771717896.4654975,45,39,90
1771717896.4689653,45,39,90
1771717896.469256,45,39,90
1771717896.46954,45,39,90
1771717896.469867,45,39,90
1771717896.4701555,45,39,90
1771717896.4730904,45,39,91
1771717896.473305,45,39,91
1771717896.47347,45,39,91
1771717896.473634,45,39,91
1771717896.4737961,45,39,91
1771717896.5328264,45,39,91
1771717896.5330777,45,39,91
1771717896.5334387,45,39,91
1771717896.5336127,45,39,91
1771717896.5337775,45,39,91
1771717896.5339959,45,39,91
1771717896.5341575,45,39,91
1771717896.5343313,45,39,91
1771717896.5344958,45,39,92
1771717896.5346591,45,39,92
1771717896.5348225,45,39,92
1771717896.5350156,45,39,92
1771717896.5351777,45,39,92
1771717896.5353394,45,39,92
1771717896.535499,45,39,92
1771717896.5356603,45,39,92
1771717896.5358229,45,39,92
1771717896.5360115,45,39,92
1771717896.5361714,45,39,92
1771717896.536471,45,39,92
1771717896.5366843,45,39,93
1771717896.5368912,45,39,93
1771717896.5371494,45,39,93
1771717896.5373545,45,39,93
1771717896.5375962,45,39,93
1771717896.5378025,45,39,93
1771717896.5380547,45,39,93
1771717896.5382748,45,39,93
1771717896.5384853,45,39,93
1771717896.5386481,45,39,93
1771717896.5388446,45,39,93
1771717896.5390637,45,39,93
1771717896.5392299,45,39,94
1771717896.539391,45,39,94
1771717896.53955,45,39,94
1771717896.5397127,45,39,94
1771717896.5398724,45,39,94
1771717896.5400572,45,39,94
1771717896.5402236,45,39,94
1771717896.540384,45,39,94
1771717896.5405438,45,39,94
1771717896.5407045,45,39,94
1771717896.540864,45,39,94
1771717896.541048,45,39,94
1771717896.5412076,45,39,94
1771717896.5413663,45,39,95
1771717896.5415275,45,39,95
1771717896.5416868,45,39,95
1771717896.5418472,45,39,95
1771717896.5420306,45,39,95
1771717896.542191,45,39,95
1771717896.5423574,45,39,95
1771717896.5425177,45,39,95
1771717896.5426795,45,39,95
1771717896.5428395,45,39,95
1771717896.5430212,45,39,95
1771717896.5431826,45,39,95
1771717896.5433447,45,39,95
1771717896.5435047,45,39,96
1771717896.5436652,45,39,96
1771717896.5438244,45,39,96
1771717896.5440245,45,39,96
1771717896.5441856,45,39,96
1771717896.5443492,45,39,96
1771717896.5445106,45,39,96
1771717896.5446725,45,39,96
1771717896.544834,45,39,96
1771717896.5450203,45,39,96
1771717896.545182,45,39,96
1771717896.5453413,45,39,96
1771717896.5455003,45,39,96
1771717896.545659,45,39,97
1771717896.5458202,45,39,97
1771717896.5459976,45,39,97
1771717896.5461574,45,39,97
1771717896.5463219,45,39,97
1771717896.5464816,45,39,97
1771717896.546646,45,39,97
1771717896.5468051,45,39,97
1771717896.5469882,45,39,97
1771717896.547148,45,39,97
1771717896.5473077,45,39,97
1771717896.547466,45,39,97
1771717896.5476253,45,39,97
1771717896.5477836,45,39,98
1771717896.547962,45,39,98
1771717896.5508573,45,39,98
1771717896.5511596,45,39,98
1771717896.551455,45,39,98
1771717896.5517645,45,39,98
1771717896.552146,45,39,98
1771717896.5549417,45,39,98
1771717896.5551612,45,39,98
1771717896.5553436,45,39,98
1771717896.55554,45,39,98
1771717896.5557883,45,39,98
1771717896.5592136,45,39,99
1771717896.559517,45,39,99
1771717896.5598142,45,39,99
1771717896.560113,45,39,99
1771717896.560324,45,39,99
1771717896.5634005,45,39,99
1771717896.5637264,45,39,99
1771717896.5640278,45,39,99
1771717896.5644798,45,39,99
1771717896.5671966,45,39,99
1771717896.5677884,45,39,99
1771717896.5682955,45,39,99
1771717896.5686715,45,39,99
1771717896.5688546,45,39,100
1771717896.5713089,45,39,100
1771717896.5714948,45,39,100
1771717896.57168,45,39,100
1771717896.5718887,45,39,100
1771717896.575388,45,39,100
1771717896.5755856,45,39,100
1771717896.5757873,45,39,100
1771717896.5761023,45,39,100
1771717896.5764887,45,39,100
1771717896.5797596,45,39,100
1771717896.5801072,45,39,100
1771717896.5804453,45,39,101
1771717896.580675,45,39,101
1771717896.583717,45,39,101
1771717896.5840652,45,39,101
1771717896.5843163,45,39,101
1771717896.584494,45,39,101
1771717896.5846727,45,39,101
1771717896.5885954,45,39,101
1771717896.588795,45,39,101
1771717896.588983,45,39,101
1771717896.5891666,45,39,101
1771717896.5918787,45,39,101
1771717896.5921059,45,39,102
1771717896.5923307,45,39,102
1771717896.5925543,45,39,102
1771717896.5958507,45,39,102
1771717896.596275,45,39,102
1771717896.5966043,45,39,102
1771717896.5969305,45,39,102
1771717896.597254,45,39,102
1771717896.60017,45,39,102
1771717896.6004567,45,39,102
1771717896.60078,45,39,102
1771717896.601055,45,39,103
1771717896.6042051,45,39,103
1771717896.6044014,45,39,103
1771717896.6045861,45,39,103
1771717896.6048267,45,39,103
1771717896.6081066,45,39,103
1771717896.6084552,45,39,103
1771717896.6086385,45,39,103
1771717896.60882,45,39,103
1771717896.6090026,45,39,103
1771717896.6124017,45,39,103
1771717896.6127884,45,39,104
1771717896.613029,45,39,104
1771717896.613205,45,39,104
1771717896.6163816,45,39,104
1771717896.616574,45,39,104
1771717896.6167598,45,39,104
1771717896.6169436,45,39,104
1771717896.6171305,45,39,104
1771717896.6205359,45,39,104
1771717896.6207137,45,39,104
1771717896.62089,45,39,104
1771717896.621065,45,39,104
1771717896.6246996,45,39,105
1771717896.6250343,45,39,105
1771717896.625352,45,39,105
1771717896.625666,45,39,105
1771717896.62872,45,39,105
1771717896.629144,45,39,105
1771717896.629616,45,39,105
1771717896.6299827,45,39,105
1771717896.6302848,45,39,105
1771717896.6328304,45,39,105
1771717896.6330528,45,39,105
1771717896.6332676,45,39,105
1771717896.6334865,45,39,106
1771717896.6368196,45,39,106
1771717896.6371148,45,39,106
1771717896.637446,45,39,106
1771717896.6378927,45,39,106
1771717896.6408703,45,39,106
1771717896.6412106,45,39,106
1771717896.6416075,45,39,106
1771717896.641814,45,39,106
1771717896.641995,45,39,106
1771717896.6455188,45,39,106
1771717896.6461253,45,39,107
1771717896.64659,45,39,107
1771717896.64687,45,39,107
1771717896.6490996,45,39,107
1771717896.649322,45,39,107
1771717896.6495042,45,39,107
1771717896.6496847,45,39,107
1771717896.6498666,45,39,107
1771717896.703487,45,39,107
1771717896.7036977,45,39,107
1771717896.7039382,45,39,107
1771717896.7041914,45,39,107
1771717896.7043827,45,39,108
1771717896.704562,45,39,108
1771717896.7047532,45,39,108
1771717896.704971,45,39,108
1771717896.7051492,45,39,108
1771717896.7053294,45,39,108
1771717896.7055526,45,39,108
1771717896.7057528,45,39,108
1771717896.705961,45,39,108
1771717896.7061408,45,39,108
1771717896.7064247,45,39,108
1771717896.7067049,45,39,108
1771717896.7070582,45,39,109
1771717896.7073407,45,39,109
1771717896.707532,45,39,109
1771717896.7077124,45,39,109
1771717896.7079396,45,39,109
1771717896.708116,45,39,109
1771717896.708291,45,39,109
1771717896.7084658,45,39,109
1771717896.7086484,45,39,109
1771717896.708826,45,39,109
1771717896.709025,45,39,110
1771717896.7092185,45,39,110
1771717896.7093909,45,39,110
1771717896.7095637,45,39,110
1771717896.7097373,45,39,110
1771717896.709932,45,39,110
1771717896.7101066,45,39,110
1771717896.7102814,45,39,110
1771717896.710456,45,39,110
1771717896.710635,45,39,110
1771717896.7108088,45,39,110
1771717896.7110157,45,39,110
1771717896.7111907,45,39,111
1771717896.7113652,45,39,111
1771717896.7115405,45,39,111
1771717896.7117188,45,39,111
1771717896.711918,45,39,111
1771717896.7120912,45,39,111
1771717896.7122653,45,39,111
1771717896.7124388,45,39,111
1771717896.7126164,45,39,111
1771717896.7127898,45,39,111
1771717896.7129807,45,39,111
1771717896.713269,45,39,111
1771717896.7134483,45,39,112
1771717896.7136226,45,39,112
1771717896.7137964,45,39,112
1771717896.713996,45,39,112
1771717896.7141716,45,39,112
1771717896.714346,45,39,112
1771717896.7145197,45,39,112
1771717896.7147005,45,39,112
1771717896.7149043,45,39,112
1771717896.7150776,45,39,112
1771717896.7152512,45,39,112
1771717896.715425,45,39,112
1771717896.7156012,45,39,113
1771717896.7157743,45,39,113
1771717896.715965,45,39,113
1771717896.7161496,45,39,113
1771717896.7163227,45,39,113
1771717896.7164955,45,39,113
1771717896.7166743,45,39,113
1771717896.7168472,45,39,113
1771717896.7681081,45,39,113
1771717896.7685513,45,39,113
1771717896.7689877,45,39,113
1771717896.7692788,45,39,113
1771717896.769681,45,39,114
1771717896.7699,45,39,114
1771717896.7701738,45,39,114
1771717896.7704751,45,39,114
1771717896.770663,45,39,114
1771717896.770846,45,39,114
1771717896.7710352,45,39,114
1771717896.7712162,45,39,114
1771717896.7714655,45,39,114
1771717896.7716477,45,39,114
1771717896.7718282,45,39,115
1771717896.772014,45,39,115
1771717896.7721927,45,39,115
1771717896.7723954,45,39,115
1771717896.7725737,45,39,115
1771717896.7728403,45,39,115
1771717896.7731445,45,39,115
1771717896.7733707,45,39,115
1771717896.7735877,45,39,115
1771717896.773826,45,39,115
1771717896.7740011,45,39,115
1771717896.774177,45,39,115
1771717896.7743542,45,39,116
1771717896.774529,45,39,116
1771717896.7747338,45,39,116
1771717896.7749083,45,39,116
1771717896.7750847,45,39,116
1771717896.7752607,45,39,116
1771717896.7754347,45,39,116
1771717896.7756288,45,39,116
1771717896.775804,45,39,116
1771717896.7759776,45,39,116
1771717896.7761524,45,39,116
1771717896.7763262,45,39,116
1771717896.7765021,45,39,117
1771717896.776713,45,39,117
1771717896.7768927,45,39,117
1771717896.7770905,45,39,117
1771717896.7772663,45,39,117
1771717896.777463,45,39,117
1771717896.7776775,45,39,117
1771717896.7779057,45,39,117
1771717896.7781725,45,39,117
1771717896.7784219,45,39,117
1771717896.778711,45,39,117
1771717896.7790096,45,39,117
1771717896.7792194,45,39,118
1771717896.7794244,45,39,118
1771717896.7796922,45,39,118
1771717896.7799182,45,39,118
1771717896.7801523,45,39,118
1771717896.780363,45,39,118
1771717896.7805877,45,39,118
1771717896.7808127,45,39,118
1771717896.7811306,45,39,118
1771717896.7813132,45,39,118
1771717896.7815313,45,39,118
1771717896.7818084,45,39,119
1771717896.7819893,45,39,119
1771717896.782165,45,39,119
1771717896.7825081,45,39,119
1771717896.7829113,45,39,119
1771717896.7831845,45,39,119
1771717896.7834496,45,39,119
1771717896.7837744,45,39,119
1771717896.784047,45,39,119
1771717896.9447775,45,39,119
1771717896.9451938,45,39,119
1771717896.9455945,45,39,120
1771717896.9462092,45,39,120
1771717896.946475,45,39,120
1771717896.946701,45,39,120
1771717896.9470277,45,39,120
1771717896.947371,45,39,120
1771717896.947961,45,39,120
1771717896.9482594,45,39,120
1771717896.9486413,45,39,120
1771717896.9489114,45,39,120
1771717896.9492352,45,39,120
1771717896.949547,45,39,120
1771717896.9498532,45,39,121
1771717896.9507627,45,39,121
1771717896.9510493,45,39,121
1771717896.9513192,45,39,121
1771717896.9518237,45,39,121
1771717896.9521356,45,39,121
1771717896.952411,45,39,121
1771717896.9528122,45,39,121
1771717896.9532335,45,39,121
1771717896.9536357,45,39,121
1771717896.9540272,45,39,121
1771717896.9545016,45,39,121
1771717896.9550228,45,39,122
1771717896.955356,45,39,122
1771717896.9557245,45,39,122
1771717896.955988,45,39,122
1771717896.9562829,45,39,122
1771717896.956512,45,39,122
1771717896.956926,45,39,122
1771717896.957209,45,39,122
1771717896.9578443,45,39,122
1771717896.9582016,45,39,122
1771717896.958549,45,39,122
1771717896.9589348,45,39,123
1771717896.9592192,45,39,123
1771717896.9595075,45,39,123
1771717896.9598074,45,39,123
1771717896.9600697,45,39,123
1771717896.9603279,45,39,123
1771717896.960598,45,39,123
1771717896.9608827,45,39,123
1771717896.9611442,45,39,123
1771717896.9613984,45,39,123
1771717896.9616854,45,39,123
1771717896.9619334,45,39,123
1771717896.9621792,45,39,124
1771717896.9624605,45,39,124
1771717896.9627461,45,39,124
1771717896.963006,45,39,124
1771717896.9632566,45,39,124
1771717896.96351,45,39,124
1771717896.9638045,45,39,124
1771717896.9640608,45,39,124
1771717896.9643147,45,39,124
1771717896.9646075,45,39,124
1771717896.9648967,45,39,124
1771717896.9651482,45,39,124
1771717896.9654021,45,39,125
1771717896.9656918,45,39,125
1771717896.9659462,45,39,125
1771717896.9661994,45,39,125
1771717896.9664738,45,39,125
1771717896.9667664,45,39,125
1771717896.9670227,45,39,125
1771717896.9672744,45,39,125
1771717896.9675245,45,39,125
1771717896.967813,45,39,125
1771717896.9680657,45,39,125
1771717896.9683535,45,39,126
1771717896.9686577,45,39,126
1771717896.968919,45,39,126
1771717896.9691677,45,39,126
1771717896.9694142,45,39,126
1771717896.9697165,45,39,126
1771717896.9699683,45,39,126
1771717896.970216,45,39,126
1771717896.9704838,45,39,126
1771717896.9708755,45,39,126
1771717896.9711454,45,39,126
1771717896.9714074,45,39,127
1771717896.971728,45,39,127
1771717896.9719884,45,39,127
1771717896.9722455,45,39,127
1771717896.9725292,45,39,127
1771717896.9729762,45,39,127
1771717896.9732437,45,39,127
1771717896.9734967,45,39,127
1771717896.9738002,45,39,127
1771717896.9740915,45,39,127
1771717896.9745848,45,39,127
1771717896.9749591,45,39,127
1771717896.9752367,45,39,128
1771717896.9756327,45,39,128
1771717896.9760163,45,39,128
1771717896.9763002,45,39,128
1771717896.9765928,45,39,128
1771717896.976797,45,39,128
1771717896.9770336,45,39,128
1771717896.9772983,45,39,128
1771717896.9775097,45,39,128
1771717896.9776978,45,39,128
1771717896.9779513,45,39,128
1771717896.9781861,45,39,128
1771717896.9784248,45,39,129
1771717896.9786212,45,39,129
1771717896.9788105,45,39,129
1771717896.9790323,45,39,129
1771717896.9792256,45,39,129
1771717896.979402,45,39,129
1771717896.9795768,45,39,129
1771717896.9797533,45,39,129
1771717896.9799612,45,39,129
1771717896.9801352,45,39,129
1771717896.980326,45,39,129
1771717896.980501,45,39,129
1771717896.980675,45,39,130
1771717896.9808717,45,39,130
1771717896.9810474,45,39,130
1771717896.9812365,45,39,130
1771717896.98141,45,39,130
1771717896.981586,45,39,130
1771717896.9817624,45,39,130
1771717896.9819734,45,39,130
1771717896.9821472,45,39,130
1771717896.9823363,45,39,130
1771717896.982515,45,39,131
1771717896.9826894,45,39,131
1771717896.982887,45,39,131
1771717896.9830613,45,39,131
1771717896.9833908,45,39,131
1771717896.9835744,45,39,131
1771717896.983752,45,39,131
1771717896.9839697,45,39,131
1771717896.9841468,45,39,131
1771717896.9843469,45,39,131
1771717896.9845295,45,39,131
1771717896.9847043,45,39,131
1771717896.9849064,45,39,132
1771717896.9850824,45,39,132
1771717896.9852722,45,39,132
1771717896.9854462,45,39,132
1771717896.985621,45,39,132
1771717896.9857967,45,39,132
1771717896.986006,45,39,132
1771717896.9861991,45,39,132
1771717896.9863818,45,39,132
1771717896.9865582,45,39,132
1771717896.986734,45,39,132
1771717896.986931,45,39,132
1771717896.9871075,45,39,133
1771717896.9873638,45,39,133
1771717896.9878328,45,39,133
1771717896.9881368,45,39,133
1771717896.9883885,45,39,133
1771717896.9886286,45,39,133
1771717896.9888115,45,39,133
1771717896.9889905,45,39,133
1771717896.9891748,45,39,133
1771717896.9893525,45,39,133
1771717896.989584,45,39,133
1771717896.989771,45,39,133
1771717896.9899497,45,39,134
1771717896.990131,45,39,134
1771717896.990324,45,39,134
1771717896.9905376,45,39,134
1771717896.9907198,45,39,134
1771717896.9909043,45,39,134
1771717896.9910998,45,39,134
1771717896.991378,45,39,134
1771717896.991771,45,39,134
1771717896.9920948,45,39,134
1771717896.9922962,45,39,134
1771717896.9924836,45,39,135
1771717896.9927213,45,39,135
1771717896.9929006,45,39,135
1771717896.9930766,45,39,135
1771717896.9932585,45,39,135
1771717896.9934332,45,39,135
1771717896.9936316,45,39,135
1771717896.9938078,45,39,135
1771717896.9940042,45,39,135
1771717896.9943376,45,39,135
1771717896.9946518,45,39,135
1771717896.994887,45,39,135
1771717896.9950683,45,39,136
1771717896.9952533,45,39,136
1771717896.9954293,45,39,136
1771717896.9956334,45,39,136
1771717896.9958103,45,39,136
1771717896.995986,45,39,136
1771717896.99616,45,39,136
1771717896.9963439,45,39,136
1771717896.9965408,45,39,136
1771717896.9967158,45,39,136
1771717896.9968963,45,39,136
1771717896.9970698,45,39,137
1771717896.997248,45,39,137
1771717896.9974277,45,39,137
1771717896.997634,45,39,137
1771717896.997807,45,39,137
1771717896.997979,45,40,219
1771717896.9981527,45,40,122
1771717896.9983337,45,40,122
1771717896.9985268,45,40,122
1771717896.998699,45,40,122
1771717896.9988737,45,40,122
1771717896.999046,45,40,122
1771717896.9992235,45,40,122
1771717896.9994106,45,40,122
1771717896.999623,45,40,123
1771717896.9997945,45,40,123
1771717896.9999664,45,40,123
1771717897.0001392,45,40,123
1771717897.0003166,45,40,123
1771717897.0004892,45,40,123
1771717897.000688,45,40,123
1771717897.0008616,45,40,123
1771717897.0010371,45,40,123
1771717897.0012128,45,40,123
1771717897.0013862,45,40,123
1771717897.0015793,45,40,123
1771717897.001753,45,40,123
1771717897.0019257,45,40,123
1771717897.0020974,45,40,123
1771717897.0022774,45,40,123
1771717897.00245,45,40,124
1771717897.0026555,45,40,124
1771717897.002828,45,40,124
1771717897.003002,45,40,124
1771717897.00324,45,40,124
1771717897.0035622,45,40,124
1771717897.0037935,45,40,124
1771717897.0055833,45,40,124
1771717897.0057755,45,40,124
1771717897.0059571,45,40,124
1771717897.0061874,45,40,124
1771717897.0097225,45,40,124
1771717897.0101619,45,40,124
1771717897.010352,45,40,124
1771717897.0105853,45,40,124
1771717897.0107698,45,40,125
1771717897.0143237,45,40,125
1771717897.0145543,45,40,125
1771717897.0147333,45,40,125
1771717897.0149112,45,40,125
1771717897.0178084,45,40,125
1771717897.0180683,45,40,125
1771717897.018278,45,40,125
1771717897.0184891,45,40,125
1771717897.0219593,45,40,125
1771717897.0221882,45,40,125
1771717897.022391,45,40,125
1771717897.0228171,45,40,125
1771717897.0230942,45,40,125
1771717897.0262074,45,40,125
1771717897.0265234,45,40,125
1771717897.0267286,45,40,126
1771717897.0269554,45,40,126
1771717897.0301204,45,40,126
1771717897.0303204,45,40,126
1771717897.0305066,45,40,126
1771717897.0307443,45,40,126
1771717897.034087,45,40,126
1771717897.034535,45,40,126
1771717897.034745,45,42,230
1771717897.034932,45,42,111
1771717897.0351179,45,42,111
1771717897.0384169,45,42,111
1771717897.038628,45,42,111
1771717897.0388777,45,42,111
1771717897.039065,45,42,111
1771717897.0423892,45,42,111
1771717897.0426238,45,42,111
1771717897.042874,45,42,111
1771717897.0431385,45,42,112
1771717897.0434403,45,42,112
1771717897.0465827,45,42,112
1771717897.0467696,45,42,112
1771717897.0469508,45,42,112
1771717897.0471644,45,42,112
1771717897.0506613,45,42,112
1771717897.0508897,45,42,112
1771717897.0510783,45,42,112
1771717897.0513031,45,42,112
1771717897.0546823,45,42,112
1771717897.0549397,45,42,112
1771717897.055207,45,42,112
1771717897.0554898,45,42,112
1771717897.055712,45,42,112
1771717897.0592074,45,42,112
1771717897.0594506,45,42,112
1771717897.0596435,45,42,112
1771717897.0598683,45,42,112
1771717897.062985,45,42,112
1771717897.0633485,45,42,112
1771717897.0636802,45,42,112
1771717897.0640929,45,42,112
1771717897.0668669,45,42,113
1771717897.0671163,45,42,113
1771717897.0673034,45,42,113
1771717897.0674853,45,42,113
1771717897.067704,45,42,113
1771717897.0712702,45,42,113
1771717897.071697,45,42,113
1771717897.0720341,45,42,113
1771717897.072351,45,42,113
1771717897.0751333,45,42,113
1771717897.0753634,45,42,113
1771717897.075542,45,42,113
1771717897.0757189,45,42,113
1771717897.0759206,45,42,113
1771717897.0792773,45,42,113
1771717897.079494,45,42,113
1771717897.0796704,45,42,113
1771717897.0798454,45,42,113
1771717897.0836203,45,42,113
1771717897.0838165,45,42,113
1771717897.084,45,42,113
1771717897.0841753,45,42,113
1771717897.0874455,45,42,113
1771717897.0877833,45,42,113
1771717897.0881164,45,42,114
1771717897.0883205,45,42,114
1771717897.0884964,45,42,114
1771717897.0917368,45,42,114
1771717897.091926,45,42,114
1771717897.0921087,45,42,114
1771717897.0922875,45,42,114
1771717897.0957422,45,42,114
1771717897.096308,45,42,114
1771717897.0966878,45,42,114
1771717897.0969431,45,42,114
1771717897.0996826,45,42,114
1771717897.1000974,45,42,114
1771717897.1004224,45,42,114
1771717897.1007621,45,42,114
1771717897.10113,45,42,114
1771717897.1039107,45,42,114
1771717897.1044312,45,42,114
1771717897.1049814,45,42,114
1771717897.1052525,45,42,114
1771717897.107994,45,42,114
1771717897.1083992,45,42,114
1771717897.1087008,45,42,115
1771717897.1090236,45,42,115
1771717897.1093152,45,42,115
1771717897.112098,45,42,115
1771717897.112286,45,42,115
1771717897.112467,45,42,115
1771717897.1126466,45,42,115
1771717897.1162229,45,42,115
1771717897.1166058,45,42,115
1771717897.116935,45,42,115
1771717897.1171343,45,42,115
1771717897.1202724,45,42,115
1771717897.120621,45,42,115
1771717897.1210766,45,42,115
1771717897.1214225,45,42,115
1771717897.1217623,45,42,115
1771717897.1248553,45,42,115
1771717897.1251252,45,42,115
1771717897.125361,45,42,115
1771717897.1257148,45,42,115
1771717897.1284032,45,42,115
1771717897.1286027,45,42,115
1771717897.1287816,45,42,115
1771717897.1289663,45,42,115
1771717897.1323886,45,42,116
1771717897.1328046,45,42,116
1771717897.1331217,45,42,116
1771717897.1336083,45,42,116
1771717897.133846,45,42,116
1771717897.1368558,45,42,116
1771717897.1372056,45,42,116
1771717897.1374881,45,42,116
1771717897.137671,45,42,116
1771717897.1409786,45,42,116
1771717897.1414595,45,42,116
1771717897.1419985,45,42,116
1771717897.142415,45,42,116
1771717897.1426783,45,42,116
1771717897.1452353,45,42,116
1771717897.1454296,45,42,116
1771717897.1456735,45,42,116
1771717897.1458554,45,42,116
1771717897.1490595,45,42,116
1771717897.1494074,45,42,116
1771717897.1498435,45,42,116
1771717897.1501727,45,42,116
1771717897.152938,45,42,116
1771717897.1532514,45,42,116
1771717897.1535914,45,42,117
1771717897.1539862,45,42,117
1771717897.1542945,45,42,117
1771717897.157543,45,42,117
1771717897.1577716,45,42,117
1771717897.1582692,45,42,117
1771717897.1585789,45,42,117
1771717897.1611912,45,42,117
1771717897.1614196,45,42,117
1771717897.1616142,45,42,117
1771717897.1618743,45,42,117
1771717897.1651673,45,42,117
1771717897.1654172,45,42,117
1771717897.1656058,45,42,117
1771717897.165787,45,42,117
1771717897.1659696,45,42,117
1771717897.1695118,45,42,117
1771717897.169771,45,42,117
1771717897.1699743,45,42,117
1771717897.1701546,45,42,117
1771717897.1743686,45,42,117
1771717897.1751475,45,42,117
1771717897.1754277,45,42,118
1771717897.1756938,45,42,118
1771717897.1761124,45,42,118
1771717897.1776297,45,42,118
1771717897.1779552,45,42,118
1771717897.17825,45,42,118
1771717897.1784902,45,42,118
1771717897.1816728,45,42,118
1771717897.1818995,45,42,118
1771717897.1821954,45,42,118
1771717897.1824934,45,42,118
1771717897.185652,45,42,118
1771717897.185845,45,42,118
1771717897.1860838,45,42,118
1771717897.1862679,45,42,118
1771717897.1864524,45,42,118
1771717897.1901586,45,42,118
1771717897.1905236,45,42,118
1771717897.1910462,45,42,118
1771717897.1913738,45,42,118
1771717897.1939883,45,42,118
1771717897.1943157,45,42,118
1771717897.1945767,45,42,118
1771717897.1947644,45,42,118
1771717897.1979275,45,42,119
1771717897.198319,45,42,119
1771717897.1986063,45,42,119
1771717897.198933,45,42,119
1771717897.1991186,45,42,119
1771717897.2022076,45,42,119
1771717897.202446,45,42,119
1771717897.2026763,45,42,119
1771717897.2028995,45,42,119
1771717897.2062476,45,42,119
1771717897.2065258,45,42,119
1771717897.2067666,45,42,119
1771717897.2071214,45,42,119
1771717897.2073164,45,42,119
1771717897.2104695,45,42,119
1771717897.210672,45,42,119
1771717897.210919,45,42,119
1771717897.2111003,45,42,119
1771717897.2144396,45,42,119
1771717897.2146652,45,42,119
1771717897.2148805,45,42,119
1771717897.2151377,45,42,119
1771717897.2185671,45,42,120
1771717897.2190282,45,42,120
1771717897.2195802,45,42,120
1771717897.2200618,45,42,120
1771717897.2204561,45,42,120
1771717897.2227387,45,42,120
1771717897.2229595,45,42,120
1771717897.2233164,45,42,120
1771717897.2236295,45,42,120
1771717897.2267628,45,42,120
1771717897.2270465,45,42,120
1771717897.2272718,45,42,120
1771717897.2275436,45,42,120
1771717897.2306886,45,42,120
1771717897.231018,45,42,120
1771717897.231274,45,42,120
1771717897.2314742,45,42,120
1771717897.2317224,45,42,120
1771717897.2355163,45,42,120
1771717897.2357695,45,42,120
1771717897.2360055,45,42,120
1771717897.2361887,45,42,120
1771717897.2390103,45,42,120
1771717897.2392092,45,42,121
1771717897.2395113,45,42,121
1771717897.2397275,45,42,121
1771717897.2399607,45,42,121
1771717897.243229,45,42,121
1771717897.2435548,45,42,121
1771717897.2438598,45,42,121
1771717897.244064,45,42,121
1771717897.2472687,45,42,121
1771717897.2475955,45,42,121
1771717897.2478385,45,42,121
1771717897.2481186,45,42,121
1771717897.2513108,45,42,121
1771717897.251582,45,42,121
1771717897.2518208,45,42,121
1771717897.2520566,45,42,121
1771717897.2522643,45,42,121
1771717897.2556548,45,42,121
1771717897.255971,45,42,121
1771717897.256325,45,42,121
1771717897.256775,45,42,121
1771717897.2601268,45,42,121
1771717897.2604947,45,42,121
1771717897.2608283,45,42,121
1771717897.2611825,45,42,122
1771717897.2634678,45,42,122
1771717897.2638404,45,42,122
1771717897.2640605,45,42,122
1771717897.2643626,45,42,122
1771717897.264622,45,42,122
1771717897.2681937,45,42,122
1771717897.2685065,45,42,122
1771717897.268895,45,42,122
1771717897.2692277,45,42,122
1771717897.2719455,45,42,122
1771717897.2724543,45,42,122
1771717897.272853,45,42,122
1771717897.273436,45,42,122
1771717897.2737722,45,42,122
1771717897.2763078,45,42,122
1771717897.2766645,45,42,122
1771717897.2770977,45,42,122
1771717897.2773924,45,42,122
1771717897.2800682,45,42,122
1771717897.2803717,45,42,122
1771717897.280607,45,42,122
1771717897.2808557,45,42,123
1771717897.2841036,45,42,123
1771717897.284357,45,42,123
1771717897.2845929,45,42,123
1771717897.2848136,45,42,123
1771717897.285057,45,42,123
1771717897.2886705,45,42,123
1771717897.2891748,45,42,123
1771717897.289509,45,42,123
1771717897.2899563,45,42,123
1771717897.292348,45,42,123
1771717897.2926564,45,42,123
1771717897.293019,45,42,123
1771717897.29328,45,42,123
1771717897.29628,45,42,123
1771717897.296617,45,42,123
1771717897.296865,45,42,123
1771717897.297219,45,42,123
1771717897.2974896,45,42,123
1771717897.3005726,45,42,123
1771717897.3008463,45,42,123
1771717897.3011901,45,42,123
1771717897.3014674,45,42,123
1771717897.3046293,45,42,123
1771717897.3048425,45,42,124
1771717897.3051236,45,42,124
1771717897.3053892,45,42,124
1771717897.3056996,45,42,124
1771717897.3087316,45,42,124
1771717897.3090444,45,42,124
1771717897.3092852,45,42,124
1771717897.3095546,45,42,124
1771717897.3128438,45,42,124
1771717897.313181,45,42,124
1771717897.3133788,45,42,124
1771717897.31365,45,42,124
1771717897.3168702,45,42,124
1771717897.3171763,45,42,124
1771717897.3175468,45,42,124
1771717897.3178406,45,42,124
1771717897.318024,45,42,124
1771717897.3211284,45,42,124
1771717897.321347,45,42,124
1771717897.321735,45,42,124
1771717897.3220227,45,42,124
1771717897.3252015,45,42,124
1771717897.325542,45,42,124
1771717897.32585,45,42,124
1771717897.3261042,45,42,125
1771717897.3290703,45,42,125
1771717897.3294752,45,42,125
1771717897.3297882,45,42,125
1771717897.330175,45,42,125
1771717897.3306804,45,42,125
1771717897.3334236,45,42,125
1771717897.3336709,45,42,125
1771717897.3339741,45,42,125
1771717897.3341815,45,42,125
1771717897.3377535,45,42,125
1771717897.3380923,45,42,125
1771717897.3383012,45,42,125
1771717897.3384876,45,42,125
1771717897.3386755,45,42,125
1771717897.3415945,45,42,125
1771717897.3418732,45,42,125
1771717897.3421838,45,42,125
1771717897.3425436,45,42,125
1771717897.3456743,45,42,125
1771717897.346036,45,42,125
1771717897.346393,45,42,125
1771717897.3466716,45,42,126
1771717897.3495698,45,42,126
1771717897.3499417,45,42,126
1771717897.350206,45,42,126
1771717897.3504858,45,42,126
1771717897.350711,45,42,126
1771717897.3538995,45,42,126
1771717897.3542285,45,42,126
1771717897.3545244,45,42,126
1771717897.3548298,45,42,126
1771717897.3578968,45,42,126
1771717897.3581896,45,42,126
1771717897.3584864,45,42,126
1771717897.3586795,45,42,126
1771717897.3618062,45,42,126
1771717897.36219,45,42,126
1771717897.3625703,45,42,126
1771717897.3628416,45,42,126
1771717897.3631346,45,42,126
1771717897.3660455,45,42,126
1771717897.366335,45,42,126
1771717897.3666177,45,42,126
1771717897.3668952,45,42,126
1771717897.3701618,45,42,126
1771717897.3704758,45,42,127
1771717897.3707743,45,42,127
1771717897.3712611,45,42,127
1771717897.3716695,45,42,127
1771717897.374254,45,42,127
1771717897.3745146,45,42,127
1771717897.3747203,45,42,127
1771717897.374912,45,42,127
1771717897.3785725,45,42,127
1771717897.3788028,45,42,127
1771717897.379036,45,42,127
1771717897.379256,45,42,127
1771717897.3823354,45,42,127
1771717897.3825433,45,42,127
1771717897.3827307,45,42,127
1771717897.3830025,45,42,127
1771717897.3832436,45,42,127
1771717897.3865867,45,42,127
1771717897.3869045,45,42,127
1771717897.3871396,45,42,127
1771717897.387353,45,42,127
1771717897.3907974,45,42,127
1771717897.3911269,45,42,127
1771717897.3914304,45,42,128
1771717897.3918445,45,42,128
1771717897.394528,45,42,128
1771717897.3948102,45,42,128
1771717897.3950925,45,42,128
1771717897.3954244,45,42,128
1771717897.3957112,45,42,128
1771717897.3987823,45,42,128
1771717897.3989844,45,42,128
1771717897.3991756,45,42,128
1771717897.3994815,45,42,128
1771717897.4028292,45,42,128
1771717897.403137,45,42,128
1771717897.4033391,45,42,128
1771717897.4035249,45,42,128
1771717897.4037044,45,42,128
1771717897.4070587,45,42,128
1771717897.4073067,45,42,128
1771717897.4075701,45,42,128
1771717897.4078307,45,42,128
1771717897.4111497,45,42,128
1771717897.4115107,45,42,128
1771717897.4117997,45,42,128
1771717897.4120805,45,42,129
1771717897.4151757,45,42,129
1771717897.4153893,45,42,129
1771717897.4156406,45,42,129
1771717897.415924,45,42,129
1771717897.4161549,45,42,129
1771717897.4192746,45,42,129
1771717897.4194713,45,42,129
1771717897.419714,45,42,129
1771717897.4199002,45,42,129
1771717897.4234998,45,42,129
1771717897.4237754,45,42,129
1771717897.4240324,45,42,129
1771717897.4242299,45,42,129
1771717897.4274056,45,42,129
1771717897.42782,45,42,129
1771717897.4281175,45,42,129
1771717897.4285069,45,42,129
1771717897.42877,45,42,129
1771717897.435438,45,42,129
1771717897.435695,45,42,129
1771717897.4359248,45,42,129
1771717897.436117,45,42,129
1771717897.4363735,45,42,130
1771717897.4366128,45,42,130
1771717897.4368358,45,42,130
1771717897.437085,45,42,130
1771717897.4373705,45,42,130
1771717897.4398158,45,42,130
1771717897.4400134,45,42,130
1771717897.4402833,45,42,130
1771717897.4405558,45,42,130
1771717897.4439518,45,42,130
1771717897.4441767,45,42,130
1771717897.4444265,45,42,130
1771717897.4446445,45,42,130
1771717897.4478707,45,42,130
1771717897.4481351,45,42,130
1771717897.4483545,45,42,130
1771717897.4486291,45,42,130
1771717897.448845,45,42,130
1771717897.4520545,45,42,130
1771717897.4522765,45,42,130
1771717897.4525762,45,42,130
1771717897.4527996,45,42,130
1771717897.456157,45,42,130
1771717897.4564295,45,42,131
1771717897.456735,45,42,131
1771717897.4570854,45,42,131
1771717897.4601245,45,42,131
1771717897.4604805,45,42,131
1771717897.4606965,45,42,131
1771717897.4609437,45,42,131
1771717897.4612465,45,42,131
1771717897.4643638,45,42,131
1771717897.464612,45,42,131
1771717897.4649706,45,42,131
1771717897.4652176,45,42,131
1771717897.4683635,45,42,131
1771717897.46856,45,42,131
1771717897.4687455,45,42,131
1771717897.4689727,45,42,131
1771717897.4691556,45,42,131
1771717897.4726222,45,42,131
1771717897.4729111,45,42,131
1771717897.473238,45,42,131
1771717897.4734747,45,42,131
1771717897.4766676,45,42,131
1771717897.4769444,45,42,131
1771717897.4772894,45,42,132
1771717897.4776397,45,42,132
1771717897.4807098,45,42,132
1771717897.480941,45,42,132
1771717897.4811277,45,42,132
1771717897.4813118,45,42,132
1771717897.4815044,45,42,132
1771717897.4849226,45,42,132
1771717897.4851556,45,42,132
1771717897.4853778,45,42,132
1771717897.485558,45,42,132
1771717897.4889617,45,42,132
1771717897.4893079,45,42,132
1771717897.489569,45,42,132
1771717897.4898539,45,42,132
1771717897.4930363,45,42,132
1771717897.4932706,45,42,132
1771717897.4934757,45,42,132
1771717897.493723,45,42,132
1771717897.494006,45,42,132
1771717897.4970574,45,42,132
1771717897.4972486,45,42,132
1771717897.4974735,45,42,132
1771717897.4976609,45,42,132
1771717897.501105,45,42,133
1771717897.501358,45,42,133
1771717897.5016122,45,42,133
1771717897.5018551,45,42,133
1771717897.5022855,45,42,133
1771717897.5053494,45,42,133
1771717897.5055938,45,42,133
1771717897.5059085,45,42,133
1771717897.5062919,45,42,133
1771717897.50938,45,42,133
1771717897.5097463,45,42,133
1771717897.5099883,45,42,133
1771717897.5101993,45,42,133
1771717897.5134084,45,42,133
1771717897.513686,45,42,133
1771717897.5138733,45,42,133
1771717897.5140696,45,42,133
1771717897.5142488,45,42,133
1771717897.5176773,45,42,133
1771717897.517896,45,42,133
1771717897.518162,45,42,133
1771717897.5183759,45,42,133
1771717897.521716,45,42,134
1771717897.5222168,45,42,134
1771717897.5226796,45,42,134
1771717897.52293,45,42,134
1771717897.5256174,45,42,134
1771717897.5259695,45,42,134
1771717897.526155,45,42,134
1771717897.5263357,45,42,134
1771717897.5265186,45,42,134
1771717897.529969,45,42,134
1771717897.530212,45,42,134
1771717897.530755,45,42,134
1771717897.5310085,45,42,134
1771717897.5339258,45,43,222
1771717897.5342486,45,43,119
1771717897.5345032,45,43,119
1771717897.534754,45,43,119
1771717897.535017,45,43,119
1771717897.538165,45,43,119
1771717897.5384192,45,43,119
1771717897.5386739,45,43,119
1771717897.5389183,45,43,119
1771717897.5421288,45,43,119
1771717897.5423844,45,43,119
1771717897.5425708,45,43,119
1771717897.542755,45,43,119
1771717897.5461187,45,43,119
1771717897.546353,45,43,119
1771717897.5465398,45,43,119
1771717897.546721,45,43,119
1771717897.5469017,45,43,119
1771717897.5503676,45,43,119
1771717897.550557,45,43,119
1771717897.5507362,45,43,119
1771717897.5509152,45,43,120
1771717897.5543914,45,43,120
1771717897.5547013,45,43,120
1771717897.554952,45,43,120
1771717897.5552049,45,43,120
1771717897.558523,45,43,120
1771717897.5587642,45,43,120
1771717897.5590322,45,43,120
1771717897.5593045,45,43,120
1771717897.559538,45,43,120
1771717897.5625827,45,43,120
1771717897.5627823,45,43,120
1771717897.5630069,45,43,120
1771717897.563189,45,43,120
1771717897.5666714,45,43,120
1771717897.5669422,45,43,120
1771717897.5671275,45,43,120
1771717897.5673099,45,43,120
1771717897.5674899,45,43,120
1771717897.570879,45,43,120
1771717897.5711358,45,43,120
1771717897.571372,45,43,120
1771717897.571649,45,43,120
1771717897.5748806,45,43,120
1771717897.5752065,45,43,120
1771717897.5754952,45,43,120
1771717897.5757055,45,43,120
1771717897.57888,45,43,120
1771717897.579077,45,43,120
1771717897.5792644,45,43,120
1771717897.5794506,45,43,120
1771717897.5796804,45,43,120
1771717897.5831635,45,43,120
1771717897.5833592,45,43,120
1771717897.5835423,45,43,120
1771717897.5837195,45,43,120
1771717897.5871592,45,43,120
1771717897.5877407,45,43,120
1771717897.5882761,45,43,120
1771717897.588588,45,43,120
1771717897.591229,45,43,120
1771717897.591536,45,43,120
1771717897.5918453,45,43,120
1771717897.5920687,45,43,120
1771717897.592257,45,43,120
1771717897.5954888,45,43,120
1771717897.595774,45,43,120
1771717897.5960371,45,43,121
1771717897.5962682,45,43,121
1771717897.5993319,45,43,121
1771717897.599516,45,43,121
1771717897.5996988,45,43,121
1771717897.5999181,45,43,121
1771717897.6001005,45,43,121
1771717897.6035767,45,43,121
1771717897.6037686,45,43,121
1771717897.6040819,45,43,121
1771717897.6043417,45,43,121
1771717897.607675,45,43,121
1771717897.6080616,45,43,121
1771717897.6083925,45,43,121
1771717897.608719,45,43,121
1771717897.611679,45,43,121
1771717897.611926,45,43,121
1771717897.6122415,45,43,121
1771717897.6125114,45,43,121
1771717897.6127956,45,43,121
1771717897.6159797,45,43,121
1771717897.6162648,45,43,121
1771717897.6165395,45,43,121
1771717897.616853,45,43,121
1771717897.6198885,45,43,121
1771717897.6200843,45,43,121
1771717897.6203136,45,43,121
1771717897.6204937,45,43,121
1771717897.6239567,45,43,121
1771717897.624393,45,43,121
1771717897.6246605,45,43,121
1771717897.6248913,45,43,121
1771717897.625074,45,43,121
1771717897.628115,45,43,121
1771717897.628316,45,43,121
1771717897.6285465,45,43,121
1771717897.6287303,45,43,121
1771717897.6321564,45,43,121
1771717897.6324022,45,43,121
1771717897.6325848,45,43,121
1771717897.6327653,45,43,121
1771717897.6329772,45,43,121
1771717897.6362908,45,43,121
1771717897.63647,45,43,121
1771717897.636644,45,43,121
1771717897.6368194,45,43,121
1771717897.6404183,45,43,122
1771717897.6406093,45,43,122
1771717897.6407874,45,43,122
1771717897.6409633,45,43,122
1771717897.6445014,45,43,122
1771717897.6446946,45,43,122
1771717897.6448817,45,43,122
1771717897.6451712,45,43,122
1771717897.6454027,45,43,122
1771717897.6486063,45,43,122
1771717897.648802,45,43,122
1771717897.64899,45,43,122
1771717897.649211,45,43,122
1771717897.6527762,45,43,122
1771717897.6531193,45,43,122
1771717897.653462,45,43,122
1771717897.6536996,45,43,122
1771717897.6567256,45,43,122
1771717897.6570623,45,43,122
1771717897.6572814,45,43,122
1771717897.657495,45,43,122
1771717897.6577058,45,43,122
1771717897.6609654,45,43,122
1771717897.6611576,45,43,122
1771717897.6613364,45,43,122
1771717897.6615157,45,43,122
1771717897.6650329,45,43,122
1771717897.6652758,45,43,122
1771717897.6655488,45,43,122
1771717897.6657634,45,43,122
1771717897.6659503,45,43,122
1771717897.6690927,45,43,122
1771717897.6693368,45,43,122
1771717897.66952,45,43,122
1771717897.6696994,45,43,122
1771717897.6734705,45,43,122
1771717897.6739078,45,43,122
1771717897.6742768,45,43,122
1771717897.6744907,45,43,122
1771717897.6771796,45,43,122
1771717897.6773756,45,43,122
1771717897.677555,45,43,122
1771717897.677736,45,43,122
1771717897.6779583,45,43,122
1771717897.6816628,45,43,122
1771717897.6821332,45,43,122
1771717897.6824095,45,43,123
1771717897.682736,45,43,123
1771717897.6854477,45,43,123
1771717897.6856453,45,43,123
1771717897.6858594,45,43,123
1771717897.6860447,45,43,123
1771717897.6895568,45,43,123
1771717897.6898923,45,43,123
1771717897.6902342,45,43,123
1771717897.690508,45,43,123
1771717897.690767,45,43,123
1771717897.6936817,45,43,123
1771717897.6938891,45,43,123
1771717897.694142,45,43,123
1771717897.6943355,45,43,123
1771717897.697693,45,43,123
1771717897.697892,45,43,123
1771717897.6980777,45,43,123
1771717897.6982636,45,43,123
1771717897.6984944,45,43,123
1771717897.7018392,45,43,123
1771717897.702019,45,43,123
1771717897.7021968,45,43,123
1771717897.702401,45,43,123
1771717897.70613,45,43,123
1771717897.7064273,45,43,123
1771717897.706757,45,43,123
1771717897.7071202,45,43,123
1771717897.7100165,45,43,123
1771717897.710217,45,43,123
1771717897.7105453,45,43,123
1771717897.710824,45,43,123
1771717897.71112,45,43,123
1771717897.714187,45,43,123
1771717897.7143836,45,43,123
1771717897.714572,45,43,123
1771717897.7147598,45,43,123
1771717897.7182744,45,43,123
1771717897.718517,45,43,123
1771717897.718799,45,43,123
1771717897.71965,45,43,123
1771717897.7222974,45,43,123
1771717897.7224936,45,45,233
1771717897.7226763,45,45,108
1771717897.7228532,45,45,108
1771717897.72303,45,45,108
1771717897.726396,45,45,108
1771717897.726641,45,45,108
1771717897.7268252,45,45,108
1771717897.7270057,45,45,108
1771717897.7305436,45,45,108
1771717897.730886,45,45,108
1771717897.731214,45,45,108
1771717897.7314415,45,45,108
1771717897.7316782,45,45,108
1771717897.7346025,45,45,108
1771717897.7348514,45,45,108
1771717897.7351923,45,45,108
1771717897.7355623,45,45,108
1771717897.7388349,45,45,108
1771717897.7390985,45,45,108
1771717897.739352,45,45,108
1771717897.739556,45,45,108
1771717897.742715,45,45,108
1771717897.7429125,45,45,108
1771717897.7431023,45,45,108
1771717897.7433197,45,45,108
1771717897.7435,45,45,108
1771717897.7469132,45,45,108
1771717897.7472548,45,45,108
1771717897.7474735,45,45,108
1771717897.74771,45,45,108
1771717897.7510583,45,45,108
1771717897.751366,45,45,108
1771717897.7516599,45,45,108
1771717897.751907,45,45,108
1771717897.7549984,45,45,108
1771717897.755254,45,45,108
1771717897.7555103,45,45,108
1771717897.755873,45,45,108
1771717897.7560623,45,45,108
1771717897.7592685,45,45,108
1771717897.759502,45,45,108
1771717897.7597191,45,45,108
1771717897.7599406,45,45,108
1771717897.7631912,45,45,108
1771717897.7635624,45,45,108
1771717897.7637448,45,45,108
1771717897.7639287,45,45,108
1771717897.7641075,45,45,108
1771717897.7673516,45,45,108
1771717897.7675653,45,45,108
1771717897.7677386,45,45,108
1771717897.767985,45,45,108
1771717897.7714865,45,45,108
1771717897.7716763,45,45,108
1771717897.77186,45,45,108
1771717897.7720754,45,45,108
1771717897.775495,45,45,108
1771717897.775716,45,45,108
1771717897.7758956,45,45,108
1771717897.7761774,45,45,108
1771717897.7764149,45,45,108
1771717897.779685,45,45,108
1771717897.7798908,45,45,108
1771717897.7800756,45,45,108
1771717897.7803004,45,45,108
1771717897.783777,45,45,108
1771717897.7840495,45,45,108
1771717897.784234,45,45,108
1771717897.7844174,45,45,108
1771717897.787743,45,45,108
1771717897.7881343,45,45,108
1771717897.7883637,45,45,108
1771717897.7885783,45,45,108
1771717897.788802,45,45,108
1771717897.7919722,45,45,108
1771717897.7921689,45,45,108
1771717897.7923963,45,45,108
1771717897.7925746,45,45,108
1771717897.796161,45,45,108
1771717897.796505,45,45,108
1771717897.7966971,45,45,108
1771717897.7969928,45,45,108
1771717897.7972867,45,45,108
1771717897.8001752,45,45,108
1771717897.8003683,45,45,108
1771717897.8005528,45,45,108
1771717897.8007658,45,45,108
1771717897.80429,45,45,108
1771717897.8045712,45,45,108
1771717897.804752,45,45,108
1771717897.8049738,45,45,108
1771717897.8082342,45,45,108
1771717897.808434,45,45,108
1771717897.8086202,45,45,108
1771717897.808844,45,45,108
1771717897.809029,45,45,108
1771717897.8126051,45,45,108
1771717897.8130422,45,45,108
1771717897.8133554,45,45,108
1771717897.8136215,45,45,108
1771717897.8164933,45,45,108
1771717897.8166897,45,45,108
1771717897.816872,45,45,108
1771717897.8170562,45,45,108
1771717897.8205035,45,45,108
1771717897.8209825,45,45,108
1771717897.8211763,45,45,108
1771717897.8213594,45,45,108
1771717897.8215475,45,45,108
1771717897.8247373,45,45,108
1771717897.824936,45,45,108
1771717897.8251224,45,45,108
1771717897.8253627,45,45,108
1771717897.8288133,45,45,108
1771717897.8290236,45,45,108
1771717897.82921,45,45,108
1771717897.829397,45,45,108
1771717897.8295844,45,45,108
1771717897.8328853,45,45,108
1771717897.8331625,45,45,108
1771717897.8333955,45,45,108
1771717897.8336124,45,45,108
1771717897.836978,45,45,108
1771717897.8371744,45,45,108
1771717897.8375354,45,45,108
1771717897.8377452,45,45,108
1771717897.8410153,45,45,108
1771717897.8414452,45,45,108
1771717897.8417203,45,45,108
1771717897.8419614,45,45,108
1771717897.842183,45,45,108
1771717897.8452244,45,45,108
1771717897.8454213,45,45,108
1771717897.8456085,45,45,108
1771717897.845829,45,45,108
1771717897.8492458,45,45,108
1771717897.8494408,45,45,108
1771717897.8496244,45,45,108
1771717897.8498497,45,45,108
1771717897.8534172,45,45,108
1771717897.8537693,45,45,108
1771717897.8543253,45,45,108
1771717897.8546708,45,45,108
1771717897.8549778,45,45,108
1771717897.8575592,45,45,108
1771717897.8577454,45,45,108
1771717897.8579695,45,45,108
1771717897.858255,45,45,108
1771717897.8614752,45,45,108
1771717897.861703,45,45,108
1771717897.8620284,45,45,108
1771717897.8622782,45,45,108
1771717897.86246,45,45,108
1771717897.8656764,45,45,108
1771717897.8658962,45,45,108
1771717897.866079,45,45,108
1771717897.8662565,45,45,108
1771717897.869782,45,45,108
1771717897.8700564,45,45,108
1771717897.8703747,45,45,108
1771717897.8706844,45,45,108
1771717897.8739638,45,45,108
1771717897.8743072,45,45,108
1771717897.8745844,45,45,108
1771717897.8749826,45,45,108
1771717897.8752775,45,45,108
1771717897.8779655,45,45,108
1771717897.8781526,45,45,108
1771717897.8783329,45,45,108
1771717897.8785117,45,45,108
1771717897.882103,45,45,108
1771717897.8824513,45,45,108
1771717897.8828151,45,45,108
1771717897.883352,45,45,108
1771717897.886028,45,45,108
1771717897.886219,45,45,108
1771717897.8864346,45,45,108
1771717897.8866117,45,45,108
1771717897.8867896,45,45,108
1771717897.8905232,45,45,108
1771717897.8909523,45,45,108
1771717897.8913457,45,45,108
1771717897.8917227,45,45,108
1771717897.8942661,45,45,108
1771717897.894501,45,45,108
1771717897.8946927,45,45,108
1771717897.8948798,45,45,108
1771717897.8950658,45,45,108
1771717897.8984883,45,45,108
1771717897.8987474,45,45,108
1771717897.8989296,45,45,108
1771717897.8991966,45,45,108
1771717897.9025195,45,45,108
1771717897.9027095,45,45,108
1771717897.9028933,45,45,108
1771717897.9030738,45,45,108
1771717897.9065416,45,45,108
1771717897.9068758,45,45,108
1771717897.907109,45,45,108
1771717897.907309,45,45,108
1771717897.9074886,45,45,108
1771717897.9108326,45,45,108
1771717897.9112456,45,45,108
1771717897.9114614,45,45,108
1771717897.9116402,45,45,108
1771717897.914779,45,45,108
1771717897.9149668,45,45,108
1771717897.9151473,45,45,108
1771717897.915325,45,45,108
1771717897.9187782,45,45,108
1771717897.918993,45,45,108
1771717897.9191718,45,45,108
1771717897.9193532,45,45,108
1771717897.9195337,45,45,108
1771717897.9231417,45,45,108
1771717897.9234414,45,45,108
1771717897.9236662,45,45,108
1771717897.9238472,45,45,108
1771717897.9270253,45,45,108
1771717897.9272673,45,45,108
1771717897.9274511,45,45,108
1771717897.9276366,45,45,108
1771717897.9278188,45,45,108
1771717897.931222,45,45,108
1771717897.931406,45,45,108
1771717897.9316077,45,45,108
1771717897.9317868,45,45,108
1771717897.935387,45,45,108
1771717897.935753,45,45,108
1771717897.936146,45,45,108
1771717897.936416,45,45,108
1771717897.9393532,45,45,108
1771717897.9395428,45,45,108
1771717897.9397218,45,45,108
1771717897.9398963,45,45,108
1771717897.9400728,45,45,108
1771717897.94355,45,45,108
1771717897.943735,45,45,108
1771717897.943909,45,45,108
1771717897.9440832,45,45,108
1771717897.9476652,45,45,108
1771717897.948021,45,45,108
1771717897.9483638,45,45,108
1771717897.9486837,45,45,108
1771717897.9516006,45,45,108
1771717897.951904,45,45,108
1771717897.9521513,45,45,108
1771717897.9525383,45,45,108
1771717897.9527206,45,45,108
1771717897.9558268,45,45,108
1771717897.956078,45,45,108
1771717897.956261,45,45,108
1771717897.956441,45,45,108
1771717897.9598937,45,45,108
1771717897.960193,45,45,108
1771717897.960466,45,45,108
1771717897.9606574,45,45,108
1771717897.960844,45,45,108
1771717897.9641294,45,45,108
1771717897.9646068,45,45,108
1771717897.9647987,45,45,108
1771717897.9649792,45,45,108
1771717897.9681447,45,45,108
1771717897.9684248,45,45,108
1771717897.968907,45,45,108
1771717897.9691613,45,45,108
1771717897.9721375,45,45,108
1771717897.9724014,45,45,108
1771717897.9727192,45,45,108
1771717897.9730816,45,45,108
1771717897.9733927,45,45,108
1771717897.9763348,45,45,108
1771717897.9765627,45,45,108
1771717897.9767992,45,45,108
1771717897.977098,45,45,108
1771717897.9803398,45,45,108
1771717897.9805307,45,45,108
1771717897.980711,45,45,108
1771717897.9809566,45,45,108
1771717897.984356,45,45,108
1771717897.9845514,45,45,108
1771717897.9848173,45,45,108
1771717897.9852042,45,45,108
1771717897.9856577,45,45,108
1771717897.9886734,45,45,108
1771717897.988956,45,45,108
1771717897.9893215,45,45,108
1771717897.9900694,45,45,108
1771717897.9926443,45,45,108
1771717897.99284,45,45,108
1771717897.9930623,45,45,108
1771717897.9933062,45,45,108
1771717897.9935715,45,45,108
1771717897.9968214,45,45,108
1771717897.9971476,45,45,108
1771717897.997498,45,45,108
1771717897.9979167,45,45,108
1771717898.000918,45,45,108
1771717898.0012054,45,45,108
1771717898.001473,45,45,108
1771717898.0017247,45,45,108
1771717898.0048938,45,45,108
1771717898.005205,45,45,108
1771717898.0056283,45,45,108
1771717898.0059986,45,45,108
1771717898.00631,45,45,108
1771717898.0090575,45,45,108
1771717898.0092537,45,45,108
1771717898.0094435,45,45,108
1771717898.009627,45,45,108
1771717898.013029,45,45,108
1771717898.013223,45,45,108
1771717898.0134537,45,45,108
1771717898.0137308,45,45,108
1771717898.0171123,45,45,108
1771717898.0173476,45,45,108
1771717898.017529,45,45,108
1771717898.0177047,45,45,108
1771717898.0178823,45,45,108
1771717898.0215778,45,45,108
1771717898.0218506,45,45,108
1771717898.0221324,45,45,108
1771717898.0224195,45,45,108
1771717898.0253687,45,45,108
1771717898.0256224,45,45,108
1771717898.0258112,45,45,108
1771717898.0260022,45,45,108
1771717898.0261862,45,45,108
1771717898.029693,45,45,108
1771717898.030006,45,45,108
1771717898.0302966,45,45,108
1771717898.0305016,45,45,108
1771717898.0335586,45,45,108
1771717898.0337493,45,45,108
1771717898.0339348,45,45,108
1771717898.0341225,45,45,108
1771717898.0376792,45,45,108
1771717898.0382292,45,45,108
1771717898.0385418,45,45,108
1771717898.038722,45,45,108
1771717898.0389001,45,45,108
1771717898.0420084,45,45,108
1771717898.0423553,45,45,108
1771717898.0428047,45,45,108
1771717898.043171,45,45,108
1771717898.045862,45,45,108
1771717898.0461154,45,45,108
1771717898.0463758,45,45,108
1771717898.0465565,45,45,108
1771717898.049904,45,45,108
1771717898.05014,45,45,108
1771717898.0504265,45,45,108
1771717898.0506477,45,45,108
1771717898.0508246,45,45,108
1771717898.054277,45,45,108
1771717898.0546045,45,45,108
1771717898.0549686,45,45,108
1771717898.0552351,45,45,108
1771717898.058225,45,45,108
1771717898.058627,45,45,108
1771717898.0589273,45,45,0
1771717898.059153,45,45,0
1771717898.0593739,45,45,0
1771717898.064131,45,45,0
1771717898.0643184,45,45,0
1771717898.0644872,45,45,0
1771717898.0646567,45,45,0
1771717898.0649078,45,45,0
1771717898.0653515,45,45,0
1771717898.06758,45,45,0
1771717898.0679286,45,45,0
1771717898.0685992,45,45,0
1771717898.0690641,45,45,0
1771717898.0692198,45,45,0
1771717898.0704348,45,45,0
1771717898.070605,45,45,0
1771717898.070914,45,45,0
1771717898.0710757,45,45,0
1771717898.071296,45,45,0
1771717898.0745182,45,45,0
1771717898.0747442,45,45,0
1771717898.0749016,45,45,0
1771717898.075056,45,45,0
1771717898.075205,45,45,0
1771717898.075474,45,45,0
1771717898.0786319,45,45,0
1771717898.0788276,45,45,0
1771717898.0789795,45,45,0
1771717898.0791311,45,45,0
1771717898.0792787,45,45,0
1771717898.082669,45,45,0
1771717898.0828242,45,45,0
1771717898.0830271,45,45,0
1771717898.0832908,45,45,0
1771717898.0835538,45,45,0
1771717898.0867825,45,45,0
1771717898.0870526,45,45,0
1771717898.087356,45,45,0
1771717898.0878336,45,45,0
1771717898.0879967,45,45,0
1771717898.088147,45,45,0
1771717898.0909042,45,45,0
1771717898.091056,45,45,0
1771717898.0912006,45,45,0
1771717898.0918276,45,45,0
1771717898.0922296,45,45,0
1771717898.094976,45,45,0
1771717898.0951388,45,45,0
1771717898.0952883,45,45,0
1771717898.0954394,45,45,0
1771717898.095632,45,45,0
1771717898.0990045,45,45,0
1771717898.099274,45,43,0
1771717898.0995982,45,43,255
1771717898.0998604,45,43,15
1771717898.1000223,45,43,15
1771717898.1032767,45,43,15
1771717898.1035957,45,43,15
1771717898.1039026,45,43,15
1771717898.104281,45,43,15
1771717898.1045818,45,43,15
1771717898.1073968,45,43,15
1771717898.10758,45,43,15
1771717898.1077573,45,43,15
1771717898.1079671,45,43,15
1771717898.108138,45,43,15
1771717898.111489,45,43,15
1771717898.111716,45,43,15
1771717898.1118872,45,43,15
1771717898.1120517,45,43,15
1771717898.1122155,45,43,15
1771717898.1170044,45,43,15
1771717898.1171715,45,43,15
1771717898.1173353,45,43,15
1771717898.1175342,45,43,15
1771717898.1195502,45,43,15
1771717898.119922,45,43,15
1771717898.1202059,45,43,15
1771717898.120459,45,43,15
1771717898.1207366,45,43,15
1771717898.1236763,45,42,255
1771717898.1239421,45,42,30
1771717898.1241493,45,42,30
1771717898.1244364,45,42,30
1771717898.1246295,45,42,30
1771717898.127709,45,42,30
1771717898.1278782,45,42,30
1771717898.1280458,45,42,30
1771717898.1282094,45,42,30
1771717898.1284096,45,42,30
1771717898.1319366,45,42,30
1771717898.1322308,45,42,31
1771717898.1325252,45,42,31
1771717898.132818,45,42,31
1771717898.1331105,45,42,31
1771717898.1359465,45,42,31
1771717898.1361063,45,42,31
1771717898.136288,45,42,31
1771717898.1364455,45,42,31
1771717898.1400192,45,42,31
1771717898.140334,45,42,31
1771717898.1406918,45,42,31
1771717898.140977,45,42,31
1771717898.141321,45,42,31
1771717898.144129,45,42,31
1771717898.1443071,45,42,31
1771717898.1444921,45,40,255
1771717898.144664,45,40,46
1771717898.1448333,45,40,46
1771717898.1485596,45,40,46
1771717898.1488729,45,40,46
1771717898.1490629,45,40,46
1771717898.1492388,45,40,47
1771717898.1493986,45,40,47
1771717898.1529663,45,40,47
1771717898.1533537,45,40,47
1771717898.1538925,45,40,47
1771717898.1541722,45,40,47
1771717898.156471,45,40,47
1771717898.1567447,45,40,47
1771717898.1569118,45,40,47
1771717898.1570776,45,40,47
1771717898.1572387,45,40,47
1771717898.1608922,45,40,47
1771717898.1612294,45,40,47
1771717898.1615267,45,40,47
1771717898.1618164,45,40,47
1771717898.1621022,45,40,47
1771717898.1651356,45,40,47
1771717898.1653237,45,40,48
1771717898.1654878,45,40,48
1771717898.1656506,45,40,48
1771717898.1658123,45,40,48
1771717898.1698725,45,40,48
1771717898.1703634,45,40,48
1771717898.170895,45,40,48
1771717898.1712,45,40,48
1771717898.1714475,45,40,48
1771717898.1728525,45,40,48
1771717898.1730287,45,40,48
1771717898.1732266,45,40,48
1771717898.1733887,45,40,48
1771717898.1735516,45,40,48
1771717898.1769416,45,40,48
1771717898.17711,45,40,48
1771717898.1773076,45,40,48
1771717898.1774771,45,40,48
1771717898.1808972,45,40,49
1771717898.1810644,45,40,49
1771717898.1812298,45,40,49
1771717898.1814694,45,40,49
1771717898.181821,45,40,49
1771717898.185193,45,40,49
1771717898.1857219,45,40,49
1771717898.1861687,45,40,49
1771717898.1863914,45,40,49
1771717898.1865592,45,40,49
1771717898.1892107,45,40,49
1771717898.1894548,45,40,49
1771717898.1896582,45,40,49
1771717898.1898398,45,40,49
1771717898.190008,45,40,49
1771717898.1933289,45,40,49
1771717898.1936975,45,40,50
1771717898.1940045,45,40,50
1771717898.1943114,45,40,50
1771717898.1946003,45,40,50
1771717898.1976652,45,40,50
1771717898.198069,45,39,255
1771717898.1982963,45,39,65
1771717898.198457,45,39,65
1771717898.2015488,45,39,65
1771717898.2018154,45,39,65
1771717898.2019794,45,39,65
1771717898.2021406,45,39,65
1771717898.2023027,45,39,65
1771717898.2055678,45,39,65
1771717898.2057395,45,39,66
1771717898.2058997,45,39,66
1771717898.2060611,45,39,66
1771717898.206262,45,39,66
1771717898.209822,45,39,66
1771717898.2101402,45,39,66
1771717898.210442,45,39,66
1771717898.210735,45,39,66
1771717898.2110946,45,39,66
1771717898.2139266,45,39,66
1771717898.2142296,45,39,66
1771717898.2145157,45,39,66
1771717898.2148178,45,39,66
1771717898.2150836,45,39,67
1771717898.2178802,45,39,67
1771717898.218074,45,39,67
1771717898.2182348,45,39,67
1771717898.2183933,45,39,67
1771717898.2220008,45,39,67
1771717898.2223268,45,39,67
1771717898.2226186,45,39,67
1771717898.2229724,45,39,67
1771717898.223257,45,39,67
1771717898.2261093,45,39,67
1771717898.226436,45,39,67
1771717898.2268302,45,39,67
1771717898.227086,45,39,68
1771717898.227248,45,39,68
1771717898.2302983,45,39,68
1771717898.2307758,45,39,68
1771717898.2313936,45,39,68
1771717898.2318282,45,39,68
1771717898.232135,45,39,68
1771717898.2343035,45,39,68
1771717898.2344794,45,39,68
1771717898.2346456,45,39,68
1771717898.2348082,45,39,68
1771717898.23497,45,39,68
1771717898.238431,45,39,69
1771717898.2386396,45,39,69
1771717898.2388365,45,39,69
1771717898.2390134,45,39,69
1771717898.2423735,45,39,69
1771717898.242578,45,39,69
1771717898.2429698,45,39,69
1771717898.2432566,45,39,69
1771717898.243697,45,39,69
1771717898.2466183,45,39,69
1771717898.247148,45,39,69
1771717898.247412,45,39,69
1771717898.2475946,45,39,69
1771717898.2477586,45,39,70
1771717898.2506447,45,39,70
1771717898.2510002,45,39,70
1771717898.2512844,45,39,70
1771717898.2515717,45,39,70
1771717898.2518566,45,39,70
1771717898.2549527,45,39,70
1771717898.2552736,45,39,70
1771717898.2556567,45,39,70
1771717898.2558594,45,39,70
1771717898.2560208,45,39,70
1771717898.2590806,45,39,70
1771717898.259458,45,39,70
1771717898.2597609,45,39,71
1771717898.2600627,45,39,71
1771717898.2603652,45,39,71
1771717898.2629843,45,39,71
1771717898.2632213,45,39,71
1771717898.2635515,45,39,71
1771717898.2637253,45,39,71
1771717898.2669847,45,39,71
1771717898.2673037,45,39,71
1771717898.267662,45,39,71
1771717898.267864,45,39,71
1771717898.2680287,45,39,71
1771717898.2712164,45,39,71
1771717898.2716131,45,39,72
1771717898.2720163,45,39,72
1771717898.2723114,45,39,72
1771717898.272569,45,39,72
1771717898.2752416,45,39,72
1771717898.2754428,45,39,72
1771717898.2756345,45,39,72
1771717898.2758727,45,39,72
1771717898.2760637,45,39,72
1771717898.2793298,45,39,72
1771717898.2794962,45,39,72
1771717898.2796552,45,39,72
1771717898.2798643,45,39,73
1771717898.2800279,45,39,73
1771717898.2834022,45,39,73
1771717898.2835627,45,39,73
1771717898.283759,45,39,73
1771717898.2839177,45,39,73
1771717898.2874253,45,39,73
1771717898.2876747,45,39,73
1771717898.2879174,45,39,73
1771717898.2880886,45,39,73
1771717898.2882912,45,39,73
1771717898.2915957,45,39,73
1771717898.2918236,45,39,74
1771717898.2921295,45,39,74
1771717898.292424,45,39,74
1771717898.292715,45,39,74
1771717898.2956634,45,39,74
1771717898.295837,45,39,74
1771717898.2960045,45,39,74
1771717898.2961688,45,39,74
1771717898.2963336,45,39,74
1771717898.299833,45,39,74
1771717898.3001325,45,39,74
1771717898.3004274,45,39,74
1771717898.3007205,45,39,74
1771717898.3010135,45,39,75
1771717898.3041546,45,39,75
1771717898.3045318,45,39,75
1771717898.3048248,45,39,75
1771717898.3050296,45,39,75
1771717898.307926,45,39,75
1771717898.3083549,45,39,75
1771717898.308657,45,39,75
1771717898.3092115,45,39,75
1771717898.3095887,45,39,75
1771717898.311988,45,39,75
1771717898.3121817,45,39,75
1771717898.3124802,45,39,75
1771717898.3128173,45,39,76
1771717898.313114,45,39,76
1771717898.3163009,45,39,76
1771717898.316618,45,39,76
1771717898.316915,45,39,76
1771717898.3170927,45,39,76
1771717898.3172922,45,39,76
1771717898.3204322,45,39,76
1771717898.3207486,45,39,76
1771717898.3212044,45,39,76
1771717898.3215175,45,39,76
1771717898.3218236,45,39,76
1771717898.3244925,45,39,76
1771717898.3247097,45,39,77
1771717898.3253307,45,39,77
1771717898.3256016,45,39,77
1771717898.3258107,45,39,77
1771717898.32853,45,39,77
1771717898.3287053,45,39,77
1771717898.3288758,45,39,77
1771717898.329045,45,39,77
1771717898.3325286,45,39,77
1771717898.3330312,45,39,77
1771717898.3333828,45,39,77
1771717898.3337433,45,39,77
1771717898.334013,45,39,77
1771717898.3367748,45,39,78
1771717898.3369665,45,39,78
1771717898.3371336,45,39,78
1771717898.3373315,45,39,78
1771717898.337579,45,39,78
1771717898.3408353,45,39,78
1771717898.3411477,45,39,78
1771717898.3414538,45,39,78
1771717898.341723,45,39,78
1771717898.3419125,45,39,78
1771717898.3448758,45,39,78
1771717898.34505,45,39,78
1771717898.3452156,45,39,78
1771717898.3453767,45,39,79
1771717898.3455365,45,39,79
1771717898.348966,45,39,79
1771717898.349139,45,39,79
1771717898.3493137,45,39,79
1771717898.3494754,45,39,79
1771717898.3529906,45,39,79
1771717898.353286,45,39,79
1771717898.3535726,45,39,79
1771717898.3538518,45,39,79
1771717898.3542528,45,39,79
1771717898.3572996,45,39,79
1771717898.3576596,45,39,80
1771717898.357905,45,39,80
1771717898.358182,45,39,80
1771717898.3584008,45,39,80
1771717898.3611662,45,39,80
1771717898.3613994,45,39,80
1771717898.3618033,45,39,80
1771717898.3620238,45,39,80
1771717898.3623738,45,39,80
1771717898.3653293,45,39,80
1771717898.3655524,45,39,80
1771717898.3657205,45,39,80
1771717898.3658876,45,39,80
1771717898.3660524,45,39,81
1771717898.369502,45,39,81
1771717898.3697643,45,39,81
1771717898.3700266,45,39,81
1771717898.3702514,45,39,81
1771717898.3734412,45,39,81
1771717898.3737078,45,39,81
1771717898.3738735,45,39,81
1771717898.3740368,45,39,81
1771717898.3741987,45,39,81
1771717898.3775578,45,39,81
1771717898.3777719,45,39,81
1771717898.377936,45,39,81
1771717898.3781023,45,39,82
1771717898.3782623,45,39,82
1771717898.381737,45,39,82
1771717898.3819442,45,39,82
1771717898.3821452,45,39,82
1771717898.3823426,45,39,82
1771717898.3825388,45,39,82
1771717898.3858018,45,39,82
1771717898.386139,45,39,82
1771717898.3863964,45,39,82
1771717898.3866274,45,39,82
1771717898.3869421,45,39,82
1771717898.3899932,45,39,82
1771717898.3901887,45,39,83
1771717898.3907058,45,39,83
1771717898.3909802,45,39,83
1771717898.3912814,45,39,83
1771717898.3940778,45,39,83
1771717898.3942633,45,39,83
1771717898.3944316,45,39,83
1771717898.3945992,45,39,83
1771717898.398016,45,39,83
1771717898.3982644,45,39,83
1771717898.398524,45,39,83
1771717898.3987532,45,39,83
1771717898.399056,45,39,84
1771717898.402198,45,39,84
1771717898.4024496,45,39,84
1771717898.4026747,45,39,84
1771717898.402897,45,39,84
1771717898.4031653,45,39,84
1771717898.40634,45,39,84
1771717898.406522,45,39,84
1771717898.4066887,45,39,84
1771717898.4068894,45,39,84
1771717898.4070501,45,39,84
1771717898.4103584,45,39,84
1771717898.4105508,45,39,85
1771717898.4108334,45,39,85
1771717898.4111767,45,39,85
1771717898.41146,45,39,85
1771717898.4145477,45,39,85
1771717898.4147208,45,39,85
1771717898.4148874,45,39,85
1771717898.415051,45,39,85
1771717898.4185035,45,39,85
1771717898.4186811,45,39,85
1771717898.418844,45,39,85
1771717898.4190285,45,39,85
1771717898.4195035,45,39,85
1771717898.422704,45,39,86
1771717898.4229667,45,39,86
1771717898.4232297,45,39,86
1771717898.423402,45,39,86
1771717898.4236913,45,39,86
1771717898.4269261,45,39,86
1771717898.427139,45,39,86
1771717898.4274766,45,39,86
1771717898.427715,45,39,86
1771717898.4280267,45,39,86
1771717898.430871,45,39,86
1771717898.4310582,45,39,86
1771717898.4312253,45,39,86
1771717898.4313903,45,39,87
1771717898.4317286,45,39,87
1771717898.4351249,45,39,87
1771717898.4353623,45,39,87
1771717898.4355295,45,39,87
1771717898.4356937,45,39,87
1771717898.4389546,45,39,87
1771717898.439195,45,39,87
1771717898.4393892,45,39,87
1771717898.439583,45,39,87
1771717898.4397733,45,39,87
1771717898.4430912,45,39,87
1771717898.4432645,45,39,87
1771717898.443432,45,39,88
1771717898.4435928,45,39,88
1771717898.443754,45,39,88
1771717898.4473326,45,39,88
1771717898.4476316,45,39,88
1771717898.447891,45,39,88
1771717898.4481783,45,39,88
1771717898.4485402,45,39,88
1771717898.4513366,45,39,88
1771717898.451509,45,39,88
1771717898.4516697,45,39,88
1771717898.4518383,45,39,88
1771717898.4519978,45,39,88
1771717898.4557784,45,39,89
1771717898.4559948,45,39,89
1771717898.4561937,45,39,89
1771717898.4565282,45,39,89
1771717898.456751,45,39,89
1771717898.459555,45,39,89
1771717898.459726,45,39,89
1771717898.4599192,45,39,89
1771717898.4600823,45,39,89
1771717898.463586,45,39,89
1771717898.4637697,45,39,89
1771717898.4639387,45,39,89
1771717898.4641018,45,39,90
1771717898.4642687,45,39,90
1771717898.467738,45,39,90
1771717898.4680374,45,39,90
1771717898.4683301,45,39,90
1771717898.4686248,45,39,90
1771717898.4689183,45,39,90
1771717898.471898,45,39,90
1771717898.472071,45,39,90
1771717898.4722333,45,39,90
1771717898.4723983,45,39,90
1771717898.4725566,45,39,90
1771717898.475985,45,39,90
1771717898.4763355,45,39,91
1771717898.476615,45,39,91
1771717898.4767742,45,39,91
1771717898.4769535,45,39,91
1771717898.480152,45,39,91
1771717898.4804177,45,39,91
1771717898.4806683,45,39,91
1771717898.4809208,45,39,91
1771717898.4840646,45,39,91
1771717898.4843361,45,39,91
1771717898.4845946,45,39,91
1771717898.4848876,45,39,91
1771717898.4851532,45,39,91
1771717898.4882329,45,39,92
1771717898.4885933,45,39,92
1771717898.4888227,45,39,92
1771717898.4890363,45,39,92
1771717898.489222,45,39,92
1771717898.492431,45,39,92
1771717898.4926853,45,39,92
1771717898.4929283,45,39,92
1771717898.4931643,45,39,92
1771717898.4934523,45,39,92
1771717898.4965115,45,39,92
1771717898.49671,45,39,92
1771717898.496876,45,39,92
1771717898.4970436,45,39,93
1771717898.4972095,45,39,93
1771717898.5016034,45,39,93
1771717898.5025456,45,39,93
1771717898.5027356,45,39,93
1771717898.5030065,45,39,93
1771717898.504503,45,39,93
1771717898.5047495,45,39,93
1771717898.504919,45,39,93
1771717898.5050933,45,39,93
1771717898.5053015,45,39,93
1771717898.5087519,45,39,93
1771717898.5090044,45,39,93
1771717898.5092435,45,39,94
1771717898.5094147,45,39,94
1771717898.5096273,45,39,94
1771717898.5127797,45,39,94
1771717898.5129964,45,39,94
1771717898.5132048,45,39,94
1771717898.51341,45,39,94
1771717898.513653,45,39,94
1771717898.5169473,45,39,94
1771717898.5172622,45,39,94
1771717898.5175915,45,39,94
1771717898.5179,45,39,94
1771717898.5182586,45,39,95
1771717898.5210373,45,39,95
1771717898.5212677,45,39,95
1771717898.5215447,45,39,95
1771717898.5217578,45,39,95
1771717898.5249856,45,39,95
1771717898.5254521,45,39,95
1771717898.5257535,45,39,95
1771717898.5259511,45,39,95
1771717898.5261118,45,39,95
1771717898.5290534,45,39,95
1771717898.5292952,45,39,95
1771717898.5294852,45,39,96
1771717898.529737,45,39,96
1771717898.5299003,45,39,96
1771717898.5333388,45,39,96
1771717898.5337152,45,39,96
1771717898.534018,45,39,96
1771717898.5342753,45,39,96
1771717898.5344367,45,39,96
1771717898.5376198,45,39,96
1771717898.5381174,45,39,96
1771717898.5384333,45,39,96
1771717898.5387323,45,39,96
1771717898.5390406,45,39,96
1771717898.5415642,45,39,97
1771717898.5417364,45,39,97
1771717898.541897,45,39,97
1771717898.5420575,45,39,97
1771717898.542219,45,39,97
1771717898.5455534,45,39,97
1771717898.5457187,45,39,97
1771717898.5458798,45,39,97
1771717898.5460763,45,39,97
1771717898.5496507,45,39,97
1771717898.550191,45,39,97
1771717898.5506718,45,39,97
1771717898.5510607,45,39,97
1771717898.5514152,45,39,98
1771717898.5537233,45,39,98
1771717898.5539834,45,39,98
1771717898.5543277,45,39,98
1771717898.5545652,45,39,98
1771717898.554899,45,39,98
1771717898.5578191,45,39,98
1771717898.5579925,45,39,98
1771717898.558185,45,39,98
1771717898.5583463,45,39,98
1771717898.5585067,45,39,98
1771717898.5619566,45,39,98
1771717898.5622594,45,39,98
1771717898.5625541,45,39,99
1771717898.562895,45,39,99
1771717898.5630817,45,39,99
1771717898.566202,45,39,99
1771717898.5665038,45,39,99
1771717898.5668046,45,39,99
1771717898.567101,45,39,99
1771717898.570043,45,39,99
1771717898.5703375,45,39,99
1771717898.5706513,45,39,99
1771717898.5710273,45,39,99
1771717898.571545,45,39,99
1771717898.5742304,45,39,99
1771717898.5745792,45,39,100
1771717898.5750048,45,39,100
1771717898.5753882,45,39,100
1771717898.5756733,45,39,100
1771717898.5783668,45,39,100
1771717898.57856,45,39,100
1771717898.5787754,45,39,100
1771717898.578993,45,39,100
1771717898.5824344,45,39,100
1771717898.5827596,45,39,100
1771717898.58313,45,39,100
1771717898.5834322,45,39,101
1771717898.5865183,45,39,101
1771717898.586874,45,39,101
1771717898.5877023,45,39,101
1771717898.5882502,45,39,101
1771717898.5885005,45,39,101
1771717898.5905952,45,39,101
1771717898.5908456,45,39,101
1771717898.591071,45,39,101
1771717898.5912538,45,39,101
1771717898.5946996,45,39,101
1771717898.5950346,45,39,101
1771717898.5953844,45,39,102
1771717898.5955591,45,39,102
1771717898.5957353,45,39,102
1771717898.5988014,45,39,102
1771717898.5989802,45,39,102
1771717898.599154,45,39,102
1771717898.599363,45,39,102
1771717898.6031752,45,39,102
1771717898.6037235,45,39,102
1771717898.60404,45,39,102
1771717898.6042202,45,39,102
1771717898.6069686,45,39,103
1771717898.607172,45,39,103
1771717898.6073606,45,39,103
1771717898.6075456,45,39,103
1771717898.607729,45,39,103
1771717898.6113896,45,39,103
1771717898.611718,45,39,103
1771717898.6120298,45,39,103
1771717898.6122975,45,39,103
1771717898.6152933,45,39,103
1771717898.6156838,45,39,103
1771717898.6159093,45,39,103
1771717898.6161063,45,39,104
1771717898.6193135,45,39,104
1771717898.6196575,45,39,104
1771717898.6199124,45,39,104
1771717898.6201067,45,39,104
1771717898.6202884,45,39,104
1771717898.6233892,45,39,104
1771717898.6235807,45,39,104
1771717898.6237626,45,39,104
1771717898.623947,45,39,104
1771717898.6274984,45,39,104
1771717898.627821,45,39,104
1771717898.6280987,45,39,105
1771717898.628397,45,39,105
1771717898.6287165,45,39,105
1771717898.6316051,45,39,105
1771717898.6317875,45,39,105
1771717898.6319656,45,39,105
1771717898.6321454,45,39,105
1771717898.635665,45,39,105
1771717898.6358864,45,39,105
1771717898.636065,45,39,105
1771717898.6362512,45,39,105
1771717898.6396677,45,39,105
1771717898.6400158,45,39,106
1771717898.6403387,45,39,106
1771717898.6406643,45,39,106
1771717898.6409671,45,39,106
1771717898.644206,45,39,106
1771717898.644598,45,39,106
1771717898.644776,45,39,106
1771717898.6449578,45,39,106
1771717898.6481032,45,39,106
1771717898.6484334,45,39,106
1771717898.6488159,45,39,107
1771717898.6493495,45,39,107
1771717898.6521451,45,39,107
1771717898.6525013,45,39,107
1771717898.6528974,45,39,107
1771717898.653099,45,39,107
1771717898.653276,45,39,107
1771717898.656196,45,39,107
1771717898.6564193,45,39,107
1771717898.6566715,45,39,107
1771717898.656985,45,39,107
1771717898.6607058,45,39,107
1771717898.6610003,45,39,108
1771717898.661185,45,39,108
1771717898.661362,45,39,108
1771717898.6615372,45,39,108
1771717898.6644545,45,39,108
1771717898.6649282,45,39,108
1771717898.6652539,45,39,108
1771717898.6655557,45,39,108
1771717898.6684475,45,39,108
1771717898.6686442,45,39,108
1771717898.668827,45,39,108
1771717898.6690087,45,39,108
1771717898.672461,45,39,109
1771717898.6727505,45,39,109
1771717898.6729639,45,39,109
1771717898.6731749,45,39,109
1771717898.6733868,45,39,109
1771717898.6768608,45,39,109
1771717898.6772363,45,39,109
1771717898.6775465,45,39,109
1771717898.677854,45,39,109
1771717898.6810346,45,39,109
1771717898.6813252,45,39,109
1771717898.6816132,45,39,109
1771717898.681803,45,39,110
1771717898.6850622,45,39,110
1771717898.6853354,45,39,110
1771717898.6855187,45,39,110
1771717898.685697,45,39,110
1771717898.6858764,45,39,110
1771717898.689172,45,39,110
1771717898.689515,45,39,110
1771717898.6898394,45,39,110
1771717898.6902058,45,39,110
1771717898.6934397,45,39,110
1771717898.6936502,45,39,111
1771717898.6939113,45,39,111
1771717898.6945426,45,39,111
1771717898.6948636,45,39,111
1771717898.697363,45,39,111
1771717898.697698,45,39,111
1771717898.6981115,45,39,111
1771717898.6984618,45,39,111
1771717898.7012298,45,39,111
1771717898.7014205,45,39,111
1771717898.701602,45,39,111
1771717898.7017832,45,39,112
1771717898.7053628,45,39,112
1771717898.7057037,45,39,112
1771717898.7058947,45,39,112
1771717898.7060685,45,39,112
1771717898.7062454,45,39,112
1771717898.7096765,45,39,112
1771717898.7100077,45,39,112
1771717898.7103376,45,39,112
1771717898.710626,45,39,112
1771717898.7135127,45,39,112
1771717898.713711,45,39,112
1771717898.7138944,45,39,113
1771717898.7141042,45,39,113
1771717898.717476,45,39,113
1771717898.7176647,45,39,113
1771717898.7178514,45,39,113
1771717898.7180374,45,39,113
1771717898.718222,45,39,113
1771717898.7217586,45,39,113
1771717898.7220154,45,39,113
1771717898.7222254,45,39,113
1771717898.7224402,45,39,113
1771717898.7257333,45,39,113
1771717898.7259157,45,39,114
1771717898.7260902,45,39,114
1771717898.7262707,45,39,114
1771717898.7264729,45,39,114
1771717898.7299044,45,39,114
1771717898.7301152,45,39,114
1771717898.7302911,45,39,114
1771717898.7304888,45,39,114
1771717898.7340312,45,39,114
1771717898.7342153,45,39,114
1771717898.7343934,45,39,114
1771717898.7345715,45,39,115
1771717898.7380629,45,39,115
1771717898.738282,45,39,115
1771717898.738496,45,39,115
1771717898.7387502,45,39,115
1771717898.7389572,45,39,115
1771717898.7426906,45,39,115
1771717898.743008,45,39,115
1771717898.743184,45,39,115
1771717898.743399,45,39,115
1771717898.746332,45,39,115
1771717898.7466404,45,39,115
1771717898.7469451,45,39,116
1771717898.7472532,45,39,116
1771717898.7507243,45,39,116
1771717898.7509334,45,39,116
1771717898.751115,45,39,116
1771717898.7512956,45,39,116
1771717898.7515283,45,39,116
1771717898.7546768,45,39,116
1771717898.7548742,45,39,116
1771717898.7550669,45,39,116
1771717898.755381,45,39,116
1771717898.7585766,45,39,116
1771717898.7593215,45,39,117
1771717898.75975,45,39,117
1771717898.7599394,45,39,117
1771717898.7601295,45,39,117
1771717898.762636,45,39,117
1771717898.7628164,45,39,117
1771717898.7629948,45,39,117
1771717898.7631717,45,39,117
1771717898.7668877,45,39,117
1771717898.7672443,45,39,117
1771717898.7675726,45,39,117
1771717898.7678943,45,39,118
1771717898.7709117,45,39,118
1771717898.7714005,45,39,118
1771717898.7718515,45,39,118
1771717898.7720706,45,39,118
1771717898.772253,45,39,118
1771717898.7751768,45,39,118
1771717898.775482,45,39,118
1771717898.775659,45,39,118
1771717898.7758327,45,39,118
1771717898.7791364,45,39,118
1771717898.7794833,45,39,119
1771717898.779876,45,39,119
1771717898.7801979,45,39,119
1771717898.7831771,45,39,119
1771717898.7835402,45,39,119
1771717898.783817,45,39,119
1771717898.7840416,45,39,119
1771717898.7842152,45,39,119
1771717898.787408,45,39,119
1771717898.787845,45,39,119
1771717898.7882373,45,39,119
1771717898.7885547,45,39,119
1771717898.7914095,45,39,120
1771717898.7916007,45,39,120
1771717898.7917795,45,39,120
1771717898.7919528,45,39,120
1771717898.792126,45,39,120
1771717898.795579,45,39,120
1771717898.795843,45,39,120
1771717898.7960265,45,39,120
1771717898.7962003,45,39,120
1771717898.8003652,45,39,120
1771717898.800718,45,39,120
1771717898.800965,45,39,120
1771717898.8011446,45,39,121
1771717898.8044636,45,39,121
1771717898.8048513,45,39,121
1771717898.805388,45,39,121
1771717898.805665,45,39,121
1771717898.8060107,45,39,121
1771717898.808196,45,39,121
1771717898.8084505,45,39,121
1771717898.8086307,45,39,121
1771717898.8088126,45,39,121
1771717898.8122265,45,39,121
1771717898.8124769,45,39,121
1771717898.8127725,45,39,122
1771717898.8133426,45,39,122
1771717898.8160608,45,39,122
1771717898.8162851,45,39,122
1771717898.8165877,45,39,122
1771717898.816986,45,39,122
1771717898.817335,45,39,122
1771717898.8203034,45,39,122
1771717898.8210185,45,39,122
1771717898.8213377,45,39,122
1771717898.8215203,45,39,123
1771717898.8240495,45,39,123
1771717898.824268,45,39,123
1771717898.8244474,45,39,123
1771717898.8246222,45,39,123
1771717898.8247962,45,39,123
1771717898.828193,45,39,123
1771717898.8283927,45,39,123
1771717898.8285668,45,39,123
1771717898.828741,45,39,123
1771717898.8323576,45,39,123
1771717898.8325446,45,39,123
1771717898.8327549,45,39,124
1771717898.8329332,45,39,124
1771717898.8363369,45,39,124
1771717898.8365793,45,39,124
1771717898.836808,45,39,124
1771717898.837005,45,39,124
1771717898.8371832,45,39,124
1771717898.8405643,45,39,124
1771717898.8407521,45,39,124
1771717898.840933,45,39,124
1771717898.8411155,45,39,124
1771717898.8446095,45,39,124
1771717898.844999,45,39,125
1771717898.8451765,45,39,125
1771717898.8453748,45,39,125
1771717898.848667,45,39,125
1771717898.8490062,45,39,125
1771717898.8493857,45,39,125
1771717898.8497117,45,39,125
1771717898.849948,45,39,125
1771717898.8528059,45,39,125
1771717898.8530285,45,39,125
1771717898.8532066,45,39,125
1771717898.8533838,45,39,125
1771717898.856793,45,39,126
1771717898.8570287,45,39,126
1771717898.8573387,45,39,126
1771717898.8576524,45,39,126
1771717898.8579588,45,39,126
1771717898.8609285,45,39,126
1771717898.8611069,45,39,126
1771717898.8612828,45,39,126
1771717898.8615017,45,39,126
1771717898.8651712,45,39,126
1771717898.8655124,45,39,126
1771717898.8658457,45,39,127
1771717898.8663483,45,39,127
1771717898.8691678,45,39,127
1771717898.8695168,45,39,127
1771717898.869848,45,39,127
1771717898.87016,45,39,127
1771717898.8703678,45,39,127
1771717898.8733428,45,39,127
1771717898.8735297,45,39,127
1771717898.8737047,45,39,127
1771717898.8740811,45,39,127
1771717898.8774366,45,39,127
1771717898.8777838,45,39,128
1771717898.8781087,45,39,128
1771717898.8784328,45,39,128
1771717898.8814013,45,39,128
1771717898.8817573,45,39,128
1771717898.8821802,45,39,128
1771717898.8826582,45,39,128
1771717898.8829024,45,39,128
1771717898.8857267,45,39,128
1771717898.8860734,45,39,128
1771717898.8864284,45,39,128
1771717898.8868186,45,39,129
1771717898.8897047,45,39,129
1771717898.8900518,45,39,129
1771717898.8904653,45,39,129
1771717898.8906791,45,39,129
1771717898.8908515,45,39,129
1771717898.8937507,45,39,129
1771717898.8939266,45,39,129
1771717898.8940983,45,39,129
1771717898.8943036,45,39,129
1771717898.898006,45,39,129
1771717898.898507,45,39,129
1771717898.8989177,45,39,130
1771717898.8992598,45,39,130
1771717898.901782,45,39,130
1771717898.901977,45,39,130
1771717898.9021611,45,39,130
1771717898.902346,45,39,130
1771717898.9025242,45,39,130
1771717898.9060278,45,39,130
1771717898.9062188,45,39,130
1771717898.9064407,45,39,130
1771717898.9066212,45,39,130
1771717898.9101017,45,39,131
1771717898.910415,45,39,131
1771717898.9107208,45,39,131
1771717898.9110148,45,39,131
1771717898.9142773,45,39,131
1771717898.9148412,45,39,131
1771717898.9152198,45,39,131
1771717898.9155078,45,39,131
1771717898.9158452,45,39,131
1771717898.9182942,45,39,131
1771717898.9184883,45,39,131
1771717898.9186785,45,39,131
1771717898.918898,45,39,132
1771717898.9223366,45,39,132
1771717898.922556,45,39,132
1771717898.9227316,45,39,132
1771717898.9229062,45,39,132
1771717898.9230795,45,39,132
1771717898.9266558,45,39,132
1771717898.9268677,45,39,132
1771717898.9270427,45,39,132
1771717898.927216,45,39,132
1771717898.9306033,45,39,132
1771717898.9308503,45,39,132
1771717898.9310784,45,39,133
1771717898.93135,45,39,133
1771717898.9345987,45,39,133
1771717898.934792,45,39,133
1771717898.9349794,45,39,133
1771717898.9352295,45,39,133
1771717898.9354448,45,39,133
1771717898.9388275,45,39,133
1771717898.93905,45,39,133
1771717898.9392638,45,39,133
1771717898.9395347,45,39,133
1771717898.9428484,45,39,134
1771717898.9431765,45,39,134
1771717898.9435005,45,39,134
1771717898.9438214,45,39,134
1771717898.9468458,45,39,134
1771717898.9470441,45,39,134
1771717898.9472265,45,39,134
1771717898.9474072,45,39,134
1771717898.9476264,45,39,134
1771717898.9511228,45,39,134
1771717898.9514492,45,39,134
1771717898.951788,45,39,135
1771717898.9519618,45,39,135
1771717898.9552655,45,39,135
1771717898.955607,45,39,135
1771717898.95593,45,39,135
1771717898.9562657,45,39,135
1771717898.9565623,45,39,135
1771717898.95923,45,39,135
1771717898.9594045,45,39,135
1771717898.9595785,45,39,135
1771717898.959782,45,39,135
1771717898.9633968,45,39,135
1771717898.963587,45,39,136
1771717898.9638133,45,39,136
1771717898.964,45,39,136
1771717898.9674149,45,39,136
1771717898.9677305,45,39,136
1771717898.9680362,45,39,136
1771717898.9684124,45,39,136
1771717898.9686668,45,39,136
1771717898.9717488,45,39,136
1771717898.9720745,45,40,220
1771717898.9723587,45,40,121
1771717898.9725397,45,40,121
1771717898.9761806,45,40,121
1771717898.9764824,45,40,122
1771717898.9766622,45,40,122
1771717898.9768934,45,40,122
1771717898.9798255,45,40,122
1771717898.9800313,45,40,122
1771717898.9802122,45,40,122
1771717898.9804015,45,40,122
1771717898.980635,45,40,122
1771717898.9844913,45,40,122
1771717898.9847038,45,40,122
1771717898.9848826,45,40,122
1771717898.9850597,45,40,122
1771717898.9881175,45,40,122
1771717898.988437,45,40,122
1771717898.9888322,45,40,122
1771717898.9890676,45,40,123
1771717898.9892442,45,40,123
1771717898.9922595,45,40,123
1771717898.9925673,45,40,123
1771717898.9927452,45,40,123
1771717898.9929497,45,40,123
1771717898.9968727,45,40,123
1771717898.9972143,45,40,123
1771717898.9974778,45,40,123
1771717898.9976606,45,40,123
1771717899.0007393,45,40,123
1771717899.001194,45,40,123
1771717899.0015192,45,40,123
1771717899.0018384,45,40,123
1771717899.00215,45,40,123
1771717899.004901,45,40,123
1771717899.0053644,45,40,124
1771717899.005802,45,40,124
1771717899.005999,45,40,124
1771717899.0083663,45,40,124
1771717899.0085921,45,40,124
1771717899.0087748,45,40,124
1771717899.0089498,45,40,124
1771717899.0124154,45,40,124
1771717899.0127413,45,40,124
1771717899.0131292,45,40,124
1771717899.0134552,45,40,124
1771717899.013778,45,40,124
1771717899.0166814,45,40,124
1771717899.0170288,45,40,124
1771717899.0174532,45,40,124
1771717899.0177677,45,40,125
1771717899.020885,45,40,125
1771717899.0213013,45,40,125
1771717899.0216029,45,40,125
1771717899.022028,45,40,125
1771717899.0246267,45,40,125
1771717899.0248446,45,40,125
1771717899.025065,45,40,125
1771717899.0252483,45,40,125
1771717899.0254295,45,40,125
1771717899.0288815,45,40,125
1771717899.0292187,45,40,125
1771717899.029543,45,40,125
1771717899.0298755,45,40,125
1771717899.0329833,45,40,125
1771717899.0333333,45,40,125
1771717899.0336611,45,40,126
1771717899.0339842,45,40,126
1771717899.0343826,45,40,126
1771717899.037383,45,40,126
1771717899.037662,45,40,126
1771717899.037855,45,40,126
1771717899.038036,45,40,126
1771717899.0411496,45,40,126
1771717899.0413504,45,42,126
1771717899.0415804,45,42,230
1771717899.041771,45,42,111
1771717899.045241,45,42,111
1771717899.0456157,45,42,111
1771717899.0459468,45,42,111
1771717899.0463376,45,42,111
1771717899.0466418,45,42,111
1771717899.0494463,45,42,111
1771717899.0496802,45,42,111
1771717899.0498562,45,42,112
1771717899.050031,45,42,112
1771717899.0536313,45,42,112
1771717899.0541456,45,42,112
1771717899.0544746,45,42,112
1771717899.0547955,45,42,112
1771717899.0573916,45,42,112
1771717899.0576215,45,42,112
1771717899.0578117,45,42,112
1771717899.057997,45,42,112
1771717899.0581813,45,42,112
1771717899.0617568,45,42,112
1771717899.0619445,45,42,112
1771717899.0621278,45,42,112
1771717899.0623186,45,42,112
1771717899.065669,45,42,112
1771717899.0658789,45,42,112
1771717899.0660617,45,42,112
1771717899.066244,45,42,112
1771717899.0664258,45,42,112
1771717899.069859,45,42,112
1771717899.070046,45,42,112
1771717899.0702236,45,42,112
1771717899.070399,45,42,112
1771717899.0741217,45,42,113
1771717899.0744805,45,42,113
1771717899.0748174,45,42,113
1771717899.075147,45,42,113
1771717899.0780926,45,42,113
1771717899.0784342,45,42,113
1771717899.078751,45,42,113
1771717899.079048,45,42,113
1771717899.0792284,45,42,113
1771717899.0827215,45,42,113
1771717899.0829487,45,42,113
1771717899.0832725,45,42,113
1771717899.0838172,45,42,113
1771717899.086194,45,42,113
1771717899.086414,45,42,113
1771717899.0865946,45,42,113
1771717899.086777,45,42,113
1771717899.0902824,45,42,113
1771717899.0905147,45,42,113
1771717899.0907288,45,42,113
1771717899.0909443,45,42,113
1771717899.0911243,45,42,113
1771717899.0948756,45,42,113
1771717899.0952327,45,42,114
1771717899.0955625,45,42,114
1771717899.0958476,45,42,114
1771717899.0994928,45,42,114
1771717899.0998275,45,42,114
1771717899.1000264,45,42,114
1771717899.100206,45,42,114
1771717899.1003835,45,42,114
1771717899.1031454,45,42,114
1771717899.1033494,45,42,114
1771717899.1035476,45,42,114
1771717899.1037793,45,42,114
1771717899.107186,45,42,114
1771717899.1073897,45,42,114
1771717899.107615,45,42,114
1771717899.1078563,45,42,114
1771717899.1111588,45,42,114
1771717899.1113672,45,42,114
1771717899.1115913,45,42,114
1771717899.111937,45,42,114
1771717899.112358,45,42,114
1771717899.115037,45,42,114
1771717899.1153693,45,42,114
1771717899.1155508,45,42,115
1771717899.115728,45,42,115
1771717899.1189709,45,42,115
1771717899.119372,45,42,115
1771717899.1197035,45,42,115
1771717899.119943,45,42,115
1771717899.1229525,45,42,115
1771717899.1235607,45,42,115
1771717899.123782,45,42,115
1771717899.1239974,45,42,115
1771717899.1242325,45,42,115
1771717899.1271913,45,42,115
1771717899.1274347,45,42,115
1771717899.127622,45,42,115
1771717899.1278055,45,42,115
1771717899.1312828,45,42,115
1771717899.1315267,45,42,115
1771717899.1317415,45,42,115
1771717899.1319268,45,42,115
1771717899.132106,45,42,115
1771717899.1354825,45,42,115
1771717899.135781,45,42,115
1771717899.1361017,45,42,115
1771717899.1363735,45,42,116
1771717899.139533,45,42,116
1771717899.1397285,45,42,116
1771717899.1399143,45,42,116
1771717899.1401467,45,42,116
1771717899.1435337,45,42,116
1771717899.1439438,45,42,116
1771717899.1442797,45,42,116
1771717899.1445954,45,42,116
1771717899.1448758,45,42,116
1771717899.1477954,45,42,116
1771717899.1480675,45,42,116
1771717899.1484733,45,42,116
1771717899.1488636,45,42,116
1771717899.151754,45,42,116
1771717899.151947,45,42,116
1771717899.152127,45,42,116
1771717899.1523094,45,42,116
1771717899.1557784,45,42,116
1771717899.1560693,45,42,116
1771717899.156255,45,42,116
1771717899.1564348,45,42,116
1771717899.1566107,45,42,116
1771717899.159992,45,42,116
1771717899.160321,45,42,117
1771717899.1605139,45,42,117
1771717899.1606965,45,42,117
1771717899.1639512,45,42,117
1771717899.1641855,45,42,117
1771717899.1643775,45,42,117
1771717899.1645622,45,42,117
1771717899.1647463,45,42,117
1771717899.168245,45,42,117
1771717899.1686482,45,42,117
1771717899.1689737,45,42,117
1771717899.1691847,45,42,117
1771717899.1723564,45,42,117
1771717899.1727033,45,42,117
1771717899.1736178,45,42,117
1771717899.1739182,45,42,117
1771717899.1762633,45,42,117
1771717899.1767066,45,42,117
1771717899.1770422,45,42,117
1771717899.177514,45,42,117
1771717899.177787,45,42,117
1771717899.1805172,45,42,117
1771717899.1807077,45,42,118
1771717899.1808896,45,42,118
1771717899.1811123,45,42,118
1771717899.1845095,45,42,118
1771717899.1847546,45,42,118
1771717899.1850793,45,42,118
1771717899.1854072,45,42,118
1771717899.1884778,45,42,118
1771717899.1886942,45,42,118
1771717899.188872,45,42,118
1771717899.189051,45,42,118
1771717899.189263,45,42,118
1771717899.1927242,45,42,118
1771717899.1930153,45,42,118
1771717899.1932297,45,42,118
1771717899.1936479,45,42,118
1771717899.1967053,45,42,118
1771717899.1970646,45,42,118
1771717899.1974075,45,42,118
1771717899.197743,45,42,118
1771717899.1979818,45,42,118
1771717899.201183,45,42,118
1771717899.2015257,45,42,118
1771717899.2018542,45,42,118
1771717899.2021775,45,42,119
1771717899.2049932,45,42,119
1771717899.2053912,45,42,119
1771717899.205707,45,42,119
1771717899.20602,45,42,119
1771717899.2090864,45,42,119
1771717899.2094977,45,42,119
1771717899.209819,45,42,119
1771717899.2099953,45,42,119
1771717899.2101717,45,42,119
1771717899.2136261,45,42,119
1771717899.2140367,45,42,119
1771717899.2143784,45,42,119
1771717899.2146726,45,42,119
1771717899.2173822,45,42,119
1771717899.2177198,45,42,119
1771717899.218089,45,42,119
1771717899.218333,45,42,119
1771717899.2217062,45,42,119
1771717899.2223182,45,42,119
1771717899.2226489,45,42,119
1771717899.223061,45,42,119
1771717899.2234178,45,42,120
1771717899.2263832,45,42,120
1771717899.2265925,45,42,120
1771717899.2269125,45,42,120
1771717899.2272263,45,42,120
1771717899.2295105,45,42,120
1771717899.2297034,45,42,120
1771717899.2298846,45,42,120
1771717899.2300591,45,42,120
1771717899.230281,45,42,120
1771717899.2339795,45,42,120
1771717899.2341783,45,42,120
1771717899.2343996,45,42,120
1771717899.234575,45,42,120
1771717899.2379575,45,42,120
1771717899.2383754,45,42,120
1771717899.2387462,45,42,120
1771717899.239043,45,42,120
1771717899.2418363,45,42,120
1771717899.242051,45,42,120
1771717899.2422278,45,42,120
1771717899.24241,45,42,120
1771717899.2426338,45,42,120
1771717899.2460358,45,42,120
1771717899.2462258,45,42,121
1771717899.2464075,45,42,121
1771717899.2465887,45,42,121
1771717899.2500682,45,42,121
1771717899.250278,45,42,121
1771717899.2504575,45,42,121
1771717899.2506366,45,42,121
1771717899.2549202,45,42,121
1771717899.2555933,45,42,121
1771717899.2558208,45,42,121
1771717899.2560072,45,42,121
1771717899.256208,45,42,121
1771717899.2586854,45,42,121
1771717899.258889,45,42,121
1771717899.259249,45,42,121
1771717899.2595658,45,42,121
1771717899.2627816,45,42,121
1771717899.263066,45,42,121
1771717899.2632453,45,42,121
1771717899.2634215,45,42,121
1771717899.2635984,45,42,121
1771717899.2669163,45,42,121
1771717899.2671144,45,42,121
1771717899.2673507,45,42,122
1771717899.2675347,45,42,122
1771717899.2707143,45,42,122
1771717899.2709403,45,42,122
1771717899.2711434,45,42,122
1771717899.2713637,45,42,122
1771717899.27477,45,42,122
1771717899.2751334,45,42,122
1771717899.2754543,45,42,122
1771717899.2757792,45,42,122
1771717899.275958,45,42,122
1771717899.2792053,45,42,122
1771717899.2794044,45,42,122
1771717899.2798266,45,42,122
1771717899.2802353,45,42,122
1771717899.2832844,45,42,122
1771717899.2834837,45,42,122
1771717899.2837172,45,42,122
1771717899.2838938,45,42,122
1771717899.2868156,45,42,122
1771717899.287101,45,42,122
1771717899.287296,45,42,122
1771717899.2874875,45,42,122
1771717899.2877173,45,42,123
1771717899.2912524,45,42,123
1771717899.2916164,45,42,123
1771717899.2919738,45,42,123
1771717899.2923057,45,42,123
1771717899.2955904,45,42,123
1771717899.2957904,45,42,123
1771717899.2959697,45,42,123
1771717899.2961504,45,42,123
1771717899.2963266,45,42,123
1771717899.2996798,45,42,123
1771717899.2998788,45,42,123
1771717899.3002043,45,42,123
1771717899.300527,45,42,123
1771717899.3037589,45,42,123
1771717899.3040237,45,42,123
1771717899.3042076,45,42,123
1771717899.3043876,45,42,123
1771717899.307752,45,42,123
1771717899.308031,45,42,123
1771717899.3082159,45,42,123
1771717899.3084087,45,42,123
1771717899.308591,45,42,123
1771717899.3123775,45,42,124
1771717899.3127267,45,42,124
1771717899.3130295,45,42,124
1771717899.3132198,45,42,124
1771717899.3161557,45,42,124
1771717899.3165736,45,42,124
1771717899.3167558,45,42,124
1771717899.3169334,45,42,124
1771717899.3199577,45,42,124
1771717899.3202326,45,42,124
1771717899.3204343,45,42,124
1771717899.3208878,45,42,124
1771717899.3212047,45,42,124
1771717899.3241045,45,42,124
1771717899.3245282,45,42,124
1771717899.324849,45,42,124
1771717899.3250816,45,42,124
1771717899.328248,45,42,124
1771717899.328503,45,42,124
1771717899.3287742,45,42,124
1771717899.3290915,45,42,124
1771717899.3294756,45,42,124
1771717899.3323312,45,42,124
1771717899.3325398,45,42,124
1771717899.3327193,45,42,125
1771717899.3328998,45,42,125
1771717899.3364894,45,42,125
1771717899.3367586,45,42,125
1771717899.3369431,45,42,125
1771717899.3371227,45,42,125
1771717899.340527,45,42,125
1771717899.3407347,45,42,125
1771717899.340917,45,42,125
1771717899.3410945,45,42,125
1771717899.341336,45,42,125
1771717899.3445938,45,42,125
1771717899.3447921,45,42,125
1771717899.3450403,45,42,125
1771717899.3452208,45,42,125
1771717899.348445,45,42,125
1771717899.3487442,45,42,125
1771717899.3491123,45,42,125
1771717899.3493922,45,42,125
1771717899.3524992,45,42,125
1771717899.3527327,45,42,125
1771717899.352917,45,42,125
1771717899.3530998,45,42,126
1771717899.3533874,45,42,126
1771717899.3567464,45,42,126
1771717899.3570848,45,42,126
1771717899.3573787,45,42,126
1771717899.357613,45,42,126
1771717899.360657,45,42,126
1771717899.360993,45,42,126
1771717899.3613856,45,42,126
1771717899.3616934,45,42,126
1771717899.3620086,45,42,126
1771717899.3649027,45,42,126
1771717899.3650973,45,42,126
1771717899.3652825,45,42,126
1771717899.365585,45,42,126
1771717899.3690448,45,42,126
1771717899.369381,45,42,126
1771717899.3695583,45,42,126
1771717899.3697364,45,42,126
1771717899.37291,45,42,126
1771717899.3733418,45,42,126
1771717899.373675,45,42,126
1771717899.3740463,45,42,126
1771717899.3742738,45,42,126
1771717899.3773487,45,42,127
1771717899.3776908,45,42,127
1771717899.3780026,45,42,127
1771717899.3782616,45,42,127
1771717899.3812506,45,42,127
1771717899.3816032,45,42,127
1771717899.381932,45,42,127
1771717899.382256,45,42,127
1771717899.3851202,45,42,127
1771717899.3855863,45,42,127
1771717899.385915,45,42,127
1771717899.3862157,45,42,127
1771717899.3863893,45,42,127
1771717899.389525,45,42,127
1771717899.3898776,45,42,127
1771717899.390205,45,42,127
1771717899.390529,45,42,127
1771717899.3933601,45,42,127
1771717899.3935566,45,42,127
1771717899.3937435,45,42,127
1771717899.3939269,45,42,127
1771717899.3942337,45,42,127
1771717899.397557,45,42,127
1771717899.397748,45,42,128
1771717899.3979318,45,42,128
1771717899.3981123,45,42,128
1771717899.4017532,45,42,128
1771717899.4021015,45,42,128
1771717899.402435,45,42,128
1771717899.4027824,45,42,128
1771717899.4056165,45,42,128
1771717899.4059489,45,42,128
1771717899.4062645,45,42,128
1771717899.4065692,45,42,128
1771717899.4067426,45,42,128
1771717899.4098635,45,42,128
1771717899.410061,45,42,128
1771717899.4102454,45,42,128
1771717899.4104342,45,42,128
1771717899.413838,45,42,128
1771717899.4142566,45,42,128
1771717899.4145744,45,42,128
1771717899.4150243,45,42,128
1771717899.4179218,45,42,128
1771717899.4183075,45,42,128
1771717899.4186492,45,42,128
1771717899.4188235,45,42,129
1771717899.419001,45,42,129
1771717899.4222639,45,42,129
1771717899.422665,45,42,129
1771717899.4229803,45,42,129
1771717899.4233053,45,42,129
1771717899.4261289,45,42,129
1771717899.4264686,45,42,129
1771717899.426774,45,42,129
1771717899.4270203,45,42,129
1771717899.427251,45,42,129
1771717899.4302537,45,42,129
1771717899.4304435,45,42,129
1771717899.4307692,45,42,129
1771717899.431104,45,43,227
1771717899.4344676,45,43,114
1771717899.4348154,45,43,114
1771717899.4352343,45,43,114
1771717899.4354718,45,43,114
1771717899.4385242,45,43,114
1771717899.4389052,45,43,114
1771717899.4392483,45,43,114
1771717899.4395509,45,43,114
1771717899.4398246,45,43,114
1771717899.4425683,45,43,114
1771717899.4427657,45,43,114
1771717899.4430912,45,43,114
1771717899.443269,45,43,114
1771717899.4466171,45,43,114
1771717899.446838,45,43,114
1771717899.4470944,45,43,114
1771717899.4473028,45,43,114
1771717899.4506292,45,43,114
1771717899.4509618,45,43,115
1771717899.4512863,45,43,115
1771717899.451655,45,43,115
1771717899.4519773,45,43,115
1771717899.454962,45,43,115
1771717899.4551518,45,43,115
1771717899.455336,45,43,115
1771717899.455515,45,43,115
1771717899.4588687,45,43,115
1771717899.4590647,45,43,115
1771717899.4592483,45,43,115
1771717899.4594808,45,43,115
1771717899.4596632,45,43,115
1771717899.4630897,45,43,115
1771717899.4634185,45,43,115
1771717899.4637399,45,43,115
1771717899.4640608,45,43,115
1771717899.4672413,45,43,115
1771717899.4675837,45,43,115
1771717899.4678502,45,43,115
1771717899.4680278,45,43,115
1771717899.4713087,45,43,115
1771717899.471549,45,43,115
1771717899.471733,45,43,115
1771717899.4719126,45,43,115
1771717899.472095,45,43,115
1771717899.4755213,45,43,115
1771717899.4758644,45,43,115
1771717899.4761794,45,43,115
1771717899.4764044,45,43,115
1771717899.479503,45,43,115
1771717899.4798455,45,43,115
1771717899.4801726,45,43,115
1771717899.4805164,45,43,115
1771717899.4834194,45,43,115
1771717899.4836426,45,43,115
1771717899.4838388,45,43,115
1771717899.4840138,45,43,115
1771717899.4841871,45,43,115
1771717899.487657,45,43,115
1771717899.487934,45,43,115
1771717899.4881191,45,43,115
1771717899.4882996,45,43,115
1771717899.491619,45,43,115
1771717899.491883,45,43,115
1771717899.492101,45,43,115
1771717899.4923892,45,43,116
1771717899.4926302,45,43,116
1771717899.4958916,45,43,116
1771717899.496083,45,43,116
1771717899.496265,45,43,116
1771717899.4964416,45,43,116
1771717899.4998553,45,43,116
1771717899.500045,45,43,116
1771717899.5002644,45,43,116
1771717899.5004447,45,43,116
1771717899.5041301,45,43,116
1771717899.5044887,45,43,116
1771717899.5048833,45,43,116
1771717899.5051427,45,43,116
1771717899.5054195,45,43,116
1771717899.5080984,45,43,116
1771717899.5083277,45,43,116
1771717899.5086014,45,43,116
1771717899.508783,45,43,116
1771717899.5123358,45,43,116
1771717899.5126185,45,43,116
1771717899.5129015,45,43,116
1771717899.5132554,45,43,116
1771717899.5162137,45,43,116
1771717899.5165722,45,43,116
1771717899.516767,45,43,116
1771717899.5169547,45,43,116
1771717899.517367,45,43,116
1771717899.520586,45,43,116
1771717899.5209727,45,43,116
1771717899.5212364,45,43,116
1771717899.5215397,45,43,116
1771717899.524474,45,43,116
1771717899.524669,45,43,116
1771717899.5248523,45,43,116
1771717899.5250716,45,43,116
1771717899.5252552,45,43,116
1771717899.528577,45,43,116
1771717899.528762,45,43,116
1771717899.5289428,45,43,116
1771717899.52912,45,43,116
1771717899.5326252,45,43,116
1771717899.5330515,45,43,116
1771717899.5332308,45,43,116
1771717899.5334089,45,43,116
1771717899.5366454,45,43,116
1771717899.536836,45,43,116
1771717899.5370152,45,43,117
1771717899.5371957,45,43,117
1771717899.5375035,45,43,117
1771717899.5408342,45,43,117
1771717899.541035,45,43,117
1771717899.5412467,45,43,117
1771717899.5414555,45,43,117
1771717899.5448687,45,43,117
1771717899.5450583,45,43,117
1771717899.545241,45,43,117
1771717899.545424,45,43,117
1771717899.5489028,45,43,117
1771717899.5497491,45,43,117
1771717899.550219,45,43,117
1771717899.5505385,45,43,117
1771717899.550846,45,43,117
1771717899.5531304,45,43,117
1771717899.553326,45,43,117
1771717899.553508,45,43,117
1771717899.5537252,45,43,117
1771717899.557166,45,43,117
1771717899.5573554,45,43,117
1771717899.5575397,45,43,117
1771717899.5577142,45,43,117
1771717899.5579245,45,43,117
1771717899.5614922,45,43,117
1771717899.561816,45,43,117
1771717899.5621352,45,43,117
1771717899.5624557,45,43,117
1771717899.5653927,45,43,117
1771717899.5655794,45,43,117
1771717899.5657976,45,43,117
1771717899.5659733,45,43,117
1771717899.569392,45,43,117
1771717899.5695784,45,43,117
1771717899.5697567,45,43,117
1771717899.570069,45,43,117
1771717899.570449,45,43,117
1771717899.573715,45,43,117
1771717899.574049,45,43,117
1771717899.5743701,45,43,117
1771717899.574664,45,43,117
1771717899.5777283,45,43,117
1771717899.578065,45,43,117
1771717899.578287,45,45,239
1771717899.5784636,45,45,102
1771717899.5816724,45,45,102
1771717899.5819001,45,45,102
1771717899.5821273,45,45,102
1771717899.5823412,45,45,102
1771717899.5825157,45,45,102
1771717899.585905,45,45,102
1771717899.5861237,45,45,102
1771717899.586375,45,45,102
1771717899.586578,45,45,102
1771717899.5899308,45,45,102
1771717899.5901706,45,45,102
1771717899.5903516,45,45,102
1771717899.5905309,45,45,102
1771717899.5907097,45,45,102
1771717899.594191,45,45,102
1771717899.5945725,45,45,102
1771717899.595044,45,45,102
1771717899.595357,45,45,102
1771717899.5981405,45,45,102
1771717899.5983276,45,45,102
1771717899.5985112,45,45,102
1771717899.598733,45,45,102
1771717899.6021357,45,45,102
1771717899.6024568,45,45,102
1771717899.6027818,45,45,102
1771717899.6031013,45,45,102
1771717899.6034539,45,45,102
1771717899.6063802,45,45,102
1771717899.6065667,45,45,102
1771717899.6067472,45,45,102
1771717899.6069214,45,45,102
1771717899.610698,45,45,102
1771717899.6112332,45,45,102
1771717899.6115916,45,45,102
1771717899.6119106,45,45,102
1771717899.6144128,45,45,102
1771717899.6146405,45,45,102
1771717899.614858,45,45,102
1771717899.6150706,45,45,102
1771717899.615322,45,45,102
1771717899.6186347,45,45,102
1771717899.618819,45,45,102
1771717899.6190698,45,45,102
1771717899.6193974,45,45,102
1771717899.622695,45,45,102
1771717899.6228786,45,45,102
1771717899.6230593,45,45,102
1771717899.6232686,45,45,102
1771717899.6234424,45,45,102
1771717899.6268768,45,45,102
1771717899.6270666,45,45,102
1771717899.6272871,45,45,102
1771717899.627472,45,45,102
1771717899.630863,45,45,102
1771717899.6311278,45,45,102
1771717899.631435,45,45,102
1771717899.6317945,45,45,102
1771717899.6350405,45,45,102
1771717899.635663,45,45,102
1771717899.635949,45,45,102
1771717899.6361332,45,45,102
1771717899.636366,45,45,102
1771717899.6392717,45,45,102
1771717899.639555,45,45,102
1771717899.6398857,45,45,102
1771717899.640159,45,45,102
1771717899.6431878,45,45,102
1771717899.6433833,45,45,102
1771717899.643607,45,45,102
1771717899.6437824,45,45,102
1771717899.6471674,45,45,102
1771717899.6473541,45,45,102
1771717899.6475382,45,45,102
1771717899.6477523,45,45,102
1771717899.6480742,45,45,102
1771717899.6516175,45,45,102
1771717899.6519625,45,45,102
1771717899.6522913,45,45,102
1771717899.6526396,45,45,102
1771717899.6555278,45,45,102
1771717899.6557198,45,45,102
1771717899.6558967,45,45,102
1771717899.6562808,45,45,102
1771717899.6566055,45,45,102
1771717899.6596172,45,45,102
1771717899.659845,45,45,102
1771717899.6601675,45,45,102
1771717899.6604898,45,45,102
1771717899.6637847,45,45,102
1771717899.6641347,45,45,102
1771717899.664497,45,45,102
1771717899.664709,45,45,102
1771717899.667863,45,45,102
1771717899.6682222,45,45,102
1771717899.668555,45,45,102
1771717899.668892,45,45,102
1771717899.6692219,45,45,102
1771717899.672267,45,45,102
1771717899.6725402,45,45,102
1771717899.6728704,45,45,102
1771717899.6731446,45,45,102
1771717899.6759603,45,45,102
1771717899.6761599,45,45,102
1771717899.67635,45,45,102
1771717899.6765363,45,45,102
1771717899.6799557,45,45,102
1771717899.680192,45,45,102
1771717899.6803765,45,45,102
1771717899.6805632,45,45,102
1771717899.6807516,45,45,102
1771717899.6842496,45,45,102
1771717899.6844375,45,45,102
1771717899.6846218,45,45,102
1771717899.68482,45,45,102
1771717899.6883368,45,45,102
1771717899.6885343,45,45,102
1771717899.688731,45,45,102
1771717899.6889124,45,45,102
1771717899.6890917,45,45,102
1771717899.692399,45,45,102
1771717899.6926484,45,45,102
1771717899.6928575,45,45,102
1771717899.69307,45,45,102
1771717899.6965866,45,45,102
1771717899.6969287,45,45,102
1771717899.6973147,45,45,102
1771717899.697636,45,45,102
1771717899.7005055,45,45,102
1771717899.7008138,45,45,102
1771717899.7011328,45,45,102
1771717899.7015095,45,45,102
1771717899.7018013,45,45,102
1771717899.7048202,45,45,102
1771717899.7052832,45,45,102
1771717899.705874,45,45,102
1771717899.7062168,45,45,102
1771717899.7087498,45,45,102
1771717899.7089422,45,45,102
1771717899.7091212,45,45,102
1771717899.7092948,45,45,102
1771717899.7127244,45,45,102
1771717899.713185,45,45,102
1771717899.7135131,45,45,102
1771717899.7138114,45,45,102
1771717899.7139857,45,45,102
1771717899.7170742,45,45,102
1771717899.717482,45,45,102
1771717899.7180352,45,45,102
1771717899.7185707,45,45,102
1771717899.7211251,45,45,102
1771717899.7214825,45,45,102
1771717899.721781,45,45,102
1771717899.7220783,45,45,102
1771717899.7224164,45,45,102
1771717899.725187,45,45,102
1771717899.7253768,45,45,102
1771717899.7255993,45,45,102
1771717899.725775,45,45,102
1771717899.729213,45,45,102
1771717899.729471,45,45,102
1771717899.729661,45,45,102
1771717899.7298496,45,45,102
1771717899.7333772,45,45,102
1771717899.7338734,45,45,102
1771717899.7343001,45,45,102
1771717899.7345357,45,45,102
1771717899.734797,45,45,102
1771717899.737658,45,45,102
1771717899.738099,45,45,102
1771717899.7383645,45,45,102
1771717899.7385466,45,45,102
1771717899.7414813,45,45,102
1771717899.741699,45,45,102
1771717899.741883,45,45,102
1771717899.7420652,45,45,102
1771717899.7454877,45,45,102
1771717899.7457066,45,45,102
1771717899.7458925,45,45,102
1771717899.7460735,45,45,102
1771717899.7462583,45,45,102
1771717899.7498298,45,45,102
1771717899.7500165,45,45,102
1771717899.7501924,45,45,102
1771717899.750366,45,45,102
1771717899.753833,45,45,102
1771717899.7541633,45,45,102
1771717899.7544892,45,45,102
1771717899.754708,45,45,102
1771717899.7548819,45,45,102
1771717899.7579525,45,45,102
1771717899.7581785,45,45,102
1771717899.7585013,45,45,102
1771717899.7588315,45,45,102
1771717899.7621815,45,45,102
1771717899.76253,45,45,102
1771717899.7628558,45,45,102
1771717899.763089,45,45,102
1771717899.7660084,45,45,102
1771717899.7662065,45,45,102
1771717899.7663841,45,45,102
1771717899.7665958,45,45,102
1771717899.7667854,45,45,102
1771717899.7702851,45,45,102
1771717899.7705984,45,45,102
1771717899.7709208,45,45,102
1771717899.771275,45,45,102
1771717899.774414,45,45,102
1771717899.774748,45,45,102
1771717899.775046,45,45,102
1771717899.7752206,45,45,102
1771717899.7783284,45,45,102
1771717899.7787178,45,45,102
1771717899.7790353,45,45,102
1771717899.7793524,45,45,102
1771717899.779819,45,45,102
1771717899.7827134,45,45,102
1771717899.7830472,45,45,102
1771717899.7833676,45,45,102
1771717899.7835443,45,45,102
1771717899.7866592,45,45,102
1771717899.787006,45,45,102
1771717899.7873359,45,45,102
1771717899.7876635,45,45,102
1771717899.7880733,45,45,102
1771717899.7908623,45,45,102
1771717899.7912045,45,45,102
1771717899.7915378,45,45,102
1771717899.791828,45,45,102
1771717899.7947762,45,45,102
1771717899.7951035,45,45,102
1771717899.7953281,45,45,102
1771717899.7955878,45,45,102
1771717899.7988703,45,45,102
1771717899.7992227,45,45,102
1771717899.7995505,45,45,102
1771717899.7998743,45,45,102
1771717899.800191,45,45,102
1771717899.803323,45,45,102
1771717899.8036659,45,45,102
1771717899.803998,45,45,102
1771717899.8042748,45,45,102
1771717899.8070617,45,45,102
1771717899.8072965,45,45,102
1771717899.8074765,45,45,102
1771717899.8076532,45,45,102
1771717899.8110323,45,45,102
1771717899.8112516,45,45,102
1771717899.8114374,45,45,102
1771717899.8116179,45,45,102
1771717899.8117948,45,45,102
1771717899.8152623,45,45,102
1771717899.8155322,45,45,102
1771717899.815715,45,45,102
1771717899.8158982,45,45,102
1771717899.819408,45,45,102
1771717899.8198366,45,45,102
1771717899.8201656,45,45,102
1771717899.8204925,45,45,102
1771717899.8207133,45,45,102
1771717899.8237202,45,45,102
1771717899.8241205,45,45,102
1771717899.824362,45,45,102
1771717899.8245606,45,45,102
1771717899.8275092,45,45,102
1771717899.827731,45,45,102
1771717899.827911,45,45,102
1771717899.828119,45,45,102
1771717899.8315375,45,45,102
1771717899.831881,45,45,102
1771717899.832206,45,45,102
1771717899.832529,45,45,102
1771717899.8328824,45,45,102
1771717899.835939,45,45,102
1771717899.8363001,45,45,102
1771717899.8366325,45,45,102
1771717899.836958,45,45,102
1771717899.839851,45,45,102
1771717899.8401966,45,45,102
1771717899.8405294,45,45,102
1771717899.8408594,45,45,102
1771717899.8438635,45,45,102
1771717899.8440895,45,45,102
1771717899.8442707,45,45,102
1771717899.8444467,45,45,102
1771717899.8446805,45,45,102
1771717899.8482056,45,45,102
1771717899.848554,45,45,102
1771717899.8488815,45,45,102
1771717899.8492098,45,45,102
1771717899.8521705,45,45,102
1771717899.852516,45,45,102
1771717899.852831,45,45,102
1771717899.853066,45,45,102
1771717899.853239,45,45,102
1771717899.8562243,45,45,102
1771717899.8564394,45,45,102
1771717899.856615,45,45,102
1771717899.8568058,45,45,102
1771717899.8604157,45,45,102
1771717899.8607633,45,45,102
1771717899.861095,45,45,102
1771717899.8614063,45,45,102
1771717899.8644016,45,45,102
1771717899.8648205,45,45,102
1771717899.8650715,45,45,102
1771717899.8652444,45,45,102
1771717899.8654253,45,45,102
1771717899.868731,45,45,102
1771717899.8691382,45,45,102
1771717899.8694685,45,45,102
1771717899.869779,45,45,102
1771717899.8727467,45,45,102
1771717899.873366,45,45,102
1771717899.8737154,45,45,102
1771717899.8741152,45,45,102
1771717899.87662,45,45,102
1771717899.876894,45,45,102
1771717899.8771055,45,45,102
1771717899.8773344,45,45,102
1771717899.877523,45,45,102
1771717899.8808582,45,45,102
1771717899.8810613,45,45,102
1771717899.88125,45,45,102
1771717899.8814723,45,45,102
1771717899.8848732,45,45,102
1771717899.8850675,45,45,102
1771717899.8852544,45,45,102
1771717899.885457,45,45,102
1771717899.8856728,45,45,102
1771717899.8901393,45,45,102
1771717899.8905497,45,45,102
1771717899.8907642,45,45,102
1771717899.890975,45,45,102
1771717899.893058,45,45,102
1771717899.8932784,45,45,102
1771717899.8934937,45,45,102
1771717899.893737,45,45,102
1771717899.8970687,45,45,102
1771717899.8972642,45,45,102
1771717899.8974605,45,45,102
1771717899.8977985,45,45,102
1771717899.8981552,45,45,102
1771717899.9012687,45,45,102
1771717899.9015038,45,45,102
1771717899.9017148,45,45,102
1771717899.9018912,45,45,102
1771717899.9053473,45,45,102
1771717899.9055347,45,45,102
1771717899.905711,45,45,102
1771717899.9058897,45,45,102
1771717899.9093711,45,45,102
1771717899.9097009,45,45,102
1771717899.9100897,45,45,102
1771717899.9104104,45,45,102
1771717899.9106977,45,45,102
1771717899.9137769,45,45,102
1771717899.9141212,45,45,102
1771717899.9143972,45,45,102
1771717899.9145749,45,45,102
1771717899.9177196,45,45,102
1771717899.9180636,45,45,102
1771717899.9183917,45,45,102
1771717899.9188786,45,45,102
1771717899.9191496,45,45,102
1771717899.9217787,45,45,102
1771717899.9219687,45,45,102
1771717899.9221516,45,45,102
1771717899.9223313,45,45,102
1771717899.9257903,45,45,102
1771717899.9260063,45,45,102
1771717899.9262202,45,45,102
1771717899.9265406,45,45,102
1771717899.9299903,45,45,102
1771717899.9303393,45,45,102
1771717899.9306548,45,45,102
1771717899.9309685,45,45,102
1771717899.9312,45,45,102
1771717899.9344418,45,45,102
1771717899.9352329,45,45,102
1771717899.935733,45,45,102
1771717899.9360745,45,45,102
1771717899.9380822,45,45,102
1771717899.9382854,45,45,102
1771717899.9384987,45,45,102
1771717899.938761,45,45,102
1771717899.9420655,45,45,102
1771717899.9422574,45,45,102
1771717899.9424424,45,45,102
1771717899.9426281,45,45,102
1771717899.9428499,45,45,102
1771717899.9465077,45,45,102
1771717899.946855,45,45,102
1771717899.9471843,45,45,102
1771717899.947509,45,45,102
1771717899.950395,45,45,102
1771717899.9506264,45,45,102
1771717899.9508088,45,45,102
1771717899.9509864,45,45,102
1771717899.9511642,45,45,102
1771717899.9545884,45,45,102
1771717899.9547708,45,45,102
1771717899.954949,45,45,102
1771717899.955125,45,45,102
1771717899.958736,45,45,102
1771717899.9590836,45,45,102
1771717899.959489,45,45,102
1771717899.9598172,45,45,102
1771717899.9627197,45,45,102
1771717899.9630752,45,45,102
1771717899.9633946,45,45,102
1771717899.9636188,45,45,102
1771717899.9638252,45,45,102
1771717899.9668632,45,45,102
1771717899.9671888,45,45,102
1771717899.9675126,45,45,102
1771717899.9678283,45,45,102
1771717899.9709868,45,45,102
1771717899.971422,45,45,102
1771717899.971802,45,45,102
1771717899.9719849,45,45,102
1771717899.9749308,45,45,102
1771717899.9753199,45,45,102
1771717899.9756455,45,45,102
1771717899.9760184,45,45,102
1771717899.9763281,45,45,102
1771717899.979343,45,45,102
1771717899.9796908,45,45,102
1771717899.9802063,45,45,102
1771717899.9804566,45,45,102
1771717899.9836397,45,45,102
1771717899.9838464,45,45,102
1771717899.9842887,45,45,102
1771717899.9846153,45,45,102
1771717899.9849596,45,45,102
1771717899.9875143,45,45,102
1771717899.9876912,45,45,102
1771717899.9878638,45,45,102
1771717899.9880831,45,45,102
1771717899.9918048,45,45,102
1771717899.9920087,45,45,102
1771717899.9921992,45,45,102
1771717899.9924707,45,45,102
1771717899.9961216,45,45,102
1771717899.996805,45,45,102
1771717899.9972193,45,45,102
1771717899.9974058,45,45,102
1771717899.9975834,45,45,102
1771717900.0000973,45,45,102
1771717900.0002983,45,45,102
1771717900.0005436,45,45,102
1771717900.000718,45,45,102
1771717900.0042777,45,45,102
1771717900.004571,45,45,102
1771717900.005018,45,45,102
1771717900.0054169,45,45,102
1771717900.0080492,45,45,102
1771717900.0083184,45,45,102
1771717900.008559,45,45,102
1771717900.0087478,45,45,102
1771717900.008976,45,45,102
1771717900.0121357,45,45,102
1771717900.012387,45,45,102
1771717900.0126731,45,45,102
1771717900.012926,45,45,102
1771717900.015872,45,45,102
1771717900.0160892,45,45,102
1771717900.0162926,45,45,102
1771717900.0164762,45,45,102
1771717900.016691,45,45,102
1771717900.0200706,45,45,102
1771717900.0202506,45,45,102
1771717900.020427,45,45,102
1771717900.0206017,45,45,102
1771717900.024147,45,45,102
1771717900.0244794,45,45,102
1771717900.0248077,45,45,102
1771717900.0251312,45,45,102
1771717900.0282183,45,45,102
1771717900.0285563,45,45,102
1771717900.0288186,45,45,102
1771717900.0291574,45,45,102
1771717900.0294638,45,45,102
1771717900.0324037,45,45,102
1771717900.0327117,45,45,102
1771717900.032955,45,45,102
1771717900.0331562,45,45,102
1771717900.0364306,45,45,102
1771717900.0367377,45,45,102
1771717900.0371277,45,45,102
1771717900.0374432,45,45,102
1771717900.0404093,45,45,102
1771717900.0407624,45,45,102
1771717900.0411823,45,45,102
1771717900.0414526,45,45,102
1771717900.0417557,45,45,102
1771717900.0447617,45,45,102
1771717900.045037,45,45,102
1771717900.045266,45,45,102
1771717900.0455642,45,45,102
1771717900.0486686,45,45,102
1771717900.0489013,45,45,102
1771717900.0491135,45,45,102
1771717900.0493243,45,45,102
1771717900.049588,45,45,102
1771717900.0528007,45,45,102
1771717900.0529792,45,45,102
1771717900.053152,45,45,102
1771717900.0533242,45,45,102
1771717900.0572588,45,45,102
1771717900.0576012,45,45,102
1771717900.0579956,45,45,102
1771717900.0581803,45,45,102
1771717900.061097,45,45,102
1771717900.0613437,45,45,102
1771717900.0615418,45,45,102
1771717900.0617144,45,45,0
1771717900.0619323,45,45,0
1771717900.0650213,45,45,0
1771717900.0651894,45,45,0
1771717900.0653467,45,45,0
1771717900.0655184,45,45,0
1771717900.0657415,45,45,0
1771717900.0659232,45,45,0
1771717900.0691948,45,45,0
1771717900.0693545,45,45,0
1771717900.069508,45,45,0
1771717900.0697072,45,45,0
1771717900.0698626,45,45,0
1771717900.0734515,45,45,0
1771717900.073618,45,45,0
1771717900.0737653,45,45,0
1771717900.0739155,45,45,0
1771717900.0740652,45,45,0
1771717900.0774465,45,45,0
1771717900.077767,45,45,0
1771717900.0779982,45,45,0
1771717900.0782528,45,45,0
1771717900.0784934,45,45,0
1771717900.0787807,45,45,0
1771717900.08158,45,45,0
1771717900.0817673,45,45,0
1771717900.0819325,45,45,0
1771717900.082095,45,45,0
1771717900.0822542,45,45,0
1771717900.0871542,45,45,0
1771717900.087471,45,45,0
1771717900.087722,45,45,0
1771717900.0879598,45,45,0
1771717900.088169,45,45,0
1771717900.0896847,45,45,0
1771717900.0899365,45,45,0
1771717900.0902267,45,43,255
1771717900.0905778,45,43,15
1771717900.0908873,45,43,15
1771717900.0938084,45,43,15
1771717900.094032,45,43,15
1771717900.0942762,45,43,15
1771717900.0946329,45,43,15
1771717900.0948439,45,43,15
1771717900.097952,45,43,15
1771717900.0982492,45,43,15
1771717900.0984895,45,43,15
1771717900.098731,45,43,15
1771717900.098964,45,43,15
1771717900.1020782,45,43,15
1771717900.102326,45,43,15
1771717900.1026592,45,43,15
1771717900.1029437,45,43,15
1771717900.10333,45,43,15
1771717900.1062655,45,43,15
1771717900.106598,45,43,15
1771717900.106832,45,43,15
1771717900.1070952,45,43,15
1771717900.1102614,45,43,15
1771717900.1105497,45,43,15
1771717900.1108174,45,43,15
1771717900.111146,45,43,15
1771717900.1114554,45,43,15
1771717900.114454,45,43,15
1771717900.1147597,45,43,15
1771717900.1151233,45,43,15
1771717900.1154194,45,43,15
1771717900.115683,45,43,15
1771717900.1184616,45,43,15
1771717900.1188102,45,43,15
1771717900.119062,45,43,15
1771717900.1193447,45,42,255
1771717900.1196332,45,42,30
1771717900.1229043,45,42,30
1771717900.123265,45,42,30
1771717900.12359,45,42,30
1771717900.123878,45,42,30
1771717900.1241817,45,42,30
1771717900.1273088,45,42,31
1771717900.1276171,45,42,31
1771717900.1278856,45,42,31
1771717900.1282175,45,42,31
1771717900.130582,45,42,31
1771717900.130858,45,42,31
1771717900.1310637,45,42,31
1771717900.1312644,45,42,31
1771717900.1314685,45,42,31
1771717900.1347497,45,42,31
1771717900.1349404,45,42,31
1771717900.1352026,45,42,31
1771717900.1355195,45,42,31
1771717900.135696,45,42,31
1771717900.1389084,45,42,31
1771717900.1390965,45,42,31
1771717900.1392617,45,42,31
1771717900.1394744,45,42,31
1771717900.1396372,45,42,31
1771717900.142969,45,42,31
1771717900.1431482,45,42,31
1771717900.143459,45,42,31
1771717900.1437685,45,42,31
1771717900.1440802,45,42,31
1771717900.147109,45,42,31
1771717900.147413,45,42,31
1771717900.1476667,45,42,32
1771717900.1479204,45,42,32
1771717900.1510134,45,42,32
1771717900.1512349,45,42,32
1771717900.1513994,45,42,32
1771717900.1515613,45,42,32
1771717900.1517224,45,42,32
1771717900.1553426,45,42,32
1771717900.155563,45,42,32
1771717900.1558108,45,42,32
1771717900.1560028,45,42,32
1771717900.1561801,45,42,32
1771717900.1593044,45,40,255
1771717900.1594827,45,40,47
1771717900.1597023,45,40,47
1771717900.1598656,45,40,47
1771717900.1600266,45,40,47
1771717900.1635592,45,40,47
1771717900.16387,45,40,47
1771717900.1641035,45,40,47
1771717900.1642678,45,40,48
1771717900.1644318,45,40,48
1771717900.167501,45,40,48
1771717900.1676655,45,40,48
1771717900.167827,45,40,48
1771717900.1680331,45,40,48
1771717900.1716764,45,40,48
1771717900.1721025,45,40,48
1771717900.1723177,45,40,48
1771717900.1724887,45,40,48
1771717900.1726594,45,40,48
1771717900.1756954,45,40,48
1771717900.175881,45,40,48
1771717900.1760526,45,40,48
1771717900.1762788,45,40,48
1771717900.1765263,45,40,48
1771717900.179817,45,40,48
1771717900.1801217,45,40,49
1771717900.1804233,45,40,49
1771717900.180711,45,40,49
1771717900.1808805,45,40,49
1771717900.1842542,45,40,49
1771717900.184802,45,40,49
1771717900.1852298,45,40,49
1771717900.1854908,45,40,49
1771717900.1857255,45,40,49
1771717900.1881664,45,40,49
1771717900.1886766,45,40,49
1771717900.1889946,45,40,49
1771717900.1891782,45,40,49
1771717900.1920257,45,40,49
1771717900.1924286,45,40,49
1771717900.1928205,45,40,49
1771717900.1932576,45,40,49
1771717900.1935482,45,40,50
1771717900.196151,45,40,50
1771717900.1964002,45,40,50
1771717900.1967614,45,40,50
1771717900.1970549,45,40,50
1771717900.1973474,45,40,50
1771717900.2004461,45,40,50
1771717900.2008924,45,40,50
1771717900.201145,45,40,50
1771717900.2015266,45,40,50
1771717900.201781,45,40,50
1771717900.2045658,45,40,50
1771717900.2048886,45,40,50
1771717900.2053654,45,40,50
1771717900.2056615,45,40,50
1771717900.2059014,45,40,50
1771717900.2088292,45,40,50
1771717900.2091434,45,40,50
1771717900.2094388,45,40,51
1771717900.209604,45,40,51
1771717900.2125058,45,40,51
1771717900.2128868,45,40,51
1771717900.2132487,45,40,51
1771717900.2135463,45,40,51
1771717900.2138932,45,40,51
1771717900.2174604,45,40,51
1771717900.2179632,45,40,51
1771717900.218219,45,40,51
1771717900.2183883,45,40,51
1771717900.2185552,45,40,51
1771717900.2208548,45,40,51
1771717900.2211642,45,40,51
1771717900.2214174,45,40,51
1771717900.221676,45,40,51
1771717900.2218597,45,39,255
1771717900.224978,45,39,67
1771717900.2252786,45,39,67
1771717900.2254798,45,39,67
1771717900.2256758,45,39,67
1771717900.225869,45,39,67
1771717900.229272,45,39,67
1771717900.2295887,45,39,67
1771717900.2298322,45,39,67
1771717900.2300012,45,39,67
1771717900.2331338,45,39,67
1771717900.233611,45,39,67
1771717900.2338705,45,39,67
1771717900.234137,45,39,68
1771717900.2345126,45,39,68
1771717900.2372055,45,39,68
1771717900.2376316,45,39,68
1771717900.2380528,45,39,68
1771717900.238299,45,39,68
1771717900.2385461,45,39,68
1771717900.2412815,45,39,68
1771717900.2414868,45,39,68
1771717900.2416818,45,39,68
1771717900.241859,45,39,68
1771717900.2420204,45,39,68
1771717900.2453358,45,39,68
1771717900.2456555,45,39,69
1771717900.2459643,45,39,69
1771717900.2462685,45,39,69
1771717900.246626,45,39,69
1771717900.249493,45,39,69
1771717900.2497036,45,39,69
1771717900.249973,45,39,69
1771717900.2502437,45,39,69
1771717900.2533853,45,39,69
1771717900.253601,45,39,69
1771717900.2538035,45,39,69
1771717900.2540495,45,39,69
1771717900.254215,45,39,70
1771717900.2574646,45,39,70
1771717900.2576401,45,39,70
1771717900.2578351,45,39,70
1771717900.2580361,45,39,70
1771717900.258203,45,39,70
1771717900.2616553,45,39,70
1771717900.2619445,45,39,70
1771717900.2622309,45,39,70
1771717900.262575,45,39,70
1771717900.2628636,45,39,70
1771717900.2657526,45,39,70
1771717900.265931,45,39,71
1771717900.2661467,45,39,71
1771717900.266313,45,39,71
1771717900.2664764,45,39,71
1771717900.2701125,45,39,71
1771717900.270425,45,39,71
1771717900.270657,45,39,71
1771717900.2708645,45,39,71
1771717900.2710252,45,39,71
1771717900.2743223,45,39,71
1771717900.274494,45,39,71
1771717900.274667,45,39,71
1771717900.2748275,45,39,71
1771717900.2789955,45,39,72
1771717900.2794495,45,39,72
1771717900.279978,45,39,72
1771717900.2804124,45,39,72
1771717900.2806766,45,39,72
1771717900.2826889,45,39,72
1771717900.282873,45,39,72
1771717900.2830381,45,39,72
1771717900.2833066,45,39,72
1771717900.2834952,45,39,72
1771717900.2869031,45,39,72
1771717900.287222,45,39,72
1771717900.2874577,45,39,72
1771717900.2876256,45,39,73
1771717900.2878356,45,39,73
1771717900.2908275,45,39,73
1771717900.2910545,45,39,73
1771717900.2913263,45,39,73
1771717900.2916942,45,39,73
1771717900.2919812,45,39,73
1771717900.2947133,45,39,73
1771717900.2949843,45,39,73
1771717900.2952893,45,39,73
1771717900.2958424,45,39,73
1771717900.2989619,45,39,73
1771717900.299381,45,39,73
1771717900.2997923,45,39,74
1771717900.3000855,45,39,74
1771717900.3003738,45,39,74
1771717900.3031397,45,39,74
1771717900.303325,45,39,74
1771717900.3035548,45,39,74
1771717900.30372,45,39,74
1771717900.3038838,45,39,74
1771717900.3071792,45,39,74
1771717900.3074386,45,39,74
1771717900.3076055,45,39,74
1771717900.307769,45,39,74
1771717900.3079338,45,39,75
1771717900.3115108,45,39,75
1771717900.31227,45,39,75
1771717900.312603,45,39,75
1771717900.3127708,45,39,75
1771717900.3129542,45,39,75
1771717900.3154154,45,39,75
1771717900.3157334,45,39,75
1771717900.3160272,45,39,75
1771717900.316265,45,39,75
1771717900.3193774,45,39,75
1771717900.3196828,45,39,75
1771717900.3199403,45,39,75
1771717900.3202448,45,39,76
1771717900.320548,45,39,76
1771717900.3236206,45,39,76
1771717900.3238306,45,39,76
1771717900.3240013,45,39,76
1771717900.324164,45,39,76
1771717900.3243287,45,39,76
1771717900.32745,45,39,76
1771717900.3280897,45,39,76
1771717900.3284295,45,39,76
1771717900.3286622,45,39,76
1771717900.3289342,45,39,76
1771717900.3320003,45,39,76
1771717900.332321,45,39,77
1771717900.332618,45,39,77
1771717900.3329885,45,39,77
1771717900.33319,45,39,77
1771717900.3357966,45,39,77
1771717900.3361146,45,39,77
1771717900.3364146,45,39,77
1771717900.336726,45,39,77
1771717900.3368878,45,39,77
1771717900.3397622,45,39,77
1771717900.3400671,45,39,77
1771717900.340284,45,39,77
1771717900.3404453,45,39,77
1771717900.3438773,45,39,78
1771717900.344286,45,39,78
1771717900.3445814,45,39,78
1771717900.3448694,45,39,78
1771717900.345082,45,39,78
1771717900.3479347,45,39,78
1771717900.348196,45,39,78
1771717900.3484893,45,39,78
1771717900.3487623,45,39,78
1771717900.3489254,45,39,78
1771717900.3520615,45,39,78
1771717900.3522465,45,39,78
1771717900.3525367,45,39,78
1771717900.3528228,45,39,79
1771717900.3531106,45,39,79
1771717900.3564613,45,39,79
1771717900.3567784,45,39,79
1771717900.3570287,45,39,79
1771717900.35719,45,39,79
1771717900.3573573,45,39,79
1771717900.36061,45,39,79
1771717900.3607943,45,39,79
1771717900.3611357,45,39,79
1771717900.3614252,45,39,79
1771717900.3641465,45,39,79
1771717900.364651,45,39,79
1771717900.3649535,45,39,80
1771717900.3652418,45,39,80
1771717900.3654613,45,39,80
1771717900.3684828,45,39,80
1771717900.3688092,45,39,80
1771717900.369103,45,39,80
1771717900.3693502,45,39,80
1771717900.3695736,45,39,80
1771717900.3724914,45,39,80
1771717900.3728127,45,39,80
1771717900.3731067,45,39,80
1771717900.3736477,45,39,80
1771717900.3738651,45,39,81
1771717900.376686,45,39,81
1771717900.3770003,45,39,81
1771717900.3772967,45,39,81
1771717900.3775053,45,39,81
1771717900.3776686,45,39,81
1771717900.3811538,45,39,81
1771717900.3816156,45,39,81
1771717900.3819153,45,39,81
1771717900.3822083,45,39,81
1771717900.3846433,45,39,81
1771717900.385007,45,39,81
1771717900.3854063,45,39,82
1771717900.3856993,45,39,82
1771717900.3859236,45,39,82
1771717900.3888988,45,39,82
1771717900.3893223,45,39,82
1771717900.3895183,45,39,82
1771717900.389687,45,39,82
1771717900.389857,45,39,82
1771717900.393261,45,39,82
1771717900.393445,45,39,82
1771717900.3936098,45,39,82
1771717900.393801,45,39,82
1771717900.3939614,45,39,82
1771717900.3973408,45,39,83
1771717900.3975267,45,39,83
1771717900.3976958,45,39,83
1771717900.3978605,45,39,83
1771717900.398036,45,39,83
1771717900.4014363,45,39,83
1771717900.401621,45,39,83
1771717900.4018893,45,39,83
1771717900.4021847,45,39,83
1771717900.402474,45,39,83
1771717900.4054341,45,39,83
1771717900.4057248,45,39,83
1771717900.4060807,45,39,83
1771717900.4064262,45,39,84
1771717900.4090803,45,39,84
1771717900.4092975,45,39,84
1771717900.409556,45,39,84
1771717900.4097507,45,39,84
1771717900.40992,45,39,84
1771717900.4132044,45,39,84
1771717900.413501,45,39,84
1771717900.41387,45,39,84
1771717900.4141543,45,39,84
1771717900.4144347,45,39,84
1771717900.4174883,45,39,84
1771717900.41779,45,39,84
1771717900.4180775,45,39,85
1771717900.418346,45,39,85
1771717900.4185057,45,39,85
1771717900.421845,45,39,85
1771717900.4221265,45,39,85
1771717900.4222987,45,39,85
1771717900.4224613,45,39,85
1771717900.4226625,45,39,85
1771717900.4255419,45,39,85
1771717900.42572,45,39,85
1771717900.4258862,45,39,85
1771717900.4260523,45,39,85
1771717900.429475,45,39,86
1771717900.429783,45,39,86
1771717900.430105,45,39,86
1771717900.430308,45,39,86
1771717900.430484,45,39,86
1771717900.4337697,45,39,86
1771717900.4340777,45,39,86
1771717900.434367,45,39,86
1771717900.4347856,45,39,86
1771717900.4350991,45,39,86
1771717900.4378347,45,39,86
1771717900.4380155,45,39,86
1771717900.4382234,45,39,86
1771717900.43839,45,39,87
1771717900.438553,45,39,87
1771717900.441852,45,39,87
1771717900.4420218,45,39,87
1771717900.4422333,45,39,87
1771717900.4424324,45,39,87
1771717900.4426014,45,39,87
1771717900.4460251,45,39,87
1771717900.446197,45,39,87
1771717900.4463587,45,39,87
1771717900.4465566,45,39,87
1771717900.449942,45,39,87
1771717900.4501123,45,39,87
1771717900.4502754,45,39,88
1771717900.4504387,45,39,88
1771717900.4506848,45,39,88
1771717900.4542449,45,39,88
1771717900.4544835,45,39,88
1771717900.454723,45,39,88
1771717900.4549,45,39,88
1771717900.455107,45,39,88
1771717900.458271,45,39,88
1771717900.4584432,45,39,88
1771717900.458611,45,39,88
1771717900.458813,45,39,88
1771717900.4589791,45,39,88
1771717900.4624674,45,39,89
1771717900.4627805,45,39,89
1771717900.463081,45,39,89
1771717900.463605,45,39,89
1771717900.4638598,45,39,89
1771717900.4668784,45,39,89
1771717900.4674647,45,39,89
1771717900.4676554,45,39,89
1771717900.4678175,45,39,89
1771717900.4679806,45,39,89
1771717900.4706256,45,39,89
1771717900.470795,45,39,89
1771717900.4709573,45,39,89
1771717900.4711325,45,39,90
1771717900.4745843,45,39,90
1771717900.4748034,45,39,90
1771717900.4749696,45,39,90
1771717900.4751308,45,39,90
1771717900.4752948,45,39,90
1771717900.478684,45,39,90
1771717900.4788518,45,39,90
1771717900.479015,45,39,90
1771717900.4791782,45,39,90
1771717900.4793415,45,39,90
1771717900.4828887,45,39,90
1771717900.483167,45,39,90
1771717900.4833796,45,39,91
1771717900.483585,45,39,91
1771717900.4837892,45,39,91
1771717900.4871023,45,39,91
1771717900.4874907,45,39,91
1771717900.4878325,45,39,91
1771717900.48804,45,39,91
1771717900.4882007,45,39,91
1771717900.491211,45,39,91
1771717900.4915278,45,39,91
1771717900.4918268,45,39,91
1771717900.492188,45,39,91
1771717900.495011,45,39,92
1771717900.495384,45,39,92
1771717900.4956906,45,39,92
1771717900.4959877,45,39,92
1771717900.49632,45,39,92
1771717900.4992929,45,39,92
1771717900.4997892,45,39,92
1771717900.5000215,45,39,92
1771717900.5002594,45,39,92
1771717900.500445,45,39,92
1771717900.503293,45,39,92
1771717900.503521,45,39,92
1771717900.5037181,45,39,93
1771717900.5039186,45,39,93
1771717900.5041177,45,39,93
1771717900.5075648,45,39,93
1771717900.507926,45,39,93
1771717900.5082111,45,39,93
1771717900.5083928,45,39,93
1771717900.508552,45,39,93
1771717900.5116248,45,39,93
1771717900.5119212,45,39,93
1771717900.5122647,45,39,93
1771717900.512558,45,39,93
1771717900.5155222,45,39,93
1771717900.5157607,45,39,94
1771717900.5159261,45,39,94
1771717900.5160887,45,39,94
1771717900.5162497,45,39,94
1771717900.519777,45,39,94
1771717900.520162,45,39,94
1771717900.5204594,45,39,94
1771717900.5207598,45,39,94
1771717900.521166,45,39,94
1771717900.5237973,45,39,94
1771717900.5241947,45,39,94
1771717900.524499,45,39,94
1771717900.5247967,45,39,94
1771717900.525052,45,39,95
1771717900.5280974,45,39,95
1771717900.5284772,45,39,95
1771717900.5286973,45,39,95
1771717900.528872,45,39,95
1771717900.5290306,45,39,95
1771717900.5321517,45,39,95
1771717900.532462,45,39,95
1771717900.5327234,45,39,95
1771717900.5330784,45,39,95
1771717900.533357,45,39,95
1771717900.536232,45,39,95
1771717900.5364954,45,39,95
1771717900.536753,45,39,96
1771717900.5370922,45,39,96
1771717900.5401592,45,39,96
1771717900.5404851,45,39,96
1771717900.540769,45,39,96
1771717900.5410838,45,39,96
1771717900.5412729,45,39,96
1771717900.544258,45,39,96
1771717900.5444374,45,39,96
1771717900.5446577,45,39,96
1771717900.5448263,45,39,96
1771717900.54499,45,39,96
1771717900.5487285,45,39,97
1771717900.5491152,45,39,97
1771717900.5494199,45,39,97
1771717900.549715,45,39,97
1771717900.5500076,45,39,97
1771717900.5526037,45,39,97
1771717900.5527847,45,39,97
1771717900.5529697,45,39,97
1771717900.5532439,45,39,97
1771717900.5534787,45,39,97
1771717900.5567858,45,39,97
1771717900.557345,45,39,97
1771717900.5576015,45,39,97
1771717900.5578165,45,39,98
1771717900.5606835,45,39,98
1771717900.5610404,45,39,98
1771717900.561437,45,39,98
1771717900.5618145,45,39,98
1771717900.5621712,45,39,98
1771717900.5647616,45,39,98
1771717900.5650365,45,39,98
1771717900.5652668,45,39,98
1771717900.5654912,45,39,98
1771717900.565658,45,39,98
1771717900.5689266,45,39,98
1771717900.5692732,45,39,98
1771717900.5695398,45,39,99
1771717900.5697618,45,39,99
1771717900.5700493,45,39,99
1771717900.573432,45,39,99
1771717900.57361,45,39,99
1771717900.5737753,45,39,99
1771717900.573939,45,39,99
1771717900.5741363,45,39,99
1771717900.5771387,45,39,99
1771717900.5774405,45,39,99
1771717900.577786,45,39,99
1771717900.5780568,45,39,99
1771717900.5810127,45,39,99
1771717900.5812483,45,39,100
1771717900.5814302,45,39,100
1771717900.5816123,45,39,100
1771717900.5817933,45,39,100
1771717900.5852804,45,39,100
1771717900.5854666,45,39,100
1771717900.5856466,45,39,100
1771717900.5858247,45,39,100
1771717900.589326,45,39,100
1771717900.589577,45,39,100
1771717900.5897605,45,39,100
1771717900.5899417,45,39,100
1771717900.5901217,45,39,101
1771717900.5939171,45,39,101
1771717900.5941942,45,39,101
1771717900.5943794,45,39,101
1771717900.59456,45,39,101
1771717900.5976145,45,39,101
1771717900.5980227,45,39,101
1771717900.5982695,45,39,101
1771717900.5984466,45,39,101
1771717900.6015615,45,39,101
1771717900.6017613,45,39,101
1771717900.602093,45,39,102
1771717900.6024199,45,39,102
1771717900.6028101,45,39,102
1771717900.6057818,45,39,102
1771717900.6060927,45,39,102
1771717900.6063192,45,39,102
1771717900.6064982,45,39,102
1771717900.6098511,45,39,102
1771717900.6100745,45,39,102
1771717900.6102772,45,39,102
1771717900.6104598,45,39,102
1771717900.6137984,45,39,103
1771717900.6140356,45,39,103
1771717900.6142244,45,39,103
1771717900.6144273,45,39,103
1771717900.6146383,45,39,103
1771717900.6180072,45,39,103
1771717900.618194,45,39,103
1771717900.6183777,45,39,103
1771717900.6185944,45,39,103
1771717900.6221538,45,39,103
1771717900.6225147,45,39,103
1771717900.622821,45,39,103
1771717900.62315,45,39,104
1771717900.6233509,45,39,104
1771717900.6263902,45,39,104
1771717900.6267366,45,39,104
1771717900.627017,45,39,104
1771717900.6272702,45,39,104
1771717900.6302521,45,39,104
1771717900.6304424,45,39,104
1771717900.630631,45,39,104
1771717900.630817,45,39,104
1771717900.6343188,45,39,104
1771717900.6345377,45,39,104
1771717900.634746,45,39,105
1771717900.634997,45,39,105
1771717900.6352978,45,39,105
1771717900.6385996,45,39,105
1771717900.6388698,45,39,105
1771717900.6390567,45,39,105
1771717900.6392853,45,39,105
1771717900.6425855,45,39,105
1771717900.6429467,45,39,105
1771717900.643164,45,39,105
1771717900.6434405,45,39,105
1771717900.6465518,45,39,106
1771717900.6467452,45,39,106
1771717900.6469305,45,39,106
1771717900.6471126,45,39,106
1771717900.6473126,45,39,106
1771717900.6508505,45,39,106
1771717900.6510904,45,39,106
1771717900.651308,45,39,106
1771717900.651491,45,39,106
1771717900.6548994,45,39,106
1771717900.655242,45,39,106
1771717900.6556652,45,39,106
1771717900.6558561,45,39,107
1771717900.6560383,45,39,107
1771717900.6590016,45,39,107
1771717900.6591895,45,39,107
1771717900.6594002,45,39,107
1771717900.6595836,45,39,107
1771717900.6631012,45,39,107
1771717900.6632888,45,39,107
1771717900.6634703,45,39,107
1771717900.6636825,45,39,107
1771717900.6670487,45,39,107
1771717900.6672325,45,39,108
1771717900.6674142,45,39,108
1771717900.6675966,45,39,108
1771717900.6678054,45,39,108
1771717900.6713476,45,39,108
1771717900.6715353,45,39,108
1771717900.6718154,45,39,108
1771717900.671994,45,39,108
1771717900.6754048,45,39,108
1771717900.6755998,45,39,108
1771717900.675784,45,39,108
1771717900.675968,45,39,108
1771717900.6793878,45,39,109
1771717900.6796472,45,39,109
1771717900.679859,45,39,109
1771717900.6800447,45,39,109
1771717900.6802316,45,39,109
1771717900.6840339,45,39,109
1771717900.6845555,45,39,109
1771717900.684854,45,39,109
1771717900.6851382,45,39,109
1771717900.687801,45,39,109
1771717900.688416,45,39,109
1771717900.6886928,45,39,110
1771717900.6889567,45,39,110
1771717900.6892467,45,39,110
1771717900.6920161,45,39,110
1771717900.6922922,45,39,110
1771717900.6926327,45,39,110
1771717900.69287,45,39,110
1771717900.6959243,45,39,110
1771717900.6962006,45,39,110
1771717900.696468,45,39,110
1771717900.6967943,45,39,110
1771717900.7000234,45,39,110
1771717900.7010033,45,39,111
1771717900.701467,45,39,111
1771717900.701779,45,39,111
1771717900.7019699,45,39,111
1771717900.7046316,45,39,111
1771717900.7049026,45,39,111
1771717900.7051203,45,39,111
1771717900.7053578,45,39,111
1771717900.7082803,45,39,111
1771717900.7084827,45,39,111
1771717900.708668,45,39,111
1771717900.7088568,45,39,111
1771717900.7120972,45,39,112
1771717900.7124462,45,39,112
1771717900.7129183,45,39,112
1771717900.713391,45,39,112
1771717900.7135954,45,39,112
1771717900.7164054,45,39,112
1771717900.7166038,45,39,112
1771717900.7168286,45,39,112
1771717900.717009,45,39,112
1771717900.7204196,45,39,112
1771717900.7206643,45,39,112
1771717900.7210598,45,39,112
1771717900.7212508,45,39,113
1771717900.7214284,45,39,113
1771717900.72463,45,39,113
1771717900.7248528,45,39,113
1771717900.7250662,45,39,113
1771717900.725277,45,39,113
1771717900.7285802,45,39,113
1771717900.7287629,45,39,113
1771717900.7289398,45,39,113
1771717900.7291338,45,39,113
1771717900.7326615,45,39,114
1771717900.733047,45,39,114
1771717900.7332585,45,39,114
1771717900.7334697,45,39,114
1771717900.7336807,45,39,114
1771717900.7368245,45,39,114
1771717900.7370102,45,39,114
1771717900.7371924,45,39,114
1771717900.7373993,45,39,114
1771717900.7408245,45,39,114
1771717900.7410097,45,39,114
1771717900.7411933,45,39,114
1771717900.7413719,45,39,115
1771717900.7448883,45,39,115
1771717900.7451417,45,39,115
1771717900.7453558,45,39,115
1771717900.7455647,45,39,115
1771717900.7457714,45,39,115
1771717900.7491314,45,39,115
1771717900.7493193,45,39,115
1771717900.7495363,45,39,115
1771717900.749712,45,39,115
1771717900.7531548,45,39,115
1771717900.753347,45,39,115
1771717900.7535641,45,39,116
1771717900.7537453,45,39,116
1771717900.7539282,45,39,116
1771717900.7573533,45,39,116
1771717900.7575414,45,39,116
1771717900.7577183,45,39,116
1771717900.757893,45,39,116
1771717900.761298,45,39,116
1771717900.7615597,45,39,116
1771717900.7621098,45,39,116
1771717900.7626743,45,39,116
1771717900.7654176,45,39,116
1771717900.765611,45,39,117
1771717900.765787,45,39,117
1771717900.7659605,45,39,117
1771717900.7661338,45,39,117
1771717900.7697487,45,39,117
1771717900.7700741,45,39,117
1771717900.7703958,45,39,117
1771717900.7708776,45,39,117
1771717900.7736967,45,39,117
1771717900.7738903,45,39,117
1771717900.774075,45,39,117
1771717900.7742565,45,39,118
1771717900.7776704,45,39,118
1771717900.7782755,45,39,118
1771717900.778588,45,39,118
1771717900.7788038,45,39,118
1771717900.7791233,45,39,118
1771717900.78187,45,39,118
1771717900.782103,45,39,118
1771717900.7822845,45,39,118
1771717900.7825124,45,39,118
1771717900.7858841,45,39,118
1771717900.7860982,45,39,119
1771717900.7863066,45,39,119
1771717900.7865155,45,39,119
1771717900.7867637,45,39,119
1771717900.790207,45,39,119
1771717900.7904174,45,39,119
1771717900.7906048,45,39,119
1771717900.79078,45,39,119
1771717900.7942016,45,39,119
1771717900.7944894,45,39,119
1771717900.7946777,45,39,119
1771717900.794893,45,39,119
1771717900.7981458,45,39,120
1771717900.7983413,45,39,120
1771717900.7985585,45,39,120
1771717900.7988915,45,39,120
1771717900.7992148,45,39,120
1771717900.8026214,45,39,120
1771717900.8029568,45,39,120
1771717900.8032699,45,39,120
1771717900.8035278,45,39,120
1771717900.8066256,45,39,120
1771717900.806926,45,39,120
1771717900.8073668,45,39,120
1771717900.807697,45,39,121
1771717900.8104117,45,39,121
1771717900.8106844,45,39,121
1771717900.8108733,45,39,121
1771717900.811055,45,39,121
1771717900.8112738,45,39,121
1771717900.8146296,45,39,121
1771717900.8148499,45,40,235
1771717900.815058,45,40,106
1771717900.8152642,45,40,106
1771717900.8186655,45,40,106
1771717900.8189898,45,40,106
1771717900.8193102,45,40,106
1771717900.819631,45,40,107
1771717900.8199494,45,40,107
1771717900.8228235,45,40,107
1771717900.8230317,45,40,107
1771717900.8232105,45,40,107
1771717900.8234808,45,40,107
1771717900.8269207,45,40,107
1771717900.8271058,45,40,107
1771717900.827287,45,40,107
1771717900.827462,45,40,107
1771717900.8308895,45,40,107
1771717900.831154,45,40,107
1771717900.8315318,45,40,107
1771717900.8318572,45,40,107
1771717900.8321779,45,40,107
1771717900.8353126,45,40,107
1771717900.8356586,45,40,108
1771717900.8359406,45,40,108
1771717900.8361146,45,40,108
1771717900.8392994,45,40,108
1771717900.839631,45,40,108
1771717900.8400052,45,40,108
1771717900.8403702,45,40,108
1771717900.8431745,45,40,108
1771717900.843422,45,40,108
1771717900.843641,45,40,108
1771717900.8439023,45,40,108
1771717900.8441174,45,40,108
1771717900.8474615,45,40,108
1771717900.8477898,45,40,108
1771717900.8481183,45,40,108
1771717900.8484912,45,40,109
1771717900.8514972,45,40,109
1771717900.8517232,45,40,109
1771717900.8519416,45,40,109
1771717900.8521183,45,40,109
1771717900.8522952,45,40,109
1771717900.8557408,45,40,109
1771717900.8560061,45,40,109
1771717900.8562672,45,40,109
1771717900.8565433,45,40,109
1771717900.8596728,45,40,109
1771717900.8598714,45,40,109
1771717900.8600895,45,40,109
1771717900.8602722,45,40,109
1771717900.863675,45,40,109
1771717900.8640082,45,40,109
1771717900.86433,45,40,110
1771717900.8647535,45,40,110
1771717900.865055,45,40,110
1771717900.8678927,45,40,110
1771717900.8680832,45,40,110
1771717900.8682692,45,40,110
1771717900.8684983,45,40,110
1771717900.8719757,45,40,110
1771717900.8722312,45,40,110
1771717900.8725157,45,40,110
1771717900.8727477,45,40,110
1771717900.875946,45,40,110
1771717900.8762102,45,40,110
1771717900.8764298,45,40,110
1771717900.8766375,45,40,110
1771717900.8768184,45,40,111
1771717900.880296,45,40,111
1771717900.8804884,45,40,111
1771717900.8806722,45,40,111
1771717900.8808548,45,40,111
1771717900.884296,45,40,111
1771717900.8846421,45,40,111
1771717900.8849716,45,40,111
1771717900.8851643,45,40,111
1771717900.8853755,45,40,111
1771717900.888508,45,40,111
1771717900.8887837,45,40,111
1771717900.8889718,45,40,111
1771717900.8891842,45,40,111
1771717900.8925383,45,40,111
1771717900.892871,45,40,112
1771717900.893195,45,40,112
1771717900.893522,45,40,112
1771717900.8964615,45,40,112
1771717900.896684,45,40,112
1771717900.8968942,45,40,112
1771717900.897128,45,40,112
1771717900.897311,45,40,112
1771717900.9010193,45,40,112
1771717900.9014456,45,40,112
1771717900.9018853,45,40,112
1771717900.9022162,45,40,112
1771717900.9047046,45,40,112
1771717900.9049096,45,40,112
1771717900.9051647,45,40,112
1771717900.9053552,45,40,112
1771717900.9087274,45,40,113
1771717900.9089856,45,40,113
1771717900.9092164,45,40,113
1771717900.9093964,45,40,113
1771717900.9095726,45,40,113
1771717900.912992,45,40,113
1771717900.913317,45,40,113
1771717900.913692,45,40,113
1771717900.9139214,45,40,113
1771717900.9170883,45,40,113
1771717900.9172976,45,40,113
1771717900.9175193,45,40,113
1771717900.917735,45,40,113
1771717900.9179456,45,40,113
1771717900.9211676,45,40,113
1771717900.9213555,45,40,114
1771717900.9215412,45,40,114
1771717900.9217157,45,40,114
1771717900.9252179,45,40,114
1771717900.9254417,45,40,114
1771717900.9256535,45,40,114
1771717900.9258537,45,40,114
1771717900.9291701,45,40,114
1771717900.9293566,45,40,114
1771717900.929777,45,40,114
1771717900.9302902,45,40,114
1771717900.9306965,45,40,114
1771717900.9335966,45,40,114
1771717900.933927,45,40,114
1771717900.934214,45,40,114
1771717900.934509,45,40,114
1771717900.9376607,45,40,115
1771717900.9379938,45,40,115
1771717900.9383504,45,40,115
1771717900.9386294,45,40,115
1771717900.941502,45,40,115
1771717900.9417372,45,40,115
1771717900.941969,45,40,115
1771717900.9421573,45,40,115
1771717900.942343,45,40,115
1771717900.9457633,45,40,115
1771717900.946005,45,40,115
1771717900.9462183,45,40,115
1771717900.9464035,45,40,115
1771717900.9498048,45,40,115
1771717900.9500473,45,40,115
1771717900.9502363,45,40,116
1771717900.9504766,45,40,116
1771717900.9506648,45,40,116
1771717900.9540892,45,40,116
1771717900.9543946,45,40,116
1771717900.9546354,45,40,116
1771717900.9548736,45,40,116
1771717900.9579742,45,40,116
1771717900.9581685,45,40,116
1771717900.95842,45,40,116
1771717900.9586494,45,40,116
1771717900.9620314,45,40,116
1771717900.9622347,45,40,116
1771717900.9624236,45,40,116
1771717900.9626067,45,40,116
1771717900.9627914,45,40,116
1771717900.9662385,45,40,117
1771717900.9664342,45,40,117
1771717900.966722,45,40,117
1771717900.9669607,45,40,117
1771717900.9702318,45,40,117
1771717900.970426,45,40,117
1771717900.970655,45,40,117
1771717900.9708467,45,40,117
1771717900.9742646,45,40,117
1771717900.9746397,45,40,117
1771717900.9748557,45,40,117
1771717900.9750445,45,40,117
1771717900.9752278,45,40,117
1771717900.9784827,45,40,117
1771717900.978885,45,40,117
1771717900.9793558,45,40,118
1771717900.9798672,45,40,118
1771717900.982513,45,40,118
1771717900.9827027,45,40,118
1771717900.9829314,45,40,118
1771717900.9831104,45,40,118
1771717900.9832873,45,40,118
1771717900.9866717,45,40,118
1771717900.9868543,45,40,118
1771717900.9870524,45,40,118
1771717900.98723,45,40,118
1771717900.9907358,45,40,118
1771717900.9909308,45,40,118
1771717900.991114,45,40,118
1771717900.9912941,45,40,118
1771717900.9947522,45,40,119
1771717900.9950185,45,40,119
1771717900.9953163,45,40,119
1771717900.9956374,45,40,119
1771717900.9959013,45,40,119
1771717900.9989655,45,40,119
1771717900.9991508,45,40,119
1771717900.999331,45,40,119
1771717900.9995081,45,40,119
1771717901.0030315,45,40,119
1771717901.0032628,45,40,119
1771717901.003495,45,40,119
1771717901.0037053,45,40,119
1771717901.0069838,45,40,119
1771717901.0072172,45,40,119
1771717901.0074265,45,40,119
1771717901.007616,45,40,120
1771717901.007824,45,40,120
1771717901.0112996,45,40,120
1771717901.011646,45,40,120
1771717901.011938,45,40,120
1771717901.0121825,45,40,120
1771717901.0152304,45,40,120
1771717901.015449,45,40,120
1771717901.0156286,45,40,120
1771717901.0158088,45,40,120
1771717901.015989,45,40,120
1771717901.0194771,45,40,120
1771717901.0196607,45,40,120
1771717901.0198371,45,40,120
1771717901.0200114,45,40,120
1771717901.0234697,45,40,121
1771717901.0236564,45,40,121
1771717901.0238776,45,40,121
1771717901.0240536,45,40,121
1771717901.0275185,45,40,121
1771717901.0277135,45,40,121
1771717901.0279467,45,40,121
1771717901.0281343,45,40,121
1771717901.028318,45,40,121
1771717901.0317938,45,40,121
1771717901.0320728,45,40,121
1771717901.0323339,45,40,121
1771717901.032533,45,40,121
1771717901.0358,45,40,121
1771717901.036024,45,40,121
1771717901.0362344,45,40,121
1771717901.0364141,45,40,122
1771717901.0397563,45,40,122
1771717901.0399694,45,40,122
1771717901.040185,45,40,122
1771717901.040361,45,40,122
1771717901.040683,45,40,122
1771717901.0440264,45,40,122
1771717901.0442553,45,40,122
1771717901.0444388,45,40,122
1771717901.0446203,45,40,122
1771717901.048039,45,40,122
1771717901.0482345,45,40,122
1771717901.048448,45,40,122
1771717901.04871,45,40,122
1771717901.0489187,45,40,122
1771717901.0522575,45,40,123
1771717901.0527081,45,40,123
1771717901.0532806,45,40,123
1771717901.0535998,45,40,123
1771717901.0563786,45,40,123
1771717901.056716,45,40,123
1771717901.0569942,45,40,123
1771717901.0572598,45,40,123
1771717901.0604694,45,40,123
1771717901.0608082,45,40,123
1771717901.0609925,45,40,123
1771717901.061171,45,40,123
1771717901.0613508,45,40,123
1771717901.0645804,45,40,123
1771717901.0648313,45,40,123
1771717901.0650117,45,40,123
1771717901.0652235,45,40,124
1771717901.0685623,45,40,124
1771717901.0687478,45,40,124
1771717901.068926,45,40,124
1771717901.0691016,45,40,124
1771717901.072647,45,40,124
1771717901.0730443,45,40,124
1771717901.0733464,45,40,124
1771717901.0736551,45,40,124
1771717901.0740268,45,40,124
1771717901.0768535,45,40,124
1771717901.0772047,45,40,124
1771717901.0774822,45,40,124
1771717901.0777538,45,40,124
1771717901.0807877,45,40,124
1771717901.080974,45,40,125
1771717901.0811777,45,40,125
1771717901.0816069,45,40,125
1771717901.0819407,45,40,125
1771717901.084992,45,40,125
1771717901.0851765,45,40,125
1771717901.0853577,45,40,125
1771717901.0855362,45,40,125
1771717901.0891926,45,40,125
1771717901.0894976,45,40,125
1771717901.089926,45,40,125
1771717901.0902796,45,40,125
1771717901.0933585,45,40,125
1771717901.0937924,45,40,125
1771717901.0939837,45,40,125
1771717901.0941648,45,40,126
1771717901.0943437,45,40,126
1771717901.0973806,45,40,126
1771717901.0976503,45,40,126
1771717901.097857,45,40,126
1771717901.098092,45,40,126
1771717901.1012995,45,40,126
1771717901.101494,45,40,126
1771717901.1016898,45,40,126
1771717901.101918,45,40,126
1771717901.1054354,45,40,126
1771717901.1059191,45,40,126
1771717901.1063213,45,40,126
1771717901.1066556,45,40,126
1771717901.1069129,45,40,126
1771717901.1095824,45,40,126
1771717901.1098554,45,40,127
1771717901.1101897,45,40,127
1771717901.1104627,45,40,127
1771717901.1136189,45,40,127
1771717901.113814,45,40,127
1771717901.1139982,45,40,127
1771717901.1141825,45,40,127
1771717901.1143599,45,40,127
1771717901.1180723,45,40,127
1771717901.1183655,45,40,127
1771717901.118724,45,40,127
1771717901.1191487,45,40,127
1771717901.1219404,45,40,127
1771717901.1223083,45,40,127
1771717901.1225696,45,40,127
1771717901.1228387,45,40,128
1771717901.1258764,45,40,128
1771717901.126145,45,40,128
1771717901.1264422,45,40,128
1771717901.1266367,45,40,128
1771717901.126848,45,40,128
1771717901.1300979,45,40,128
1771717901.130422,45,40,128
1771717901.130743,45,40,128
1771717901.1310394,45,40,128
1771717901.134167,45,40,128
1771717901.1345758,45,40,128
1771717901.134853,45,40,128
1771717901.1350322,45,40,128
1771717901.1380827,45,40,128
1771717901.1383982,45,40,128
1771717901.1386096,45,40,129
1771717901.138822,45,40,129
1771717901.1390336,45,40,129
1771717901.1422958,45,40,129
1771717901.1424837,45,40,129
1771717901.1426618,45,40,129
1771717901.1428385,45,40,129
1771717901.1463003,45,40,129
1771717901.1465607,45,40,129
1771717901.1470284,45,40,129
1771717901.147391,45,40,129
1771717901.147711,45,40,129
1771717901.1506047,45,40,129
1771717901.1508243,45,40,129
1771717901.150999,45,40,129
1771717901.151173,45,40,130
1771717901.1546648,45,40,130
1771717901.1549683,45,40,130
1771717901.155157,45,40,130
1771717901.155413,45,40,130
1771717901.1586065,45,40,130
1771717901.1589007,45,40,130
1771717901.1592193,45,40,130
1771717901.159494,45,40,130
1771717901.1597703,45,40,130
1771717901.16279,45,40,130
1771717901.1629846,45,40,130
1771717901.163206,45,40,130
1771717901.1633816,45,40,130
1771717901.1670365,45,40,130
1771717901.167311,45,40,131
1771717901.1674948,45,40,131
1771717901.167679,45,40,131
1771717901.170827,45,40,131
1771717901.1710541,45,40,131
1771717901.1712353,45,40,131
1771717901.171415,45,40,131
1771717901.17162,45,40,131
1771717901.1750844,45,40,131
1771717901.1752794,45,40,131
1771717901.175455,45,40,131
1771717901.1756334,45,40,131
1771717901.1792064,45,40,131
1771717901.179532,45,40,131
1771717901.179852,45,40,131
1771717901.180177,45,40,131
1771717901.1803856,45,40,132
1771717901.183357,45,40,132
1771717901.1836743,45,40,132
1771717901.1839337,45,40,132
1771717901.184263,45,40,132
1771717901.187526,45,40,132
1771717901.1878114,45,40,132
1771717901.1880848,45,40,132
1771717901.188363,45,40,132
1771717901.1914613,45,40,132
1771717901.191707,45,40,132
1771717901.191915,45,40,132
1771717901.1920953,45,40,132
1771717901.1922762,45,40,132
1771717901.1955516,45,40,132
1771717901.1957417,45,40,133
1771717901.1959243,45,40,133
1771717901.1961756,45,40,133
1771717901.1995862,45,40,133
1771717901.1998122,45,40,133
1771717901.1999872,45,40,133
1771717901.2001595,45,40,133
1771717901.2035916,45,40,133
1771717901.2039657,45,40,133
1771717901.204383,45,40,133
1771717901.2047036,45,40,133
1771717901.204945,45,40,133
1771717901.2078457,45,40,133
1771717901.208068,45,40,133
1771717901.2082798,45,40,133
1771717901.208491,45,40,133
1771717901.2119274,45,40,134
1771717901.2122188,45,40,134
1771717901.2125578,45,42,222
1771717901.212821,45,42,119
1771717901.213227,45,42,119
1771717901.2160695,45,42,119
1771717901.2162871,45,42,119
1771717901.2164798,45,42,119
1771717901.2166553,45,42,119
1771717901.220133,45,42,119
1771717901.2204137,45,42,119
1771717901.2206464,45,42,119
1771717901.2209764,45,42,119
1771717901.2241156,45,42,119
1771717901.2243044,45,42,119
1771717901.2245207,45,42,119
1771717901.224703,45,42,119
1771717901.2248843,45,42,119
1771717901.2284029,45,42,119
1771717901.2287116,45,42,119
1771717901.2289627,45,42,119
1771717901.2292066,45,42,120
1771717901.23237,45,42,120
1771717901.232561,45,42,120
1771717901.232738,45,42,120
1771717901.232957,45,42,120
1771717901.2363758,45,42,120
1771717901.2366042,45,42,120
1771717901.2368174,45,42,120
1771717901.237029,45,42,120
1771717901.2372398,45,42,120
1771717901.2407384,45,42,120
1771717901.2410371,45,42,120
1771717901.2413533,45,42,120
1771717901.2415829,45,42,120
1771717901.2446578,45,42,120
1771717901.2448454,45,42,120
1771717901.2450223,45,42,120
1771717901.245235,45,42,120
1771717901.245411,45,42,120
1771717901.2489371,45,42,120
1771717901.2493484,45,42,120
1771717901.2495363,45,42,120
1771717901.2497482,45,42,120
1771717901.2528713,45,42,120
1771717901.2531118,45,42,121
1771717901.2532933,45,42,121
1771717901.2534776,45,42,121
1771717901.2569025,45,42,121
1771717901.257142,45,42,121
1771717901.2573233,45,42,121
1771717901.2575023,45,43,235
1771717901.257678,45,43,106
1771717901.261147,45,43,106
1771717901.2613487,45,43,106
1771717901.2615404,45,43,106
1771717901.2617257,45,43,106
1771717901.2651212,45,43,106
1771717901.2653112,45,43,106
1771717901.2655406,45,43,106
1771717901.2657251,45,43,106
1771717901.2691684,45,43,106
1771717901.2697759,45,43,106
1771717901.270322,45,43,106
1771717901.2706547,45,43,106
1771717901.271031,45,43,106
1771717901.2733965,45,43,106
1771717901.2735915,45,43,106
1771717901.2737708,45,43,106
1771717901.2739766,45,43,106
1771717901.2774985,45,43,106
1771717901.2777214,45,43,106
1771717901.277934,45,43,106
1771717901.2781446,45,43,106
1771717901.278354,45,43,106
1771717901.2815652,45,43,106
1771717901.2817438,45,43,106
1771717901.2819188,45,43,106
1771717901.2820957,45,43,106
1771717901.28564,45,43,106
1771717901.2858996,45,43,106
1771717901.2860792,45,43,106
1771717901.2862587,45,43,106
1771717901.289725,45,43,106
1771717901.289914,45,43,106
1771717901.290155,45,43,107
1771717901.2903414,45,43,107
1771717901.2905185,45,43,107
1771717901.293817,45,43,107
1771717901.2939994,45,43,107
1771717901.2941782,45,43,107
1771717901.2943714,45,43,107
1771717901.2979012,45,43,107
1771717901.2982924,45,43,107
1771717901.298617,45,43,107
1771717901.2989385,45,43,107
1771717901.3019166,45,43,107
1771717901.302165,45,43,107
1771717901.3024025,45,43,107
1771717901.3025844,45,43,107
1771717901.3027658,45,43,107
1771717901.3063452,45,43,107
1771717901.3066623,45,43,107
1771717901.3069236,45,43,107
1771717901.3071613,45,43,107
1771717901.3101852,45,43,107
1771717901.3103807,45,43,107
1771717901.3105679,45,43,107
1771717901.310765,45,43,107
1771717901.310952,45,43,107
1771717901.3143415,45,43,107
1771717901.314543,45,43,107
1771717901.3147254,45,43,107
1771717901.3149066,45,43,107
1771717901.3184261,45,43,107
1771717901.3186154,45,43,107
1771717901.3188012,45,43,107
1771717901.3189855,45,43,107
1771717901.3224497,45,43,107
1771717901.3226373,45,43,107
1771717901.3228137,45,43,107
1771717901.3229914,45,43,107
1771717901.3232098,45,43,107
1771717901.326611,45,43,107
1771717901.326833,45,43,107
1771717901.3270466,45,43,107
1771717901.327399,45,43,107
1771717901.330689,45,43,107
1771717901.330873,45,43,107
1771717901.3310494,45,43,107
1771717901.3312263,45,43,107
1771717901.3346548,45,43,108
1771717901.3349156,45,43,108
1771717901.335114,45,43,108
1771717901.3353226,45,43,108
1771717901.3355734,45,43,108
1771717901.3389096,45,43,108
1771717901.3390968,45,43,108
1771717901.339274,45,43,108
1771717901.3394878,45,43,108
1771717901.3429117,45,43,108
1771717901.3431244,45,43,108
1771717901.3433356,45,43,108
1771717901.3435273,45,43,108
1771717901.3437371,45,43,108
1771717901.347078,45,43,108
1771717901.3472517,45,43,108
1771717901.3474467,45,43,108
1771717901.3476222,45,43,108
1771717901.351719,45,43,108
1771717901.3519099,45,43,108
1771717901.3520951,45,43,108
1771717901.3522751,45,43,108
1771717901.355221,45,43,108
1771717901.3554146,45,43,108
1771717901.3556292,45,43,108
1771717901.3558064,45,43,108
1771717901.3559794,45,43,108
1771717901.3594594,45,43,108
1771717901.3597841,45,43,108
1771717901.3601444,45,43,108
1771717901.3603501,45,43,108
1771717901.363568,45,43,108
1771717901.363873,45,43,108
1771717901.3640506,45,43,108
1771717901.3642254,45,43,108
1771717901.372712,45,43,108
1771717901.3733199,45,43,108
1771717901.3736155,45,43,108
1771717901.373798,45,43,108
1771717901.373979,45,43,108
1771717901.3741586,45,43,108
1771717901.3743484,45,43,108
1771717901.3745537,45,43,108
1771717901.3747313,45,43,108
1771717901.3757296,45,43,108
1771717901.3759162,45,43,108
1771717901.3760946,45,43,109
1771717901.376307,45,43,109
1771717901.3764813,45,43,109
1771717901.3798707,45,43,109
1771717901.3800843,45,43,109
1771717901.3802729,45,43,109
1771717901.380448,45,43,109
1771717901.3853276,45,43,109
1771717901.3855414,45,43,109
1771717901.3857574,45,43,109
1771717901.3861196,45,43,109
1771717901.3879972,45,43,109
1771717901.388232,45,43,109
1771717901.388446,45,43,109
1771717901.3887,45,43,109
1771717901.3889098,45,43,109
1771717901.3921225,45,43,109
1771717901.392333,45,43,109
1771717901.3926716,45,43,109
1771717901.3929896,45,43,109
1771717901.3962464,45,43,109
1771717901.3964713,45,43,109
1771717901.396683,45,43,109
1771717901.3968935,45,43,109
1771717901.4002097,45,43,109
1771717901.400432,45,43,109
1771717901.4006503,45,43,109
1771717901.4008672,45,43,109
1771717901.4010427,45,43,109
1771717901.4044209,45,43,109
1771717901.4046795,45,43,109
1771717901.4049344,45,43,109
1771717901.4051447,45,43,109
1771717901.408569,45,43,109
1771717901.4088824,45,43,109
1771717901.409092,45,43,109
1771717901.4092858,45,43,109
1771717901.4094725,45,43,109
1771717901.4126456,45,43,109
1771717901.4128299,45,43,109
1771717901.4130101,45,43,109
1771717901.4132006,45,43,109
1771717901.4167113,45,43,109
1771717901.4169447,45,43,109
1771717901.4171293,45,43,109
1771717901.417311,45,43,109
1771717901.4210584,45,43,109
1771717901.4215598,45,43,110
1771717901.4219139,45,43,110
1771717901.4221067,45,43,110
1771717901.4222858,45,43,110
1771717901.4249172,45,43,110
1771717901.4251125,45,43,110
1771717901.425296,45,43,110
1771717901.4255254,45,43,110
1771717901.4290013,45,43,110
1771717901.4293058,45,43,110
1771717901.4296844,45,43,110
1771717901.4299889,45,43,110
1771717901.4329636,45,43,110
1771717901.4331818,45,43,110
1771717901.4333618,45,43,110
1771717901.4335694,45,43,110
1771717901.433816,45,43,110
1771717901.437398,45,43,110
1771717901.4379,45,43,110
1771717901.4381907,45,43,110
1771717901.4385118,45,43,110
1771717901.4411957,45,43,110
1771717901.441382,45,43,110
1771717901.441564,45,43,110
1771717901.441749,45,43,110
1771717901.4419613,45,43,110
1771717901.4455402,45,43,110
1771717901.4458163,45,43,110
1771717901.4460795,45,43,110
1771717901.446265,45,43,110
1771717901.4494622,45,43,110
1771717901.4496493,45,43,110
1771717901.4498324,45,43,110
1771717901.4500449,45,43,110
1771717901.453504,45,43,110
1771717901.453725,45,43,110
1771717901.453938,45,43,110
1771717901.4542391,45,43,110
1771717901.4545877,45,43,110
1771717901.457804,45,43,110
1771717901.4580781,45,43,110
1771717901.4584289,45,43,110
1771717901.4586911,45,43,110
1771717901.461799,45,43,110
1771717901.4620688,45,43,110
1771717901.4623291,45,43,110
1771717901.4627051,45,43,111
1771717901.4657369,45,43,111
1771717901.4659917,45,43,111
1771717901.4662051,45,43,111
1771717901.4664564,45,43,111
1771717901.4666688,45,43,111
1771717901.4699118,45,43,111
1771717901.4700935,45,43,111
1771717901.470275,45,43,111
1771717901.4705336,45,43,111
1771717901.4739974,45,43,111
1771717901.474187,45,43,111
1771717901.474362,45,43,111
1771717901.4745383,45,43,111
1771717901.474748,45,43,111
1771717901.47833,45,43,111
1771717901.4786706,45,43,111
1771717901.4789593,45,43,111
1771717901.479247,45,43,111
1771717901.482243,45,43,111
1771717901.482429,45,43,111
1771717901.4826627,45,43,111
1771717901.482845,45,43,111
1771717901.4862928,45,43,111
1771717901.4864767,45,43,111
1771717901.4866576,45,43,111
1771717901.486883,45,43,111
1771717901.4870641,45,43,111
1771717901.4904692,45,43,111
1771717901.490701,45,43,111
1771717901.490885,45,43,111
1771717901.4910598,45,43,111
1771717901.4944866,45,43,111
1771717901.4947877,45,43,111
1771717901.4950774,45,43,111
1771717901.4953768,45,43,111
1771717901.4984913,45,43,111
1771717901.4987564,45,43,111
1771717901.498945,45,43,111
1771717901.4991255,45,43,111
1771717901.499309,45,43,111
1771717901.5028,45,43,111
1771717901.5031757,45,43,111
1771717901.5034966,45,43,111
1771717901.5038242,45,43,111
1771717901.5068636,45,43,111
1771717901.5072007,45,43,112
1771717901.5076168,45,43,112
1771717901.5079906,45,43,112
1771717901.5082786,45,43,112
1771717901.5110462,45,43,112
1771717901.5112402,45,43,112
1771717901.5114229,45,43,112
1771717901.5116026,45,43,112
1771717901.5149648,45,43,112
1771717901.5153146,45,43,112
1771717901.5158992,45,43,112
1771717901.5164146,45,43,112
1771717901.5190175,45,43,112
1771717901.519205,45,43,112
1771717901.5193856,45,43,112
1771717901.519566,45,43,112
1771717901.5197427,45,43,112
1771717901.5235126,45,43,112
1771717901.5240877,45,43,112
1771717901.5244224,45,43,112
1771717901.5247304,45,43,112
1771717901.5272484,45,43,112
1771717901.527485,45,43,112
1771717901.527669,45,43,112
1771717901.527851,45,43,112
1771717901.5312645,45,43,112
1771717901.5315979,45,43,112
1771717901.532003,45,43,112
1771717901.5323231,45,43,112
1771717901.532646,45,43,112
1771717901.5356436,45,43,112
1771717901.5360215,45,43,112
1771717901.5364215,45,43,112
1771717901.5366979,45,43,112
1771717901.5397415,45,43,112
1771717901.5399518,45,43,112
1771717901.540145,45,43,112
1771717901.5403354,45,43,112
1771717901.5405252,45,43,112
1771717901.5437336,45,43,112
1771717901.5439198,45,43,112
1771717901.5441408,45,43,112
1771717901.544318,45,43,112
1771717901.5477748,45,43,112
1771717901.5479798,45,43,112
1771717901.5481956,45,43,112
1771717901.5483744,45,43,112
1771717901.5517738,45,43,113
1771717901.551958,45,43,113
1771717901.5521376,45,43,113
1771717901.5523705,45,43,113
1771717901.5525775,45,43,113
1771717901.555992,45,43,113
1771717901.5562139,45,43,113
1771717901.5563903,45,43,113
1771717901.5565672,45,43,113
1771717901.5600388,45,43,113
1771717901.560317,45,43,113
1771717901.5604937,45,43,113
1771717901.5606995,45,43,113
1771717901.5640051,45,43,113
1771717901.5641925,45,43,113
1771717901.5645638,45,43,113
1771717901.5649369,45,43,113
1771717901.5653067,45,43,113
1771717901.5683274,45,43,113
1771717901.568651,45,43,113
1771717901.56897,45,43,113
1771717901.5691736,45,43,113
1771717901.5722945,45,43,113
1771717901.5724807,45,43,113
1771717901.5726578,45,43,113
1771717901.5728335,45,43,113
1771717901.5730395,45,43,113
1771717901.5765264,45,43,113
1771717901.57671,45,43,113
1771717901.5769372,45,43,113
1771717901.5771136,45,43,113
1771717901.5806007,45,43,113
1771717901.5809321,45,43,113
1771717901.5811887,45,43,113
1771717901.5813608,45,43,113
1771717901.5846736,45,43,113
1771717901.5850248,45,43,113
1771717901.585355,45,43,113
1771717901.5858922,45,43,113
1771717901.586177,45,43,113
1771717901.5889845,45,43,113
1771717901.589327,45,43,113
1771717901.5895994,45,43,113
1771717901.589867,45,43,113
1771717901.5928154,45,43,113
1771717901.5930998,45,43,113
1771717901.593364,45,43,114
1771717901.5935454,45,43,114
1771717901.5967698,45,43,114
1771717901.5973284,45,43,114
1771717901.5977771,45,43,114
1771717901.5981467,45,43,114
1771717901.5984151,45,43,114
1771717901.6011407,45,43,114
1771717901.6013336,45,43,114
1771717901.6015575,45,43,114
1771717901.6018178,45,43,114
1771717901.6051102,45,43,114
1771717901.605344,45,43,114
1771717901.6055245,45,43,114
1771717901.6057053,45,43,114
1771717901.6058838,45,43,114
1771717901.6094115,45,43,114
1771717901.6095986,45,43,114
1771717901.609801,45,43,114
1771717901.6099782,45,43,114
1771717901.6132948,45,43,114
1771717901.6135654,45,43,114
1771717901.6140006,45,43,114
1771717901.614339,45,43,114
1771717901.6173713,45,43,114
1771717901.6177692,45,43,114
1771717901.6182764,45,43,114
1771717901.6188898,45,43,114
1771717901.6192052,45,43,114
1771717901.6215432,45,43,114
1771717901.621761,45,43,114
1771717901.6219418,45,43,114
1771717901.6221159,45,43,114
1771717901.6255891,45,43,114
1771717901.6257792,45,43,114
1771717901.6259615,45,43,114
1771717901.6261408,45,43,114
1771717901.6295419,45,43,114
1771717901.6299062,45,43,114
1771717901.630219,45,43,114
1771717901.6303911,45,43,114
1771717901.6305645,45,43,114
1771717901.6338494,45,43,114
1771717901.634489,45,43,114
1771717901.6347237,45,43,114
1771717901.6349611,45,43,114
1771717901.6378367,45,43,115
1771717901.6386669,45,43,115
1771717901.6391952,45,43,115
1771717901.639384,45,43,115
1771717901.639587,45,43,115
1771717901.6421196,45,43,115
1771717901.6426253,45,43,115
1771717901.6429338,45,43,115
1771717901.6431808,45,43,115
1771717901.6461055,45,43,115
1771717901.6464841,45,43,115
1771717901.6469705,45,43,115
1771717901.647217,45,43,115
1771717901.6501102,45,43,115
1771717901.6503413,45,43,115
1771717901.6505215,45,43,115
1771717901.6507041,45,43,115
1771717901.6508782,45,43,115
1771717901.6545303,45,43,115
1771717901.6548223,45,43,115
1771717901.6551077,45,43,115
1771717901.6554492,45,43,115
1771717901.658318,45,43,115
1771717901.658511,45,43,115
1771717901.6586962,45,43,115
1771717901.6589262,45,43,115
1771717901.662401,45,43,115
1771717901.6628232,45,43,115
1771717901.663141,45,43,115
1771717901.6634157,45,43,115
1771717901.6636891,45,43,115
1771717901.666618,45,43,115
1771717901.6669095,45,43,115
1771717901.6672268,45,43,115
1771717901.6675096,45,43,115
1771717901.6707425,45,43,115
1771717901.6709313,45,43,115
1771717901.6711218,45,43,115
1771717901.6714153,45,43,115
1771717901.671605,45,43,115
1771717901.6747515,45,43,115
1771717901.674927,45,43,115
1771717901.6751013,45,43,115
1771717901.675297,45,43,115
1771717901.6788108,45,43,115
1771717901.6789918,45,43,115
1771717901.6791713,45,43,116
1771717901.6793478,45,43,116
1771717901.682952,45,43,116
1771717901.6831489,45,43,116
1771717901.6833296,45,43,116
1771717901.6835053,45,43,116
1771717901.6836874,45,43,116
1771717901.687084,45,43,116
1771717901.687279,45,43,116
1771717901.687665,45,43,116
1771717901.6879241,45,43,116
1771717901.691091,45,43,116
1771717901.6913075,45,43,116
1771717901.6915474,45,43,116
1771717901.6917272,45,43,116
1771717901.6951883,45,43,116
1771717901.6957421,45,43,116
1771717901.696087,45,43,116
1771717901.6963258,45,43,116
1771717901.6965113,45,43,116
1771717901.6995037,45,43,116
1771717901.6997347,45,43,116
1771717901.7000618,45,43,116
1771717901.7003417,45,43,116
1771717901.7033575,45,43,116
1771717901.703552,45,43,116
1771717901.7037365,45,43,116
1771717901.7039955,45,43,116
1771717901.704257,45,43,116
1771717901.707528,45,43,116
1771717901.7077098,45,43,116
1771717901.7079418,45,43,116
1771717901.708118,45,43,116
1771717901.7116256,45,43,116
1771717901.711863,45,43,116
1771717901.7120402,45,43,116
1771717901.7122152,45,43,116
1771717901.7156923,45,43,116
1771717901.7160285,45,43,116
1771717901.7164242,45,43,116
1771717901.7167017,45,43,116
1771717901.7168767,45,43,116
1771717901.720039,45,43,116
1771717901.720381,45,43,116
1771717901.720962,45,43,116
1771717901.7214522,45,43,116
1771717901.72403,45,43,116
1771717901.7243748,45,43,117
1771717901.724782,45,43,117
1771717901.7250764,45,43,117
1771717901.727848,45,43,117
1771717901.72811,45,43,117
1771717901.7282944,45,43,117
1771717901.728473,45,43,117
1771717901.7286515,45,43,117
1771717901.7321885,45,43,117
1771717901.7325785,45,43,117
1771717901.732908,45,43,117
1771717901.733235,45,43,117
1771717901.736339,45,43,117
1771717901.736686,45,43,117
1771717901.7370613,45,43,117
1771717901.7372513,45,43,117
1771717901.7374263,45,43,117
1771717901.7402878,45,43,117
1771717901.740465,45,43,117
1771717901.7406378,45,43,117
1771717901.74081,45,43,117
1771717901.744379,45,43,117
1771717901.7445743,45,43,117
1771717901.7447603,45,43,117
1771717901.7449467,45,43,117
1771717901.7484047,45,43,117
1771717901.7486243,45,43,117
1771717901.748836,45,43,117
1771717901.749045,45,43,117
1771717901.749238,45,43,117
1771717901.7528608,45,43,117
1771717901.7532072,45,43,117
1771717901.7537155,45,43,117
1771717901.7540095,45,43,117
1771717901.756586,45,43,117
1771717901.7567654,45,43,117
1771717901.7569413,45,43,117
1771717901.757158,45,43,117
1771717901.7606218,45,43,117
1771717901.7608757,45,43,117
1771717901.7611272,45,43,117
1771717901.761343,45,43,117
1771717901.7615519,45,43,117
1771717901.7649775,45,43,117
1771717901.765313,45,43,117
1771717901.7656977,45,43,117
1771717901.7659357,45,43,118
1771717901.7689795,45,43,118
1771717901.769322,45,43,118
1771717901.7695558,45,43,118
1771717901.7697647,45,43,118
1771717901.7699378,45,43,118
1771717901.7731602,45,43,118
1771717901.773464,45,43,118
1771717901.7736664,45,43,118
1771717901.7738907,45,43,118
1771717901.777118,45,43,118
1771717901.7773306,45,43,118
1771717901.7775385,45,43,118
1771717901.777747,45,43,118
1771717901.7812145,45,43,118
1771717901.7815387,45,43,118
1771717901.7818618,45,43,118
1771717901.7821853,45,43,118
1771717901.7825048,45,43,118
1771717901.7856243,45,43,118
1771717901.7859764,45,43,118
1771717901.7862842,45,43,118
1771717901.7864583,45,43,118
1771717901.789476,45,43,118
1771717901.7896645,45,43,118
1771717901.7898414,45,43,118
1771717901.7900171,45,43,118
1771717901.793406,45,43,118
1771717901.7936413,45,43,118
1771717901.793875,45,43,118
1771717901.7940512,45,43,118
1771717901.7942264,45,43,118
1771717901.7975929,45,43,118
1771717901.7977774,45,43,118
1771717901.7979949,45,43,118
1771717901.7981734,45,43,118
1771717901.8016596,45,43,118
1771717901.8019862,45,43,118
1771717901.8023083,45,43,118
1771717901.8026278,45,43,118
1771717901.8029902,45,43,118
1771717901.8058393,45,43,118
1771717901.8060358,45,43,118
1771717901.806214,45,43,118
1771717901.8063917,45,43,118
1771717901.8100202,45,43,118
1771717901.8103554,45,43,119
1771717901.810681,45,43,119
1771717901.8110042,45,43,119
1771717901.8140514,45,43,119
1771717901.8144708,45,43,119
1771717901.814805,45,43,119
1771717901.8151662,45,43,119
1771717901.8153403,45,43,119
1771717901.818389,45,43,119
1771717901.8186975,45,43,119
1771717901.8188858,45,43,119
1771717901.8190713,45,43,119
1771717901.8221812,45,43,119
1771717901.822422,45,43,119
1771717901.8226073,45,43,119
1771717901.8227892,45,43,119
1771717901.826146,45,43,119
1771717901.8263974,45,43,119
1771717901.8266084,45,43,119
1771717901.8268232,45,43,119
1771717901.827071,45,43,119
1771717901.8303316,45,43,119
1771717901.830514,45,43,119
1771717901.8307602,45,43,119
1771717901.8311293,45,43,119
1771717901.8344548,45,43,119
1771717901.8347707,45,43,119
1771717901.835132,45,43,119
1771717901.835547,45,43,119
1771717901.835729,45,43,119
1771717901.838675,45,43,119
1771717901.8388638,45,43,119
1771717901.8390677,45,43,119
1771717901.8392427,45,43,119
1771717901.8426788,45,43,119
1771717901.842921,45,43,119
1771717901.843103,45,43,119
1771717901.8432841,45,43,119
1771717901.8467708,45,43,119
1771717901.8471637,45,43,119
1771717901.847465,45,43,119
1771717901.847639,45,43,119
1771717901.8478122,45,43,119
1771717901.8510087,45,43,119
1771717901.851426,45,43,119
1771717901.8518934,45,43,119
1771717901.8522096,45,43,120
1771717901.8549578,45,43,120
1771717901.8552537,45,43,120
1771717901.8554668,45,43,120
1771717901.8556774,45,43,120
1771717901.8589675,45,43,120
1771717901.8593037,45,43,120
1771717901.8595378,45,43,120
1771717901.8597202,45,43,120
1771717901.8599002,45,43,120
1771717901.863218,45,43,120
1771717901.8635364,45,43,120
1771717901.8638458,45,43,120
1771717901.8641553,45,43,120
1771717901.8673923,45,43,120
1771717901.8677335,45,43,120
1771717901.8679996,45,43,120
1771717901.8681772,45,43,120
1771717901.868354,45,43,120
1771717901.8713362,45,43,120
1771717901.8715122,45,43,120
1771717901.8717148,45,43,120
1771717901.8718908,45,43,120
1771717901.8756826,45,43,120
1771717901.8760247,45,43,120
1771717901.876298,45,43,120
1771717901.8765185,45,43,120
1771717901.8795793,45,43,120
1771717901.879926,45,43,120
1771717901.8802536,45,43,120
1771717901.8805838,45,43,120
1771717901.8810074,45,43,120
1771717901.8838136,45,43,120
1771717901.884048,45,43,120
1771717901.8843062,45,43,120
1771717901.884537,45,43,120
1771717901.8878376,45,43,120
1771717901.8881695,45,43,120
1771717901.8884141,45,43,120
1771717901.8886423,45,43,120
1771717901.8920414,45,43,120
1771717901.8922834,45,43,120
1771717901.892468,45,43,120
1771717901.8926451,45,43,120
1771717901.8928685,45,43,120
1771717901.8959239,45,43,120
1771717901.8961172,45,43,120
1771717901.8963075,45,43,121
1771717901.8965354,45,43,121
1771717901.8999658,45,43,121
1771717901.9001875,45,43,121
1771717901.9003644,45,43,121
1771717901.9005394,45,43,121
1771717901.9007156,45,43,121
1771717901.9041197,45,43,121
1771717901.9043028,45,43,121
1771717901.904495,45,43,121
1771717901.9046998,45,43,121
1771717901.908219,45,43,121
1771717901.9084427,45,43,121
1771717901.9086533,45,43,121
1771717901.9088721,45,43,121
1771717901.9122305,45,43,121
1771717901.912544,45,43,121
1771717901.9128516,45,43,121
1771717901.9131575,45,43,121
1771717901.9136686,45,43,121
1771717901.9164388,45,43,121
1771717901.9166312,45,43,121
1771717901.9168122,45,43,121
1771717901.9169912,45,43,121
1771717901.9205904,45,43,121
1771717901.9209454,45,43,121
1771717901.9213476,45,43,121
1771717901.921669,45,43,121
1771717901.9244726,45,43,121
1771717901.924919,45,43,121
1771717901.9252474,45,43,121
1771717901.925508,45,43,121
1771717901.9256842,45,43,121
1771717901.9287748,45,43,121
1771717901.929109,45,43,121
1771717901.9293814,45,43,121
1771717901.9295905,45,43,121
1771717901.932818,45,43,121
1771717901.9331582,45,43,121
1771717901.9334893,45,43,121
1771717901.9338763,45,43,121
1771717901.9340675,45,43,121
1771717901.9368792,45,43,121
1771717901.9370542,45,43,121
1771717901.9372275,45,43,121
1771717901.9374042,45,43,121
1771717901.9409368,45,43,122
1771717901.9412217,45,43,122
1771717901.9415576,45,43,122
1771717901.9418833,45,43,122
1771717901.9450033,45,43,122
1771717901.945232,45,43,122
1771717901.9454575,45,43,122
1771717901.9456327,45,43,122
1771717901.945811,45,43,122
1771717901.9494357,45,43,122
1771717901.949658,45,43,122
1771717901.9499059,45,43,122
1771717901.950115,45,43,122
1771717901.9532678,45,43,122
1771717901.9535923,45,43,122
1771717901.953925,45,43,122
1771717901.954381,45,43,122
1771717901.9572237,45,43,122
1771717901.9575562,45,43,122
1771717901.9578686,45,43,122
1771717901.9581778,45,43,122
1771717901.958548,45,43,122
1771717901.9615378,45,43,122
1771717901.9617267,45,43,122
1771717901.9619403,45,43,122
1771717901.9621215,45,43,122
1771717901.9655526,45,43,122
1771717901.9658825,45,43,122
1771717901.966197,45,43,122
1771717901.9664168,45,43,122
1771717901.966628,45,43,122
1771717901.9698205,45,43,122
1771717901.970016,45,43,122
1771717901.970192,45,43,122
1771717901.970364,45,43,122
1771717901.973853,45,43,122
1771717901.974268,45,43,122
1771717901.974674,45,43,122
1771717901.974972,45,43,122
1771717901.9777777,45,43,122
1771717901.977967,45,43,122
1771717901.9781914,45,43,122
1771717901.9783683,45,43,122
1771717901.9785445,45,43,122
1771717901.9820414,45,43,122
1771717901.9824219,45,43,122
1771717901.9827397,45,43,123
1771717901.9831119,45,43,123
1771717901.9860346,45,43,123
1771717901.9862492,45,43,123
1771717901.9864588,45,43,123
1771717901.9866648,45,43,123
1771717901.9899766,45,43,123
1771717901.9904883,45,43,123
1771717901.9910235,45,43,123
1771717901.991505,45,43,123
1771717901.99184,45,43,123
1771717901.9942102,45,43,123
1771717901.994424,45,43,123
1771717901.9946005,45,43,123
1771717901.9947798,45,43,123
1771717901.9982038,45,43,123
1771717901.9983847,45,43,123
1771717901.9985642,45,43,123
1771717901.9988465,45,43,123
1771717901.9991708,45,43,123
1771717902.0024054,45,43,123
1771717902.0026093,45,43,123
1771717902.0027812,45,43,123
1771717902.0029535,45,43,123
1771717902.0064979,45,43,123
1771717902.006683,45,43,123
1771717902.0068607,45,43,123
1771717902.0070348,45,43,123
1771717902.0105295,45,43,123
1771717902.010849,45,43,123
1771717902.0111554,45,43,123
1771717902.0114617,45,43,123
1771717902.0117657,45,43,123
1771717902.0150084,45,43,123
1771717902.0153558,45,43,123
1771717902.0155735,45,43,123
1771717902.0157473,45,43,123
1771717902.0189245,45,43,123
1771717902.019347,45,43,123
1771717902.019674,45,43,123
1771717902.0200005,45,43,123
1771717902.0228157,45,43,123
1771717902.023225,45,43,123
1771717902.0235152,45,43,123
1771717902.0238013,45,43,123
1771717902.0240843,45,43,123
1771717902.0270128,45,43,123
1771717902.0273597,45,43,124
1771717902.027571,45,43,124
1771717902.0277476,45,43,124
1771717902.0310185,45,43,124
1771717902.03121,45,43,124
1771717902.0313902,45,43,124
1771717902.0315692,45,43,124
1771717902.0317473,45,43,124
1771717902.0358303,45,43,124
1771717902.0361004,45,43,124
1771717902.0366993,45,43,124
1771717902.036987,45,43,124
1771717902.0392854,45,43,124
1771717902.0394843,45,43,124
1771717902.0396674,45,43,124
1771717902.0398507,45,43,124
1771717902.0433714,45,43,124
1771717902.0437129,45,43,124
1771717902.0440407,45,43,124
1771717902.0443535,45,43,124
1771717902.0445302,45,43,124
1771717902.0477388,45,43,124
1771717902.0481293,45,43,124
1771717902.0485475,45,43,124
1771717902.0489554,45,43,124
1771717902.0515287,45,43,124
1771717902.0517144,45,43,124
1771717902.0519576,45,43,124
1771717902.0523224,45,43,124
1771717902.0555396,45,43,124
1771717902.055804,45,43,124
1771717902.0559838,45,43,124
1771717902.056161,45,43,124
1771717902.0563421,45,43,124
1771717902.0598187,45,43,124
1771717902.0600152,45,43,124
1771717902.0601976,45,43,124
1771717902.0603812,45,43,124
1771717902.0637634,45,43,124
1771717902.0639513,45,43,124
1771717902.064133,45,43,124
1771717902.0643125,45,43,255
1771717902.064476,45,43,15
1771717902.0680804,45,43,15
1771717902.0683978,45,43,15
1771717902.0685682,45,43,15
1771717902.0687714,45,43,15
1771717902.0719235,45,43,15
1771717902.0722582,45,43,15
1771717902.0724602,45,43,15
1771717902.0726974,45,43,15
1771717902.0728917,45,43,15
1771717902.0761013,45,43,15
1771717902.0763586,45,43,15
1771717902.076621,45,43,15
1771717902.076932,45,43,15
1771717902.0772014,45,43,15
1771717902.0802212,45,42,255
1771717902.0803947,45,42,30
1771717902.080594,45,42,30
1771717902.0807567,45,42,30
1771717902.080916,45,42,30
1771717902.084636,45,42,30
1771717902.0849802,45,42,30
1771717902.0852213,45,42,30
1771717902.0853853,45,42,30
1771717902.085572,45,42,30
1771717902.088555,45,42,30
1771717902.0887382,45,42,30
1771717902.0889058,45,42,30
1771717902.0891333,45,42,30
1771717902.0923827,45,42,30
1771717902.0925589,45,42,30
1771717902.0927672,45,42,30
1771717902.092937,45,42,31
1771717902.0931036,45,42,31
1771717902.0966032,45,42,31
1771717902.096974,45,42,31
1771717902.097277,45,42,31
1771717902.0975754,45,42,31
1771717902.09787,45,42,31
1771717902.1006832,45,42,31
1771717902.100867,45,42,31
1771717902.1011062,45,42,31
1771717902.1013136,45,42,31
1771717902.1014788,45,42,31
1771717902.1047661,45,42,31
1771717902.104937,45,42,31
1771717902.1051037,45,42,31
1771717902.1052723,45,42,31
1771717902.1054816,45,42,31
1771717902.108998,45,42,31
1771717902.1093,45,42,31
1771717902.1095924,45,42,31
1771717902.1098843,45,42,31
1771717902.1130393,45,42,31
1771717902.1134799,45,42,31
1771717902.1137853,45,42,31
1771717902.1139696,45,42,31
1771717902.1141267,45,42,31
1771717902.1172874,45,42,32
1771717902.1186116,45,42,32
1771717902.1188247,45,42,32
1771717902.1190257,45,42,32
1771717902.1192214,45,42,32
1771717902.1211567,45,42,32
1771717902.1213405,45,42,32
1771717902.1215143,45,42,32
1771717902.1217587,45,42,32
1771717902.12193,45,42,32
1771717902.1252737,45,42,32
1771717902.125448,45,42,32
1771717902.1256142,45,42,32
1771717902.1257794,45,42,32
1771717902.125947,45,42,32
1771717902.1294894,45,42,32
1771717902.1299522,45,42,32
1771717902.1303344,45,42,32
1771717902.1308026,45,42,32
1771717902.1312127,45,42,32
1771717902.1335015,45,42,32
1771717902.1336708,45,42,32
1771717902.1338341,45,42,32
1771717902.1340032,45,42,32
1771717902.137471,45,42,33
1771717902.1376512,45,42,33
1771717902.1379218,45,42,33
1771717902.13809,45,42,33
1771717902.1382494,45,42,33
1771717902.1415737,45,42,33
1771717902.1417406,45,42,33
1771717902.141911,45,42,33
1771717902.1421068,45,42,33
1771717902.1422715,45,42,33
1771717902.1457388,45,42,33
1771717902.146038,45,42,33
1771717902.1463118,45,42,33
1771717902.1465697,45,42,33
1771717902.1468258,45,42,33
1771717902.1498315,45,42,33
1771717902.1500077,45,42,33
1771717902.150179,45,42,33
1771717902.150347,45,42,33
1771717902.15058,45,42,33
1771717902.1540232,45,42,33
1771717902.1542284,45,42,33
1771717902.1544313,45,42,33
1771717902.1546166,45,42,33
1771717902.1578822,45,42,33
1771717902.1580932,45,42,33
1771717902.1582644,45,42,34
1771717902.1584332,45,42,34
1771717902.1587024,45,42,34
1771717902.1622128,45,42,34
1771717902.1624308,45,42,34
1771717902.1626,45,42,34
1771717902.1630843,45,42,34
1771717902.163522,45,42,34
1771717902.1663826,45,42,34
1771717902.1668065,45,42,34
1771717902.1670723,45,42,34
1771717902.167428,45,42,34
1771717902.1677861,45,42,34
1771717902.17063,45,42,34
1771717902.1709878,45,42,34
1771717902.1712701,45,40,255
1771717902.1715627,45,40,255
1771717902.1744225,45,40,49
1771717902.1747322,45,40,49
1771717902.1750405,45,40,49
1771717902.1752946,45,40,49
1771717902.1755407,45,40,49
1771717902.1785116,45,40,50
1771717902.1787848,45,40,50
1771717902.1790354,45,40,50
1771717902.1793299,45,40,50
1771717902.1797225,45,40,50
1771717902.1826339,45,40,50
1771717902.1828816,45,40,50
1771717902.183077,45,40,50
1771717902.183269,45,40,50
1771717902.1834512,45,40,50
1771717902.1868684,45,40,50
1771717902.1870546,45,40,50
1771717902.1872168,45,40,50
1771717902.1876347,45,40,50
1771717902.187904,45,40,50
1771717902.1908681,45,40,50
1771717902.1910512,45,40,50
1771717902.1912117,45,40,51
1771717902.191371,45,40,51
1771717902.191564,45,40,51
1771717902.195039,45,40,51
1771717902.1952841,45,40,51
1771717902.1955547,45,40,51
1771717902.1958928,45,40,51
1771717902.1989248,45,40,51
1771717902.1991005,45,40,51
1771717902.199302,45,40,51
1771717902.199467,45,40,51
1771717902.1996317,45,40,51
1771717902.2030418,45,40,51
1771717902.2032113,45,40,51
1771717902.2033727,45,40,51
1771717902.203647,45,40,51
1771717902.2038605,45,40,52
1771717902.207211,45,40,52
1771717902.2073803,45,40,52
1771717902.2075896,45,40,52
1771717902.2077863,45,40,52
1771717902.207977,45,40,52
1771717902.2113273,45,40,52
1771717902.2115462,45,40,52
1771717902.2117107,45,40,52
1771717902.2118742,45,40,52
1771717902.2120376,45,40,52
1771717902.2154138,45,40,52
1771717902.2156107,45,40,52
1771717902.2158728,45,40,52
1771717902.2160637,45,40,52
1771717902.219413,45,40,52
1771717902.21963,45,40,52
1771717902.2198699,45,40,52
1771717902.2200668,45,40,53
1771717902.2202647,45,40,53
1771717902.223546,45,40,53
1771717902.223857,45,40,53
1771717902.224085,45,40,53
1771717902.2243087,45,40,53
1771717902.2246187,45,40,53
1771717902.2277246,45,40,53
1771717902.2279093,45,40,53
1771717902.2280927,45,40,53
1771717902.228314,45,40,53
1771717902.228658,45,40,53
1771717902.231883,45,40,53
1771717902.2321088,45,40,53
1771717902.232339,45,40,53
1771717902.2325947,45,40,53
1771717902.232877,45,40,54
1771717902.236035,45,40,54
1771717902.2363105,45,40,54
1771717902.236611,45,40,54
1771717902.236994,45,40,54
1771717902.2399235,45,40,54
1771717902.2405412,45,40,54
1771717902.240949,45,40,54
1771717902.241167,45,40,54
1771717902.2413874,45,40,54
1771717902.2441106,45,40,54
1771717902.2444522,45,40,54
1771717902.2447066,45,40,54
1771717902.2449362,45,40,54
1771717902.245152,45,40,54
1771717902.2481756,45,40,54
1771717902.2484772,45,40,54
1771717902.2488356,45,40,54
1771717902.2490969,45,40,55
1771717902.2493353,45,40,55
1771717902.2523818,45,40,55
1771717902.2527373,45,40,55
1771717902.2529955,45,40,55
1771717902.2532248,45,40,55
1771717902.2534997,45,40,55
1771717902.2566848,45,40,55
1771717902.2570117,45,40,55
1771717902.2572782,45,40,55
1771717902.2575746,45,40,55
1771717902.257945,45,40,55
1771717902.2606323,45,40,55
1771717902.2609096,45,40,55
1771717902.2612002,45,40,55
1771717902.2614958,45,40,55
1771717902.2645566,45,40,55
1771717902.2648277,45,40,56
1771717902.2651844,45,40,56
1771717902.26545,45,40,56
1771717902.2656894,45,40,56
1771717902.2687166,45,40,56
1771717902.2689486,45,40,56
1771717902.2691863,45,40,56
1771717902.2694662,45,40,56
1771717902.2697606,45,40,56
1771717902.272851,45,40,56
1771717902.273333,45,40,56
1771717902.27363,45,40,56
1771717902.2739127,45,40,56
1771717902.2741559,45,40,56
1771717902.276869,45,40,56
1771717902.2770984,45,40,56
1771717902.2772942,45,40,56
1771717902.2774565,45,40,57
1771717902.2776272,45,40,57
1771717902.28097,45,40,57
1771717902.281176,45,40,57
1771717902.2813733,45,40,57
1771717902.2815325,45,40,57
1771717902.284982,45,40,57
1771717902.2852445,45,40,57
1771717902.285479,45,40,57
1771717902.2857196,45,40,57
1771717902.2859797,45,40,57
1771717902.2890651,45,40,57
1771717902.2895477,45,40,57
1771717902.289853,45,40,57
1771717902.2900555,45,40,57
1771717902.2902837,45,40,57
1771717902.2932653,45,40,57
1771717902.2935529,45,40,58
1771717902.2937877,45,40,58
1771717902.2941058,45,40,58
1771717902.2943258,45,40,58
1771717902.2974215,45,40,58
1771717902.2977645,45,40,58
1771717902.2980843,45,40,58
1771717902.298348,45,40,58
1771717902.298563,45,40,58
1771717902.3014953,45,40,58
1771717902.3017461,45,40,58
1771717902.3019812,45,40,58
1771717902.3021934,45,40,58
1771717902.3053987,45,40,58
1771717902.3056753,45,40,58
1771717902.3058593,45,40,58
1771717902.306101,45,40,59
1771717902.30631,45,40,59
1771717902.3095274,45,40,59
1771717902.309824,45,40,59
1771717902.3100352,45,40,59
1771717902.310307,45,40,59
1771717902.3105457,45,40,59
1771717902.313727,45,40,59
1771717902.3139076,45,40,59
1771717902.3141103,45,40,59
1771717902.31431,45,40,59
1771717902.314471,45,40,59
1771717902.3177996,45,40,59
1771717902.3180296,45,40,59
1771717902.3182576,45,40,59
1771717902.318484,45,40,59
1771717902.318718,45,40,59
1771717902.322033,45,40,59
1771717902.3222718,45,40,60
1771717902.3224986,45,40,60
1771717902.3229277,45,40,60
1771717902.3231456,45,40,60
1771717902.3261085,45,40,60
1771717902.3263102,45,40,60
1771717902.3265498,45,40,60
1771717902.3268836,45,40,60
1771717902.3300667,45,40,60
1771717902.330316,45,40,60
1771717902.3305247,45,40,60
1771717902.3307674,45,40,60
1771717902.3311226,45,40,60
1771717902.3343525,45,40,60
1771717902.3358495,45,40,60
1771717902.3360906,45,40,60
1771717902.3362641,45,40,61
1771717902.3364475,45,40,61
1771717902.3385308,45,40,61
1771717902.3387802,45,40,61
1771717902.339112,45,40,61
1771717902.3394518,45,40,61
1771717902.3399446,45,40,61
1771717902.3424633,45,40,61
1771717902.3426592,45,40,61
1771717902.3428335,45,40,61
1771717902.3430054,45,40,61
1771717902.3432899,45,40,61
1771717902.346565,45,40,61
1771717902.3467617,45,40,61
1771717902.3469794,45,40,61
1771717902.3471785,45,40,61
1771717902.3504725,45,40,61
1771717902.3507087,45,40,61
1771717902.350874,45,40,62
1771717902.3510997,45,40,62
1771717902.351338,45,40,62
1771717902.3547468,45,40,62
1771717902.3551273,45,40,62
1771717902.3555362,45,40,62
1771717902.3558187,45,40,62
1771717902.3561382,45,40,62
1771717902.3588166,45,40,62
1771717902.3590436,45,40,62
1771717902.3592465,45,40,62
1771717902.3594713,45,40,62
1771717902.3597636,45,40,62
1771717902.3629658,45,40,62
1771717902.3632052,45,40,62
1771717902.3634086,45,40,62
1771717902.3636575,45,40,63
1771717902.3638406,45,40,63
1771717902.3673756,45,40,63
1771717902.3677578,45,40,63
1771717902.368068,45,40,63
1771717902.3683574,45,40,63
1771717902.370958,45,40,63
1771717902.3712676,45,40,63
1771717902.3715205,45,40,63
1771717902.3716948,45,40,63
1771717902.3718677,45,40,63
1771717902.3751488,45,40,63
1771717902.3754005,45,40,63
1771717902.375738,45,40,63
1771717902.3760293,45,40,63
1771717902.3762648,45,40,63
1771717902.3791883,45,40,63
1771717902.3793836,45,40,63
1771717902.3795478,45,40,64
1771717902.3797555,45,40,64
1771717902.3799207,45,40,64
1771717902.3835778,45,40,64
1771717902.383935,45,40,64
1771717902.384136,45,40,64
1771717902.3843386,45,40,64
1771717902.3845153,45,40,64
1771717902.3876884,45,40,64
1771717902.387938,45,40,64
1771717902.388161,45,40,64
1771717902.3884273,45,40,64
1771717902.3886533,45,40,64
1771717902.3915794,45,40,64
1771717902.391768,45,40,64
1771717902.392029,45,40,64
1771717902.3924756,45,40,65
1771717902.395597,45,40,65
1771717902.395829,45,40,65
1771717902.3960063,45,40,65
1771717902.3961792,45,40,65
1771717902.3963985,45,40,65
1771717902.3997602,45,40,65
1771717902.4000819,45,40,65
1771717902.4004,45,40,65
1771717902.4005876,45,40,65
1771717902.4007556,45,40,65
1771717902.4037893,45,40,65
1771717902.4040825,45,40,65
1771717902.404255,45,40,65
1771717902.4044492,45,40,65
1771717902.4047518,45,40,65
1771717902.4079413,45,40,65
1771717902.408117,45,40,66
1771717902.4083426,45,40,66
1771717902.4085054,45,40,66
1771717902.4086664,45,40,66
1771717902.412153,45,40,66
1771717902.412391,45,40,66
1771717902.4126632,45,40,66
1771717902.412914,45,40,66
1771717902.416112,45,40,66
1771717902.416302,45,40,66
1771717902.416504,45,40,66
1771717902.4167008,45,40,66
1771717902.416899,45,40,66
1771717902.4202397,45,40,66
1771717902.4205005,45,40,66
1771717902.421053,45,40,66
1771717902.421386,45,40,66
1771717902.421742,45,40,66
1771717902.424309,45,40,67
1771717902.4244924,45,40,67
1771717902.4246604,45,40,67
1771717902.4248536,45,40,67
1771717902.4250536,45,40,67
1771717902.4284868,45,40,67
1771717902.4288075,45,40,67
1771717902.4290433,45,40,67
1771717902.42928,45,40,67
1771717902.4295044,45,40,67
1771717902.4326022,45,40,67
1771717902.4327908,45,40,67
1771717902.4329612,45,40,67
1771717902.433196,45,40,67
1771717902.4364724,45,40,67
1771717902.4367907,45,40,67
1771717902.4369817,45,40,68
1771717902.437166,45,40,68
1771717902.437471,45,40,68
1771717902.4406314,45,40,68
1771717902.440848,45,40,68
1771717902.4410508,45,40,68
1771717902.4412534,45,40,68
1771717902.4414582,45,40,68
1771717902.4448357,45,40,68
1771717902.445114,45,40,68
1771717902.4453068,45,40,68
1771717902.4455094,45,40,68
1771717902.4458995,45,40,68
1771717902.4489431,45,40,68
1771717902.4491665,45,40,68
1771717902.449339,45,40,68
1771717902.4495604,45,40,68
1771717902.449808,45,40,68
1771717902.4529922,45,40,69
1771717902.4532108,45,40,69
1771717902.4533882,45,40,69
1771717902.4535553,45,40,69
1771717902.453721,45,40,69
1771717902.4572544,45,40,69
1771717902.4574337,45,40,69
1771717902.4575984,45,40,69
1771717902.4577637,45,40,69
1771717902.461224,45,40,69
1771717902.4616354,45,40,69
1771717902.461849,45,40,69
1771717902.4620247,45,40,69
1771717902.462197,45,40,69
1771717902.4652123,45,40,69
1771717902.4654522,45,40,69
1771717902.4656496,45,40,70
1771717902.4658628,45,40,70
1771717902.4660628,45,40,70
1771717902.4693599,45,40,70
1771717902.4695425,45,40,70
1771717902.469772,45,40,70
1771717902.4699428,45,40,70
1771717902.4701605,45,40,70
1771717902.4736,45,40,70
1771717902.4737954,45,40,70
1771717902.4740312,45,40,70
1771717902.474337,45,40,70
1771717902.4746509,45,40,70
1771717902.4776082,45,40,70
1771717902.4778216,45,40,70
1771717902.4780257,45,40,70
1771717902.4782226,45,40,70
1771717902.4815404,45,40,71
1771717902.4818954,45,40,71
1771717902.4821992,45,40,71
1771717902.482424,45,40,71
1771717902.4825985,45,40,71
1771717902.485812,45,40,71
1771717902.486181,45,40,71
1771717902.4864752,45,40,71
1771717902.486766,45,40,71
1771717902.487054,45,40,71
1771717902.4904435,45,40,71
1771717902.490888,45,40,71
1771717902.4911308,45,40,71
1771717902.4913213,45,40,71
1771717902.4914973,45,40,71
1771717902.4940057,45,40,71
1771717902.4943173,45,40,71
1771717902.4945438,45,40,72
1771717902.4947155,45,40,72
1771717902.4948857,45,40,72
1771717902.4980726,45,40,72
1771717902.4982545,45,40,72
1771717902.4984195,45,40,72
1771717902.4985895,45,40,72
1771717902.5019834,45,40,72
1771717902.5022664,45,40,72
1771717902.5024347,45,40,72
1771717902.502601,45,40,72
1771717902.5027735,45,40,72
1771717902.506201,45,40,72
1771717902.5064826,45,40,72
1771717902.5066874,45,40,72
1771717902.5068784,45,40,72
1771717902.507073,45,40,72
1771717902.5102308,45,40,73
1771717902.510443,45,40,73
1771717902.5106096,45,40,73
1771717902.5107799,45,40,73
1771717902.510946,45,40,73
1771717902.514628,45,40,73
1771717902.5149484,45,40,73
1771717902.5152006,45,40,73
1771717902.51541,45,40,73
1771717902.5155811,45,40,73
1771717902.5185325,45,40,73
1771717902.5187142,45,40,73
1771717902.5188863,45,40,73
1771717902.5190508,45,40,73
1771717902.5225656,45,40,73
1771717902.5230143,45,40,73
1771717902.523323,45,40,73
1771717902.5236313,45,40,74
1771717902.5239851,45,40,74
1771717902.5268664,45,40,74
1771717902.5271888,45,40,74
1771717902.5273967,45,40,74
1771717902.5276432,45,40,74
1771717902.5279012,45,40,74
1771717902.5308793,45,40,74
1771717902.5312204,45,40,74
1771717902.5314653,45,40,74
1771717902.5316978,45,40,74
1771717902.5319657,45,40,74
1771717902.534931,45,40,74
1771717902.5351756,45,40,74
1771717902.5353987,45,40,74
1771717902.5355783,45,40,74
1771717902.5357509,45,40,74
1771717902.53906,45,40,75
1771717902.5392525,45,40,75
1771717902.5394256,45,40,75
1771717902.5397024,45,40,75
1771717902.5398998,45,40,75
1771717902.5432665,45,40,75
1771717902.5435517,45,40,75
1771717902.543801,45,40,75
1771717902.5440335,45,40,75
1771717902.5470905,45,40,75
1771717902.5473065,45,40,75
1771717902.547507,45,40,75
1771717902.5477018,45,40,75
1771717902.547948,45,40,75
1771717902.5512297,45,40,75
1771717902.5515242,45,40,75
1771717902.551694,45,40,75
1771717902.551856,45,40,75
1771717902.5521126,45,40,76
1771717902.555509,45,40,76
1771717902.5557566,45,40,76
1771717902.556005,45,40,76
1771717902.5562253,45,40,76
1771717902.5564048,45,40,76
1771717902.559626,45,40,76
1771717902.559849,45,40,76
1771717902.5600579,45,40,76
1771717902.5602636,45,40,76
1771717902.5604389,45,40,76
1771717902.5639882,45,40,76
1771717902.564893,45,40,76
1771717902.5654798,45,40,76
1771717902.5656822,45,40,76
1771717902.5676124,45,40,76
1771717902.5679739,45,40,77
1771717902.5682187,45,40,77
1771717902.5685017,45,40,77
1771717902.5687373,45,40,77
1771717902.5717196,45,40,77
1771717902.5720057,45,40,77
1771717902.5722225,45,40,77
1771717902.5724106,45,40,77
1771717902.5725782,45,40,77
1771717902.5757725,45,40,77
1771717902.5760105,45,40,77
1771717902.576177,45,40,77
1771717902.5763438,45,40,77
1771717902.576511,45,40,77
1771717902.5799596,45,40,77
1771717902.5801368,45,40,77
1771717902.5803077,45,40,78
1771717902.5804758,45,40,78
1771717902.5806413,45,40,78
1771717902.5840454,45,40,78
1771717902.584219,45,40,78
1771717902.5844011,45,40,78
1771717902.5845954,45,40,78
1771717902.5880048,45,40,78
1771717902.5883236,45,40,78
1771717902.588576,45,40,78
1771717902.5888412,45,40,78
1771717902.5890434,45,40,78
1771717902.5921907,45,40,78
1771717902.5924716,45,40,78
1771717902.592647,45,40,78
1771717902.5928202,45,40,78
1771717902.5929887,45,40,78
1771717902.5963154,45,40,78
1771717902.5964956,45,40,79
1771717902.5966668,45,40,79
1771717902.5968838,45,40,79
1771717902.5970469,45,40,79
1771717902.600672,45,40,79
1771717902.6010113,45,40,79
1771717902.6012032,45,40,79
1771717902.6014395,45,40,79
1771717902.6016905,45,40,79
1771717902.6045082,45,40,79
1771717902.604688,45,40,79
1771717902.6048841,45,40,79
1771717902.605127,45,40,79
1771717902.6053252,45,40,79
1771717902.6086085,45,40,79
1771717902.608781,45,40,79
1771717902.608942,45,40,79
1771717902.6091037,45,40,80
1771717902.6128507,45,40,80
1771717902.613134,45,40,80
1771717902.6135497,45,40,80
1771717902.6140192,45,40,80
1771717902.6143644,45,40,80
1771717902.616875,45,40,80
1771717902.617198,45,40,80
1771717902.6175694,45,40,80
1771717902.6178994,45,40,80
1771717902.6180832,45,40,80
1771717902.6211317,45,40,80
1771717902.621623,45,40,80
1771717902.6218624,45,40,80
1771717902.6221144,45,40,80
1771717902.6223576,45,40,80
1771717902.6250384,45,40,80
1771717902.6252632,45,40,81
1771717902.6254323,45,40,81
1771717902.6255958,45,40,81
1771717902.625811,45,40,81
1771717902.6292152,45,40,81
1771717902.629491,45,40,81
1771717902.629664,45,40,81
1771717902.6298327,45,40,81
1771717902.6330786,45,40,81
1771717902.633328,45,40,81
1771717902.633559,45,40,81
1771717902.6337264,45,40,81
1771717902.6338954,45,40,81
1771717902.6372247,45,40,81
1771717902.6375475,45,40,81
1771717902.6377256,45,40,81
1771717902.6378984,45,40,81
1771717902.6380634,45,40,82
1771717902.6414247,45,40,82
1771717902.6416426,45,40,82
1771717902.6418517,45,40,82
1771717902.6420522,45,40,82
1771717902.642249,45,40,82
1771717902.6455135,45,40,82
1771717902.6457255,45,40,82
1771717902.6459208,45,40,82
1771717902.6461735,45,40,82
1771717902.6463654,45,40,82
1771717902.64964,45,40,82
1771717902.6499455,45,40,82
1771717902.6502423,45,40,82
1771717902.6504488,45,40,82
1771717902.6535885,45,40,82
1771717902.6539762,45,40,82
1771717902.6543052,45,40,83
1771717902.6547859,45,40,83
1771717902.6551015,45,40,83
1771717902.657696,45,40,83
1771717902.6578898,45,40,83
1771717902.65807,45,40,83
1771717902.6582384,45,40,83
1771717902.658409,45,40,83
1771717902.6619136,45,40,83
1771717902.6621544,45,40,83
1771717902.662354,45,40,83
1771717902.6626,45,40,83
1771717902.6627626,45,40,83
1771717902.6659808,45,40,83
1771717902.6661713,45,40,83
1771717902.666388,45,40,83
1771717902.666558,45,40,83
1771717902.6667275,45,40,84
1771717902.6701736,45,40,84
1771717902.6704943,45,40,84
1771717902.6708293,45,40,84
1771717902.670997,45,40,84
1771717902.6711624,45,40,84
1771717902.6741905,45,40,84
1771717902.674432,45,40,84
1771717902.6747382,45,40,84
1771717902.6750352,45,40,84
1771717902.6781595,45,40,84
1771717902.6784883,45,40,84
1771717902.678743,45,40,84
1771717902.6789904,45,40,84
1771717902.679237,45,40,84
1771717902.682306,45,40,84
1771717902.6825137,45,40,85
1771717902.682735,45,40,85
1771717902.682902,45,40,85
1771717902.6830666,45,40,85
1771717902.6864998,45,40,85
1771717902.6868246,45,40,85
1771717902.6871977,45,40,85
1771717902.6875124,45,40,85
1771717902.6876807,45,40,85
1771717902.6910057,45,40,85
1771717902.6912003,45,40,85
1771717902.6914608,45,40,85
1771717902.6916556,45,40,85
1771717902.6919253,45,40,85
1771717902.69466,45,40,85
1771717902.694899,45,40,85
1771717902.6952224,45,40,85
1771717902.6954694,45,40,85
1771717902.6985757,45,40,86
1771717902.6988392,45,40,86
1771717902.6990879,45,40,86
1771717902.69934,45,40,86
1771717902.6995437,45,40,86
1771717902.7027395,45,40,86
1771717902.7030392,45,40,86
1771717902.7033439,45,40,86
1771717902.703702,45,40,86
1771717902.7040458,45,40,86
1771717902.707171,45,40,86
1771717902.7078767,45,40,86
1771717902.7080545,45,40,86
1771717902.7082741,45,40,86
1771717902.7084723,45,40,86
1771717902.7109897,45,40,86
1771717902.71117,45,40,87
1771717902.7113414,45,40,87
1771717902.7115502,45,40,87
1771717902.7117214,45,40,87
1771717902.7153037,45,40,87
1771717902.7156103,45,40,87
1771717902.7159076,45,40,87
1771717902.7162652,45,40,87
1771717902.7192013,45,40,87
1771717902.7195754,45,40,87
1771717902.7198827,45,40,87
1771717902.7200701,45,40,87
1771717902.7202823,45,40,87
1771717902.7232707,45,40,87
1771717902.7234607,45,40,87
1771717902.7236526,45,40,87
1771717902.723851,45,40,87
1771717902.724051,45,40,87
1771717902.7273428,45,40,88
1771717902.7276525,45,40,88
1771717902.7279615,45,40,88
1771717902.7282696,45,40,88
1771717902.7284653,45,40,88
1771717902.7317011,45,40,88
1771717902.732019,45,40,88
1771717902.732321,45,40,88
1771717902.7326174,45,40,88
1771717902.7329097,45,40,88
1771717902.7356584,45,40,88
1771717902.7359862,45,40,88
1771717902.7362876,45,40,88
1771717902.7366476,45,40,88
1771717902.7368488,45,40,88
1771717902.7396786,45,40,88
1771717902.739853,45,40,88
1771717902.7400131,45,40,89
1771717902.740173,45,40,89
1771717902.7437603,45,40,89
1771717902.7441592,45,40,89
1771717902.7444515,45,40,89
1771717902.7448826,45,40,89
1771717902.7451682,45,40,89
1771717902.7480123,45,40,89
1771717902.7483187,45,40,89
1771717902.748609,45,40,89
1771717902.7488477,45,40,89
1771717902.7490067,45,40,89
1771717902.7520826,45,40,89
1771717902.7524502,45,40,89
1771717902.7529163,45,40,89
1771717902.7533453,45,40,89
1771717902.7535853,45,40,90
1771717902.756238,45,40,90
1771717902.756544,45,40,90
1771717902.756832,45,40,90
1771717902.7570848,45,40,90
1771717902.757292,45,40,90
1771717902.760392,45,40,90
1771717902.7606983,45,40,90
1771717902.7609882,45,40,90
1771717902.7612784,45,40,90
1771717902.7641132,45,40,90
1771717902.76457,45,40,90
1771717902.764874,45,40,90
1771717902.7651763,45,40,90
1771717902.7654662,45,40,90
1771717902.768373,45,40,90
1771717902.7686832,45,40,90
1771717902.768975,45,40,90
1771717902.7691624,45,40,91
1771717902.769323,45,40,91
1771717902.7726676,45,40,91
1771717902.772985,45,40,91
1771717902.7734432,45,40,91
1771717902.773675,45,40,91
1771717902.7738433,45,40,91
1771717902.7765393,45,40,91
1771717902.7767158,45,40,91
1771717902.7768912,45,40,91
1771717902.7770905,45,40,91
1771717902.7772536,45,40,91
1771717902.7808564,45,40,91
1771717902.7811742,45,40,91
1771717902.7814746,45,40,91
1771717902.7818227,45,40,91
1771717902.7846074,45,40,92
1771717902.7848167,45,40,92
1771717902.7850258,45,40,92
1771717902.7851894,45,40,92
1771717902.785347,45,40,92
1771717902.788744,45,40,92
1771717902.788961,45,40,92
1771717902.789125,45,40,92
1771717902.7892938,45,40,92
1771717902.7894523,45,40,92
1771717902.7927997,45,40,92
1771717902.7930052,45,40,92
1771717902.7932658,45,40,92
1771717902.7935653,45,40,92
1771717902.7938569,45,40,92
1771717902.7971258,45,40,92
1771717902.7975035,45,40,92
1771717902.7977948,45,40,92
1771717902.797983,45,40,93
1771717902.7981427,45,40,93
1771717902.8012593,45,40,93
1771717902.8015542,45,40,93
1771717902.8017256,45,40,93
1771717902.8018918,45,40,93
1771717902.8020968,45,40,93
1771717902.8052478,45,40,93
1771717902.805416,45,40,93
1771717902.8055878,45,40,93
1771717902.8057504,45,40,93
1771717902.8092022,45,40,93
1771717902.8095164,45,40,93
1771717902.8098617,45,40,93
1771717902.8100595,45,40,93
1771717902.8102198,45,40,93
1771717902.8134546,45,40,94
1771717902.8137746,45,40,94
1771717902.814075,45,40,94
1771717902.8144493,45,40,94
1771717902.8147335,45,40,94
1771717902.8174767,45,40,94
1771717902.817691,45,40,94
1771717902.817853,45,40,94
1771717902.8180141,45,40,94
1771717902.818176,45,40,94
1771717902.8217676,45,40,94
1771717902.8220046,45,40,94
1771717902.8221714,45,40,94
1771717902.822339,45,40,94
1771717902.822507,45,40,94
1771717902.8256583,45,40,94
1771717902.825826,45,40,94
1771717902.8259852,45,40,94
1771717902.8261452,45,40,95
1771717902.8296313,45,40,95
1771717902.8300369,45,40,95
1771717902.8303084,45,40,95
1771717902.830656,45,40,95
1771717902.8310373,45,40,95
1771717902.833784,45,40,95
1771717902.833964,45,40,95
1771717902.8341327,45,40,95
1771717902.8343034,45,40,95
1771717902.8345175,45,40,95
1771717902.838094,45,40,95
1771717902.8384101,45,40,95
1771717902.8387434,45,40,95
1771717902.838908,45,40,95
1771717902.8390691,45,40,95
1771717902.8420327,45,40,96
1771717902.842206,45,40,96
1771717902.8425548,45,40,96
1771717902.842848,45,40,96
1771717902.8431282,45,40,96
1771717902.8463159,45,40,96
1771717902.846554,45,40,96
1771717902.8467357,45,40,96
1771717902.8469274,45,40,96
1771717902.8501813,45,40,96
1771717902.8506265,45,40,96
1771717902.8509321,45,40,96
1771717902.851252,45,40,96
1771717902.8515499,45,40,96
1771717902.8543577,45,40,96
1771717902.854715,45,40,96
1771717902.8550134,45,40,96
1771717902.8553052,45,40,97
1771717902.8555927,45,40,97
1771717902.8584752,45,40,97
1771717902.8587794,45,40,97
1771717902.8590748,45,40,97
1771717902.8592734,45,40,97
1771717902.8594325,45,40,97
1771717902.8626947,45,40,97
1771717902.8629966,45,40,97
1771717902.8632362,45,40,97
1771717902.8634076,45,40,97
1771717902.8635736,45,40,97
1771717902.866625,45,40,97
1771717902.8667967,45,40,97
1771717902.867004,45,40,97
1771717902.8671737,45,40,97
1771717902.8673413,45,40,97
1771717902.870843,45,40,98
1771717902.8710895,45,40,98
1771717902.8712564,45,40,98
1771717902.871418,45,40,98
1771717902.8748348,45,40,98
1771717902.8752224,45,40,98
1771717902.875521,45,40,98
1771717902.8758168,45,40,98
1771717902.8760278,45,40,98
1771717902.8788676,45,40,98
1771717902.879042,45,40,98
1771717902.8792086,45,40,98
1771717902.879376,45,40,98
1771717902.8795428,45,40,98
1771717902.8830771,45,40,98
1771717902.8832483,45,40,98
1771717902.8834085,45,40,98
1771717902.8835695,45,40,99
1771717902.8837295,45,40,99
1771717902.8874068,45,40,99
1771717902.8878012,45,40,99
1771717902.8879974,45,40,99
1771717902.888161,45,40,99
1771717902.8883183,45,40,99
1771717902.8914537,45,40,99
1771717902.8917742,45,40,99
1771717902.8920748,45,40,99
1771717902.8923686,45,40,99
1771717902.895157,45,40,99
1771717902.8953848,45,40,99
1771717902.8955562,45,40,99
1771717902.8957205,45,40,99
1771717902.8959394,45,40,99
1771717902.899311,45,40,99
1771717902.8994944,45,40,99
1771717902.8996809,45,40,100
1771717902.8998663,45,40,100
1771717902.9001005,45,40,100
1771717902.9037337,45,40,100
1771717902.9041288,45,40,100
1771717902.9045274,45,40,100
1771717902.9048223,45,40,100
1771717902.9077497,45,40,100
1771717902.9080937,45,40,100
1771717902.9083543,45,40,100
1771717902.9086099,45,40,100
1771717902.9115562,45,40,100
1771717902.9117887,45,40,100
1771717902.912176,45,40,100
1771717902.912498,45,40,100
1771717902.9128199,45,40,101
1771717902.915953,45,40,101
1771717902.9162939,45,40,101
1771717902.9166782,45,40,101
1771717902.9168572,45,40,101
1771717902.9199347,45,40,101
1771717902.9202745,45,40,101
1771717902.9206042,45,40,101
1771717902.921074,45,40,101
1771717902.921408,45,40,101
1771717902.924169,45,40,101
1771717902.9245162,45,40,101
1771717902.9253027,45,40,101
1771717902.9256463,45,40,101
1771717902.9280307,45,40,101
1771717902.9282677,45,40,101
1771717902.9284453,45,40,102
1771717902.9286237,45,40,102
1771717902.9320533,45,40,102
1771717902.932376,45,40,102
1771717902.9327924,45,40,102
1771717902.9331145,45,40,102
1771717902.933437,45,40,102
1771717902.9364748,45,40,102
1771717902.9368167,45,40,102
1771717902.937151,45,40,102
1771717902.9373322,45,40,102
1771717902.940442,45,40,102
1771717902.9407372,45,40,102
1771717902.9409728,45,40,102
1771717902.9411519,45,40,102
1771717902.944422,45,40,103
1771717902.9448216,45,40,103
1771717902.9451556,45,40,103
1771717902.9455094,45,40,103
1771717902.9456885,45,40,103
1771717902.9487395,45,40,103
1771717902.9490755,45,40,103
1771717902.9494069,45,40,103
1771717902.9498038,45,40,103
1771717902.9526098,45,40,103
1771717902.9530463,45,40,103
1771717902.9533727,45,40,103
1771717902.9537616,45,40,103
1771717902.9539871,45,40,103
1771717902.9569423,45,40,103
1771717902.9573483,45,40,104
1771717902.9575806,45,40,104
1771717902.9577565,45,40,104
1771717902.96098,45,40,104
1771717902.9613287,45,40,104
1771717902.96174,45,40,104
1771717902.9620676,45,40,104
1771717902.9649653,45,40,104
1771717902.9653049,45,40,104
1771717902.9656215,45,40,104
1771717902.965975,45,40,104
1771717902.9661722,45,40,104
1771717902.969172,45,40,104
1771717902.9694924,45,40,104
1771717902.9696698,45,40,104
1771717902.9699209,45,40,104
1771717902.973139,45,40,105
1771717902.9733791,45,40,105
1771717902.9735591,45,40,105
1771717902.9737904,45,40,105
1771717902.977089,45,40,105
1771717902.9773808,45,40,105
1771717902.9775946,45,40,105
1771717902.9778385,45,40,105
1771717902.9780152,45,40,105
1771717902.981295,45,40,105
1771717902.9815214,45,40,105
1771717902.9817367,45,40,105
1771717902.9819286,45,40,105
1771717902.985365,45,40,105
1771717902.9855964,45,40,105
1771717902.9857779,45,40,106
1771717902.9859605,45,40,106
1771717902.9861422,45,40,106
1771717902.9895942,45,40,106
1771717902.9897785,45,40,106
1771717902.989963,45,40,106
1771717902.9901896,45,40,106
1771717902.993603,45,40,106
1771717902.9939282,45,40,106
1771717902.9942548,45,40,106
1771717902.9945776,45,40,106
1771717902.9977863,45,40,106
1771717902.9981427,45,40,106
1771717902.9984682,45,40,106
1771717902.9987853,45,40,106
1771717902.999097,45,40,106
1771717903.0018787,45,40,107
1771717903.0022225,45,40,107
1771717903.0025573,45,40,107
1771717903.0030918,45,40,107
1771717903.0058498,45,40,107
1771717903.006046,45,40,107
1771717903.0062323,45,40,107
1771717903.0064645,45,40,107
1771717903.0098224,45,40,107
1771717903.0100164,45,40,107
1771717903.0102017,45,40,107
1771717903.0104957,45,40,107
1771717903.010869,45,40,107
1771717903.0141501,45,40,107
1771717903.0144925,45,40,107
1771717903.0148244,45,40,108
1771717903.0151198,45,40,108
1771717903.0183656,45,40,108
1771717903.0190015,45,40,108
1771717903.0195446,45,40,108
1771717903.0200512,45,40,108
1771717903.020332,45,40,108
1771717903.0222867,45,40,108
1771717903.022513,45,40,108
1771717903.022691,45,40,108
1771717903.0228693,45,40,108
1771717903.0263054,45,40,108
1771717903.0264957,45,40,108
1771717903.0267265,45,40,108
1771717903.0269094,45,40,108
1771717903.030397,45,40,109
1771717903.030722,45,40,109
1771717903.0310428,45,40,109
1771717903.0314147,45,40,109
1771717903.0317347,45,40,109
1771717903.0347762,45,40,109
1771717903.0351195,45,40,109
1771717903.0354443,45,40,109
1771717903.0356772,45,40,109
1771717903.0386074,45,40,109
1771717903.038804,45,40,109
1771717903.0389893,45,40,109
1771717903.039179,45,40,109
1771717903.0425975,45,40,109
1771717903.0428157,45,40,109
1771717903.0430794,45,40,109
1771717903.0432951,45,40,110
1771717903.0434792,45,40,110
1771717903.046822,45,40,110
1771717903.0470076,45,40,110
1771717903.0471866,45,40,110
1771717903.047366,45,40,110
1771717903.050899,45,40,110
1771717903.0510883,45,40,110
1771717903.051267,45,40,110
1771717903.0514462,45,40,110
1771717903.0516253,45,40,110
1771717903.0550427,45,40,110
1771717903.0552237,45,40,110
1771717903.0554361,45,40,110
1771717903.0556104,45,40,110
1771717903.059137,45,40,111
1771717903.0594614,45,40,111
1771717903.0597844,45,40,111
1771717903.0601044,45,40,111
1771717903.0631855,45,40,111
1771717903.063544,45,40,111
1771717903.0640192,45,40,111
1771717903.0645046,45,40,111
1771717903.064739,45,40,111
1771717903.0673048,45,40,111
1771717903.067489,45,40,111
1771717903.067669,45,40,111
1771717903.0678778,45,40,111
1771717903.0714579,45,40,111
1771717903.0716512,45,40,111
1771717903.0718648,45,40,111
1771717903.0720394,45,40,112
1771717903.0753853,45,40,112
1771717903.0757556,45,40,112
1771717903.0760872,45,40,112
1771717903.0763483,45,40,112
1771717903.0765646,45,40,112
1771717903.0797842,45,40,112
1771717903.0802789,45,40,112
1771717903.080849,45,40,112
1771717903.0812833,45,40,112
1771717903.0836813,45,40,112
1771717903.083865,45,40,112
1771717903.0840816,45,40,112
1771717903.0842586,45,40,112
1771717903.0844414,45,40,112
1771717903.0878391,45,40,113
1771717903.0880501,45,40,113
1771717903.0882263,45,40,113
1771717903.0883994,45,40,113
1771717903.0918062,45,40,113
1771717903.0921004,45,40,113
1771717903.0924234,45,40,113
1771717903.0927916,45,40,113
1771717903.096,45,40,113
1771717903.096561,45,40,113
1771717903.0968003,45,40,113
1771717903.0970185,45,40,113
1771717903.097197,45,40,113
1771717903.100079,45,40,113
1771717903.1002688,45,40,113
1771717903.1005135,45,40,113
1771717903.1007216,45,40,114
1771717903.1042862,45,40,114
1771717903.104733,45,40,114
1771717903.1050696,45,40,114
1771717903.1052997,45,40,114
1771717903.1082041,45,40,114
1771717903.1086726,45,40,114
1771717903.109005,45,40,114
1771717903.1093287,45,40,114
1771717903.1096504,45,40,114
1771717903.1124766,45,40,114
1771717903.1126668,45,40,114
1771717903.1128428,45,40,114
1771717903.1130164,45,40,114
1771717903.1166065,45,40,114
1771717903.1170194,45,40,115
1771717903.1172276,45,40,115
1771717903.117411,45,40,115
1771717903.117584,45,40,115
1771717903.1206813,45,40,115
1771717903.1210098,45,40,115
1771717903.1212409,45,40,115
1771717903.1214168,45,40,115
1771717903.1247444,45,40,115
1771717903.1250677,45,40,115
1771717903.1254797,45,40,115
1771717903.1256733,45,40,115
1771717903.1286657,45,40,115
1771717903.1288548,45,40,115
1771717903.1290784,45,40,115
1771717903.1292858,45,40,116
1771717903.1294925,45,40,116
1771717903.133012,45,40,116
1771717903.1333349,45,40,116
1771717903.1337101,45,40,116
1771717903.133962,45,40,116
1771717903.1369648,45,40,116
1771717903.1372902,45,40,116
1771717903.1375885,45,40,116
1771717903.1377976,45,40,116
1771717903.1409712,45,40,116
1771717903.141373,45,40,116
1771717903.1417103,45,40,116
1771717903.1423695,45,40,116
1771717903.1426811,45,40,116
1771717903.1451101,45,40,116
1771717903.1452973,45,40,117
1771717903.1454844,45,40,117
1771717903.145701,45,40,117
1771717903.1491842,45,40,117
1771717903.1495194,45,40,117
1771717903.1498477,45,42,239
1771717903.1501758,45,42,102
1771717903.150553,45,42,102
1771717903.153334,45,42,102
1771717903.153535,45,42,102
1771717903.1537127,45,42,102
1771717903.1538904,45,42,102
1771717903.1575391,45,42,102
1771717903.1580498,45,42,102
1771717903.1583843,45,42,102
1771717903.158705,45,42,102
1771717903.1614084,45,42,102
1771717903.161639,45,42,102
1771717903.1618211,45,42,102
1771717903.1619995,45,42,102
1771717903.162177,45,42,103
1771717903.165633,45,42,103
1771717903.1658454,45,42,103
1771717903.1661086,45,42,103
1771717903.1663065,45,42,103
1771717903.1698108,45,42,103
1771717903.1701543,45,42,103
1771717903.1704862,45,42,103
1771717903.1709363,45,42,103
1771717903.173702,45,42,103
1771717903.1741047,45,42,103
1771717903.174511,45,42,103
1771717903.174763,45,42,103
1771717903.1749387,45,42,103
1771717903.1778681,45,42,103
1771717903.1780512,45,42,103
1771717903.1782606,45,42,103
1771717903.1784723,45,42,103
1771717903.1820815,45,42,103
1771717903.1824942,45,42,103
1771717903.1830568,45,42,103
1771717903.1833587,45,42,103
1771717903.1836605,45,42,103
1771717903.186197,45,42,103
1771717903.1863947,45,42,104
1771717903.1865788,45,42,104
1771717903.1867597,45,42,104
1771717903.1902163,45,42,104
1771717903.1904097,45,42,104
1771717903.1905992,45,42,104
1771717903.1907809,45,42,104
1771717903.1941726,45,42,104
1771717903.1944385,45,42,104
1771717903.1946526,45,42,104
1771717903.1948676,45,42,104
1771717903.1950808,45,42,104
1771717903.1985123,45,42,104
1771717903.1988454,45,42,104
1771717903.1991792,45,42,104
1771717903.1995099,45,42,104
1771717903.2025945,45,42,104
1771717903.2029972,45,42,104
1771717903.203323,45,42,104
1771717903.2036018,45,42,104
1771717903.206478,45,42,104
1771717903.2066975,45,42,104
1771717903.206874,45,42,105
1771717903.2070477,45,42,105
1771717903.2072263,45,42,105
1771717903.2107146,45,42,105
1771717903.2110527,45,42,105
1771717903.2113774,45,42,105
1771717903.2117028,45,42,105
1771717903.214804,45,42,105
1771717903.2151577,45,42,105
1771717903.2154827,45,42,105
1771717903.2156644,45,42,105
1771717903.215882,45,42,105
1771717903.2188988,45,42,105
1771717903.2190795,45,42,105
1771717903.2192564,45,42,105
1771717903.2194343,45,42,105
1771717903.222964,45,42,105
1771717903.223188,45,42,105
1771717903.2234507,45,42,105
1771717903.2236595,45,42,105
1771717903.2269397,45,42,105
1771717903.2271347,45,42,105
1771717903.2273197,45,42,105
1771717903.2275467,45,42,105
1771717903.2277303,45,42,106
1771717903.2312884,45,42,106
1771717903.2316234,45,42,106
1771717903.2319365,45,42,106
1771717903.2323055,45,42,106
1771717903.235542,45,42,106
1771717903.236016,45,42,106
1771717903.2363982,45,42,106
1771717903.236642,45,42,106
1771717903.2392166,45,42,106
1771717903.2394333,45,42,106
1771717903.2396238,45,42,106
1771717903.2398036,45,42,106
1771717903.240032,45,42,106
1771717903.2436047,45,42,106
1771717903.2439306,45,42,106
1771717903.2442548,45,42,106
1771717903.244439,45,42,106
1771717903.2476234,45,42,106
1771717903.2479682,45,42,106
1771717903.2482944,45,42,106
1771717903.2486415,45,42,106
1771717903.248966,45,42,106
1771717903.251748,45,42,107
1771717903.251936,45,42,107
1771717903.2521164,45,42,107
1771717903.2522943,45,42,107
1771717903.2557042,45,42,107
1771717903.2558928,45,42,107
1771717903.2560706,45,42,107
1771717903.2562478,45,42,107
1771717903.2597003,45,42,107
1771717903.2599168,45,42,107
1771717903.2600963,45,42,107
1771717903.260274,45,42,107
1771717903.2604535,45,42,107
1771717903.2641854,45,42,107
1771717903.264531,45,42,107
1771717903.2647755,45,42,107
1771717903.2649517,45,42,107
1771717903.2681205,45,42,107
1771717903.2684104,45,42,107
1771717903.2686923,45,42,107
1771717903.2690253,45,42,107
1771717903.2719977,45,42,107
1771717903.272363,45,42,107
1771717903.272646,45,42,108
1771717903.2729979,45,42,108
1771717903.273281,45,42,108
1771717903.2763016,45,42,108
1771717903.27665,45,42,108
1771717903.2769454,45,42,108
1771717903.2772453,45,42,108
1771717903.2803285,45,42,108
1771717903.2806764,45,42,108
1771717903.2809632,45,42,108
1771717903.2812397,45,42,108
1771717903.2815073,45,42,108
1771717903.284835,45,42,108
1771717903.285048,45,42,108
1771717903.285254,45,42,108
1771717903.2854402,45,42,108
1771717903.2886615,45,42,108
1771717903.2888856,45,42,108
1771717903.2891805,45,42,108
1771717903.2893732,45,42,108
1771717903.2925608,45,42,108
1771717903.2928731,45,42,108
1771717903.2930944,45,42,108
1771717903.2933125,45,42,109
1771717903.2934902,45,42,109
1771717903.296782,45,42,109
1771717903.2970462,45,42,109
1771717903.2973397,45,42,109
1771717903.2976375,45,42,109
1771717903.3010526,45,42,109
1771717903.3017848,45,42,109
1771717903.3022237,45,42,109
1771717903.3030093,45,42,109
1771717903.3048065,45,42,109
1771717903.3050413,45,42,109
1771717903.3052278,45,42,109
1771717903.3054159,45,42,109
1771717903.3056104,45,42,109
1771717903.3092093,45,42,109
1771717903.3095908,45,42,109
1771717903.309889,45,42,109
1771717903.3101175,45,42,109
1771717903.3130221,45,42,109
1771717903.3132203,45,42,109
1771717903.3134027,45,42,109
1771717903.313637,45,42,109
1771717903.313815,45,42,109
1771717903.3171935,45,42,110
1771717903.3173878,45,42,110
1771717903.3176374,45,42,110
1771717903.3178267,45,42,110
1771717903.3214557,45,42,110
1771717903.321904,45,42,110
1771717903.3224254,45,42,110
1771717903.3226805,45,42,110
1771717903.3252714,45,42,110
1771717903.32551,45,42,110
1771717903.325693,45,42,110
1771717903.3258705,45,42,110
1771717903.3260477,45,42,110
1771717903.3294706,45,42,110
1771717903.3299882,45,42,110
1771717903.3304718,45,42,110
1771717903.330864,45,42,110
1771717903.3336341,45,42,110
1771717903.3339732,45,42,110
1771717903.3343031,45,42,110
1771717903.334547,45,42,110
1771717903.337583,45,42,110
1771717903.3382626,45,42,111
1771717903.3387742,45,42,111
1771717903.3391092,45,42,111
1771717903.3393438,45,42,111
1771717903.3419912,45,42,111
1771717903.3423426,45,42,111
1771717903.3427873,45,42,111
1771717903.3429627,45,42,111
1771717903.3459208,45,42,111
1771717903.3462684,45,42,111
1771717903.3464975,45,42,111
1771717903.346674,45,42,111
1771717903.346866,45,42,111
1771717903.3499532,45,42,111
1771717903.350129,45,42,111
1771717903.3503015,45,42,111
1771717903.3504732,45,42,111
1771717903.3547552,45,42,111
1771717903.3551238,45,42,111
1771717903.3553677,45,42,111
1771717903.3556457,45,42,111
1771717903.3582213,45,42,111
1771717903.3584347,45,42,111
1771717903.3586862,45,42,111
1771717903.358997,45,42,112
1771717903.359306,45,42,112
1771717903.3623836,45,42,112
1771717903.362574,45,42,112
1771717903.3627555,45,42,112
1771717903.362931,45,42,112
1771717903.366293,45,42,112
1771717903.366667,45,42,112
1771717903.3668609,45,42,112
1771717903.367054,45,42,112
1771717903.3703349,45,42,112
1771717903.3706176,45,42,112
1771717903.3709822,45,42,112
1771717903.371242,45,42,112
1771717903.3714604,45,42,112
1771717903.374555,45,42,112
1771717903.3747785,45,42,112
1771717903.3749602,45,42,112
1771717903.3751428,45,42,112
1771717903.3785474,45,42,112
1771717903.3787436,45,42,112
1771717903.3789299,45,42,112
1771717903.3791347,45,42,112
1771717903.379354,45,42,113
1771717903.38274,45,42,113
1771717903.3829238,45,42,113
1771717903.383103,45,42,113
1771717903.3832798,45,42,113
1771717903.3868208,45,42,113
1771717903.3870475,45,42,113
1771717903.3872323,45,42,113
1771717903.3874185,45,42,113
1771717903.3910072,45,42,113
1771717903.3917086,45,42,113
1771717903.3921015,45,42,113
1771717903.392291,45,42,113
1771717903.3925092,45,42,113
1771717903.3949745,45,42,113
1771717903.395158,45,42,113
1771717903.3953388,45,42,113
1771717903.395517,45,42,113
1771717903.3991752,45,42,113
1771717903.3995113,45,42,113
1771717903.3998232,45,42,113
1771717903.4001355,45,42,113
1771717903.4031827,45,42,113
1771717903.403584,45,42,114
1771717903.4039028,45,42,114
1771717903.4040806,45,42,114
1771717903.404254,45,42,114
1771717903.4075124,45,42,114
1771717903.4076977,45,42,114
1771717903.4078772,45,42,114
1771717903.4080508,45,42,114
1771717903.4114757,45,42,114
1771717903.4118772,45,42,114
1771717903.41221,45,42,114
1771717903.41242,45,42,114
1771717903.4125924,45,42,114
1771717903.4154892,45,42,114
1771717903.4156897,45,42,114
1771717903.415863,45,42,114
1771717903.4160364,45,42,114
1771717903.4197118,45,42,114
1771717903.42004,45,42,114
1771717903.4204276,45,42,114
1771717903.4207401,45,42,114
1771717903.423615,45,42,114
1771717903.4238594,45,42,114
1771717903.4240394,45,42,115
1771717903.4242141,45,42,115
1771717903.4243884,45,42,115
1771717903.427963,45,42,115
1771717903.4283626,45,42,115
1771717903.4286742,45,42,115
1771717903.4289863,45,42,115
1771717903.4320083,45,42,115
1771717903.4323401,45,42,115
1771717903.432718,45,42,115
1771717903.433037,45,42,115
1771717903.4358833,45,42,115
1771717903.4362793,45,42,115
1771717903.4366622,45,42,115
1771717903.437032,45,42,115
1771717903.4375734,45,42,115
1771717903.4400346,45,42,115
1771717903.4402227,45,42,115
1771717903.4404068,45,42,115
1771717903.4405804,45,42,115
1771717903.4440362,45,42,115
1771717903.4442198,45,42,115
1771717903.4443986,45,42,115
1771717903.444577,45,42,116
1771717903.4447567,45,42,116
1771717903.4482954,45,42,116
1771717903.4484758,45,42,116
1771717903.4486496,45,42,116
1771717903.4488242,45,42,116
1771717903.4527347,45,42,116
1771717903.4531982,45,42,116
1771717903.453409,45,42,116
1771717903.4535875,45,42,116
1771717903.4565172,45,42,116
1771717903.4568748,45,42,116
1771717903.4572074,45,42,116
1771717903.4575303,45,42,116
1771717903.4578516,45,42,116
1771717903.461038,45,42,116
1771717903.4612646,45,42,116
1771717903.4614446,45,42,116
1771717903.4616206,45,42,116
1771717903.4647737,45,42,116
1771717903.4649794,45,42,116
1771717903.4652483,45,42,116
1771717903.465564,45,42,116
1771717903.4687219,45,42,117
1771717903.469599,45,42,117
1771717903.4698417,45,42,117
1771717903.4702265,45,42,117
1771717903.470562,45,42,117
1771717903.472803,45,42,117
1771717903.4729912,45,42,117
1771717903.4731712,45,42,117
1771717903.4733498,45,42,117
1771717903.476847,45,42,117
1771717903.4772367,45,42,117
1771717903.477547,45,42,117
1771717903.4778614,45,42,117
1771717903.4781742,45,42,117
1771717903.4809887,45,42,117
1771717903.4811885,45,42,117
1771717903.4813633,45,42,117
1771717903.481547,45,42,117
1771717903.485162,45,42,117
1771717903.485571,45,42,117
1771717903.4858007,45,42,117
1771717903.4860983,45,42,117
1771717903.4896836,45,42,117
1771717903.4898927,45,42,117
1771717903.4900787,45,42,118
1771717903.4903069,45,42,118
1771717903.4904883,45,42,118
1771717903.4933736,45,42,118
1771717903.4937105,45,42,118
1771717903.493981,45,42,118
1771717903.4942057,45,42,118
1771717903.4974985,45,42,118
1771717903.4978373,45,42,118
1771717903.4981532,45,42,118
1771717903.498539,45,42,118
1771717903.501437,45,42,118
1771717903.501671,45,42,118
1771717903.501898,45,42,118
1771717903.502079,45,42,118
1771717903.502258,45,42,118
1771717903.5056052,45,42,118
1771717903.505882,45,42,118
1771717903.5060923,45,42,118
1771717903.506304,45,42,118
1771717903.5096185,45,42,118
1771717903.509996,45,42,118
1771717903.510318,45,42,119
1771717903.5106413,45,42,119
1771717903.510837,45,42,119
1771717903.5137694,45,42,119
1771717903.513953,45,42,119
1771717903.5141397,45,42,119
1771717903.5143135,45,42,119
1771717903.5178885,45,42,119
1771717903.5181274,45,42,119
1771717903.518313,45,42,119
1771717903.5184956,45,42,119
1771717903.5218787,45,42,119
1771717903.5221097,45,42,119
1771717903.522321,45,42,119
1771717903.522534,45,42,119
1771717903.5227745,45,42,119
1771717903.5261405,45,42,119
1771717903.5264661,45,42,119
1771717903.5267913,45,42,119
1771717903.5271568,45,42,119
1771717903.530262,45,42,119
1771717903.5304933,45,42,119
1771717903.5307207,45,42,119
1771717903.5311878,45,42,119
1771717903.5341156,45,42,120
1771717903.5343626,45,42,120
1771717903.5345414,45,42,120
1771717903.5347288,45,42,120
1771717903.53494,45,42,120
1771717903.5384781,45,42,120
1771717903.5388782,45,42,120
1771717903.5392022,45,42,120
1771717903.5395164,45,42,120
1771717903.5425868,45,42,120
1771717903.542922,45,42,120
1771717903.5432177,45,42,120
1771717903.5433922,45,42,120
1771717903.5435693,45,42,120
1771717903.5467188,45,42,120
1771717903.5469499,45,42,120
1771717903.5471883,45,42,120
1771717903.5474112,45,42,120
1771717903.5506124,45,42,120
1771717903.5507996,45,42,120
1771717903.5509772,45,42,120
1771717903.5511937,45,42,120
1771717903.5547092,45,42,120
1771717903.5550785,45,42,121
1771717903.5553017,45,42,121
1771717903.5554783,45,42,121
1771717903.5556521,45,42,121
1771717903.5590298,45,42,121
1771717903.5593743,45,42,121
1771717903.5597034,45,42,121
1771717903.56,45,42,121
1771717903.562869,45,42,121
1771717903.5630574,45,42,121
1771717903.5632355,45,42,121
1771717903.563452,45,42,121
1771717903.5669403,45,42,121
1771717903.5673454,45,42,121
1771717903.5676794,45,42,121
1771717903.5680053,45,42,121
1771717903.5683615,45,42,121
1771717903.571323,45,42,121
1771717903.5716577,45,42,121
1771717903.5719333,45,42,121
1771717903.5721076,45,42,121
1771717903.5752628,45,42,121
1771717903.5756278,45,42,121
1771717903.5759866,45,42,122
1771717903.5764856,45,42,122
1771717903.5769053,45,42,122
1771717903.579312,45,42,122
1771717903.579496,45,42,122
1771717903.5796735,45,42,122
1771717903.579874,45,42,122
1771717903.5835714,45,42,122
1771717903.5840406,45,42,122
1771717903.5842187,45,42,122
1771717903.5844347,45,42,122
1771717903.5875301,45,42,122
1771717903.5880055,45,42,122
1771717903.5883422,45,42,122
1771717903.5886679,45,42,122
1771717903.5889,45,42,122
1771717903.5919054,45,42,122
1771717903.5922887,45,42,122
1771717903.5924692,45,42,122
1771717903.592649,45,42,122
1771717903.5957806,45,42,122
1771717903.5961866,45,42,122
1771717903.5965168,45,42,122
1771717903.5968435,45,42,123
1771717903.5996938,45,42,123
1771717903.6000822,45,42,123
1771717903.6004612,45,42,123
1771717903.6007407,45,42,123
1771717903.6009147,45,42,123
1771717903.6040473,45,42,123
1771717903.604481,45,42,123
1771717903.6048992,45,42,123
1771717903.605226,45,42,123
1771717903.6080267,45,42,123
1771717903.608453,45,42,123
1771717903.6087923,45,42,123
1771717903.609112,45,42,123
1771717903.6092918,45,42,123
1771717903.6120574,45,42,123
1771717903.6122386,45,42,123
1771717903.612455,45,42,123
1771717903.612635,45,42,123
1771717903.6163437,45,42,123
1771717903.6168997,45,42,123
1771717903.6175244,45,42,123
1771717903.6178055,45,42,123
1771717903.6202133,45,42,124
1771717903.6205027,45,42,124
1771717903.6207721,45,42,124
1771717903.6210976,45,42,124
1771717903.621365,45,42,124
1771717903.6245115,45,42,124
1771717903.6248162,45,42,124
1771717903.6251807,45,42,124
1771717903.6254203,45,42,124
1771717903.6284852,45,42,124
1771717903.6287246,45,42,124
1771717903.6290026,45,42,124
1771717903.6293318,45,42,124
1771717903.6324167,45,42,124
1771717903.6326392,45,42,124
1771717903.632837,45,42,124
1771717903.6330178,45,42,124
1771717903.6331966,45,42,124
1771717903.636636,45,42,124
1771717903.6368327,45,42,124
1771717903.6370203,45,42,124
1771717903.6372054,45,42,124
1771717903.640686,45,42,124
1771717903.6408792,45,42,125
1771717903.6410992,45,42,125
1771717903.6412816,45,42,125
1771717903.6414623,45,42,125
1771717903.6448526,45,42,125
1771717903.645038,45,42,125
1771717903.6452737,45,42,125
1771717903.6454518,45,42,125
1771717903.6488774,45,42,125
1771717903.6490648,45,42,125
1771717903.6492462,45,42,125
1771717903.6494656,45,42,125
1771717903.6530619,45,42,125
1771717903.6534116,45,42,125
1771717903.6537516,45,42,125
1771717903.6540787,45,42,125
1771717903.6546092,45,42,125
1771717903.6572008,45,42,125
1771717903.657504,45,42,125
1771717903.6576924,45,42,125
1771717903.657894,45,42,125
1771717903.6611907,45,42,125
1771717903.6614738,45,42,125
1771717903.661685,45,42,125
1771717903.6618896,45,42,126
1771717903.6651738,45,42,126
1771717903.665445,45,42,126
1771717903.6656296,45,42,126
1771717903.665812,45,42,126
1771717903.6659923,45,42,126
1771717903.6696427,45,42,126
1771717903.6700056,45,42,126
1771717903.6703594,45,42,126
1771717903.6707425,45,42,126
1771717903.6735365,45,42,126
1771717903.673854,45,42,126
1771717903.6742718,45,42,126
1771717903.6744936,45,42,126
1771717903.6746724,45,42,126
1771717903.677626,45,42,126
1771717903.6778743,45,42,126
1771717903.6782134,45,42,126
1771717903.678399,45,42,126
1771717903.6816654,45,42,126
1771717903.6818588,45,42,126
1771717903.682083,45,42,126
1771717903.6822689,45,42,127
1771717903.685882,45,42,127
1771717903.686305,45,42,127
1771717903.6866455,45,42,127
1771717903.687009,45,42,127
1771717903.6873667,45,42,127
1771717903.69002,45,42,127
1771717903.690307,45,42,127
1771717903.6906455,45,42,127
1771717903.6909232,45,42,127
1771717903.693942,45,42,127
1771717903.6941733,45,42,127
1771717903.6943557,45,42,127
1771717903.6945357,45,42,127
1771717903.6980102,45,42,127
1771717903.6984973,45,42,127
1771717903.6988316,45,42,127
1771717903.699126,45,42,127
1771717903.6993048,45,42,127
1771717903.7024004,45,42,127
1771717903.7027202,45,42,127
1771717903.7028985,45,42,127
1771717903.7031608,45,42,127
1771717903.7062006,45,42,127
1771717903.7064004,45,42,128
1771717903.7065904,45,42,128
1771717903.7067773,45,42,128
1771717903.7069676,45,42,128
1771717903.7103791,45,42,128
1771717903.7105637,45,42,128
1771717903.7107868,45,42,128
1771717903.7109685,45,42,128
1771717903.714544,45,42,128
1771717903.7148745,45,42,128
1771717903.7152553,45,42,128
1771717903.7155783,45,42,128
1771717903.7184951,45,42,128
1771717903.7186844,45,42,128
1771717903.7189014,45,42,128
1771717903.7190793,45,42,128
1771717903.7192607,45,42,128
1771717903.722708,45,42,128
1771717903.7228985,45,42,128
1771717903.72308,45,42,128
1771717903.7232583,45,42,128
1771717903.7266757,45,42,128
1771717903.7270105,45,42,128
1771717903.7273407,45,42,129
1771717903.727668,45,42,129
1771717903.7307117,45,42,129
1771717903.7310135,45,42,129
1771717903.7312233,45,42,129
1771717903.7314067,45,42,129
1771717903.7315927,45,42,129
1771717903.734968,45,42,129
1771717903.7351654,45,42,129
1771717903.7353797,45,42,129
1771717903.7355862,45,42,129
1771717903.7389994,45,42,129
1771717903.7392342,45,42,129
1771717903.7394128,45,42,129
1771717903.7395873,45,42,129
1771717903.739762,45,42,129
1771717903.7433934,45,42,129
1771717903.7436497,45,42,129
1771717903.7438993,45,42,129
1771717903.7441194,45,42,129
1771717903.7472594,45,42,129
1771717903.7475195,45,42,129
1771717903.7477703,45,42,129
1771717903.7481065,45,42,130
1771717903.7513144,45,42,130
1771717903.7515886,45,42,130
1771717903.7518003,45,42,130
1771717903.752001,45,42,130
1771717903.752182,45,42,130
1771717903.7555046,45,42,130
1771717903.7557068,45,42,130
1771717903.7558875,45,42,130
1771717903.7560713,45,42,130
1771717903.759532,45,42,130
1771717903.7597218,45,42,130
1771717903.7599025,45,42,130
1771717903.7600846,45,42,130
1771717903.7634568,45,42,130
1771717903.7638547,45,42,130
1771717903.764376,45,42,130
1771717903.7649338,45,42,130
1771717903.765424,45,42,130
1771717903.7677073,45,42,130
1771717903.7678952,45,42,130
1771717903.7681074,45,42,130
1771717903.7682838,45,42,130
1771717903.771803,45,42,131
1771717903.7721515,45,42,131
1771717903.7723713,45,42,131
1771717903.7726378,45,42,131
1771717903.7728584,45,42,131
1771717903.7759058,45,42,131
1771717903.7760882,45,42,131
1771717903.7762766,45,42,131
1771717903.77648,45,42,131
1771717903.7805743,45,42,131
1771717903.78102,45,42,131
1771717903.781343,45,42,131
1771717903.781766,45,42,131
1771717903.7840407,45,42,131
1771717903.7842364,45,42,131
1771717903.784434,45,42,131
1771717903.7846127,45,42,131
1771717903.7847917,45,42,131
1771717903.788325,45,42,131
1771717903.788598,45,42,131
1771717903.7889292,45,42,131
1771717903.7891243,45,42,131
1771717903.792253,45,42,131
1771717903.792438,45,42,131
1771717903.7926524,45,42,132
1771717903.792849,45,42,132
1771717903.7962677,45,42,132
1771717903.7964993,45,42,132
1771717903.796681,45,42,132
1771717903.7969158,45,42,132
1771717903.7970963,45,42,132
1771717903.800483,45,42,132
1771717903.8007078,45,42,132
1771717903.800986,45,42,132
1771717903.801249,45,42,132
1771717903.8045194,45,42,132
1771717903.8047762,45,42,132
1771717903.8050454,45,42,132
1771717903.8053102,45,42,132
1771717903.8055286,45,42,132
1771717903.808778,45,42,132
1771717903.8090217,45,42,132
1771717903.8092482,45,42,132
1771717903.8094735,45,42,132
1771717903.8127756,45,42,132
1771717903.813017,45,42,132
1771717903.813202,45,42,133
1771717903.8133876,45,42,133
1771717903.8167832,45,42,133
1771717903.8170817,45,42,133
1771717903.81729,45,42,133
1771717903.8174715,45,42,133
1771717903.817653,45,42,133
1771717903.820983,45,42,133
1771717903.8212893,45,42,133
1771717903.8214743,45,42,133
1771717903.8216677,45,42,133
1771717903.8250115,45,42,133
1771717903.8252065,45,42,133
1771717903.825443,45,42,133
1771717903.8256269,45,42,133
1771717903.8291135,45,42,133
1771717903.829479,45,42,133
1771717903.829722,45,42,133
1771717903.8300154,45,42,133
1771717903.8302062,45,42,133
1771717903.8333027,45,42,133
1771717903.833583,45,42,133
1771717903.8338897,45,42,133
1771717903.8341174,45,42,133
1771717903.8374734,45,42,134
1771717903.837707,45,42,134
1771717903.837924,45,42,134
1771717903.8382373,45,42,134
1771717903.838444,45,42,134
1771717903.8415303,45,42,134
1771717903.8417659,45,42,134
1771717903.8420641,45,42,134
1771717903.842268,45,42,134
1771717903.8455288,45,42,134
1771717903.8457794,45,42,134
1771717903.8460038,45,42,134
1771717903.8461838,45,43,222
1771717903.8495471,45,43,222
1771717903.84988,45,43,119
1771717903.8502076,45,43,119
1771717903.8505046,45,43,119
1771717903.8506808,45,43,119
1771717903.8537846,45,43,119
1771717903.8539793,45,43,119
1771717903.8541615,45,43,119
1771717903.8543437,45,43,119
1771717903.857793,45,43,119
1771717903.8579888,45,43,119
1771717903.8581731,45,43,119
1771717903.8583574,45,43,119
1771717903.8617613,45,43,119
1771717903.8619812,45,43,119
1771717903.8621633,45,43,119
1771717903.8623493,45,43,119
1771717903.8625937,45,43,119
1771717903.8663447,45,43,119
1771717903.8668694,45,43,119
1771717903.8672147,45,43,120
1771717903.8674703,45,43,120
1771717903.8700445,45,43,120
1771717903.8702784,45,43,120
1771717903.870466,45,43,120
1771717903.870721,45,43,120
1771717903.8709216,45,43,120
1771717903.8742924,45,43,120
1771717903.8746374,45,43,120
1771717903.8749259,45,43,120
1771717903.8751855,45,43,120
1771717903.878312,45,43,120
1771717903.8785036,45,43,120
1771717903.8786862,45,43,120
1771717903.8788676,45,43,120
1771717903.882317,45,43,120
1771717903.8825066,45,43,120
1771717903.882688,45,43,120
1771717903.8829148,45,43,120
1771717903.8831925,45,43,120
1771717903.8865833,45,43,120
1771717903.8867805,45,43,120
1771717903.8869646,45,43,120
1771717903.887179,45,43,120
1771717903.8906205,45,43,120
1771717903.8908172,45,43,120
1771717903.891,45,43,120
1771717903.8911843,45,43,120
1771717903.8945587,45,43,120
1771717903.8948867,45,43,120
1771717903.8952987,45,43,120
1771717903.8956969,45,43,120
1771717903.8960414,45,43,120
1771717903.8988602,45,43,120
1771717903.8991113,45,43,120
1771717903.899392,45,43,120
1771717903.8996415,45,43,120
1771717903.9028919,45,43,120
1771717903.9030905,45,43,120
1771717903.9033215,45,43,120
1771717903.9035063,45,43,120
1771717903.9036875,45,43,120
1771717903.907128,45,43,120
1771717903.9073334,45,43,120
1771717903.90753,45,43,120
1771717903.9077053,45,43,120
1771717903.9110541,45,43,120
1771717903.911249,45,43,121
1771717903.9114642,45,43,121
1771717903.9116492,45,43,121
1771717903.9150753,45,43,121
1771717903.9153676,45,43,121
1771717903.9157872,45,43,121
1771717903.9161193,45,43,121
1771717903.916419,45,43,121
1771717903.9192915,45,43,121
1771717903.919483,45,43,121
1771717903.9196653,45,43,121
1771717903.9199445,45,43,121
1771717903.9233408,45,43,121
1771717903.923543,45,43,121
1771717903.9237258,45,45,235
1771717903.9239705,45,45,106
1771717903.9273598,45,45,106
1771717903.9276826,45,45,106
1771717903.9278684,45,45,106
1771717903.9280524,45,45,106
1771717903.928277,45,45,106
1771717903.9316814,45,45,106
1771717903.9321218,45,45,106
1771717903.932374,45,45,106
1771717903.932645,45,45,106
1771717903.935717,45,45,106
1771717903.9359207,45,45,106
1771717903.9361105,45,45,106
1771717903.9362955,45,45,106
1771717903.9364796,45,45,106
1771717903.9397614,45,45,106
1771717903.939942,45,45,106
1771717903.9401176,45,45,106
1771717903.9402916,45,45,106
1771717903.943869,45,45,106
1771717903.9442356,45,45,106
1771717903.9445424,45,45,106
1771717903.94487,45,45,106
1771717903.9480317,45,45,106
1771717903.948388,45,45,106
1771717903.9487884,45,45,106
1771717903.9489744,45,45,106
1771717903.9491496,45,45,106
1771717903.9523573,45,45,106
1771717903.9526527,45,45,106
1771717903.9530044,45,45,106
1771717903.9531882,45,45,106
1771717903.9560735,45,45,106
1771717903.9563134,45,45,106
1771717903.9564922,45,45,106
1771717903.956669,45,45,106
1771717903.960119,45,45,106
1771717903.9606054,45,45,106
1771717903.960836,45,45,106
1771717903.9611492,45,45,106
1771717903.9614003,45,45,106
1771717903.964319,45,45,106
1771717903.9645102,45,45,106
1771717903.9646952,45,45,106
1771717903.9649222,45,45,106
1771717903.9683926,45,45,106
1771717903.9686365,45,45,106
1771717903.968929,45,45,106
1771717903.9691954,45,45,106
1771717903.9693806,45,45,106
1771717903.972517,45,45,106
1771717903.972751,45,45,106
1771717903.9729283,45,45,106
1771717903.9732842,45,45,106
1771717903.976583,45,45,106
1771717903.976773,45,45,106
1771717903.976993,45,45,106
1771717903.9772103,45,45,106
1771717903.9805636,45,45,106
1771717903.980749,45,45,106
1771717903.9809313,45,45,106
1771717903.9811633,45,45,106
1771717903.9816542,45,45,106
1771717903.9848237,45,45,106
1771717903.9850502,45,45,106
1771717903.985227,45,45,106
1771717903.985403,45,45,106
1771717903.9889762,45,45,106
1771717903.9892206,45,45,106
1771717903.9894018,45,45,106
1771717903.9897273,45,45,106
1771717903.9928334,45,45,106
1771717903.9930995,45,45,106
1771717903.9934146,45,45,106
1771717903.9935994,45,45,106
1771717903.9937832,45,45,106
1771717903.9971535,45,45,106
1771717903.9973998,45,45,106
1771717903.9976544,45,45,106
1771717903.9979177,45,45,106
1771717904.0010996,45,45,106
1771717904.0012946,45,45,106
1771717904.0014799,45,45,106
1771717904.0017338,45,45,106
1771717904.0019135,45,45,106
1771717904.005339,45,45,106
1771717904.005534,45,45,106
1771717904.0057166,45,45,106
1771717904.006013,45,45,106
1771717904.009315,45,45,106
1771717904.009505,45,45,106
1771717904.009692,45,45,106
1771717904.0098763,45,45,106
1771717904.0134697,45,45,106
1771717904.0136654,45,45,106
1771717904.0138474,45,45,106
1771717904.0140266,45,45,106
1771717904.0142062,45,45,106
1771717904.0176244,45,45,106
1771717904.0179374,45,45,106
1771717904.0182266,45,45,106
1771717904.0184214,45,45,106
1771717904.0216444,45,45,106
1771717904.021834,45,45,106
1771717904.0220146,45,45,106
1771717904.0222394,45,45,106
1771717904.0256088,45,45,106
1771717904.0258284,45,45,106
1771717904.0260592,45,45,106
1771717904.02627,45,45,106
1771717904.026448,45,45,106
1771717904.0299304,45,45,106
1771717904.0302067,45,45,106
1771717904.030537,45,45,106
1771717904.0308018,45,45,106
1771717904.0338793,45,45,106
1771717904.0340912,45,45,106
1771717904.0343256,45,45,106
1771717904.0345104,45,45,106
1771717904.0346942,45,45,106
1771717904.0380692,45,45,106
1771717904.0383077,45,45,106
1771717904.038496,45,45,106
1771717904.038684,45,45,106
1771717904.042122,45,45,106
1771717904.0423253,45,45,106
1771717904.0425427,45,45,106
1771717904.0427587,45,45,106
1771717904.0461526,45,45,106
1771717904.0463479,45,45,106
1771717904.04653,45,45,106
1771717904.0467448,45,45,106
1771717904.0469248,45,45,106
1771717904.0503402,45,45,106
1771717904.0505319,45,45,106
1771717904.050753,45,45,106
1771717904.0509343,45,45,106
1771717904.0544782,45,45,106
1771717904.0548284,45,45,106
1771717904.0550492,45,45,106
1771717904.055406,45,45,106
1771717904.058405,45,45,106
1771717904.0587387,45,45,106
1771717904.0589645,45,45,106
1771717904.059228,45,45,106
1771717904.0597055,45,45,106
1771717904.0629854,45,45,106
1771717904.0644546,45,45,106
1771717904.0646687,45,45,106
1771717904.064899,45,45,106
1771717904.0667868,45,45,106
1771717904.067015,45,45,106
1771717904.0672343,45,45,106
1771717904.0674152,45,45,0
1771717904.067648,45,45,0
1771717904.0708811,45,45,0
1771717904.0710523,45,45,0
1771717904.071226,45,45,0
1771717904.071385,45,45,0
1771717904.0715399,45,45,0
1771717904.0748518,45,45,0
1771717904.0750325,45,45,0
1771717904.0752866,45,45,0
1771717904.075536,45,45,0
1771717904.075765,45,45,0
1771717904.0759854,45,45,0
1771717904.0790162,45,45,0
1771717904.0791812,45,45,0
1771717904.0793343,45,45,0
1771717904.0794866,45,45,0
1771717904.079637,45,45,0
1771717904.083229,45,45,0
1771717904.0835578,45,45,0
1771717904.0839365,45,45,0
1771717904.0843875,45,45,0
1771717904.0845768,45,45,0
1771717904.0871224,45,45,0
1771717904.0873313,45,45,0
1771717904.0874953,45,45,0
1771717904.0876532,45,45,0
1771717904.0878134,45,45,0
1771717904.0879753,45,45,0
1771717904.0915527,45,45,0
1771717904.09192,45,45,0
1771717904.092173,45,45,0
1771717904.0924888,45,45,0
1771717904.092739,45,45,0
1771717904.0954986,45,43,255
1771717904.0958703,45,43,15
1771717904.0961437,45,43,15
1771717904.096414,45,43,15
1771717904.09673,45,43,15
1771717904.099652,45,43,15
1771717904.0999947,45,43,15
1771717904.1001804,45,43,15
1771717904.1003647,45,43,15
1771717904.1005306,45,43,15
1771717904.1036055,45,43,15
1771717904.1038172,45,43,15
1771717904.1041126,45,43,15
1771717904.1043699,45,43,15
1771717904.1079159,45,43,15
1771717904.1081583,45,43,15
1771717904.1083338,45,43,15
1771717904.108508,45,43,15
1771717904.1086771,45,43,15
1771717904.111677,45,43,15
1771717904.1118824,45,43,15
1771717904.1121209,45,43,15
1771717904.112414,45,43,15
1771717904.1127067,45,43,15
1771717904.1158268,45,43,15
1771717904.1160073,45,43,15
1771717904.1161804,45,43,15
1771717904.1163518,45,43,15
1771717904.1165679,45,43,15
1771717904.1202002,45,43,15
1771717904.1205068,45,43,15
1771717904.1208856,45,43,15
1771717904.121129,45,43,15
1771717904.121307,45,43,15
1771717904.124194,45,43,15
1771717904.124378,45,43,15
1771717904.124547,45,43,15
1771717904.1247125,45,43,15
1771717904.1279945,45,43,15
1771717904.1282117,45,43,15
1771717904.1283832,45,43,15
1771717904.1285496,45,43,15
1771717904.1287649,45,43,15
1771717904.132101,45,43,15
1771717904.132269,45,43,15
1771717904.1325004,45,43,15
1771717904.1327991,45,43,15
1771717904.133098,45,43,15
1771717904.1363013,45,42,255
1771717904.136518,45,42,31
1771717904.1366866,45,42,31
1771717904.136855,45,42,31
1771717904.137018,45,42,31
1771717904.1405404,45,42,31
1771717904.140789,45,42,31
1771717904.1410666,45,42,31
1771717904.1412687,45,42,31
1771717904.141572,45,42,31
1771717904.1445384,45,42,31
1771717904.1447065,45,42,31
1771717904.1448674,45,42,31
1771717904.1450262,45,42,31
1771717904.148566,45,42,31
1771717904.1488898,45,42,31
1771717904.1491728,45,42,31
1771717904.1494162,45,42,31
1771717904.1495762,45,42,31
1771717904.1527388,45,42,31
1771717904.1529624,45,42,31
1771717904.1531358,45,42,31
1771717904.153305,45,42,31
1771717904.1536045,45,42,31
1771717904.1568086,45,42,31
1771717904.1569922,45,42,31
1771717904.1572413,45,42,32
1771717904.1574123,45,42,32
1771717904.1576288,45,42,32
1771717904.1608586,45,42,32
1771717904.1610365,45,42,32
1771717904.161299,45,42,32
1771717904.1615953,45,42,32
1771717904.161889,45,42,32
1771717904.1650233,45,42,32
1771717904.1652548,45,42,32
1771717904.1654193,45,42,32
1771717904.16558,45,42,32
1771717904.169008,45,42,32
1771717904.1695383,45,42,32
1771717904.1697953,45,42,32
1771717904.1699672,45,42,32
1771717904.1701362,45,42,32
1771717904.1731546,45,42,32
1771717904.173369,45,42,32
1771717904.1735425,45,42,32
1771717904.1737065,45,42,32
1771717904.1738715,45,42,32
1771717904.177278,45,42,32
1771717904.1776502,45,42,32
1771717904.1779327,45,42,32
1771717904.1780949,45,42,32
1771717904.1782598,45,42,33
1771717904.1815524,45,42,33
1771717904.1819673,45,42,33
1771717904.1823075,45,42,33
1771717904.182605,45,42,33
1771717904.1828358,45,42,33
1771717904.1856022,45,40,33
1771717904.1858876,45,40,255
1771717904.1860695,45,40,48
1771717904.1862357,45,40,48
1771717904.1894948,45,40,48
1771717904.18972,45,40,48
1771717904.1898854,45,40,48
1771717904.1900938,45,40,48
1771717904.1902575,45,40,48
1771717904.1936028,45,40,48
1771717904.193778,45,40,48
1771717904.1939876,45,40,48
1771717904.1942406,45,40,49
1771717904.1945498,45,40,49
1771717904.1977532,45,40,49
1771717904.198014,45,40,49
1771717904.1982665,45,40,49
1771717904.1985576,45,40,49
1771717904.198823,45,40,49
1771717904.2018788,45,40,49
1771717904.202087,45,40,49
1771717904.202267,45,40,49
1771717904.2024827,45,40,49
1771717904.2026563,45,40,49
1771717904.2059658,45,40,49
1771717904.2061346,45,40,49
1771717904.2062957,45,40,49
1771717904.206486,45,40,49
1771717904.2098927,45,40,49
1771717904.2100687,45,40,49
1771717904.2102363,45,40,50
1771717904.2104979,45,40,50
1771717904.2107787,45,40,50
1771717904.2141113,45,40,50
1771717904.2142897,45,40,50
1771717904.2144578,45,40,50
1771717904.2146275,45,40,50
1771717904.2148776,45,40,50
1771717904.218212,45,40,50
1771717904.2184253,45,40,50
1771717904.2185934,45,40,50
1771717904.218758,45,40,50
1771717904.2189243,45,40,50
1771717904.2223306,45,40,50
1771717904.222556,45,40,50
1771717904.2227328,45,40,50
1771717904.2228951,45,40,51
1771717904.2230577,45,40,51
1771717904.2265494,45,40,51
1771717904.2269506,45,40,51
1771717904.2271838,45,40,51
1771717904.227353,45,40,51
1771717904.2275188,45,40,51
1771717904.234632,45,40,51
1771717904.235029,45,40,51
1771717904.2353358,45,40,51
1771717904.2355647,45,40,51
1771717904.2357333,45,40,51
1771717904.235894,45,40,51
1771717904.2360663,45,40,51
1771717904.2362568,45,40,51
1771717904.2364166,45,40,51
1771717904.2386956,45,40,51
1771717904.2389007,45,40,52
1771717904.2391407,45,40,52
1771717904.2393022,45,40,52
1771717904.2394977,45,40,52
1771717904.2428584,45,40,52
1771717904.243077,45,40,52
1771717904.243318,45,40,52
1771717904.243484,45,40,52
1771717904.2437294,45,40,52
1771717904.246923,45,40,52
1771717904.2470937,45,40,52
1771717904.2472537,45,40,52
1771717904.247417,45,40,52
1771717904.2476034,45,40,52
1771717904.2509882,45,40,52
1771717904.2511485,45,40,52
1771717904.2513292,45,40,52
1771717904.2514887,45,40,53
1771717904.254975,45,40,53
1771717904.2553065,45,40,53
1771717904.255477,45,40,53
1771717904.2556422,45,40,53
1771717904.2558057,45,40,53
1771717904.2591515,45,39,255
1771717904.2593832,45,39,68
1771717904.2596142,45,39,68
1771717904.2599142,45,39,68
1771717904.2602112,45,39,68
1771717904.2633014,45,39,68
1771717904.2634752,45,39,68
1771717904.2636778,45,39,68
1771717904.2638695,45,39,69
1771717904.264034,45,39,69
1771717904.2674026,45,39,69
1771717904.2676246,45,39,69
1771717904.2677891,45,39,69
1771717904.267971,45,39,69
1771717904.2681653,45,39,69
1771717904.271586,45,39,69
1771717904.271766,45,39,69
1771717904.271936,45,39,69
1771717904.2720995,45,39,69
1771717904.2755089,45,39,69
1771717904.275801,45,39,69
1771717904.276157,45,39,70
1771717904.2763767,45,39,70
1771717904.2765357,45,39,70
1771717904.2796566,45,39,70
1771717904.279839,45,39,70
1771717904.2800107,45,39,70
1771717904.280178,45,39,70
1771717904.2803876,45,39,70
1771717904.28391,45,39,70
1771717904.2842293,45,39,70
1771717904.2845342,45,39,70
1771717904.2848082,45,39,70
1771717904.2849736,45,39,71
1771717904.2880769,45,39,71
1771717904.2883496,45,39,71
1771717904.2885802,45,39,71
1771717904.2887433,45,39,71
1771717904.288905,45,39,71
1771717904.2920353,45,39,71
1771717904.2922516,45,39,71
1771717904.29268,45,39,71
1771717904.2930527,45,39,71
1771717904.2959678,45,39,71
1771717904.2963467,45,39,71
1771717904.2966049,45,39,71
1771717904.2968986,45,39,72
1771717904.297072,45,39,72
1771717904.3002253,45,39,72
1771717904.300541,45,39,72
1771717904.3009386,45,39,72
1771717904.3013334,45,39,72
1771717904.3016324,45,39,72
1771717904.3043363,45,39,72
1771717904.3047323,45,39,72
1771717904.3050318,45,39,72
1771717904.305219,45,39,72
1771717904.3053863,45,39,72
1771717904.3087118,45,39,72
1771717904.3091807,45,39,73
1771717904.309487,45,39,73
1771717904.3097827,45,39,73
1771717904.3100514,45,39,73
1771717904.3126378,45,39,73
1771717904.3130136,45,39,73
1771717904.313494,45,39,73
1771717904.3138347,45,39,73
1771717904.3164308,45,39,73
1771717904.3168163,45,39,73
1771717904.3170333,45,39,73
1771717904.3172982,45,39,73
1771717904.3175378,45,39,73
1771717904.321269,45,39,74
1771717904.3215435,45,39,74
1771717904.3217216,45,39,74
1771717904.321963,45,39,74
1771717904.322277,45,39,74
1771717904.3247893,45,39,74
1771717904.3250387,45,39,74
1771717904.3252215,45,39,74
1771717904.3254051,45,39,74
1771717904.325585,45,39,74
1771717904.328864,45,39,74
1771717904.3290524,45,39,74
1771717904.3292205,45,39,74
1771717904.3295088,45,39,75
1771717904.3296936,45,39,75
1771717904.333001,45,39,75
1771717904.333215,45,39,75
1771717904.3334107,45,39,75
1771717904.3336577,45,39,75
1771717904.3338568,45,39,75
1771717904.3371878,45,39,75
1771717904.3375983,45,39,75
1771717904.3378894,45,39,75
1771717904.3380635,45,39,75
1771717904.3410723,45,39,75
1771717904.3412848,45,39,75
1771717904.3414826,45,39,76
1771717904.3417337,45,39,76
1771717904.3419008,45,39,76
1771717904.345183,45,39,76
1771717904.3453727,45,39,76
1771717904.3455958,45,39,76
1771717904.3457718,45,39,76
1771717904.3459444,45,39,76
1771717904.3493323,45,39,76
1771717904.34964,45,39,76
1771717904.3499937,45,39,76
1771717904.3503082,45,39,76
1771717904.3506107,45,39,77
1771717904.3535857,45,39,77
1771717904.3539102,45,39,77
1771717904.3544047,45,39,77
1771717904.3549638,45,39,77
1771717904.3553903,45,39,77
1771717904.3579414,45,39,77
1771717904.358367,45,39,77
1771717904.3586934,45,39,77
1771717904.3589258,45,39,77
1771717904.3615518,45,39,77
1771717904.3617976,45,39,77
1771717904.3619719,45,39,77
1771717904.3621411,45,39,78
1771717904.3623145,45,39,78
1771717904.3656707,45,39,78
1771717904.3658519,45,39,78
1771717904.3660192,45,39,78
1771717904.366188,45,39,78
1771717904.3663552,45,39,78
1771717904.3697886,45,39,78
1771717904.370054,45,39,78
1771717904.3702514,45,39,78
1771717904.370453,45,39,78
1771717904.3707101,45,39,78
1771717904.3739176,45,39,78
1771717904.3741133,45,39,79
1771717904.374333,45,39,79
1771717904.3744965,45,39,79
1771717904.3746612,45,39,79
1771717904.3780735,45,39,79
1771717904.378378,45,39,79
1771717904.3786752,45,39,79
1771717904.3790247,45,39,79
1771717904.3819654,45,39,79
1771717904.3824275,45,39,79
1771717904.3827145,45,39,79
1771717904.3829973,45,39,79
1771717904.3832958,45,39,80
1771717904.3862276,45,39,80
1771717904.3865466,45,39,80
1771717904.3868127,45,39,80
1771717904.3870392,45,39,80
1771717904.3872032,45,39,80
1771717904.390383,45,39,80
1771717904.390622,45,39,80
1771717904.3908353,45,39,80
1771717904.39101,45,39,80
1771717904.3911822,45,39,80
1771717904.394497,45,39,80
1771717904.3949296,45,39,80
1771717904.395219,45,39,81
1771717904.3953846,45,39,81
1771717904.3955488,45,39,81
1771717904.398668,45,39,81
1771717904.3990407,45,39,81
1771717904.3993337,45,39,81
1771717904.399619,45,39,81
1771717904.3999047,45,39,81
1771717904.402701,45,39,81
1771717904.4030864,45,39,81
1771717904.4033823,45,39,81
1771717904.4036279,45,39,81
1771717904.4066172,45,39,82
1771717904.4067996,45,39,82
1771717904.407008,45,39,82
1771717904.4071746,45,39,82
1771717904.4074638,45,39,82
1771717904.4108753,45,39,82
1771717904.4111803,45,39,82
1771717904.4115338,45,39,82
1771717904.411817,45,39,82
1771717904.4120781,45,39,82
1771717904.415227,45,39,82
1771717904.4154115,45,39,82
1771717904.4156888,45,39,82
1771717904.4161499,45,39,83
1771717904.416467,45,39,83
1771717904.4189947,45,39,83
1771717904.419174,45,39,83
1771717904.419534,45,39,83
1771717904.419824,45,39,83
1771717904.4201138,45,39,83
1771717904.4231772,45,39,83
1771717904.4235075,45,39,83
1771717904.4237676,45,39,83
1771717904.4239833,45,39,83
1771717904.4270046,45,39,83
1771717904.42731,45,39,83
1771717904.4275138,45,39,84
1771717904.4276962,45,39,84
1771717904.427867,45,39,84
1771717904.4312673,45,39,84
1771717904.4317293,45,39,84
1771717904.4321332,45,39,84
1771717904.4324872,45,39,84
1771717904.4327798,45,39,84
1771717904.4354358,45,39,84
1771717904.4357555,45,39,84
1771717904.436028,45,39,84
1771717904.4362228,45,39,84
1771717904.436384,45,39,84
1771717904.4395227,45,39,85
1771717904.4396994,45,39,85
1771717904.4399035,45,39,85
1771717904.4400644,45,39,85
1771717904.4402263,45,39,85
1771717904.4437482,45,39,85
1771717904.4440694,45,39,85
1771717904.4444194,45,39,85
1771717904.4445825,45,39,85
1771717904.4475338,45,39,85
1771717904.447918,45,39,85
1771717904.4481328,45,39,85
1771717904.4482954,45,39,85
1771717904.4484997,45,39,86
1771717904.451809,45,39,86
1771717904.4521327,45,39,86
1771717904.4524362,45,39,86
1771717904.4527345,45,39,86
1771717904.4529233,45,39,86
1771717904.4558423,45,39,86
1771717904.4560785,45,39,86
1771717904.4562986,45,39,86
1771717904.456468,45,39,86
1771717904.4566286,45,39,86
1771717904.459868,45,39,86
1771717904.4601707,45,39,86
1771717904.4605227,45,39,87
1771717904.460809,45,39,87
1771717904.4610918,45,39,87
1771717904.4641294,45,39,87
1771717904.464492,45,39,87
1771717904.4647753,45,39,87
1771717904.4649386,45,39,87
1771717904.4650996,45,39,87
1771717904.4682746,45,39,87
1771717904.4684982,45,39,87
1771717904.4686692,45,39,87
1771717904.46883,45,39,87
1771717904.4721394,45,39,88
1771717904.4723454,45,39,88
1771717904.4726274,45,39,88
1771717904.4727948,45,39,88
1771717904.472961,45,39,88
1771717904.4763548,45,39,88
1771717904.4766746,45,39,88
1771717904.476991,45,39,88
1771717904.4773571,45,39,88
1771717904.4777784,45,39,88
1771717904.4803843,45,39,88
1771717904.4806924,45,39,88
1771717904.4810648,45,39,88
1771717904.4814067,45,39,89
1771717904.4816368,45,39,89
1771717904.484664,45,39,89
1771717904.485049,45,39,89
1771717904.4852839,45,39,89
1771717904.4854615,45,39,89
1771717904.4856217,45,39,89
1771717904.4888456,45,39,89
1771717904.4890254,45,39,89
1771717904.4891958,45,39,89
1771717904.4894156,45,39,89
1771717904.4925473,45,39,89
1771717904.4929304,45,39,89
1771717904.493236,45,39,90
1771717904.493734,45,39,90
1771717904.4939845,45,39,90
1771717904.4966748,45,39,90
1771717904.4968507,45,39,90
1771717904.497014,45,39,90
1771717904.497179,45,39,90
1771717904.4973588,45,39,90
1771717904.5008075,45,39,90
1771717904.501148,45,39,90
1771717904.5014307,45,39,90
1771717904.5017145,45,39,90
1771717904.5020425,45,39,91
1771717904.5052586,45,39,91
1771717904.5056274,45,39,91
1771717904.5057967,45,39,91
1771717904.5059583,45,39,91
1771717904.5061195,45,39,91
1771717904.5091496,45,39,91
1771717904.5095398,45,39,91
1771717904.509719,45,39,91
1771717904.5099134,45,39,91
1771717904.5130978,45,39,91
1771717904.5135558,45,39,91
1771717904.5138588,45,39,91
1771717904.5141854,45,39,92
1771717904.5143507,45,39,92
1771717904.5173535,45,39,92
1771717904.517662,45,39,92
1771717904.5179508,45,39,92
1771717904.5182366,45,39,92
1771717904.5185208,45,39,92
1771717904.5215209,45,39,92
1771717904.5218596,45,39,92
1771717904.5222528,45,39,92
1771717904.5225227,45,39,92
1771717904.5227091,45,39,92
1771717904.5255585,45,39,93
1771717904.5257354,45,39,93
1771717904.5259004,45,39,93
1771717904.5260625,45,39,93
1771717904.526227,45,39,93
1771717904.5295384,45,39,93
1771717904.5297997,45,39,93
1771717904.5301554,45,39,93
1771717904.5304513,45,39,93
1771717904.5307486,45,39,93
1771717904.5336313,45,39,93
1771717904.5337996,45,39,93
1771717904.5339625,45,39,93
1771717904.5341332,45,39,94
1771717904.5377288,45,39,94
1771717904.5381322,45,39,94
1771717904.5384293,45,39,94
1771717904.5387235,45,39,94
1771717904.5391307,45,39,94
1771717904.5417774,45,39,94
1771717904.5419543,45,39,94
1771717904.5421176,45,39,94
1771717904.5423155,45,39,94
1771717904.5424771,45,39,94
1771717904.5458956,45,39,94
1771717904.5461025,45,39,94
1771717904.5463383,45,39,95
1771717904.5465205,45,39,95
1771717904.5466862,45,39,95
1771717904.5500994,45,39,95
1771717904.5503972,45,39,95
1771717904.550692,45,39,95
1771717904.551037,45,39,95
1771717904.5512745,45,39,95
1771717904.5544808,45,39,95
1771717904.5548615,45,39,95
1771717904.5550928,45,39,95
1771717904.555407,45,39,95
1771717904.5581145,45,39,95
1771717904.55853,45,39,96
1771717904.5588202,45,39,96
1771717904.559079,45,39,96
1771717904.5592911,45,39,96
1771717904.5622556,45,39,96
1771717904.5624409,45,39,96
1771717904.5626123,45,39,96
1771717904.5627835,45,39,96
1771717904.5630174,45,39,96
1771717904.5663881,45,39,96
1771717904.5666022,45,39,96
1771717904.566804,45,39,96
1771717904.5670087,45,39,96
1771717904.5673342,45,39,97
1771717904.570506,45,39,97
1771717904.5708046,45,39,97
1771717904.5709796,45,39,97
1771717904.5711522,45,39,97
1771717904.571322,45,39,97
1771717904.5747206,45,39,97
1771717904.5749042,45,39,97
1771717904.5750713,45,39,97
1771717904.575253,45,39,97
1771717904.5785372,45,39,97
1771717904.578849,45,39,97
1771717904.5792167,45,39,97
1771717904.5795054,45,39,98
1771717904.5797915,45,39,98
1771717904.5828059,45,39,98
1771717904.5831864,45,39,98
1771717904.5834816,45,39,98
1771717904.583683,45,39,98
1771717904.583848,45,39,98
1771717904.5870173,45,39,98
1771717904.587437,45,39,98
1771717904.588065,45,39,98
1771717904.5885258,45,39,98
1771717904.5888493,45,39,98
1771717904.5911136,45,39,99
1771717904.5915189,45,39,99
1771717904.5918245,45,39,99
1771717904.5920682,45,39,99
1771717904.5922313,45,39,99
1771717904.5952675,45,39,99
1771717904.5956619,45,39,99
1771717904.5959587,45,39,99
1771717904.5962496,45,39,99
1771717904.59654,45,39,99
1771717904.5991652,45,39,99
1771717904.5995417,45,39,99
1771717904.5998654,45,39,99
1771717904.600197,45,39,100
1771717904.6035488,45,39,100
1771717904.6043205,45,39,100
1771717904.6046178,45,39,100
1771717904.6049654,45,39,100
1771717904.605238,45,39,100
1771717904.6073546,45,39,100
1771717904.6075356,45,39,100
1771717904.607711,45,39,100
1771717904.6079092,45,39,100
1771717904.6115184,45,39,100
1771717904.611714,45,39,101
1771717904.6118982,45,39,101
1771717904.6121204,45,39,101
1771717904.6154375,45,39,101
1771717904.6156313,45,39,101
1771717904.6158488,45,39,101
1771717904.6162074,45,39,101
1771717904.6165323,45,39,101
1771717904.6196795,45,39,101
1771717904.6198645,45,39,101
1771717904.6200843,45,39,101
1771717904.6202621,45,39,101
1771717904.6237993,45,39,102
1771717904.6241457,45,39,102
1771717904.6244268,45,39,102
1771717904.6246154,45,39,102
1771717904.6277466,45,39,102
1771717904.6281533,45,39,102
1771717904.6284864,45,39,102
1771717904.6288207,45,39,102
1771717904.6292014,45,39,102
1771717904.6321483,45,39,102
1771717904.632494,45,39,102
1771717904.6327763,45,39,102
1771717904.6331034,45,39,103
1771717904.636222,45,39,103
1771717904.636419,45,39,103
1771717904.6365974,45,39,103
1771717904.636776,45,39,103
1771717904.6369927,45,39,103
1771717904.6401381,45,39,103
1771717904.640321,45,39,103
1771717904.6404982,45,39,103
1771717904.640689,45,39,103
1771717904.6443834,45,39,103
1771717904.6447296,45,39,104
1771717904.6451416,45,39,104
1771717904.6454666,45,39,104
1771717904.6482496,45,39,104
1771717904.6486292,45,39,104
1771717904.6490464,45,39,104
1771717904.6493735,45,39,104
1771717904.6496181,45,39,104
1771717904.6526568,45,39,104
1771717904.6530838,45,39,104
1771717904.653262,45,39,104
1771717904.6534379,45,39,105
1771717904.656551,45,39,105
1771717904.6567843,45,39,105
1771717904.6571128,45,39,105
1771717904.6574364,45,39,105
1771717904.660509,45,39,105
1771717904.660978,45,39,105
1771717904.661315,45,39,105
1771717904.6615884,45,39,105
1771717904.6617703,45,39,105
1771717904.6650324,45,39,105
1771717904.6652339,45,39,105
1771717904.6654282,45,39,106
1771717904.6656187,45,39,106
1771717904.6693778,45,39,106
1771717904.6697307,45,39,106
1771717904.6700692,45,39,106
1771717904.6702826,45,39,106
1771717904.670463,45,39,106
1771717904.6728995,45,39,106
1771717904.6731188,45,39,106
1771717904.673302,45,39,106
1771717904.6734836,45,39,106
1771717904.6769836,45,39,106
1771717904.6771936,45,39,107
1771717904.6773784,45,39,107
1771717904.6775599,45,39,107
1771717904.6809742,45,39,107
1771717904.6811626,45,39,107
1771717904.6813421,45,39,107
1771717904.681553,45,39,107
1771717904.6817322,45,39,107
1771717904.6852345,45,39,107
1771717904.6854212,45,39,107
1771717904.6855996,45,39,107
1771717904.685778,45,39,107
1771717904.6892385,45,39,108
1771717904.6894293,45,39,108
1771717904.6896589,45,39,108
1771717904.6898384,45,39,108
1771717904.6932158,45,39,108
1771717904.6935332,45,39,108
1771717904.6938324,45,39,108
1771717904.6940114,45,39,108
1771717904.6941943,45,39,108
1771717904.6976442,45,39,108
1771717904.6980398,45,39,108
1771717904.6984427,45,39,109
1771717904.6986403,45,39,109
1771717904.7014885,45,39,109
1771717904.701718,45,39,109
1771717904.7018967,45,39,109
1771717904.7020774,45,39,109
1771717904.7022545,45,39,109
1771717904.7057426,45,39,109
1771717904.7059333,45,39,109
1771717904.7061152,45,39,109
1771717904.706394,45,39,109
1771717904.7097876,45,39,110
1771717904.7101982,45,39,110
1771717904.7105339,45,39,110
1771717904.710803,45,39,110
1771717904.71515,45,39,110
1771717904.7153544,45,39,110
1771717904.7156045,45,39,110
1771717904.7158213,45,39,110
1771717904.716038,45,39,110
1771717904.7180207,45,39,110
1771717904.718216,45,39,110
1771717904.7184012,45,39,110
1771717904.718585,45,39,111
1771717904.722072,45,39,111
1771717904.7222998,45,39,111
1771717904.7225304,45,39,111
1771717904.7229261,45,39,111
1771717904.7260096,45,39,111
1771717904.7262695,45,39,111
1771717904.7268646,45,39,111
1771717904.7274134,45,39,111
1771717904.7278209,45,39,111
1771717904.7302208,45,39,111
1771717904.7304087,45,39,111
1771717904.730593,45,39,112
1771717904.7308102,45,39,112
1771717904.7343092,45,39,112
1771717904.734591,45,39,112
1771717904.7349017,45,39,112
1771717904.735143,45,39,112
1771717904.735349,45,39,112
1771717904.7384386,45,39,112
1771717904.7386286,45,39,112
1771717904.7388391,45,39,112
1771717904.7390158,45,39,112
1771717904.7425332,45,39,113
1771717904.742787,45,39,113
1771717904.7429807,45,39,113
1771717904.7431817,45,39,113
1771717904.7465873,45,39,113
1771717904.7468138,45,39,113
1771717904.7470036,45,39,113
1771717904.7471893,45,39,113
1771717904.747376,45,39,113
1771717904.7508004,45,39,113
1771717904.7509909,45,39,113
1771717904.7511718,45,39,113
1771717904.7513506,45,39,114
1771717904.754948,45,39,114
1771717904.7553475,45,39,114
1771717904.7556195,45,39,114
1771717904.7559373,45,39,114
1771717904.7587638,45,39,114
1771717904.7590744,45,39,114
1771717904.759298,45,39,114
1771717904.7595174,45,39,114
1771717904.7596977,45,39,114
1771717904.7630787,45,39,114
1771717904.763397,45,39,115
1771717904.7636523,45,39,115
1771717904.7639475,45,39,115
1771717904.7669985,45,39,115
1771717904.767234,45,39,115
1771717904.7675793,45,39,115
1771717904.767981,45,39,115
1771717904.7683094,45,39,115
1771717904.77126,45,39,115
1771717904.771566,45,39,115
1771717904.7718353,45,39,115
1771717904.7720153,45,39,115
1771717904.7752633,45,39,116
1771717904.7754552,45,39,116
1771717904.7756765,45,39,116
1771717904.7758613,45,39,116
1771717904.7792847,45,39,116
1771717904.7794762,45,39,116
1771717904.7797034,45,39,116
1771717904.779884,45,39,116
1771717904.780062,45,39,116
1771717904.783576,45,39,116
1771717904.7837627,45,39,116
1771717904.7840042,45,39,117
1771717904.7843914,45,39,117
1771717904.7875707,45,39,117
1771717904.787874,45,39,117
1771717904.7882278,45,39,117
1771717904.788602,45,39,117
1771717904.791525,45,39,117
1771717904.7918622,45,39,117
1771717904.7921853,45,39,117
1771717904.7924452,45,39,117
1771717904.7927406,45,39,117
1771717904.795722,45,39,117
1771717904.7959127,45,39,118
1771717904.7960937,45,39,118
1771717904.7962759,45,39,118
1771717904.7998466,45,39,118
1771717904.8000786,45,39,118
1771717904.800346,45,39,118
1771717904.8005528,45,39,118
1771717904.800733,45,39,118
1771717904.8043573,45,39,118
1771717904.8045619,45,39,118
1771717904.8048892,45,39,118
1771717904.8051152,45,39,118
1771717904.8080685,45,39,119
1771717904.8082595,45,39,119
1771717904.8084428,45,39,119
1771717904.808624,45,39,119
1771717904.812053,45,39,119
1771717904.8124526,45,39,119
1771717904.8127575,45,39,119
1771717904.8129349,45,39,119
1771717904.8132014,45,39,119
1771717904.816283,45,39,119
1771717904.8165069,45,39,119
1771717904.8167226,45,39,120
1771717904.8169365,45,39,120
1771717904.820752,45,39,120
1771717904.8210847,45,39,120
1771717904.8214943,45,39,120
1771717904.82197,45,39,120
1771717904.8244193,45,39,120
1771717904.8247688,45,39,120
1771717904.8249917,45,39,120
1771717904.8257048,45,40,236
1771717904.8264372,45,40,105
1771717904.8286686,45,40,105
1771717904.8290207,45,40,105
1771717904.8293068,45,40,106
1771717904.829584,45,40,106
1771717904.8325145,45,40,106
1771717904.8327062,45,40,106
1771717904.832893,45,40,106
1771717904.8330772,45,40,106
1771717904.8332982,45,40,106
1771717904.836927,45,40,106
1771717904.8371687,45,40,106
1771717904.8375683,45,40,106
1771717904.8379457,45,40,106
1771717904.8409421,45,40,106
1771717904.8411741,45,40,106
1771717904.8414476,45,40,106
1771717904.8416464,45,40,106
1771717904.8448458,45,40,106
1771717904.8450882,45,40,107
1771717904.845295,45,40,107
1771717904.8455145,45,40,107
1771717904.8457592,45,40,107
1771717904.8494155,45,40,107
1771717904.849951,45,40,107
1771717904.8503766,45,40,107
1771717904.850641,45,40,107
1771717904.8530624,45,40,107
1771717904.8532562,45,40,107
1771717904.8534787,45,40,107
1771717904.853669,45,40,107
1771717904.8570962,45,40,107
1771717904.8573737,45,40,107
1771717904.8577433,45,40,107
1771717904.8580184,45,40,108
1771717904.8583,45,40,108
1771717904.8613043,45,40,108
1771717904.8615644,45,40,108
1771717904.861756,45,40,108
1771717904.8619432,45,40,108
1771717904.8653524,45,40,108
1771717904.8655574,45,40,108
1771717904.8657656,45,40,108
1771717904.8659472,45,40,108
1771717904.8662946,45,40,108
1771717904.8695314,45,40,108
1771717904.869719,45,40,108
1771717904.869913,45,40,108
1771717904.8700912,45,40,108
1771717904.873714,45,40,108
1771717904.8739133,45,40,109
1771717904.8740966,45,40,109
1771717904.8743236,45,40,109
1771717904.877596,45,40,109
1771717904.8777997,45,40,109
1771717904.8779874,45,40,109
1771717904.87822,45,40,109
1771717904.8785567,45,40,109
1771717904.881795,45,40,109
1771717904.8821135,45,40,109
1771717904.8824341,45,40,109
1771717904.8826196,45,40,109
1771717904.8858693,45,40,109
1771717904.8861325,45,40,109
1771717904.886526,45,40,109
1771717904.8868403,45,40,110
1771717904.8898258,45,40,110
1771717904.8901124,45,40,110
1771717904.8902996,45,40,110
1771717904.8904803,45,40,110
1771717904.8907137,45,40,110
1771717904.8941262,45,40,110
1771717904.8943882,45,40,110
1771717904.8945773,45,40,110
1771717904.8947606,45,40,110
1771717904.898333,45,40,110
1771717904.8989358,45,40,110
1771717904.8993213,45,40,110
1771717904.8996809,45,40,110
1771717904.8999162,45,40,110
1771717904.9026756,45,40,111
1771717904.902958,45,40,111
1771717904.90328,45,40,111
1771717904.9035733,45,40,111
1771717904.9064147,45,40,111
1771717904.9066155,45,40,111
1771717904.9068127,45,40,111
1771717904.9071364,45,40,111
1771717904.9104273,45,40,111
1771717904.9106252,45,40,111
1771717904.9108465,45,40,111
1771717904.9110727,45,40,111
1771717904.9112575,45,40,111
1771717904.9149115,45,40,111
1771717904.915172,45,40,111
1771717904.915446,45,40,111
1771717904.9156814,45,40,112
1771717904.9186833,45,40,112
1771717904.9191988,45,40,112
1771717904.9195213,45,40,112
1771717904.9197028,45,40,112
1771717904.9226089,45,40,112
1771717904.9230013,45,40,112
1771717904.9232647,45,40,112
1771717904.9236422,45,40,112
1771717904.9239364,45,40,112
1771717904.92683,45,40,112
1771717904.9270263,45,40,112
1771717904.9272115,45,40,112
1771717904.927477,45,40,112
1771717904.9309294,45,40,112
1771717904.9311814,45,40,113
1771717904.9313617,45,40,113
1771717904.9315798,45,40,113
1771717904.9317732,45,40,113
1771717904.9350321,45,40,113
1771717904.9352436,45,40,113
1771717904.935424,45,40,113
1771717904.9356272,45,40,113
1771717904.9391255,45,40,113
1771717904.9393377,45,40,113
1771717904.939662,45,40,113
1771717904.9398556,45,40,113
1771717904.9431903,45,40,113
1771717904.9437537,45,40,113
1771717904.9441311,45,40,113
1771717904.9443252,45,40,113
1771717904.9445875,45,40,114
1771717904.9473262,45,40,114
1771717904.9475229,45,40,114
1771717904.9477625,45,40,114
1771717904.9479792,45,40,114
1771717904.9514966,45,40,114
1771717904.9520288,45,40,114
1771717904.9522598,45,40,114
1771717904.9524462,45,40,114
1771717904.955381,45,40,114
1771717904.9556675,45,40,114
1771717904.9558527,45,40,114
1771717904.9560337,45,40,114
1771717904.9562125,45,40,114
1771717904.9597554,45,40,114
1771717904.9600825,45,40,115
1771717904.9603028,45,40,115
1771717904.9605498,45,40,115
1771717904.9636967,45,40,115
1771717904.9638991,45,40,115
1771717904.9641554,45,40,115
1771717904.9645522,45,40,115
1771717904.9649825,45,40,115
1771717904.96779,45,40,115
1771717904.9679754,45,40,115
1771717904.9681528,45,40,115
1771717904.968356,45,40,115
1771717904.9719238,45,40,115
1771717904.9721801,45,40,115
1771717904.972436,45,40,115
1771717904.972675,45,40,116
1771717904.9759047,45,40,116
1771717904.9761326,45,40,116
1771717904.9763532,45,40,116
1771717904.976569,45,40,116
1771717904.9767814,45,40,116
1771717904.9802368,45,40,116
1771717904.9805305,45,40,116
1771717904.9808083,45,40,116
1771717904.9810433,45,40,116
1771717904.9842403,45,40,116
1771717904.98459,45,40,116
1771717904.984782,45,40,116
1771717904.9849646,45,40,116
1771717904.988118,45,40,116
1771717904.9884722,45,40,116
1771717904.9887128,45,40,117
1771717904.9890018,45,40,117
1771717904.9891822,45,40,117
1771717904.9923658,45,40,117
1771717904.9926093,45,40,117
1771717904.9929402,45,40,117
1771717904.9931536,45,40,117
1771717904.996467,45,40,117
1771717904.996663,45,40,117
1771717904.996849,45,40,117
1771717904.997031,45,40,117
1771717904.9972131,45,40,117
1771717905.0005515,45,40,117
1771717905.0007436,45,40,117
1771717905.0009282,45,40,117
1771717905.0012565,45,40,118
1771717905.0046718,45,40,118
1771717905.0048945,45,40,118
1771717905.0051658,45,40,118
1771717905.0053992,45,40,118
1771717905.0086606,45,40,118
1771717905.0088987,45,40,118
1771717905.0091333,45,40,118
1771717905.0093935,45,40,118
1771717905.009628,45,40,118
1771717905.01287,45,40,118
1771717905.0131547,45,40,118
1771717905.013491,45,40,118
1771717905.0138268,45,40,118
1771717905.0169206,45,40,118
1771717905.0172284,45,40,118
1771717905.0174346,45,40,119
1771717905.017621,45,40,119
1771717905.0208914,45,40,119
1771717905.021445,45,40,119
1771717905.021791,45,40,119
1771717905.0220418,45,40,119
1771717905.0223124,45,40,119
1771717905.0252132,45,40,119
1771717905.025555,45,40,119
1771717905.0258417,45,40,119
1771717905.026104,45,40,119
1771717905.0291982,45,40,119
1771717905.0293965,45,40,119
1771717905.0296373,45,40,119
1771717905.029824,45,40,119
1771717905.0300095,45,40,120
1771717905.033341,45,40,120
1771717905.0335298,45,40,120
1771717905.0337098,45,40,120
1771717905.033889,45,40,120
1771717905.037655,45,40,120
1771717905.0379188,45,40,120
1771717905.0382187,45,40,120
1771717905.038542,45,40,120
1771717905.0414252,45,40,120
1771717905.0416176,45,40,120
1771717905.0417955,45,40,120
1771717905.0420387,45,40,120
1771717905.0422144,45,40,120
1771717905.0457497,45,40,120
1771717905.046027,45,40,120
1771717905.0462368,45,40,121
1771717905.0464184,45,40,121
1771717905.0497122,45,40,121
1771717905.0501096,45,40,121
1771717905.0503943,45,40,121
1771717905.0505748,45,40,121
1771717905.0536544,45,40,121
1771717905.0539918,45,40,121
1771717905.054397,45,40,121
1771717905.05467,45,40,121
1771717905.0549512,45,40,121
1771717905.05796,45,40,121
1771717905.0581532,45,40,121
1771717905.058336,45,40,121
1771717905.0585678,45,40,121
1771717905.0619247,45,40,122
1771717905.0621557,45,40,122
1771717905.062341,45,40,122
1771717905.062526,45,40,122
1771717905.0627234,45,40,122
1771717905.066883,45,40,122
1771717905.0672233,45,40,122
1771717905.0674076,45,40,122
1771717905.067625,45,40,122
1771717905.0702982,45,40,122
1771717905.0709667,45,40,122
1771717905.0712132,45,40,122
1771717905.0714684,45,40,122
1771717905.0742545,45,40,122
1771717905.0745046,45,40,122
1771717905.074767,45,40,123
1771717905.0750463,45,40,123
1771717905.075322,45,40,123
1771717905.078363,45,40,123
1771717905.0785532,45,40,123
1771717905.0787401,45,40,123
1771717905.0789292,45,40,123
1771717905.082453,45,40,123
1771717905.0826433,45,40,123
1771717905.0828729,45,40,123
1771717905.0832434,45,40,123
1771717905.0866168,45,40,123
1771717905.0869648,45,40,123
1771717905.087196,45,40,123
1771717905.0876403,45,40,123
1771717905.0884042,45,40,123
1771717905.0906775,45,40,124
1771717905.0909333,45,40,124
1771717905.091119,45,40,124
1771717905.0913026,45,40,124
1771717905.0947025,45,40,124
1771717905.0949333,45,40,124
1771717905.0952315,45,40,124
1771717905.095552,45,40,124
1771717905.0958517,45,40,124
1771717905.0988884,45,40,124
1771717905.0990744,45,40,124
1771717905.099257,45,40,124
1771717905.0994396,45,40,124
1771717905.1030002,45,40,124
1771717905.1033187,45,40,124
1771717905.1036665,45,40,125
1771717905.1042438,45,40,125
1771717905.1069593,45,40,125
1771717905.1071768,45,40,125
1771717905.1073637,45,40,125
1771717905.107593,45,40,125
1771717905.107775,45,40,125
1771717905.1111493,45,40,125
1771717905.111402,45,40,125
1771717905.111584,45,40,125
1771717905.11176,45,40,125
1771717905.1152046,45,40,125
1771717905.1154284,45,40,125
1771717905.1156151,45,40,125
1771717905.1157897,45,40,125
1771717905.119177,45,40,125
1771717905.1193957,45,40,126
1771717905.119578,45,40,126
1771717905.1197755,45,40,126
1771717905.119984,45,40,126
1771717905.1234853,45,40,126
1771717905.1236956,45,40,126
1771717905.1240075,45,40,126
1771717905.1243017,45,40,126
1771717905.1274369,45,40,126
1771717905.1276777,45,40,126
1771717905.1278594,45,40,126
1771717905.128039,45,40,126
1771717905.1282203,45,40,126
1771717905.1316588,45,40,126
1771717905.131882,45,40,126
1771717905.1320581,45,40,127
1771717905.132259,45,40,127
1771717905.1357079,45,40,127
1771717905.135936,45,40,127
1771717905.1361165,45,40,127
1771717905.1362963,45,40,127
1771717905.1397216,45,40,127
1771717905.1399388,45,40,127
1771717905.1401148,45,40,127
1771717905.1402886,45,40,127
1771717905.1404612,45,40,127
1771717905.1449614,45,40,127
1771717905.1452353,45,40,127
1771717905.1454308,45,40,127
1771717905.1456065,45,40,127
1771717905.1479628,45,40,127
1771717905.148148,45,40,128
1771717905.1483622,45,40,128
1771717905.1485374,45,40,128
1771717905.15196,45,40,128
1771717905.1521513,45,40,128
1771717905.1523383,45,40,128
1771717905.152582,45,40,128
1771717905.1527908,45,40,128
1771717905.1561832,45,40,128
1771717905.1564088,45,40,128
1771717905.1565871,45,40,128
1771717905.1567612,45,40,128
1771717905.1601942,45,40,128
1771717905.160406,45,40,128
1771717905.1606495,45,40,128
1771717905.1608348,45,40,129
1771717905.161011,45,40,129
1771717905.1643867,45,40,129
1771717905.164595,45,40,129
1771717905.1647723,45,40,129
1771717905.1649683,45,40,129
1771717905.1684594,45,40,129
1771717905.1686735,45,40,129
1771717905.1689298,45,40,129
1771717905.1691372,45,40,129
1771717905.1724887,45,40,129
1771717905.1726732,45,40,129
1771717905.1729121,45,40,129
1771717905.1730945,45,40,129
1771717905.1732755,45,40,129
1771717905.1769397,45,40,130
1771717905.1773098,45,40,130
1771717905.177551,45,40,130
1771717905.1779208,45,40,130
1771717905.1807292,45,40,130
1771717905.1809251,45,40,130
1771717905.1811073,45,40,130
1771717905.181311,45,40,130
1771717905.184766,45,40,130
1771717905.184955,45,40,130
1771717905.1851325,45,40,130
1771717905.1853101,45,40,130
1771717905.185491,45,40,130
1771717905.1889303,45,40,130
1771717905.1891139,45,40,130
1771717905.18929,45,40,130
1771717905.1894646,45,40,131
1771717905.193095,45,40,131
1771717905.1933837,45,40,131
1771717905.1935756,45,40,131
1771717905.1937664,45,40,131
1771717905.1939538,45,40,131
1771717905.197152,45,40,131
1771717905.1973486,45,40,131
1771717905.1975434,45,40,131
1771717905.1977208,45,40,131
1771717905.2011714,45,40,131
1771717905.201357,45,40,131
1771717905.2015412,45,40,131
1771717905.2017245,45,40,131
1771717905.2052531,45,40,131
1771717905.2055202,45,40,132
1771717905.205799,45,40,132
1771717905.20607,45,40,132
1771717905.2063904,45,40,132
1771717905.2096224,45,40,132
1771717905.2098157,45,40,132
1771717905.2099955,45,40,132
1771717905.2102315,45,40,132
1771717905.2135189,45,40,132
1771717905.213718,45,40,132
1771717905.2139056,45,40,132
1771717905.2141287,45,40,132
1771717905.2175665,45,40,132
1771717905.2177608,45,40,132
1771717905.2179475,45,40,132
1771717905.218129,45,40,132
1771717905.2183495,45,40,133
1771717905.2218413,45,40,133
1771717905.2220755,45,40,133
1771717905.2222974,45,40,133
1771717905.2224755,45,40,133
1771717905.2257373,45,40,133
1771717905.225961,45,40,133
1771717905.2261386,45,40,133
1771717905.2263272,45,40,133
1771717905.226537,45,40,133
1771717905.229945,45,40,133
1771717905.2301226,45,40,133
1771717905.230297,45,40,133
1771717905.23047,45,40,133
1771717905.2339737,45,40,133
1771717905.2341888,45,40,134
1771717905.2343678,45,40,134
1771717905.2345474,45,42,222
1771717905.238034,45,42,119
1771717905.238272,45,42,119
1771717905.2384543,45,42,119
1771717905.2386339,45,42,119
1771717905.2388172,45,42,119
1771717905.242244,45,42,119
1771717905.2424364,45,42,119
1771717905.2426186,45,42,119
1771717905.2428513,45,42,119
1771717905.2463408,45,42,119
1771717905.2466824,45,42,119
1771717905.2470207,45,42,119
1771717905.2472494,45,42,119
1771717905.250411,45,42,119
1771717905.2507691,45,42,119
1771717905.251099,45,42,119
1771717905.251423,45,42,119
1771717905.251746,45,42,119
1771717905.2546477,45,42,119
1771717905.2550437,45,42,120
1771717905.2552583,45,42,120
1771717905.2554734,45,42,120
1771717905.2587416,45,42,120
1771717905.259157,45,42,120
1771717905.2594867,45,42,120
1771717905.2598374,45,42,120
1771717905.2602112,45,42,120
1771717905.2626805,45,42,120
1771717905.2630363,45,42,120
1771717905.263512,45,42,120
1771717905.2638798,45,42,120
1771717905.2668772,45,42,120
1771717905.2672064,45,42,120
1771717905.2675931,45,42,120
1771717905.2677672,45,42,120
1771717905.2708917,45,42,120
1771717905.2712553,45,42,120
1771717905.271572,45,42,120
1771717905.27179,45,42,120
1771717905.272082,45,42,120
1771717905.2751658,45,42,120
1771717905.2755313,45,42,120
1771717905.2758222,45,42,120
1771717905.2761059,45,42,121
1771717905.2791934,45,42,121
1771717905.2794926,45,42,121
1771717905.2797732,45,42,121
1771717905.2800508,45,42,121
1771717905.2831733,45,42,121
1771717905.283488,45,42,121
1771717905.2838335,45,42,121
1771717905.2840886,45,42,121
1771717905.2843535,45,42,121
1771717905.2877324,45,42,121
1771717905.2879515,45,42,121
1771717905.2881904,45,42,121
1771717905.288482,45,42,121
1771717905.2913418,45,42,121
1771717905.2916243,45,42,121
1771717905.2919197,45,42,121
1771717905.29226,45,42,121
1771717905.292555,45,42,121
1771717905.2956595,45,42,121
1771717905.2960145,45,42,121
1771717905.2963414,45,42,121
1771717905.2966459,45,42,122
1771717905.2997792,45,42,122
1771717905.300094,45,42,122
1771717905.3005283,45,42,122
1771717905.301578,45,42,122
1771717905.3037846,45,42,122
1771717905.3041356,45,42,122
1771717905.3044457,45,42,122
1771717905.3047874,45,42,122
1771717905.3050804,45,42,122
1771717905.3078835,45,42,122
1771717905.3080785,45,42,122
1771717905.3082645,45,42,122
1771717905.3084593,45,42,122
1771717905.311828,45,42,122
1771717905.3120158,45,42,122
1771717905.3121943,45,42,122
1771717905.3124096,45,42,122
1771717905.3158636,45,42,122
1771717905.3162062,45,42,122
1771717905.316528,45,42,122
1771717905.3167412,45,42,122
1771717905.3169305,45,42,122
1771717905.320011,45,42,122
1771717905.3202543,45,42,123
1771717905.320532,45,42,123
1771717905.3208387,45,42,123
1771717905.324274,45,42,123
1771717905.3244746,45,42,123
1771717905.3246677,45,42,123
1771717905.3248496,45,42,123
1771717905.3250303,45,42,123
1771717905.3283467,45,42,123
1771717905.3286912,45,42,123
1771717905.3288808,45,42,123
1771717905.3290648,45,42,123
1771717905.3324246,45,42,123
1771717905.3326244,45,42,123
1771717905.3328593,45,42,123
1771717905.333045,45,42,123
1771717905.3363326,45,42,123
1771717905.3365853,45,42,123
1771717905.3367743,45,42,123
1771717905.3369634,45,42,123
1771717905.3371484,45,42,123
1771717905.3405495,45,42,123
1771717905.3407419,45,42,124
1771717905.3410287,45,42,124
1771717905.3413491,45,43,232
1771717905.3447225,45,43,109
1771717905.34506,45,43,109
1771717905.3453841,45,43,109
1771717905.3456583,45,43,109
1771717905.348771,45,43,109
1771717905.3491292,45,43,109
1771717905.349434,45,43,109
1771717905.3496823,45,43,109
1771717905.3499923,45,43,109
1771717905.3527918,45,43,109
1771717905.352994,45,43,109
1771717905.353187,45,43,109
1771717905.353376,45,43,109
1771717905.3568268,45,43,109
1771717905.3570511,45,43,109
1771717905.3572278,45,43,109
1771717905.3574033,45,43,109
1771717905.3575819,45,43,109
1771717905.361034,45,43,109
1771717905.3612108,45,43,109
1771717905.3613856,45,43,109
1771717905.3615582,45,43,109
1771717905.3651648,45,43,109
1771717905.3653686,45,43,109
1771717905.365551,45,43,109
1771717905.3657298,45,43,109
1771717905.3691013,45,43,109
1771717905.369336,45,43,109
1771717905.3695524,45,43,109
1771717905.369739,45,43,109
1771717905.3699272,45,43,109
1771717905.373428,45,43,109
1771717905.373855,45,43,109
1771717905.3741877,45,43,109
1771717905.374433,45,43,109
1771717905.3776762,45,43,109
1771717905.3779082,45,43,109
1771717905.3780904,45,43,109
1771717905.378303,45,43,109
1771717905.3813426,45,43,109
1771717905.381554,45,43,109
1771717905.3819268,45,43,109
1771717905.3822558,45,43,109
1771717905.382585,45,43,110
1771717905.3858602,45,43,110
1771717905.3862143,45,43,110
1771717905.3864503,45,43,110
1771717905.386628,45,43,110
1771717905.3896248,45,43,110
1771717905.389814,45,43,110
1771717905.3900614,45,43,110
1771717905.390389,45,43,110
1771717905.3908095,45,43,110
1771717905.3938265,45,43,110
1771717905.3940263,45,43,110
1771717905.3942227,45,43,110
1771717905.3944404,45,43,110
1771717905.3978229,45,43,110
1771717905.3980176,45,43,110
1771717905.3982031,45,43,110
1771717905.398387,45,43,110
1771717905.401974,45,43,110
1771717905.4023178,45,43,110
1771717905.402632,45,43,110
1771717905.4029458,45,43,110
1771717905.4032507,45,43,110
1771717905.406059,45,43,110
1771717905.4062483,45,43,110
1771717905.4064267,45,43,110
1771717905.406654,45,43,110
1771717905.4101245,45,43,110
1771717905.4103134,45,43,110
1771717905.4106338,45,43,110
1771717905.4110198,45,43,110
1771717905.4142106,45,43,110
1771717905.4145658,45,43,110
1771717905.4148982,45,43,110
1771717905.415188,45,43,110
1771717905.4154036,45,43,110
1771717905.418567,45,43,110
1771717905.418879,45,43,110
1771717905.419062,45,43,110
1771717905.419242,45,43,110
1771717905.4223986,45,43,110
1771717905.4225883,45,43,110
1771717905.4228094,45,43,110
1771717905.422987,45,43,110
1771717905.423296,45,43,110
1771717905.4265187,45,43,110
1771717905.4267032,45,43,111
1771717905.4268906,45,43,111
1771717905.4270697,45,43,111
1771717905.430578,45,43,111
1771717905.430813,45,43,111
1771717905.4311929,45,43,111
1771717905.431516,45,43,111
1771717905.4347866,45,43,111
1771717905.4351618,45,43,111
1771717905.435492,45,43,111
1771717905.4356863,45,43,111
1771717905.4358983,45,43,111
1771717905.438895,45,43,111
1771717905.4390905,45,43,111
1771717905.4392846,45,43,111
1771717905.439617,45,43,111
1771717905.4431133,45,43,111
1771717905.4434645,45,43,111
1771717905.4439962,45,43,111
1771717905.444175,45,43,111
1771717905.4471288,45,43,111
1771717905.4474843,45,43,111
1771717905.4478154,45,43,111
1771717905.4481459,45,43,111
1771717905.4484746,45,43,111
1771717905.451135,45,43,111
1771717905.4514694,45,43,111
1771717905.4517872,45,43,111
1771717905.452104,45,43,111
1771717905.4552147,45,43,111
1771717905.4555266,45,43,111
1771717905.4558246,45,43,111
1771717905.456138,45,43,111
1771717905.456319,45,43,111
1771717905.4593167,45,43,111
1771717905.4595084,45,43,111
1771717905.4597044,45,43,111
1771717905.4598818,45,43,111
1771717905.4635234,45,43,111
1771717905.4639812,45,43,111
1771717905.464402,45,43,111
1771717905.4647117,45,43,111
1771717905.4674203,45,43,111
1771717905.4676638,45,43,111
1771717905.4678493,45,43,111
1771717905.4680312,45,43,111
1771717905.4682112,45,43,112
1771717905.4716108,45,43,112
1771717905.4718,45,43,112
1771717905.4719775,45,43,112
1771717905.472178,45,43,112
1771717905.4756274,45,43,112
1771717905.4758174,45,43,112
1771717905.4760015,45,43,112
1771717905.476216,45,43,112
1771717905.4796443,45,43,112
1771717905.4799747,45,43,112
1771717905.4802904,45,43,112
1771717905.4805994,45,43,112
1771717905.4809093,45,43,112
1771717905.4840612,45,43,112
1771717905.4843931,45,43,112
1771717905.4847069,45,43,112
1771717905.4849403,45,43,112
1771717905.4881165,45,43,112
1771717905.4884064,45,43,112
1771717905.4885864,45,43,112
1771717905.4887648,45,43,112
1771717905.4889395,45,43,112
1771717905.492079,45,43,112
1771717905.4922771,45,43,112
1771717905.4924586,45,43,112
1771717905.4926322,45,43,112
1771717905.4969933,45,43,112
1771717905.497343,45,43,112
1771717905.4977589,45,43,112
1771717905.498008,45,43,112
1771717905.5011687,45,43,112
1771717905.5015717,45,43,112
1771717905.501914,45,43,112
1771717905.5021844,45,43,112
1771717905.502367,45,43,112
1771717905.5043643,45,43,112
1771717905.5046005,45,43,112
1771717905.5048816,45,43,112
1771717905.5050607,45,43,112
1771717905.5087657,45,43,112
1771717905.509114,45,43,112
1771717905.509431,45,43,112
1771717905.5097468,45,43,112
1771717905.5135694,45,43,112
1771717905.513939,45,43,112
1771717905.5142612,45,43,112
1771717905.5145812,45,43,113
1771717905.5148518,45,43,113
1771717905.5169065,45,43,113
1771717905.5172286,45,43,113
1771717905.517451,45,43,113
1771717905.517633,45,43,113
1771717905.520665,45,43,113
1771717905.5209942,45,43,113
1771717905.5213354,45,43,113
1771717905.5217984,45,43,113
1771717905.5220447,45,43,113
1771717905.5249646,45,43,113
1771717905.525308,45,43,113
1771717905.5255988,45,43,113
1771717905.5257783,45,43,113
1771717905.5290418,45,43,113
1771717905.529396,45,43,113
1771717905.5297902,45,43,113
1771717905.530104,45,43,113
1771717905.5330307,45,43,113
1771717905.533373,45,43,113
1771717905.5337613,45,43,113
1771717905.534013,45,43,113
1771717905.534188,45,43,113
1771717905.5373228,45,43,113
1771717905.5376804,45,43,113
1771717905.5381045,45,43,113
1771717905.5384395,45,43,113
1771717905.5412245,45,43,113
1771717905.541617,45,43,113
1771717905.5419457,45,43,113
1771717905.5423322,45,43,113
1771717905.5453386,45,43,113
1771717905.5456948,45,43,113
1771717905.5459902,45,43,113
1771717905.5461998,45,43,113
1771717905.5463748,45,43,113
1771717905.5494459,45,43,113
1771717905.5497324,45,43,113
1771717905.5501146,45,43,113
1771717905.5504286,45,43,113
1771717905.553637,45,43,113
1771717905.553986,45,43,113
1771717905.5543635,45,43,113
1771717905.5545418,45,43,113
1771717905.5547204,45,43,113
1771717905.5575547,45,43,114
1771717905.5577302,45,43,114
1771717905.5579042,45,43,114
1771717905.5580773,45,43,114
1771717905.5618782,45,43,114
1771717905.5622113,45,43,114
1771717905.562525,45,43,114
1771717905.5628216,45,43,114
1771717905.5658035,45,43,114
1771717905.5659945,45,43,114
1771717905.5662196,45,43,114
1771717905.5664623,45,43,114
1771717905.5668077,45,43,114
1771717905.5701737,45,43,114
1771717905.5705044,45,43,114
1771717905.570835,45,43,114
1771717905.5711503,45,43,114
1771717905.574376,45,43,114
1771717905.5745738,45,43,114
1771717905.5748155,45,43,114
1771717905.5749938,45,43,114
1771717905.5783987,45,43,114
1771717905.5787745,45,43,114
1771717905.579083,45,43,114
1771717905.5793524,45,43,114
1771717905.5795748,45,43,114
1771717905.5821803,45,43,114
1771717905.5823982,45,43,114
1771717905.5826106,45,43,114
1771717905.5828204,45,43,114
1771717905.58629,45,43,114
1771717905.5864823,45,43,114
1771717905.5866666,45,43,114
1771717905.5868502,45,43,114
1771717905.5870314,45,43,114
1771717905.5903628,45,43,114
1771717905.5905452,45,43,114
1771717905.590722,45,43,114
1771717905.5908973,45,43,114
1771717905.5946565,45,43,114
1771717905.59486,45,43,114
1771717905.595083,45,43,114
1771717905.5952835,45,43,114
1771717905.598415,45,43,114
1771717905.5985973,45,43,114
1771717905.5988247,45,43,114
1771717905.5991333,45,43,115
1771717905.5994966,45,43,115
1771717905.602859,45,43,115
1771717905.6031919,45,43,115
1771717905.6035635,45,43,115
1771717905.6037512,45,43,115
1771717905.6068127,45,43,115
1771717905.6071515,45,43,115
1771717905.6074705,45,43,115
1771717905.60778,45,43,115
1771717905.610852,45,43,115
1771717905.6113517,45,43,115
1771717905.6115487,45,43,115
1771717905.611776,45,43,115
1771717905.6119578,45,43,115
1771717905.615012,45,43,115
1771717905.6152067,45,43,115
1771717905.6153848,45,43,115
1771717905.615563,45,43,115
1771717905.6190102,45,43,115
1771717905.619246,45,43,115
1771717905.619473,45,43,115
1771717905.6196585,45,43,115
1771717905.6199026,45,43,115
1771717905.6232283,45,43,115
1771717905.6235082,45,43,115
1771717905.6237404,45,43,115
1771717905.623961,45,43,115
1771717905.627198,45,43,115
1771717905.6274328,45,43,115
1771717905.6276505,45,43,115
1771717905.627849,45,43,115
1771717905.6312146,45,43,115
1771717905.631533,45,43,115
1771717905.6318429,45,43,115
1771717905.6322029,45,43,115
1771717905.6324966,45,43,115
1771717905.635707,45,43,115
1771717905.6360407,45,43,115
1771717905.6363976,45,43,115
1771717905.6367843,45,43,115
1771717905.6395335,45,43,115
1771717905.6398087,45,43,115
1771717905.640138,45,43,115
1771717905.640673,45,43,115
1771717905.6434813,45,43,115
1771717905.6436777,45,43,116
1771717905.6438918,45,43,116
1771717905.644075,45,43,116
1771717905.6442566,45,43,116
1771717905.6476424,45,43,116
1771717905.6478307,45,43,116
1771717905.6480982,45,43,116
1771717905.6484485,45,43,116
1771717905.6518693,45,43,116
1771717905.652266,45,43,116
1771717905.6525948,45,43,116
1771717905.6529195,45,43,116
1771717905.6530962,45,43,116
1771717905.6559188,45,43,116
1771717905.6562276,45,43,116
1771717905.6565306,45,43,116
1771717905.6567209,45,43,116
1771717905.6601272,45,43,116
1771717905.6604712,45,43,116
1771717905.6608026,45,43,116
1771717905.6612046,45,43,116
1771717905.6644197,45,43,116
1771717905.6647713,45,43,116
1771717905.6649995,45,43,116
1771717905.6652596,45,43,116
1771717905.6654582,45,43,116
1771717905.6687226,45,43,116
1771717905.6689236,45,43,116
1771717905.6691642,45,43,116
1771717905.669386,45,43,116
1771717905.6724424,45,43,116
1771717905.672684,45,43,116
1771717905.6729028,45,43,116
1771717905.6730843,45,43,116
1771717905.6762142,45,43,116
1771717905.6763997,45,43,116
1771717905.6765816,45,43,116
1771717905.676762,45,43,116
1771717905.6769934,45,43,116
1771717905.6806965,45,43,116
1771717905.6810288,45,43,116
1771717905.681346,45,43,116
1771717905.6816719,45,43,116
1771717905.6846626,45,43,116
1771717905.6849926,45,43,116
1771717905.685259,45,43,116
1771717905.6854632,45,43,116
1771717905.6856902,45,43,117
1771717905.6886797,45,43,117
1771717905.6888635,45,43,117
1771717905.6890402,45,43,117
1771717905.6892161,45,43,117
1771717905.6927924,45,43,117
1771717905.6931484,45,43,117
1771717905.6934528,45,43,117
1771717905.6936872,45,43,117
1771717905.6968665,45,43,117
1771717905.6972208,45,43,117
1771717905.6976168,45,43,117
1771717905.6979406,45,43,117
1771717905.6982615,45,43,117
1771717905.7011473,45,43,117
1771717905.7015476,45,43,117
1771717905.70202,45,43,117
1771717905.7023096,45,43,117
1771717905.704993,45,43,117
1771717905.7051823,45,43,117
1771717905.7053657,45,43,117
1771717905.705539,45,43,117
1771717905.7089717,45,43,117
1771717905.7092526,45,43,117
1771717905.7096136,45,43,117
1771717905.709936,45,43,117
1771717905.7102587,45,43,117
1771717905.7132957,45,43,117
1771717905.713589,45,43,117
1771717905.7139194,45,43,117
1771717905.7141945,45,43,117
1771717905.717408,45,43,117
1771717905.717687,45,43,117
1771717905.7179701,45,43,117
1771717905.7182634,45,43,117
1771717905.7185874,45,43,117
1771717905.7214189,45,43,117
1771717905.7216058,45,43,117
1771717905.7218046,45,43,117
1771717905.7220209,45,43,117
1771717905.7254763,45,43,117
1771717905.7256665,45,43,117
1771717905.7258468,45,43,117
1771717905.726034,45,43,117
1771717905.7294743,45,43,117
1771717905.7297688,45,43,117
1771717905.7300818,45,43,118
1771717905.7303958,45,43,118
1771717905.7307105,45,43,118
1771717905.7342277,45,43,118
1771717905.7344806,45,43,118
1771717905.7350025,45,43,118
1771717905.7351964,45,43,118
1771717905.7377965,45,43,118
1771717905.737983,45,43,118
1771717905.7382116,45,43,118
1771717905.7384171,45,43,118
1771717905.7417874,45,43,118
1771717905.7420108,45,43,118
1771717905.7422209,45,43,118
1771717905.7424335,45,43,118
1771717905.742641,45,43,118
1771717905.746009,45,43,118
1771717905.7462285,45,43,118
1771717905.7464411,45,43,118
1771717905.7466483,45,43,118
1771717905.7501178,45,43,118
1771717905.7504284,45,43,118
1771717905.7507484,45,43,118
1771717905.7509902,45,43,118
1771717905.7512176,45,43,118
1771717905.7542164,45,43,118
1771717905.7544553,45,43,118
1771717905.754719,45,43,118
1771717905.7549582,45,43,118
1771717905.7582734,45,43,118
1771717905.7585075,45,43,118
1771717905.7587981,45,43,118
1771717905.7590325,45,43,118
1771717905.7622957,45,43,118
1771717905.7625978,45,43,118
1771717905.7628489,45,43,118
1771717905.7630994,45,43,118
1771717905.763326,45,43,118
1771717905.766584,45,43,118
1771717905.7668014,45,43,118
1771717905.7670295,45,43,118
1771717905.7672074,45,43,118
1771717905.7707813,45,43,118
1771717905.7711525,45,43,118
1771717905.7714546,45,43,118
1771717905.771754,45,43,118
1771717905.7746115,45,43,119
1771717905.7749672,45,43,119
1771717905.7751553,45,43,119
1771717905.7753394,45,43,119
1771717905.775519,45,43,119
1771717905.7789028,45,43,119
1771717905.7792892,45,43,119
1771717905.7797525,45,43,119
1771717905.7800615,45,43,119
1771717905.7828612,45,43,119
1771717905.7830796,45,43,119
1771717905.7832623,45,43,119
1771717905.783494,45,43,119
1771717905.783669,45,43,119
1771717905.7870195,45,43,119
1771717905.7873862,45,43,119
1771717905.787642,45,43,119
1771717905.7878988,45,43,119
1771717905.7911422,45,43,119
1771717905.791393,45,43,119
1771717905.7916148,45,43,119
1771717905.7918332,45,43,119
1771717905.7951698,45,43,119
1771717905.7955496,45,43,119
1771717905.7958841,45,43,119
1771717905.7961528,45,43,119
1771717905.7964113,45,43,119
1771717905.7993803,45,43,119
1771717905.7996037,45,43,119
1771717905.799844,45,43,119
1771717905.8000596,45,43,119
1771717905.8034635,45,43,119
1771717905.8038404,45,43,119
1771717905.804103,45,43,119
1771717905.804394,45,43,119
1771717905.8074732,45,43,119
1771717905.8077345,45,43,119
1771717905.8080232,45,43,119
1771717905.8082397,45,43,119
1771717905.8084564,45,43,119
1771717905.811629,45,43,119
1771717905.8119497,45,43,119
1771717905.8121717,45,43,119
1771717905.812358,45,43,119
1771717905.8156545,45,43,119
1771717905.815978,45,43,119
1771717905.8161645,45,43,120
1771717905.8163497,45,43,120
1771717905.8195987,45,43,120
1771717905.8199716,45,43,120
1771717905.8202348,45,43,120
1771717905.8206103,45,43,120
1771717905.8209155,45,43,120
1771717905.8239353,45,43,120
1771717905.8242078,45,43,120
1771717905.8244069,45,43,120
1771717905.82459,45,43,120
1771717905.8279364,45,43,120
1771717905.8283746,45,43,120
1771717905.8286479,45,43,120
1771717905.8288312,45,43,120
1771717905.8290107,45,43,120
1771717905.8320909,45,43,120
1771717905.832499,45,43,120
1771717905.8328135,45,43,120
1771717905.833087,45,43,120
1771717905.8361056,45,43,120
1771717905.8363461,45,43,120
1771717905.8365593,45,43,120
1771717905.8367422,45,43,120
1771717905.840265,45,43,120
1771717905.8405573,45,43,120
1771717905.8409731,45,43,120
1771717905.8411696,45,43,120
1771717905.8414545,45,43,120
1771717905.8444166,45,43,120
1771717905.8446126,45,43,120
1771717905.8447964,45,43,120
1771717905.8449783,45,43,120
1771717905.848501,45,43,120
1771717905.848808,45,43,120
1771717905.8491125,45,43,120
1771717905.8493402,45,43,120
1771717905.852389,45,43,120
1771717905.8526928,45,43,120
1771717905.852992,45,43,120
1771717905.8532715,45,43,120
1771717905.853516,45,43,120
1771717905.8569303,45,43,120
1771717905.8572824,45,43,120
1771717905.8575673,45,43,120
1771717905.8580246,45,43,120
1771717905.8605998,45,43,120
1771717905.8608007,45,43,121
1771717905.8609898,45,43,121
1771717905.8612177,45,43,121
1771717905.8614063,45,43,121
1771717905.8648949,45,43,121
1771717905.8650975,45,43,121
1771717905.8653696,45,43,121
1771717905.8655937,45,43,121
1771717905.868927,45,43,121
1771717905.8693504,45,43,121
1771717905.8696468,45,43,121
1771717905.8700013,45,43,121
1771717905.8731213,45,43,121
1771717905.8734188,45,43,121
1771717905.8740504,45,43,121
1771717905.8743525,45,43,121
1771717905.8747137,45,43,121
1771717905.8773484,45,43,121
1771717905.8779433,45,43,121
1771717905.8782635,45,43,121
1771717905.8785846,45,43,121
1771717905.881184,45,43,121
1771717905.881482,45,43,121
1771717905.8817718,45,43,121
1771717905.8821409,45,43,121
1771717905.8851593,45,43,121
1771717905.885565,45,43,121
1771717905.8858552,45,43,121
1771717905.8861544,45,43,121
1771717905.8864386,45,43,121
1771717905.8893952,45,43,121
1771717905.8896918,45,43,121
1771717905.8899014,45,43,121
1771717905.8901796,45,43,121
1771717905.8934739,45,43,121
1771717905.8937275,45,43,121
1771717905.8939128,45,43,121
1771717905.8940978,45,43,121
1771717905.894321,45,43,121
1771717905.8976011,45,43,121
1771717905.8982456,45,43,121
1771717905.898534,45,43,121
1771717905.8987904,45,43,121
1771717905.9016838,45,43,121
1771717905.9020953,45,43,121
1771717905.9024196,45,43,121
1771717905.9027064,45,43,122
1771717905.9056847,45,43,122
1771717905.9063337,45,43,122
1771717905.9066646,45,43,122
1771717905.9068592,45,43,122
1771717905.90704,45,43,122
1771717905.9099722,45,43,122
1771717905.9102848,45,43,122
1771717905.910594,45,43,122
1771717905.9108696,45,43,122
1771717905.9139292,45,43,122
1771717905.9142673,45,43,122
1771717905.9145403,45,43,122
1771717905.914812,45,43,122
1771717905.9178689,45,43,122
1771717905.9181387,45,43,122
1771717905.918358,45,43,122
1771717905.9185724,45,43,122
1771717905.9188445,45,43,122
1771717905.9223437,45,43,122
1771717905.922702,45,43,122
1771717905.9229925,45,43,122
1771717905.9232845,45,43,122
1771717905.9261885,45,43,122
1771717905.9265018,45,43,122
1771717905.9267766,45,43,122
1771717905.9270563,45,43,122
1771717905.9273815,45,43,122
1771717905.9304361,45,43,122
1771717905.9307263,45,43,122
1771717905.9310446,45,43,122
1771717905.931313,45,43,122
1771717905.9344947,45,43,122
1771717905.9347637,45,43,122
1771717905.934989,45,43,122
1771717905.935169,45,43,122
1771717905.938851,45,43,122
1771717905.939081,45,43,122
1771717905.939261,45,43,122
1771717905.9394445,45,43,122
1771717905.9396725,45,43,122
1771717905.9426196,45,43,122
1771717905.9428132,45,43,122
1771717905.9429982,45,43,122
1771717905.9431772,45,43,122
1771717905.9466083,45,43,122
1771717905.9468575,45,43,123
1771717905.9471827,45,43,123
1771717905.947517,45,43,123
1771717905.9506552,45,43,123
1771717905.9508748,45,43,123
1771717905.951054,45,43,123
1771717905.9512696,45,43,123
1771717905.9514468,45,43,123
1771717905.9548762,45,43,123
1771717905.9550734,45,43,123
1771717905.955257,45,43,123
1771717905.9554942,45,43,123
1771717905.9589047,45,43,123
1771717905.9591002,45,43,123
1771717905.959286,45,43,123
1771717905.9595182,45,43,123
1771717905.9597273,45,43,123
1771717905.963133,45,43,123
1771717905.9633787,45,43,123
1771717905.9635682,45,43,123
1771717905.9637454,45,43,123
1771717905.9672623,45,43,123
1771717905.9676394,45,43,123
1771717905.9679346,45,43,123
1771717905.96827,45,43,123
1771717905.97122,45,43,123
1771717905.9714205,45,43,123
1771717905.971631,45,43,123
1771717905.9718182,45,43,123
1771717905.9719908,45,43,123
1771717905.9753542,45,43,123
1771717905.9755495,45,43,123
1771717905.975776,45,43,123
1771717905.9759624,45,43,123
1771717905.9794428,45,43,123
1771717905.9796329,45,43,123
1771717905.979843,45,43,123
1771717905.9800186,45,43,123
1771717905.983414,45,43,123
1771717905.983782,45,43,123
1771717905.9840739,45,43,123
1771717905.984253,45,43,123
1771717905.9844716,45,43,123
1771717905.987692,45,43,123
1771717905.987892,45,43,123
1771717905.9881718,45,43,123
1771717905.9883938,45,43,123
1771717905.9917033,45,43,124
1771717905.9923112,45,43,124
1771717905.9925177,45,43,124
1771717905.992695,45,43,124
1771717905.9929025,45,43,124
1771717905.9958253,45,43,124
1771717905.9960496,45,43,124
1771717905.9962304,45,43,124
1771717905.9964108,45,43,124
1771717905.999973,45,43,124
1771717906.0003333,45,43,124
1771717906.0007734,45,43,124
1771717906.0010786,45,43,124
1771717906.0039124,45,43,124
1771717906.0041165,45,43,124
1771717906.0043504,45,43,124
1771717906.0045364,45,43,124
1771717906.0047567,45,43,124
1771717906.008132,45,43,124
1771717906.0083177,45,43,124
1771717906.0085437,45,43,124
1771717906.0087218,45,43,124
1771717906.0121589,45,43,124
1771717906.0123727,45,43,124
1771717906.0125523,45,43,124
1771717906.0127609,45,43,124
1771717906.0161917,45,43,124
1771717906.01648,45,43,124
1771717906.016695,45,43,124
1771717906.0169058,45,43,124
1771717906.0171168,45,43,124
1771717906.0205538,45,43,124
1771717906.0211053,45,43,124
1771717906.0213745,45,43,124
1771717906.0215542,45,43,124
1771717906.0244198,45,43,124
1771717906.0246205,45,43,124
1771717906.0248551,45,43,124
1771717906.0252483,45,43,124
1771717906.0255716,45,43,124
1771717906.0287054,45,43,124
1771717906.0290236,45,43,124
1771717906.029418,45,43,124
1771717906.0297537,45,43,124
1771717906.0326974,45,43,124
1771717906.0330255,45,43,124
1771717906.0333457,45,43,125
1771717906.0336668,45,43,125
1771717906.0367808,45,43,125
1771717906.0371382,45,43,125
1771717906.0374753,45,43,125
1771717906.0378933,45,43,125
1771717906.0381064,45,43,125
1771717906.0411346,45,43,125
1771717906.0414832,45,43,125
1771717906.0417006,45,43,125
1771717906.041877,45,43,125
1771717906.0451343,45,43,125
1771717906.0457954,45,43,125
1771717906.0463688,45,43,125
1771717906.0465548,45,43,125
1771717906.0490572,45,43,125
1771717906.049457,45,43,125
1771717906.049786,45,43,125
1771717906.0500894,45,43,125
1771717906.0502667,45,43,125
1771717906.053319,45,43,125
1771717906.0536501,45,43,125
1771717906.0539618,45,43,125
1771717906.0543697,45,43,125
1771717906.0577047,45,43,125
1771717906.05804,45,43,125
1771717906.058353,45,43,125
1771717906.0585997,45,43,125
1771717906.058776,45,43,125
1771717906.0616627,45,43,125
1771717906.0618923,45,43,125
1771717906.062076,45,43,125
1771717906.0622616,45,43,125
1771717906.0659747,45,43,125
1771717906.0661738,45,43,125
1771717906.0663528,45,43,125
1771717906.0665333,45,43,125
1771717906.0699298,45,43,125
1771717906.070137,45,43,125
1771717906.0703175,45,43,255
1771717906.070533,45,43,15
1771717906.070829,45,43,15
1771717906.0743337,45,43,15
1771717906.0746534,45,43,15
1771717906.074966,45,43,15
1771717906.0752409,45,43,15
1771717906.0754688,45,43,15
1771717906.0777526,45,43,15
1771717906.077961,45,43,15
1771717906.0781248,45,43,15
1771717906.0782895,45,43,15
1771717906.0784504,45,43,15
1771717906.081846,45,43,15
1771717906.0820389,45,43,15
1771717906.0821993,45,43,15
1771717906.0823588,45,43,15
1771717906.0857835,45,43,15
1771717906.0860927,45,43,15
1771717906.0863898,45,43,15
1771717906.0867379,45,43,15
1771717906.0870593,45,42,255
1771717906.0901196,45,42,30
1771717906.0904355,45,42,30
1771717906.0907357,45,42,30
1771717906.0909784,45,42,30
1771717906.091282,45,42,30
1771717906.094088,45,42,30
1771717906.0943086,45,42,30
1771717906.0945065,45,42,30
1771717906.0947025,45,42,30
1771717906.0948958,45,42,30
1771717906.098274,45,42,30
1771717906.0985763,45,42,30
1771717906.0989475,45,42,30
1771717906.0992086,45,42,31
1771717906.099371,45,42,31
1771717906.1022892,45,42,31
1771717906.1024523,45,42,31
1771717906.1026149,45,42,31
1771717906.1027977,45,42,31
1771717906.1065352,45,42,31
1771717906.1070085,45,42,31
1771717906.1075394,45,42,31
1771717906.1078432,45,42,31
1771717906.1080437,45,42,31
1771717906.1104822,45,42,31
1771717906.1106627,45,42,31
1771717906.1108315,45,42,31
1771717906.1109962,45,42,31
1771717906.1111603,45,42,31
1771717906.1146445,45,42,31
1771717906.1149192,45,42,31
1771717906.1152196,45,42,31
1771717906.1155162,45,42,31
1771717906.1158137,45,42,31
1771717906.1188731,45,42,31
1771717906.1192846,45,42,31
1771717906.119569,45,42,31
1771717906.1197288,45,42,31
1771717906.11989,45,42,31
1771717906.122852,45,42,32
1771717906.1230268,45,42,32
1771717906.12319,45,42,32
1771717906.123352,45,42,32
1771717906.1268091,45,42,32
1771717906.127256,45,42,32
1771717906.1275625,45,42,32
1771717906.1278622,45,42,32
1771717906.1280644,45,42,32
1771717906.1311097,45,42,32
1771717906.1314917,45,42,32
1771717906.1317937,45,42,32
1771717906.132136,45,42,32
1771717906.132432,45,42,32
1771717906.135073,45,42,32
1771717906.1353395,45,42,32
1771717906.135689,45,42,32
1771717906.1359754,45,42,32
1771717906.1362636,45,42,32
1771717906.1391685,45,42,32
1771717906.139345,45,42,32
1771717906.1395452,45,42,32
1771717906.1397066,45,42,32
1771717906.1398673,45,42,32
1771717906.143349,45,42,33
1771717906.1436498,45,42,33
1771717906.1439438,45,42,33
1771717906.1443043,45,42,33
1771717906.1472833,45,42,33
1771717906.147656,45,42,33
1771717906.147962,45,42,33
1771717906.148259,45,42,33
1771717906.148522,45,42,33
1771717906.151516,45,42,33
1771717906.1518342,45,42,33
1771717906.1521409,45,42,33
1771717906.152568,45,42,33
1771717906.1534312,45,42,33
1771717906.1555088,45,42,33
1771717906.1556883,45,42,33
1771717906.155857,45,42,33
1771717906.1560621,45,42,33
1771717906.1562252,45,42,33
1771717906.1595976,45,42,33
1771717906.1598,45,42,33
1771717906.1599705,45,42,33
1771717906.1601322,45,42,33
1771717906.1602902,45,42,33
1771717906.1637933,45,42,33
1771717906.1640794,45,42,33
1771717906.1644325,45,42,34
1771717906.1647196,45,42,34
1771717906.1650043,45,42,34
1771717906.1679842,45,42,34
1771717906.1685312,45,42,34
1771717906.1689253,45,42,34
1771717906.1691384,45,42,34
1771717906.1718714,45,42,34
1771717906.172132,45,42,34
1771717906.1723258,45,42,34
1771717906.1724923,45,42,34
1771717906.1726782,45,42,34
1771717906.175947,45,42,34
1771717906.1761398,45,42,34
1771717906.1763296,45,42,34
1771717906.1765194,45,42,34
1771717906.1767104,45,42,34
1771717906.180163,45,42,34
1771717906.180473,45,42,34
1771717906.1807632,45,42,34
1771717906.1809258,45,42,34
1771717906.1810856,45,42,34
1771717906.1844172,45,42,34
1771717906.1845908,45,42,34
1771717906.1847546,45,42,34
1771717906.1849165,45,42,34
1771717906.185078,45,42,35
1771717906.1884727,45,42,35
1771717906.1887798,45,42,35
1771717906.189071,45,42,35
1771717906.1893132,45,42,35
1771717906.1924021,45,42,35
1771717906.1927805,45,42,35
1771717906.1931036,45,42,35
1771717906.1934028,45,42,35
1771717906.1937618,45,42,35
1771717906.1965475,45,42,35
1771717906.1968732,45,42,35
1771717906.1971734,45,42,35
1771717906.1975517,45,42,35
1771717906.1977196,45,42,35
1771717906.2005668,45,42,35
1771717906.2007632,45,42,35
1771717906.2009254,45,42,35
1771717906.2010872,45,42,35
1771717906.2012777,45,42,35
1771717906.2047093,45,42,35
1771717906.2049232,45,42,35
1771717906.2051198,45,42,35
1771717906.2053132,45,42,35
1771717906.2055602,45,42,35
1771717906.2089043,45,42,36
1771717906.2092013,45,42,36
1771717906.209497,45,42,36
1771717906.2096908,45,42,36
1771717906.2128465,45,42,36
1771717906.2132127,45,42,36
1771717906.2135012,45,42,36
1771717906.2139735,45,42,36
1771717906.214364,45,42,36
1771717906.217146,45,42,36
1771717906.2176514,45,42,36
1771717906.2180355,45,42,36
1771717906.2182853,45,42,36
1771717906.218573,45,42,36
1771717906.2210515,45,42,36
1771717906.2213616,45,42,36
1771717906.2216132,45,42,36
1771717906.2218635,45,42,36
1771717906.222149,45,42,36
1771717906.2252014,45,42,36
1771717906.2253807,45,42,36
1771717906.2255604,45,42,36
1771717906.225727,45,42,36
1771717906.2258964,45,42,36
1771717906.2302077,45,42,36
1771717906.2305293,45,42,36
1771717906.2308238,45,42,37
1771717906.2311313,45,42,37
1771717906.2313652,45,42,37
1771717906.2334507,45,42,37
1771717906.233731,45,42,37
1771717906.2339985,45,42,37
1771717906.234265,45,42,37
1771717906.2374897,45,42,37
1771717906.2380269,45,42,37
1771717906.2384207,45,42,37
1771717906.2385979,45,42,37
1771717906.238762,45,42,37
1771717906.2415926,45,42,37
1771717906.2419045,45,42,37
1771717906.2422042,45,42,37
1771717906.2425032,45,42,37
1771717906.2428634,45,42,37
1771717906.2457078,45,42,37
1771717906.2460294,45,42,37
1771717906.2462666,45,42,37
1771717906.2465634,45,42,37
1771717906.2468112,45,42,37
1771717906.2497723,45,42,37
1771717906.2499497,45,42,37
1771717906.2501783,45,42,37
1771717906.2503443,45,42,38
1771717906.2505097,45,42,38
1771717906.2539222,45,42,38
1771717906.2541459,45,42,38
1771717906.2543414,45,42,38
1771717906.2545161,45,42,38
1771717906.2577987,45,42,38
1771717906.2580059,45,42,38
1771717906.2581823,45,42,38
1771717906.2583497,45,42,38
1771717906.2585144,45,42,38
1771717906.2620137,45,42,38
1771717906.2622867,45,42,38
1771717906.2624593,45,42,38
1771717906.2626579,45,42,38
1771717906.2628202,45,42,38
1771717906.2661142,45,42,38
1771717906.2663171,45,42,38
1771717906.2666235,45,42,38
1771717906.2671864,45,42,38
1771717906.2673721,45,42,38
1771717906.2702327,45,42,38
1771717906.2704074,45,42,38
1771717906.2706292,45,42,38
1771717906.2708035,45,42,38
1771717906.271056,45,42,39
1771717906.2745595,45,42,39
1771717906.2748702,45,42,39
1771717906.2751205,45,42,39
1771717906.2752903,45,42,39
1771717906.2783463,45,42,39
1771717906.2785506,45,42,39
1771717906.2787185,45,42,39
1771717906.278884,45,42,39
1771717906.279052,45,42,39
1771717906.2824357,45,42,39
1771717906.2826061,45,42,39
1771717906.2828038,45,40,255
1771717906.282963,45,40,54
1771717906.2831726,45,40,54
1771717906.2865791,45,40,54
1771717906.2867532,45,40,54
1771717906.2869194,45,40,54
1771717906.28709,45,40,54
1771717906.287311,45,40,54
1771717906.291153,45,40,54
1771717906.291551,45,40,55
1771717906.291855,45,40,55
1771717906.292157,45,40,55
1771717906.2924378,45,40,55
1771717906.294845,45,40,55
1771717906.2950988,45,40,55
1771717906.2952933,45,40,55
1771717906.2956762,45,40,55
1771717906.298782,45,40,55
1771717906.298992,45,40,55
1771717906.299167,45,40,55
1771717906.2993314,45,40,55
1771717906.2994967,45,40,55
1771717906.3031425,45,40,55
1771717906.303498,45,40,55
1771717906.3037455,45,40,55
1771717906.3040025,45,40,55
1771717906.304312,45,40,56
1771717906.3081052,45,40,56
1771717906.3084517,45,40,56
1771717906.3087313,45,40,56
1771717906.3089151,45,40,56
1771717906.3092468,45,40,56
1771717906.3113,45,40,56
1771717906.3115666,45,40,56
1771717906.3118796,45,40,56
1771717906.31214,45,40,56
1771717906.3123927,45,40,56
1771717906.315382,45,40,56
1771717906.3155615,45,40,56
1771717906.31573,45,40,56
1771717906.3158934,45,40,56
1771717906.3192866,45,40,56
1771717906.3195,45,40,56
1771717906.3196678,45,40,57
1771717906.319834,45,40,57
1771717906.3200502,45,40,57
1771717906.323528,45,40,57
1771717906.3237348,45,40,57
1771717906.3239026,45,40,57
1771717906.3240745,45,40,57
1771717906.3242877,45,40,57
1771717906.32754,45,40,57
1771717906.3277552,45,40,57
1771717906.3279603,45,40,57
1771717906.3282118,45,40,57
1771717906.3284106,45,40,57
1771717906.3317244,45,40,57
1771717906.3320408,45,40,57
1771717906.33222,45,40,57
1771717906.3324227,45,40,57
1771717906.3325872,45,40,58
1771717906.335898,45,40,58
1771717906.3362122,45,40,58
1771717906.3369253,45,40,58
1771717906.3372636,45,40,58
1771717906.3375201,45,40,58
1771717906.339876,45,40,58
1771717906.3401058,45,40,58
1771717906.3402717,45,40,58
1771717906.340435,45,40,58
1771717906.3438454,45,40,58
1771717906.344052,45,40,58
1771717906.3443508,45,40,58
1771717906.3446498,45,40,58
1771717906.3449488,45,40,58
1771717906.3480957,45,40,58
1771717906.3484013,45,40,59
1771717906.348697,45,40,59
1771717906.3489237,45,40,59
1771717906.3490908,45,40,59
1771717906.3521733,45,40,59
1771717906.3523574,45,40,59
1771717906.3525596,45,40,59
1771717906.3527298,45,40,59
1771717906.3528957,45,40,59
1771717906.3562589,45,40,59
1771717906.3564758,45,40,59
1771717906.3566444,45,40,59
1771717906.356809,45,40,59
1771717906.3569732,45,40,59
1771717906.360437,45,40,59
1771717906.3607423,45,40,59
1771717906.3610873,45,40,59
1771717906.3613887,45,40,59
1771717906.3643463,45,40,60
1771717906.3645797,45,40,60
1771717906.364845,45,40,60
1771717906.3650422,45,40,60
1771717906.3652375,45,40,60
1771717906.3684375,45,40,60
1771717906.3686416,45,40,60
1771717906.3688762,45,40,60
1771717906.3690705,45,40,60
1771717906.3692439,45,40,60
1771717906.3725944,45,40,60
1771717906.3727984,45,40,60
1771717906.373105,45,40,60
1771717906.3736184,45,40,60
1771717906.3739223,45,40,60
1771717906.3767498,45,40,60
1771717906.3770063,45,40,61
1771717906.377242,45,40,61
1771717906.377435,45,40,61
1771717906.377612,45,40,61
1771717906.380921,45,40,61
1771717906.3812194,45,40,61
1771717906.3816977,45,40,61
1771717906.3821146,45,40,61
1771717906.3848174,45,40,61
1771717906.3851643,45,40,61
1771717906.3853302,45,40,61
1771717906.385495,45,40,61
1771717906.385661,45,40,61
1771717906.3889308,45,40,61
1771717906.389108,45,40,61
1771717906.389273,45,40,61
1771717906.3894737,45,40,61
1771717906.3896375,45,40,61
1771717906.3930595,45,40,62
1771717906.3932414,45,40,62
1771717906.3934517,45,40,62
1771717906.3936253,45,40,62
1771717906.393795,45,40,62
1771717906.3972633,45,40,62
1771717906.3979547,45,40,62
1771717906.398205,45,40,62
1771717906.3984542,45,40,62
1771717906.3987288,45,40,62
1771717906.4018338,45,40,62
1771717906.4021468,45,40,62
1771717906.4024453,45,40,62
1771717906.4026413,45,40,62
1771717906.4028685,45,40,62
1771717906.405624,45,40,62
1771717906.4061067,45,40,62
1771717906.4063675,45,40,63
1771717906.4066715,45,40,63
1771717906.409462,45,40,63
1771717906.409756,45,40,63
1771717906.4100056,45,40,63
1771717906.4101741,45,40,63
1771717906.4103394,45,40,63
1771717906.4136214,45,40,63
1771717906.4138105,45,40,63
1771717906.4140148,45,40,63
1771717906.4141836,45,40,63
1771717906.4143639,45,40,63
1771717906.417727,45,40,63
1771717906.4179137,45,40,63
1771717906.418091,45,40,63
1771717906.4182627,45,40,63
1771717906.4184427,45,40,63
1771717906.421786,45,40,64
1771717906.4219584,45,40,64
1771717906.4221737,45,40,64
1771717906.422335,45,40,64
1771717906.422502,45,40,64
1771717906.4258652,45,40,64
1771717906.426051,45,40,64
1771717906.4262528,45,40,64
1771717906.4264178,45,40,64
1771717906.4298654,45,40,64
1771717906.4301236,45,40,64
1771717906.430375,45,40,64
1771717906.4305465,45,40,64
1771717906.430713,45,40,64
1771717906.4340546,45,40,64
1771717906.434368,45,40,64
1771717906.4346068,45,40,64
1771717906.434801,45,40,65
1771717906.4349718,45,40,65
1771717906.4381812,45,40,65
1771717906.4384518,45,40,65
1771717906.438628,45,40,65
1771717906.4388037,45,40,65
1771717906.4389849,45,40,65
1771717906.4424033,45,40,65
1771717906.4425805,45,40,65
1771717906.442743,45,40,65
1771717906.4429052,45,40,65
1771717906.443073,45,40,65
1771717906.4463634,45,40,65
1771717906.4465332,45,40,65
1771717906.4466944,45,40,65
1771717906.4468558,45,40,65
1771717906.4503796,45,40,66
1771717906.4505796,45,40,66
1771717906.4507422,45,40,66
1771717906.4509335,45,40,66
1771717906.4511256,45,40,66
1771717906.454466,45,40,66
1771717906.4546454,45,40,66
1771717906.4548125,45,40,66
1771717906.4549782,45,40,66
1771717906.4551883,45,40,66
1771717906.4586,45,40,66
1771717906.4588044,45,40,66
1771717906.4590006,45,40,66
1771717906.4591913,45,40,66
1771717906.459388,45,40,66
1771717906.4627957,45,40,66
1771717906.46302,45,40,66
1771717906.4633448,45,40,66
1771717906.463607,45,40,67
1771717906.4638011,45,40,67
1771717906.466828,45,40,67
1771717906.4669993,45,40,67
1771717906.4671645,45,40,67
1771717906.4673302,45,40,67
1771717906.4675305,45,40,67
1771717906.4711883,45,40,67
1771717906.471552,45,40,67
1771717906.4717772,45,40,67
1771717906.471942,45,40,67
1771717906.4749422,45,40,67
1771717906.4751236,45,40,67
1771717906.4752965,45,40,67
1771717906.4755025,45,40,67
1771717906.4757462,45,40,67
1771717906.4790943,45,40,68
1771717906.479269,45,40,68
1771717906.4794836,45,40,68
1771717906.479647,45,40,68
1771717906.4798098,45,40,68
1771717906.4832067,45,40,68
1771717906.4835694,45,40,68
1771717906.483859,45,40,68
1771717906.4841454,45,40,68
1771717906.4844372,45,40,68
1771717906.4876022,45,40,68
1771717906.487829,45,40,68
1771717906.4880779,45,40,68
1771717906.4882853,45,40,68
1771717906.488449,45,40,68
1771717906.4915822,45,40,68
1771717906.491861,45,40,68
1771717906.4921691,45,40,68
1771717906.492338,45,40,69
1771717906.4953833,45,40,69
1771717906.49561,45,40,69
1771717906.4958055,45,40,69
1771717906.4960387,45,40,69
1771717906.4962337,45,40,69
1771717906.499593,45,40,69
1771717906.4999192,45,40,69
1771717906.5002103,45,40,69
1771717906.5004923,45,40,69
1771717906.500826,45,40,69
1771717906.5037491,45,40,69
1771717906.5040727,45,40,69
1771717906.5044577,45,40,69
1771717906.50476,45,40,69
1771717906.5049877,45,40,69
1771717906.5080526,45,40,70
1771717906.5085137,45,40,70
1771717906.5086887,45,40,70
1771717906.5088665,45,40,70
1771717906.50903,45,40,70
1771717906.5118735,45,40,70
1771717906.5121238,45,40,70
1771717906.5124192,45,40,70
1771717906.512718,45,40,70
1771717906.5160103,45,40,70
1771717906.5163846,45,40,70
1771717906.5166888,45,40,70
1771717906.516893,45,40,70
1771717906.5170531,45,40,70
1771717906.5200734,45,40,70
1771717906.5204642,45,40,70
1771717906.5208015,45,40,70
1771717906.5211473,45,40,71
1771717906.5214577,45,40,71
1771717906.524109,45,40,71
1771717906.524284,45,40,71
1771717906.5244482,45,40,71
1771717906.5246098,45,40,71
1771717906.52481,45,40,71
1771717906.5283098,45,40,71
1771717906.528528,45,40,71
1771717906.5287232,45,40,71
1771717906.528931,45,40,71
1771717906.529092,45,40,71
1771717906.5324042,45,40,71
1771717906.5327175,45,40,71
1771717906.5330148,45,40,71
1771717906.5333178,45,40,71
1771717906.5336285,45,40,71
1771717906.5366347,45,40,71
1771717906.5369327,45,40,72
1771717906.5372,45,40,72
1771717906.5373604,45,40,72
1771717906.5405135,45,40,72
1771717906.5406904,45,40,72
1771717906.54086,45,40,72
1771717906.5410292,45,40,72
1771717906.5412235,45,40,72
1771717906.5446053,45,40,72
1771717906.5449047,45,40,72
1771717906.5451994,45,40,72
1771717906.545495,45,40,72
1771717906.545696,45,40,72
1771717906.5487318,45,40,72
1771717906.548931,45,40,72
1771717906.5491223,45,40,72
1771717906.5493,45,40,73
1771717906.5494637,45,40,73
1771717906.552958,45,40,73
1771717906.5531392,45,40,73
1771717906.5533106,45,40,73
1771717906.5534892,45,40,73
1771717906.5538542,45,40,73
1771717906.5570102,45,40,73
1771717906.5572033,45,40,73
1771717906.557377,45,40,73
1771717906.5575821,45,40,73
1771717906.5609634,45,40,73
1771717906.5613382,45,40,73
1771717906.5616431,45,40,73
1771717906.561943,45,40,73
1771717906.562318,45,40,73
1771717906.5651803,45,40,73
1771717906.5654936,45,40,73
1771717906.5657856,45,40,74
1771717906.5660243,45,40,74
1771717906.566229,45,40,74
1771717906.5693393,45,40,74
1771717906.569637,45,40,74
1771717906.569849,45,40,74
1771717906.570012,45,40,74
1771717906.570173,45,40,74
1771717906.5733314,45,40,74
1771717906.573504,45,40,74
1771717906.5737162,45,40,74
1771717906.5738761,45,40,74
1771717906.5740361,45,40,74
1771717906.5777178,45,40,74
1771717906.5780356,45,40,74
1771717906.5784223,45,40,74
1771717906.578722,45,40,75
1771717906.5814152,45,40,75
1771717906.5816803,45,40,75
1771717906.5819688,45,40,75
1771717906.5823133,45,40,75
1771717906.582596,45,40,75
1771717906.5856047,45,40,75
1771717906.5858765,45,40,75
1771717906.5861237,45,40,75
1771717906.5863607,45,40,75
1771717906.5866084,45,40,75
1771717906.589696,45,40,75
1771717906.589875,45,40,75
1771717906.5900476,45,40,75
1771717906.5902755,45,40,75
1771717906.5904655,45,40,75
1771717906.593801,45,40,75
1771717906.5939784,45,40,75
1771717906.5941477,45,40,76
1771717906.5943599,45,40,76
1771717906.5945241,45,40,76
1771717906.5979145,45,40,76
1771717906.5980935,45,40,76
1771717906.5982666,45,40,76
1771717906.5984874,45,40,76
1771717906.5986595,45,40,76
1771717906.6020145,45,40,76
1771717906.602216,45,40,76
1771717906.6023867,45,40,76
1771717906.6025615,45,40,76
1771717906.6060135,45,40,76
1771717906.6062238,45,40,76
1771717906.6064212,45,40,76
1771717906.6066132,45,40,76
1771717906.6067982,45,40,77
1771717906.6101391,45,40,77
1771717906.6103127,45,40,77
1771717906.6105042,45,40,77
1771717906.6106975,45,40,77
1771717906.6108956,45,40,77
1771717906.6143818,45,40,77
1771717906.6147316,45,40,77
1771717906.6152275,45,40,77
1771717906.6155713,45,40,77
1771717906.6158888,45,40,77
1771717906.6183896,45,40,77
1771717906.6185884,45,40,77
1771717906.6188273,45,40,77
1771717906.619033,45,40,77
1771717906.6192257,45,40,77
1771717906.6226115,45,40,77
1771717906.6227908,45,40,78
1771717906.6229594,45,40,78
1771717906.6231449,45,40,78
1771717906.626435,45,40,78
1771717906.6266427,45,40,78
1771717906.6268096,45,40,78
1771717906.6270163,45,40,78
1771717906.6271865,45,40,78
1771717906.6308048,45,40,78
1771717906.6310985,45,40,78
1771717906.631394,45,40,78
1771717906.631684,45,40,78
1771717906.6319818,45,40,78
1771717906.634731,45,40,78
1771717906.6349187,45,40,78
1771717906.635095,45,40,78
1771717906.6353183,45,40,78
1771717906.6354945,45,40,79
1771717906.638859,45,40,79
1771717906.6390324,45,40,79
1771717906.6392343,45,40,79
1771717906.6393979,45,40,79
1771717906.6395595,45,40,79
1771717906.643066,45,40,79
1771717906.643401,45,40,79
1771717906.643684,45,40,79
1771717906.644133,45,40,79
1771717906.6469328,45,40,79
1771717906.6472783,45,40,79
1771717906.6474502,45,40,79
1771717906.6476243,45,40,79
1771717906.6477869,45,40,79
1771717906.6512418,45,40,79
1771717906.6518075,45,40,79
1771717906.652122,45,40,80
1771717906.6524212,45,40,80
1771717906.6525822,45,40,80
1771717906.655196,45,40,80
1771717906.6554425,45,40,80
1771717906.6556394,45,40,80
1771717906.6558383,45,40,80
1771717906.6560452,45,40,80
1771717906.6593401,45,40,80
1771717906.6595411,45,40,80
1771717906.6597047,45,40,80
1771717906.6599088,45,40,80
1771717906.660068,45,40,80
1771717906.6635048,45,40,80
1771717906.6637332,45,40,80
1771717906.663897,45,40,80
1771717906.6640635,45,40,80
1771717906.6642725,45,40,81
1771717906.6675272,45,40,81
1771717906.6676967,45,40,81
1771717906.6678827,45,40,81
1771717906.6680453,45,40,81
1771717906.6715095,45,40,81
1771717906.6717968,45,40,81
1771717906.6720853,45,40,81
1771717906.6723714,45,40,81
1771717906.672735,45,40,81
1771717906.6756852,45,40,81
1771717906.6758904,45,40,81
1771717906.6760845,45,40,81
1771717906.6762788,45,40,81
1771717906.6765015,45,40,81
1771717906.6798592,45,40,81
1771717906.680065,45,40,81
1771717906.6802642,45,40,82
1771717906.6804998,45,40,82
1771717906.6806982,45,40,82
1771717906.6841016,45,40,82
1771717906.6844227,45,40,82
1771717906.6847286,45,40,82
1771717906.6849694,45,40,82
1771717906.6851306,45,40,82
1771717906.6881883,45,40,82
1771717906.6885123,45,40,82
1771717906.6887367,45,40,82
1771717906.6889014,45,40,82
1771717906.6920865,45,40,82
1771717906.6923764,45,40,82
1771717906.6926272,45,40,82
1771717906.6928005,45,40,82
1771717906.6929705,45,40,82
1771717906.696337,45,40,82
1771717906.6966522,45,40,83
1771717906.6969573,45,40,83
1771717906.6973526,45,40,83
1771717906.6976473,45,40,83
1771717906.7002943,45,40,83
1771717906.7005637,45,40,83
1771717906.7008555,45,40,83
1771717906.7012022,45,40,83
1771717906.7014835,45,40,83
1771717906.704631,45,40,83
1771717906.7049675,45,40,83
1771717906.7052374,45,40,83
1771717906.7054038,45,40,83
1771717906.7056143,45,40,83
1771717906.708698,45,40,83
1771717906.7089088,45,40,83
1771717906.709073,45,40,84
1771717906.7092752,45,40,84
1771717906.7125146,45,40,84
1771717906.7128878,45,40,84
1771717906.7131925,45,40,84
1771717906.713495,45,40,84
1771717906.7137427,45,40,84
1771717906.7167332,45,40,84
1771717906.717053,45,40,84
1771717906.7172785,45,40,84
1771717906.717439,45,40,84
1771717906.7176077,45,40,84
1771717906.7208488,45,40,84
1771717906.7212894,45,40,84
1771717906.7217522,45,40,84
1771717906.7220259,45,40,84
1771717906.7221947,45,40,84
1771717906.7248898,45,40,85
1771717906.7250993,45,40,85
1771717906.7252862,45,40,85
1771717906.7254505,45,40,85
1771717906.7256181,45,40,85
1771717906.728978,45,40,85
1771717906.7291524,45,40,85
1771717906.7293599,45,40,85
1771717906.7295465,45,40,85
1771717906.7297077,45,40,85
1771717906.7330606,45,40,85
1771717906.7332335,45,40,85
1771717906.7334116,45,40,85
1771717906.7335763,45,40,85
1771717906.7370498,45,40,85
1771717906.7372394,45,40,85
1771717906.7374134,45,40,85
1771717906.7376442,45,40,86
1771717906.7379515,45,40,86
1771717906.7412434,45,40,86
1771717906.741467,45,40,86
1771717906.7416627,45,40,86
1771717906.7418997,45,40,86
1771717906.7421038,45,40,86
1771717906.745323,45,40,86
1771717906.7455056,45,40,86
1771717906.7457263,45,40,86
1771717906.745894,45,40,86
1771717906.7460604,45,40,86
1771717906.7495396,45,40,86
1771717906.7498283,45,40,86
1771717906.7501085,45,40,86
1771717906.7504346,45,40,86
1771717906.7507188,45,40,86
1771717906.7538195,45,40,87
1771717906.7541308,45,40,87
1771717906.7544432,45,40,87
1771717906.7546513,45,40,87
1771717906.7575376,45,40,87
1771717906.7577984,45,40,87
1771717906.7579644,45,40,87
1771717906.758337,45,40,87
1771717906.7586374,45,40,87
1771717906.7617576,45,40,87
1771717906.7621431,45,40,87
1771717906.7624469,45,40,87
1771717906.7627473,45,40,87
1771717906.7630265,45,40,87
1771717906.7659278,45,40,87
1771717906.7663248,45,40,87
1771717906.7665157,45,40,87
1771717906.7666795,45,40,88
1771717906.7668388,45,40,88
1771717906.7700772,45,40,88
1771717906.7703934,45,40,88
1771717906.7707639,45,40,88
1771717906.7712731,45,40,88
1771717906.7715752,45,40,88
1771717906.774275,45,40,88
1771717906.7745895,45,40,88
1771717906.7748456,45,40,88
1771717906.7750075,45,40,88
1771717906.778044,45,40,88
1771717906.7784188,45,40,88
1771717906.7787745,45,40,88
1771717906.7790573,45,40,88
1771717906.7793388,45,40,88
1771717906.7822406,45,40,88
1771717906.7825515,45,40,89
1771717906.78291,45,40,89
1771717906.7831905,45,40,89
1771717906.7833486,45,40,89
1771717906.78642,45,40,89
1771717906.786735,45,40,89
1771717906.7872245,45,40,89
1771717906.787793,45,40,89
1771717906.7881515,45,40,89
1771717906.7904918,45,40,89
1771717906.790734,45,40,89
1771717906.7909648,45,40,89
1771717906.7911923,45,40,89
1771717906.7914798,45,40,89
1771717906.794553,45,40,89
1771717906.794749,45,40,89
1771717906.7949471,45,40,90
1771717906.795109,45,40,90
1771717906.7952707,45,40,90
1771717906.7985947,45,40,90
1771717906.7987814,45,40,90
1771717906.7989519,45,40,90
1771717906.7991176,45,40,90
1771717906.8026145,45,40,90
1771717906.8028703,45,40,90
1771717906.803172,45,40,90
1771717906.8034503,45,40,90
1771717906.8036933,45,40,90
1771717906.8068357,45,40,90
1771717906.8070943,45,40,90
1771717906.8072736,45,40,90
1771717906.8074496,45,40,90
1771717906.8076954,45,40,90
1771717906.8108633,45,40,90
1771717906.8110373,45,40,91
1771717906.811203,45,40,91
1771717906.8113668,45,40,91
1771717906.8115277,45,40,91
1771717906.8149824,45,40,91
1771717906.8151813,45,40,91
1771717906.8153503,45,40,91
1771717906.8155148,45,40,91
1771717906.815681,45,40,91
1771717906.8193407,45,40,91
1771717906.8195443,45,40,91
1771717906.819901,45,40,91
1771717906.8201911,45,40,91
1771717906.8230767,45,40,91
1771717906.8234003,45,40,91
1771717906.82357,45,40,91
1771717906.823806,45,40,92
1771717906.8239737,45,40,92
1771717906.8272338,45,40,92
1771717906.827755,45,40,92
1771717906.8279743,45,40,92
1771717906.828295,45,40,92
1771717906.828648,45,40,92
1771717906.8313313,45,40,92
1771717906.8315132,45,40,92
1771717906.8318572,45,40,92
1771717906.8320735,45,40,92
1771717906.832551,45,40,92
1771717906.8356757,45,40,92
1771717906.8362393,45,40,92
1771717906.8366013,45,40,92
1771717906.8368573,45,40,92
1771717906.8373704,45,40,92
1771717906.8411188,45,40,92
1771717906.8415005,45,40,93
1771717906.8417985,45,40,93
1771717906.842169,45,40,93
1771717906.843534,45,40,93
1771717906.8439808,45,40,93
1771717906.8444195,45,40,93
1771717906.8447766,45,40,93
1771717906.8451047,45,40,93
1771717906.847751,45,40,93
1771717906.847934,45,40,93
1771717906.8481023,45,40,93
1771717906.8482704,45,40,93
1771717906.848438,45,40,93
1771717906.8520043,45,40,93
1771717906.8521943,45,40,93
1771717906.8523612,45,40,93
1771717906.8526282,45,40,94
1771717906.8529606,45,40,94
1771717906.8560724,45,40,94
1771717906.8562846,45,40,94
1771717906.8564854,45,40,94
1771717906.856656,45,40,94
1771717906.856862,45,40,94
1771717906.8601966,45,40,94
1771717906.860676,45,40,94
1771717906.8609192,45,40,94
1771717906.8612165,45,40,94
1771717906.861457,45,40,94
1771717906.864576,45,40,94
1771717906.8653038,45,40,94
1771717906.8656838,45,40,94
1771717906.866164,45,40,94
1771717906.868186,45,40,94
1771717906.8685634,45,40,94
1771717906.8689797,45,40,95
1771717906.8693655,45,40,95
1771717906.8696244,45,40,95
1771717906.8724005,45,40,95
1771717906.872692,45,40,95
1771717906.873043,45,40,95
1771717906.8733168,45,40,95
1771717906.873597,45,40,95
1771717906.876539,45,40,95
1771717906.8768017,45,40,95
1771717906.8770657,45,40,95
1771717906.8775043,45,40,95
1771717906.8779058,45,40,95
1771717906.8806276,45,40,95
1771717906.8810232,45,40,95
1771717906.8812506,45,40,95
1771717906.8814187,45,40,95
1771717906.8815815,45,40,96
1771717906.884636,45,40,96
1771717906.884865,45,40,96
1771717906.8850322,45,40,96
1771717906.8852034,45,40,96
1771717906.8886354,45,40,96
1771717906.8888583,45,40,96
1771717906.8890483,45,40,96
1771717906.8892167,45,40,96
1771717906.889425,45,40,96
1771717906.892724,45,40,96
1771717906.8929253,45,40,96
1771717906.893122,45,40,96
1771717906.8933177,45,40,96
1771717906.893514,45,40,96
1771717906.8969426,45,40,96
1771717906.8972566,45,40,97
1771717906.8974588,45,40,97
1771717906.8976536,45,40,97
1771717906.8982058,45,40,97
1771717906.9011252,45,40,97
1771717906.9013138,45,40,97
1771717906.9014916,45,40,97
1771717906.9016635,45,40,97
1771717906.9018328,45,40,97
1771717906.905245,45,40,97
1771717906.9055684,45,40,97
1771717906.90599,45,40,97
1771717906.9063044,45,40,97
1771717906.9090958,45,40,97
1771717906.9093263,45,40,97
1771717906.9094954,45,40,97
1771717906.9097397,45,40,97
1771717906.9099045,45,40,97
1771717906.9131796,45,40,98
1771717906.9133797,45,40,98
1771717906.9135754,45,40,98
1771717906.9137726,45,40,98
1771717906.9139671,45,40,98
1771717906.9173913,45,40,98
1771717906.9175735,45,40,98
1771717906.9177413,45,40,98
1771717906.9179108,45,40,98
1771717906.9181075,45,40,98
1771717906.9214842,45,40,98
1771717906.9216964,45,40,98
1771717906.9219625,45,40,98
1771717906.9221609,45,40,98
1771717906.9223585,45,40,98
1771717906.9256558,45,40,98
1771717906.9258654,45,40,99
1771717906.9260578,45,40,99
1771717906.926222,45,40,99
1771717906.9263868,45,40,99
1771717906.9296587,45,40,99
1771717906.9298668,45,40,99
1771717906.9300482,45,40,99
1771717906.9302156,45,40,99
1771717906.9337492,45,40,99
1771717906.9340897,45,40,99
1771717906.9343064,45,40,99
1771717906.9345381,45,40,99
1771717906.9347644,45,40,99
1771717906.9379394,45,40,99
1771717906.938166,45,40,99
1771717906.9383705,45,40,99
1771717906.938575,45,40,99
1771717906.9387825,45,40,99
1771717906.942101,45,40,100
1771717906.9423685,45,40,100
1771717906.9426172,45,40,100
1771717906.942927,45,40,100
1771717906.946258,45,40,100
1771717906.9470675,45,40,100
1771717906.947424,45,40,100
1771717906.9478655,45,40,100
1771717906.9480484,45,40,100
1771717906.9502628,45,40,100
1771717906.9505394,45,40,100
1771717906.950788,45,40,100
1771717906.951072,45,40,100
1771717906.9543302,45,40,100
1771717906.954744,45,40,100
1771717906.9549658,45,40,101
1771717906.9551487,45,40,101
1771717906.9582288,45,40,101
1771717906.9585593,45,40,101
1771717906.9588418,45,40,101
1771717906.959135,45,40,101
1771717906.9593866,45,40,101
1771717906.9626114,45,40,101
1771717906.9628124,45,40,101
1771717906.9629993,45,40,101
1771717906.9631808,45,40,101
1771717906.9664707,45,40,101
1771717906.9667852,45,40,101
1771717906.9670882,45,40,101
1771717906.967412,45,40,101
1771717906.9677346,45,40,101
1771717906.9709582,45,40,102
1771717906.971182,45,40,102
1771717906.9713652,45,40,102
1771717906.971548,45,40,102
1771717906.9748445,45,40,102
1771717906.9751647,45,40,102
1771717906.9754367,45,40,102
1771717906.9756854,45,40,102
1771717906.9787846,45,40,102
1771717906.9790673,45,40,102
1771717906.9793148,45,40,102
1771717906.9796023,45,40,102
1771717906.9798448,45,40,102
1771717906.9829836,45,40,102
1771717906.9832633,45,40,102
1771717906.983503,45,40,103
1771717906.9837348,45,40,103
1771717906.9869697,45,40,103
1771717906.987245,45,40,103
1771717906.9874918,45,40,103
1771717906.9877388,45,40,103
1771717906.990982,45,40,103
1771717906.9912748,45,40,103
1771717906.9915233,45,40,103
1771717906.991808,45,40,103
1771717906.9920607,45,40,103
1771717906.995285,45,40,103
1771717906.9956489,45,40,103
1771717906.9959447,45,40,103
1771717906.996195,45,40,103
1771717906.999276,45,40,104
1771717906.9995222,45,40,104
1771717906.999753,45,40,104
1771717906.9999828,45,40,104
1771717907.0002663,45,40,104
1771717907.0035331,45,40,104
1771717907.0038161,45,40,104
1771717907.0040712,45,40,104
1771717907.0043802,45,40,104
1771717907.0075665,45,40,104
1771717907.0078447,45,40,104
1771717907.0081549,45,40,104
1771717907.0084045,45,40,104
1771717907.0115354,45,40,104
1771717907.011825,45,40,104
1771717907.0120757,45,40,104
1771717907.0123215,45,40,105
1771717907.0125802,45,40,105
1771717907.015789,45,40,105
1771717907.016039,45,40,105
1771717907.0162857,45,40,105
1771717907.016533,45,40,105
1771717907.0197296,45,40,105
1771717907.0199716,45,40,105
1771717907.020206,45,40,105
1771717907.0204427,45,40,105
1771717907.023764,45,40,105
1771717907.02413,45,40,105
1771717907.0244043,45,40,105
1771717907.0246518,45,40,105
1771717907.0248978,45,40,105
1771717907.0280178,45,40,106
1771717907.0282733,45,40,106
1771717907.0285134,45,40,106
1771717907.0287588,45,40,106
1771717907.0319977,45,40,106
1771717907.032247,45,40,106
1771717907.032495,45,40,106
1771717907.0327847,45,40,106
1771717907.033031,45,40,106
1771717907.036224,45,40,106
1771717907.0364735,45,40,106
1771717907.036761,45,40,106
1771717907.036999,45,40,106
1771717907.0403297,45,40,106
1771717907.0406287,45,40,106
1771717907.0408182,45,40,106
1771717907.040997,45,40,107
1771717907.0443182,45,40,107
1771717907.0446239,45,40,107
1771717907.0448678,45,40,107
1771717907.0451124,45,40,107
1771717907.0453541,45,40,107
1771717907.048583,45,40,107
1771717907.048836,45,40,107
1771717907.049079,45,40,107
1771717907.0493805,45,40,107
1771717907.0526698,45,40,107
1771717907.053068,45,40,107
1771717907.053333,45,40,107
1771717907.0535092,45,40,107
1771717907.05686,45,40,107
1771717907.057176,45,40,108
1771717907.057472,45,40,108
1771717907.057673,45,40,108
1771717907.0579357,45,40,108
1771717907.0608923,45,40,108
1771717907.0611424,45,40,108
1771717907.0614135,45,40,108
1771717907.06166,45,40,108
1771717907.0647683,45,40,108
1771717907.0650191,45,40,108
1771717907.0652678,45,40,108
1771717907.0655599,45,40,108
1771717907.0658,45,40,108
1771717907.0689998,45,40,108
1771717907.0692427,45,40,108
1771717907.06943,45,40,109
1771717907.06963,45,40,109
1771717907.0731585,45,40,109
1771717907.073505,45,40,109
1771717907.0737684,45,40,109
1771717907.0740235,45,40,109
1771717907.0770695,45,40,109
1771717907.0773592,45,40,109
1771717907.0775945,45,40,109
1771717907.077839,45,40,109
1771717907.078116,45,40,109
1771717907.0812876,45,40,109
1771717907.0815368,45,40,109
1771717907.0817783,45,40,109
1771717907.0820634,45,40,109
1771717907.085317,45,40,109
1771717907.085559,45,40,110
1771717907.0857923,45,40,110
1771717907.0866482,45,40,110
1771717907.0893216,45,40,110
1771717907.089681,45,40,110
1771717907.0899448,45,40,110
1771717907.0902562,45,40,110
1771717907.090492,45,40,110
1771717907.0935662,45,40,110
1771717907.093885,45,40,110
1771717907.0941293,45,40,110
1771717907.0943773,45,40,110
1771717907.0975583,45,40,110
1771717907.0978744,45,40,110
1771717907.098117,45,40,110
1771717907.0983644,45,40,111
1771717907.09861,45,40,111
1771717907.1018863,45,40,111
1771717907.1024086,45,40,111
1771717907.1028008,45,40,111
1771717907.1031454,45,40,111
1771717907.1058729,45,40,111
1771717907.1061563,45,40,111
1771717907.1065207,45,40,111
1771717907.1068177,45,40,111
1771717907.1099262,45,40,111
1771717907.1102698,45,40,111
1771717907.11052,45,40,111
1771717907.1107666,45,40,111
1771717907.1110523,45,40,111
1771717907.1140654,45,40,111
1771717907.1143153,45,40,112
1771717907.114549,45,40,112
1771717907.1148462,45,40,112
1771717907.1181514,45,40,112
1771717907.1183524,45,40,112
1771717907.1185362,45,40,112
1771717907.1188564,45,40,112
1771717907.1220696,45,40,112
1771717907.1224427,45,40,112
1771717907.1227589,45,40,112
1771717907.1230268,45,40,112
1771717907.1232803,45,40,112
1771717907.1263223,45,40,112
1771717907.1266067,45,40,112
1771717907.1268325,45,40,112
1771717907.1270587,45,40,113
1771717907.1303296,45,40,113
1771717907.1306403,45,40,113
1771717907.1308727,45,40,113
1771717907.131107,45,40,113
1771717907.1313634,45,40,113
1771717907.1345587,45,40,113
1771717907.1347544,45,40,113
1771717907.1349335,45,40,113
1771717907.1351109,45,40,113
1771717907.1387029,45,40,113
1771717907.139042,45,40,113
1771717907.1392992,45,40,113
1771717907.1395473,45,40,113
1771717907.142601,45,40,113
1771717907.142845,45,40,113
1771717907.14308,45,40,114
1771717907.1433303,45,40,114
1771717907.1436331,45,40,114
1771717907.1468046,45,40,114
1771717907.1470542,45,40,114
1771717907.1473033,45,40,114
1771717907.1475909,45,40,114
1771717907.1509252,45,40,114
1771717907.1511743,45,40,114
1771717907.1513548,45,40,114
1771717907.151534,45,40,114
1771717907.1548412,45,40,114
1771717907.155163,45,40,114
1771717907.155466,45,40,114
1771717907.1557126,45,40,114
1771717907.1559622,45,40,115
1771717907.1591117,45,40,115
1771717907.1594148,45,40,115
1771717907.1596613,45,40,115
1771717907.1599061,45,40,115
1771717907.1630826,45,40,115
1771717907.1633332,45,40,115
1771717907.1635656,45,40,115
1771717907.1638088,45,40,115
1771717907.1640844,45,40,115
1771717907.1672616,45,40,115
1771717907.167448,45,40,115
1771717907.1676223,45,40,115
1771717907.167796,45,40,115
1771717907.1714852,45,40,115
1771717907.1718364,45,40,116
1771717907.1721165,45,40,116
1771717907.1722999,45,40,116
1771717907.1754887,45,40,116
1771717907.1757574,45,40,116
1771717907.1760714,45,40,116
1771717907.1763346,45,40,116
1771717907.176571,45,40,116
1771717907.1796684,45,40,116
1771717907.17992,45,40,116
1771717907.180151,45,40,116
1771717907.1804132,45,40,116
1771717907.1836708,45,40,116
1771717907.1839397,45,40,116
1771717907.1842506,45,40,116
1771717907.1845074,45,40,116
1771717907.1876037,45,40,117
1771717907.1879025,45,40,117
1771717907.188209,45,40,117
1771717907.18846,45,40,117
1771717907.1887186,45,40,117
1771717907.1918979,45,40,117
1771717907.1921504,45,40,117
1771717907.1923954,45,40,117
1771717907.1927528,45,40,117
1771717907.1958618,45,40,117
1771717907.1961117,45,40,117
1771717907.1963513,45,40,117
1771717907.1966574,45,40,117
1771717907.1969132,45,40,117
1771717907.2001498,45,40,117
1771717907.2004158,45,40,118
1771717907.200667,45,40,118
1771717907.2009943,45,40,118
1771717907.2043023,45,40,118
1771717907.2045236,45,40,118
1771717907.2047493,45,40,118
1771717907.205041,45,40,118
1771717907.208182,45,40,118
1771717907.2083917,45,40,118
1771717907.20858,45,40,118
1771717907.2087708,45,40,118
1771717907.2089906,45,40,118
1771717907.2125843,45,40,118
1771717907.2130535,45,40,118
1771717907.2132554,45,40,118
1771717907.2134423,45,40,118
1771717907.2164388,45,40,119
1771717907.2167554,45,40,119
1771717907.217003,45,40,119
1771717907.217235,45,40,119
1771717907.2203624,45,40,119
1771717907.2206872,45,40,119
1771717907.2209437,45,40,119
1771717907.221295,45,40,119
1771717907.2215624,45,40,119
1771717907.2247174,45,40,119
1771717907.2249694,45,40,119
1771717907.2252007,45,40,119
1771717907.2254274,45,42,237
1771717907.2286646,45,42,104
1771717907.2289426,45,42,104
1771717907.2292235,45,42,104
1771717907.22955,45,42,104
1771717907.2298381,45,42,105
1771717907.2329092,45,42,105
1771717907.2331984,45,42,105
1771717907.2335246,45,42,105
1771717907.2337966,45,42,105
1771717907.2368822,45,42,105
1771717907.2371118,45,42,105
1771717907.237457,45,42,105
1771717907.2376814,45,42,105
1771717907.240937,45,42,105
1771717907.2412694,45,42,105
1771717907.241736,45,42,105
1771717907.2419205,45,42,105
1771717907.242098,45,42,105
1771717907.2451932,45,42,105
1771717907.245479,45,42,105
1771717907.245721,45,42,105
1771717907.246013,45,42,105
1771717907.2491539,45,42,105
1771717907.2494006,45,42,105
1771717907.249674,45,42,105
1771717907.249915,45,42,105
1771717907.2531514,45,42,105
1771717907.2534344,45,42,105
1771717907.253726,45,42,106
1771717907.2540026,45,42,106
1771717907.2542434,45,42,106
1771717907.2575672,45,42,106
1771717907.2581975,45,42,106
1771717907.259133,45,42,106
1771717907.2594476,45,42,106
1771717907.2615416,45,42,106
1771717907.2618537,45,42,106
1771717907.2621784,45,42,106
1771717907.2623978,45,42,106
1771717907.2625813,45,42,106
1771717907.2655878,45,42,106
1771717907.2657766,45,42,106
1771717907.2659638,45,42,106
1771717907.2661457,45,42,106
1771717907.269727,45,42,106
1771717907.2699625,45,42,106
1771717907.270186,45,42,106
1771717907.2704155,45,42,106
1771717907.273878,45,42,106
1771717907.2742987,45,42,106
1771717907.2746139,45,42,107
1771717907.2749736,45,42,107
1771717907.2753224,45,42,107
1771717907.2779374,45,42,107
1771717907.2781959,45,42,107
1771717907.278479,45,42,107
1771717907.2787592,45,42,107
1771717907.2819605,45,42,107
1771717907.282262,45,42,107
1771717907.2825193,45,42,107
1771717907.282761,45,42,107
1771717907.285867,45,42,107
1771717907.2862098,45,42,107
1771717907.2864578,45,42,107
1771717907.2866995,45,42,107
1771717907.2869391,45,42,107
1771717907.2903795,45,42,107
1771717907.2907891,45,42,107
1771717907.2910783,45,42,107
1771717907.2912984,45,42,107
1771717907.2942092,45,42,107
1771717907.2944756,45,42,107
1771717907.29472,45,42,107
1771717907.2950153,45,42,107
1771717907.295265,45,42,108
1771717907.2983558,45,42,108
1771717907.2985878,45,42,108
1771717907.2988615,45,42,108
1771717907.2990859,45,42,108
1771717907.302424,45,42,108
1771717907.3026898,45,42,108
1771717907.3029785,45,42,108
1771717907.3032198,45,42,108
1771717907.3068511,45,42,108
1771717907.3071532,45,42,108
1771717907.3074944,45,42,108
1771717907.307825,45,42,108
1771717907.3080978,45,42,108
1771717907.3111503,45,42,108
1771717907.3115299,45,42,108
1771717907.3119335,45,42,108
1771717907.3122368,45,42,108
1771717907.3148124,45,42,108
1771717907.3151076,45,42,108
1771717907.315356,45,42,108
1771717907.315551,45,42,108
1771717907.31885,45,42,109
1771717907.319301,45,42,109
1771717907.3196762,45,42,109
1771717907.3199563,45,42,109
1771717907.3201485,45,42,109
1771717907.3229015,45,42,109
1771717907.3231003,45,42,109
1771717907.3232887,45,42,109
1771717907.323498,45,42,109
1771717907.3270245,45,42,109
1771717907.327333,45,42,109
1771717907.3275752,45,42,109
1771717907.3278172,45,42,109
1771717907.328067,45,42,109
1771717907.3311472,45,42,109
1771717907.331385,45,42,109
1771717907.3316364,45,42,109
1771717907.3318202,45,42,109
1771717907.335214,45,42,109
1771717907.3354664,45,42,109
1771717907.3357038,45,42,109
1771717907.3359969,45,42,109
1771717907.339297,45,42,109
1771717907.3397396,45,42,109
1771717907.340117,45,42,110
1771717907.3404446,45,42,110
1771717907.3407412,45,42,110
1771717907.3436232,45,42,110
1771717907.3438892,45,42,110
1771717907.3441572,45,42,110
1771717907.3444479,45,42,110
1771717907.3475044,45,42,110
1771717907.34787,45,42,110
1771717907.3481126,45,42,110
1771717907.3483856,45,42,110
1771717907.351451,45,42,110
1771717907.3516955,45,42,110
1771717907.3519242,45,42,110
1771717907.3521504,45,42,110
1771717907.352438,45,42,110
1771717907.355823,45,42,110
1771717907.3561528,45,42,110
1771717907.3564498,45,42,110
1771717907.356951,45,42,110
1771717907.359786,45,42,110
1771717907.360058,45,42,110
1771717907.3603513,45,42,110
1771717907.3605947,45,42,111
1771717907.3608346,45,42,111
1771717907.3638484,45,42,111
1771717907.3640356,45,42,111
1771717907.3642485,45,42,111
1771717907.3644307,45,42,111
1771717907.3680272,45,42,111
1771717907.3682866,45,42,111
1771717907.3685417,45,42,111
1771717907.3687966,45,42,111
1771717907.3720477,45,42,111
1771717907.3723361,45,42,111
1771717907.372714,45,42,111
1771717907.3729622,45,42,111
1771717907.3732097,45,42,111
1771717907.3763058,45,42,111
1771717907.3766153,45,42,111
1771717907.3769042,45,42,111
1771717907.3771667,45,42,111
1771717907.3802361,45,42,111
1771717907.3805556,45,42,111
1771717907.380789,45,42,111
1771717907.3810303,45,42,111
1771717907.3842466,45,42,112
1771717907.384505,45,42,112
1771717907.3847935,45,42,112
1771717907.3850486,45,42,112
1771717907.3852959,45,42,112
1771717907.3885078,45,42,112
1771717907.3887634,45,42,112
1771717907.3890674,45,42,112
1771717907.3893032,45,42,112
1771717907.3925784,45,42,112
1771717907.3929205,45,42,112
1771717907.393311,45,42,112
1771717907.3935306,45,42,112
1771717907.3937175,45,42,112
1771717907.3966775,45,42,112
1771717907.3969173,45,42,112
1771717907.397196,45,42,112
1771717907.39753,45,42,112
1771717907.4009016,45,42,112
1771717907.4012537,45,42,112
1771717907.4014401,45,42,112
1771717907.4016225,45,42,112
1771717907.4048595,45,42,112
1771717907.4050791,45,42,113
1771717907.405473,45,42,113
1771717907.4057024,45,42,113
1771717907.4058986,45,42,113
1771717907.4090269,45,42,113
1771717907.409344,45,42,113
1771717907.4095824,45,42,113
1771717907.4098377,45,42,113
1771717907.4129846,45,42,113
1771717907.4132824,45,42,113
1771717907.4135113,45,42,113
1771717907.4138389,45,42,113
1771717907.4170754,45,42,113
1771717907.4173486,45,42,113
1771717907.417601,45,42,113
1771717907.4178333,45,42,113
1771717907.4180138,45,42,113
1771717907.4213736,45,42,113
1771717907.4216335,45,42,113
1771717907.4218981,45,42,113
1771717907.422186,45,42,113
1771717907.4252799,45,42,113
1771717907.4255478,45,42,113
1771717907.4258528,45,42,113
1771717907.4260895,45,42,114
1771717907.4263308,45,42,114
1771717907.4294055,45,42,114
1771717907.4296718,45,42,114
1771717907.4299202,45,42,114
1771717907.4301527,45,42,114
1771717907.4335778,45,42,114
1771717907.4338326,45,42,114
1771717907.434059,45,42,114
1771717907.4343247,45,42,114
1771717907.4376647,45,42,114
1771717907.4381359,45,42,114
1771717907.4386272,45,42,114
1771717907.4389133,45,42,114
1771717907.4392173,45,42,114
1771717907.4421115,45,42,114
1771717907.4423778,45,42,114
1771717907.4425712,45,42,114
1771717907.442806,45,42,114
1771717907.4459715,45,42,114
1771717907.4462216,45,42,114
1771717907.4464545,45,42,114
1771717907.4466946,45,42,115
1771717907.4498527,45,42,115
1771717907.4501138,45,42,115
1771717907.450349,45,42,115
1771717907.450582,45,42,115
1771717907.4508505,45,42,115
1771717907.453968,45,42,115
1771717907.4542317,45,42,115
1771717907.4544835,45,42,115
1771717907.4547734,45,42,115
1771717907.4581988,45,42,115
1771717907.4584131,45,42,115
1771717907.458603,45,42,115
1771717907.4587874,45,42,115
1771717907.4589665,45,42,115
1771717907.4622493,45,42,115
1771717907.4625373,45,42,115
1771717907.4627862,45,42,115
1771717907.463206,45,42,115
1771717907.466329,45,42,115
1771717907.466608,45,42,115
1771717907.466792,45,42,115
1771717907.466974,45,42,115
1771717907.4702706,45,42,115
1771717907.4705267,45,42,116
1771717907.4708555,45,42,116
1771717907.4711213,45,42,116
1771717907.4713833,45,42,116
1771717907.4746501,45,42,116
1771717907.4749153,45,42,116
1771717907.4751687,45,42,116
1771717907.475467,45,42,116
1771717907.478504,45,42,116
1771717907.4787617,45,42,116
1771717907.47908,45,42,116
1771717907.4793272,45,42,116
1771717907.4825387,45,42,116
1771717907.4828186,45,42,116
1771717907.483107,45,42,116
1771717907.4833539,45,42,116
1771717907.4835968,45,42,116
1771717907.486758,45,42,116
1771717907.4870064,45,42,116
1771717907.487265,45,42,116
1771717907.4875154,45,42,116
1771717907.490815,45,42,116
1771717907.4910736,45,42,116
1771717907.4913273,45,42,117
1771717907.4916134,45,42,117
1771717907.4918647,45,42,117
1771717907.4950032,45,42,117
1771717907.4953055,45,42,117
1771717907.4955688,45,42,117
1771717907.4958608,45,42,117
1771717907.499035,45,42,117
1771717907.4992943,45,42,117
1771717907.4995496,45,42,117
1771717907.4998505,45,42,117
1771717907.5031006,45,42,117
1771717907.5035453,45,42,117
1771717907.5039098,45,42,117
1771717907.5044084,45,42,117
1771717907.5048556,45,42,117
1771717907.507377,45,42,117
1771717907.5076354,45,42,117
1771717907.5079374,45,42,117
1771717907.5081942,45,42,117
1771717907.5113437,45,42,117
1771717907.5116184,45,42,117
1771717907.5119236,45,42,117
1771717907.5121982,45,42,118
1771717907.5154262,45,42,118
1771717907.5158541,45,42,118
1771717907.5161397,45,42,118
1771717907.5164862,45,42,118
1771717907.5169108,45,42,118
1771717907.5196712,45,42,118
1771717907.5201025,45,42,118
1771717907.5204096,45,42,118
1771717907.520716,45,42,118
1771717907.5236661,45,42,118
1771717907.5240233,45,42,118
1771717907.5245156,45,42,118
1771717907.5248601,45,42,118
1771717907.5252414,45,42,118
1771717907.528211,45,42,118
1771717907.5284178,45,42,118
1771717907.528659,45,42,118
1771717907.5289185,45,42,118
1771717907.5318236,45,42,118
1771717907.5320861,45,42,118
1771717907.532331,45,42,118
1771717907.532616,45,42,118
1771717907.535879,45,42,119
1771717907.536174,45,42,119
1771717907.5364456,45,42,119
1771717907.5368962,45,42,119
1771717907.5371845,45,42,119
1771717907.5404174,45,42,119
1771717907.5410535,45,42,119
1771717907.5413616,45,42,119
1771717907.5416508,45,42,119
1771717907.5442023,45,42,119
1771717907.5445154,45,42,119
1771717907.5449057,45,42,119
1771717907.5453434,45,42,119
1771717907.548127,45,42,119
1771717907.548561,45,42,119
1771717907.5488892,45,42,119
1771717907.5491197,45,42,119
1771717907.54942,45,42,119
1771717907.5523005,45,42,119
1771717907.5526032,45,42,119
1771717907.552845,45,42,119
1771717907.5530758,45,42,119
1771717907.5564227,45,42,119
1771717907.5567563,45,42,120
1771717907.5570548,45,42,120
1771717907.557383,45,42,120
1771717907.5575864,45,42,120
1771717907.5606263,45,42,120
1771717907.5609503,45,42,120
1771717907.5613759,45,42,120
1771717907.5617301,45,42,120
1771717907.5646331,45,42,120
1771717907.564985,45,42,120
1771717907.5652404,45,42,120
1771717907.565491,45,42,120
1771717907.5688546,45,42,120
1771717907.5691476,45,42,120
1771717907.5693939,45,42,120
1771717907.5697334,45,42,120
1771717907.5699725,45,42,120
1771717907.5728111,45,42,120
1771717907.5731056,45,42,120
1771717907.5733473,45,42,120
1771717907.5736701,45,42,120
1771717907.5768652,45,42,120
1771717907.5771277,45,42,120
1771717907.5774345,45,42,121
1771717907.5776772,45,42,121
1771717907.5808296,45,42,121
1771717907.5810757,45,42,121
1771717907.5813527,45,42,121
1771717907.5815854,45,42,121
1771717907.5818317,45,42,121
1771717907.5850894,45,42,121
1771717907.5853286,45,42,121
1771717907.5855572,45,42,121
1771717907.585799,45,42,121
1771717907.5891337,45,42,121
1771717907.5894353,45,42,121
1771717907.5897758,45,42,121
1771717907.5900443,45,42,121
1771717907.5903122,45,42,121
1771717907.593329,45,42,121
1771717907.5935829,45,42,121
1771717907.5938327,45,42,121
1771717907.594078,45,42,121
1771717907.5973527,45,42,121
1771717907.5976017,45,42,121
1771717907.5978432,45,42,121
1771717907.598117,45,42,121
1771717907.6013255,45,42,122
1771717907.601575,45,42,122
1771717907.6018167,45,42,122
1771717907.6020935,45,42,122
1771717907.60233,45,42,122
1771717907.6057165,45,42,122
1771717907.6061215,45,42,122
1771717907.606362,45,42,122
1771717907.606646,45,42,122
1771717907.6096423,45,42,122
1771717907.6099575,45,42,122
1771717907.610197,45,42,122
1771717907.6104267,45,42,122
1771717907.613597,45,42,122
1771717907.613846,45,42,122
1771717907.6140864,45,42,122
1771717907.6143181,45,42,122
1771717907.61461,45,42,122
1771717907.617814,45,42,122
1771717907.6180727,45,42,122
1771717907.6183035,45,42,122
1771717907.6185653,45,42,122
1771717907.6220164,45,42,123
1771717907.6223478,45,42,123
1771717907.6227515,45,42,123
1771717907.622965,45,42,123
1771717907.623163,45,42,123
1771717907.6260474,45,42,123
1771717907.626303,45,42,123
1771717907.6265888,45,42,123
1771717907.62683,45,42,123
1771717907.6301665,45,42,123
1771717907.6305475,45,42,123
1771717907.6307929,45,42,123
1771717907.631034,45,42,123
1771717907.6341002,45,42,123
1771717907.6344092,45,42,123
1771717907.6346638,45,42,123
1771717907.6349115,45,42,123
1771717907.6351533,45,42,123
1771717907.63847,45,42,123
1771717907.6388364,45,42,123
1771717907.6391268,45,42,123
1771717907.6394148,45,42,123
1771717907.6423895,45,42,123
1771717907.6426408,45,42,123
1771717907.6428745,45,42,124
1771717907.6431541,45,42,124
1771717907.6464307,45,42,124
1771717907.6466675,45,42,124
1771717907.6469336,45,42,124
1771717907.647166,45,42,124
1771717907.647393,45,42,124
1771717907.650637,45,42,124
1771717907.6509452,45,42,124
1771717907.6511865,45,42,124
1771717907.6514313,45,42,124
1771717907.654691,45,42,124
1771717907.6549613,45,42,124
1771717907.655227,45,42,124
1771717907.6555467,45,42,124
1771717907.6558013,45,42,124
1771717907.6588655,45,42,124
1771717907.6591363,45,42,124
1771717907.6593754,45,42,124
1771717907.659651,45,42,124
1771717907.66307,45,42,124
1771717907.663366,45,42,124
1771717907.6636074,45,42,124
1771717907.6638558,45,42,125
1771717907.6669033,45,42,125
1771717907.667182,45,42,125
1771717907.667524,45,42,125
1771717907.6678226,45,42,125
1771717907.6680846,45,42,125
1771717907.6711497,45,42,125
1771717907.671433,45,42,125
1771717907.6716697,45,42,125
1771717907.6719983,45,42,125
1771717907.6752307,45,42,125
1771717907.6754417,45,42,125
1771717907.6756482,45,42,125
1771717907.6759324,45,42,125
1771717907.6791809,45,42,125
1771717907.6795082,45,42,125
1771717907.6798592,45,42,125
1771717907.6801164,45,42,125
1771717907.6802988,45,42,125
1771717907.6834795,45,42,125
1771717907.683786,45,42,125
1771717907.6841733,45,42,125
1771717907.6845114,45,42,125
1771717907.687869,45,42,126
1771717907.6882775,45,42,126
1771717907.6885357,45,42,126
1771717907.6887841,45,42,126
1771717907.689099,45,42,126
1771717907.6916037,45,42,126
1771717907.6918843,45,42,126
1771717907.6921773,45,42,126
1771717907.692419,45,42,126
1771717907.6957152,45,42,126
1771717907.6959848,45,42,126
1771717907.6962292,45,42,126
1771717907.6965327,45,42,126
1771717907.700253,45,42,126
1771717907.70046,45,42,126
1771717907.7006507,45,42,126
1771717907.700879,45,42,126
1771717907.7010653,45,42,126
1771717907.7041695,45,42,126
1771717907.704879,45,42,126
1771717907.705181,45,42,126
1771717907.7055633,45,42,126
1771717907.7079268,45,42,126
1771717907.708135,45,42,127
1771717907.7083225,45,42,127
1771717907.7085142,45,42,127
1771717907.7119365,45,42,127
1771717907.7122324,45,42,127
1771717907.7125587,45,42,127
1771717907.7129831,45,42,127
1771717907.713383,45,42,127
1771717907.7162447,45,42,127
1771717907.7165217,45,42,127
1771717907.7168279,45,42,127
1771717907.7170863,45,42,127
1771717907.720181,45,42,127
1771717907.720495,45,42,127
1771717907.7208867,45,42,127
1771717907.7210822,45,42,127
1771717907.7213151,45,42,127
1771717907.7246623,45,42,127
1771717907.7249036,45,42,127
1771717907.7251494,45,42,127
1771717907.7253363,45,42,127
1771717907.728414,45,42,127
1771717907.7290792,45,42,127
1771717907.7298312,45,42,127
1771717907.7301989,45,42,128
1771717907.732445,45,42,128
1771717907.7327962,45,42,128
1771717907.7330437,45,42,128
1771717907.733225,45,42,128
1771717907.7334418,45,42,128
1771717907.7367485,45,42,128
1771717907.7370555,45,42,128
1771717907.7375863,45,42,128
1771717907.7379088,45,42,128
1771717907.740775,45,42,128
1771717907.7411213,45,42,128
1771717907.7413843,45,42,128
1771717907.7416477,45,42,128
1771717907.744672,45,42,128
1771717907.7449083,45,42,128
1771717907.7451103,45,42,128
1771717907.7452917,45,42,128
1771717907.7454753,45,42,128
1771717907.7488956,45,42,128
1771717907.7490954,45,42,128
1771717907.7492864,45,42,128
1771717907.7494726,45,42,129
1771717907.752864,45,42,129
1771717907.7530632,45,42,129
1771717907.7532449,45,42,129
1771717907.7534268,45,42,129
1771717907.7536497,45,42,129
1771717907.757057,45,42,129
1771717907.7572508,45,42,129
1771717907.7574306,45,42,129
1771717907.757711,45,42,129
1771717907.7611244,45,42,129
1771717907.761319,45,42,129
1771717907.7615454,45,42,129
1771717907.7617385,45,42,129
1771717907.7652347,45,42,129
1771717907.7654715,45,42,129
1771717907.7656968,45,42,129
1771717907.7659128,45,42,129
1771717907.7661133,45,42,129
1771717907.7693832,45,42,129
1771717907.7695768,45,42,129
1771717907.7697635,45,42,129
1771717907.7699487,45,42,129
1771717907.7735574,45,42,129
1771717907.7738006,45,42,130
1771717907.774048,45,42,130
1771717907.7742748,45,42,130
1771717907.777476,45,42,130
1771717907.7777243,45,42,130
1771717907.7779598,45,42,130
1771717907.7781606,45,42,130
1771717907.7784142,45,42,130
1771717907.781705,45,42,130
1771717907.7819088,45,42,130
1771717907.7820978,45,42,130
1771717907.782318,45,42,130
1771717907.7856286,45,42,130
1771717907.7858577,45,42,130
1771717907.7860749,45,42,130
1771717907.7862926,45,42,130
1771717907.7865083,45,42,130
1771717907.7899392,45,42,130
1771717907.79014,45,42,130
1771717907.7903457,45,42,130
1771717907.7905285,45,42,130
1771717907.793918,45,42,130
1771717907.7941344,45,42,131
1771717907.794346,45,42,131
1771717907.7945588,45,42,131
1771717907.797906,45,42,131
1771717907.7981048,45,42,131
1771717907.7983336,45,42,131
1771717907.7985213,45,42,131
1771717907.798705,45,42,131
1771717907.8023336,45,42,131
1771717907.802751,45,42,131
1771717907.8030765,45,42,131
1771717907.8033345,45,42,131
1771717907.8066628,45,42,131
1771717907.8079739,45,42,131
1771717907.8082368,45,42,131
1771717907.8086567,45,42,131
1771717907.8102667,45,42,131
1771717907.8105946,45,42,131
1771717907.8109696,45,42,131
1771717907.8111644,45,42,131
1771717907.8114004,45,42,131
1771717907.8144867,45,42,131
1771717907.8148146,45,42,131
1771717907.8150585,45,42,131
1771717907.8152974,45,42,132
1771717907.8185,45,42,132
1771717907.8187509,45,42,132
1771717907.8189933,45,42,132
1771717907.8192344,45,42,132
1771717907.8195279,45,42,132
1771717907.8227706,45,42,132
1771717907.8230999,45,42,132
1771717907.8233728,45,42,132
1771717907.8237624,45,42,132
1771717907.826719,45,42,132
1771717907.827,45,42,132
1771717907.827276,45,42,132
1771717907.8274527,45,42,132
1771717907.8308225,45,42,132
1771717907.831227,45,42,132
1771717907.831552,45,42,132
1771717907.831868,45,42,132
1771717907.8321328,45,42,132
1771717907.8350446,45,42,132
1771717907.8352833,45,42,132
1771717907.835473,45,42,132
1771717907.835659,45,42,132
1771717907.8390074,45,42,133
1771717907.8392644,45,42,133
1771717907.839453,45,42,133
1771717907.839709,45,42,133
1771717907.8431132,45,42,133
1771717907.8434846,45,42,133
1771717907.8438213,45,42,133
1771717907.844225,45,42,133
1771717907.8444076,45,42,133
1771717907.8471625,45,42,133
1771717907.8473814,45,42,133
1771717907.8475943,45,42,133
1771717907.8478386,45,42,133
1771717907.8511968,45,42,133
1771717907.8515234,45,42,133
1771717907.8519053,45,42,133
1771717907.8522983,45,42,133
1771717907.8525991,45,42,133
1771717907.8554404,45,42,133
1771717907.8557208,45,42,133
1771717907.8559842,45,42,133
1771717907.856325,45,42,133
1771717907.8595514,45,42,133
1771717907.85978,45,42,134
1771717907.8599985,45,42,134
1771717907.860216,45,42,134
1771717907.86354,45,42,134
1771717907.8639805,45,42,134
1771717907.8643148,45,43,222
1771717907.8645813,45,43,119
1771717907.864758,45,43,119
1771717907.8677678,45,43,119
1771717907.8680546,45,43,119
1771717907.8683422,45,43,119
1771717907.8686066,45,43,119
1771717907.8718686,45,43,119
1771717907.8722498,45,43,119
1771717907.8725312,45,43,119
1771717907.8728168,45,43,119
1771717907.8757656,45,43,119
1771717907.8759727,45,43,119
1771717907.8761606,45,43,119
1771717907.876343,45,43,119
1771717907.8766017,45,43,119
1771717907.880068,45,43,119
1771717907.8804958,45,43,119
1771717907.8810036,45,43,119
1771717907.8813026,45,43,119
1771717907.8839593,45,43,119
1771717907.8841956,45,43,119
1771717907.884376,45,43,119
1771717907.8845575,45,43,119
1771717907.8847363,45,43,119
1771717907.8881054,45,43,119
1771717907.888379,45,43,119
1771717907.8885627,45,43,119
1771717907.8887436,45,43,119
1771717907.8921878,45,43,119
1771717907.892378,45,43,119
1771717907.8925574,45,43,119
1771717907.8927374,45,43,119
1771717907.8962276,45,43,119
1771717907.8965268,45,43,119
1771717907.89681,45,43,119
1771717907.8970783,45,43,120
1771717907.8972573,45,43,120
1771717907.9004364,45,43,120
1771717907.9006417,45,43,120
1771717907.9008257,45,43,120
1771717907.9010594,45,43,120
1771717907.9044938,45,43,120
1771717907.904734,45,43,120
1771717907.9049797,45,43,120
1771717907.9052596,45,43,120
1771717907.9085333,45,43,120
1771717907.9087882,45,43,120
1771717907.9089732,45,43,120
1771717907.909153,45,43,120
1771717907.9093351,45,43,120
1771717907.9126873,45,43,120
1771717907.9129155,45,43,120
1771717907.9131021,45,43,120
1771717907.913285,45,43,120
1771717907.9167287,45,43,120
1771717907.9170096,45,43,120
1771717907.9172823,45,43,120
1771717907.9174697,45,43,120
1771717907.9178002,45,43,120
1771717907.9208844,45,43,120
1771717907.921141,45,43,120
1771717907.921331,45,43,120
1771717907.9215147,45,43,120
1771717907.9250114,45,43,120
1771717907.9254136,45,43,120
1771717907.9256942,45,43,120
1771717907.9259245,45,43,120
1771717907.928988,45,43,120
1771717907.9292948,45,43,120
1771717907.9295163,45,43,120
1771717907.9297802,45,43,120
1771717907.9301994,45,43,120
1771717907.9332066,45,43,120
1771717907.9334016,45,43,120
1771717907.933584,45,43,120
1771717907.9338279,45,43,120
1771717907.9373686,45,43,120
1771717907.937862,45,43,120
1771717907.9382756,45,43,120
1771717907.9386141,45,43,120
1771717907.9412518,45,43,120
1771717907.941454,45,43,120
1771717907.9416726,45,43,121
1771717907.9418542,45,43,121
1771717907.942038,45,43,121
1771717907.9459214,45,43,121
1771717907.9461915,45,43,121
1771717907.9464762,45,43,121
1771717907.9467416,45,43,121
1771717907.9494581,45,43,121
1771717907.9496593,45,43,121
1771717907.9498496,45,43,121
1771717907.9500391,45,43,121
1771717907.9502277,45,43,121
1771717907.9536226,45,43,121
1771717907.9538414,45,43,121
1771717907.9541197,45,43,121
1771717907.9543393,45,43,121
1771717907.957744,45,43,121
1771717907.957939,45,43,121
1771717907.958123,45,43,121
1771717907.958306,45,43,121
1771717907.9618368,45,43,121
1771717907.9620705,45,43,121
1771717907.962305,45,43,121
1771717907.9626763,45,43,121
1771717907.9630125,45,43,121
1771717907.9659424,45,43,121
1771717907.9661422,45,43,121
1771717907.9663756,45,43,121
1771717907.9665618,45,43,121
1771717907.9699647,45,43,121
1771717907.9701505,45,43,121
1771717907.9703286,45,43,121
1771717907.9705884,45,43,121
1771717907.9740367,45,43,121
1771717907.974233,45,43,121
1771717907.9744124,45,43,121
1771717907.9746912,45,43,121
1771717907.9750102,45,43,121
1771717907.97848,45,43,121
1771717907.9787638,45,43,121
1771717907.9790325,45,43,121
1771717907.9792848,45,43,121
1771717907.9822838,45,43,121
1771717907.982652,45,43,121
1771717907.9828558,45,43,121
1771717907.9830961,45,43,121
1771717907.98343,45,43,122
1771717907.9863904,45,43,122
1771717907.9865756,45,43,122
1771717907.9867525,45,43,122
1771717907.9869666,45,43,122
1771717907.9905164,45,43,122
1771717907.9908793,45,43,122
1771717907.9910612,45,43,122
1771717907.99124,45,43,122
1771717907.9945116,45,43,122
1771717907.9947405,45,43,122
1771717907.994996,45,43,122
1771717907.9951756,45,43,122
1771717907.995404,45,43,122
1771717907.9986932,45,43,122
1771717907.9989183,45,43,122
1771717907.999096,45,43,122
1771717907.999272,45,43,122
1771717908.0027654,45,43,122
1771717908.0030906,45,43,122
1771717908.0034716,45,43,122
1771717908.0038035,45,43,122
1771717908.0068,45,43,122
1771717908.0070639,45,43,122
1771717908.0072482,45,43,122
1771717908.007431,45,43,122
1771717908.0076122,45,43,122
1771717908.01106,45,43,122
1771717908.011327,45,43,122
1771717908.0115888,45,43,122
1771717908.0118341,45,43,122
1771717908.015026,45,43,122
1771717908.0152247,45,43,122
1771717908.0154147,45,43,122
1771717908.0156038,45,43,122
1771717908.0157933,45,43,122
1771717908.019184,45,43,122
1771717908.0194082,45,43,122
1771717908.0196347,45,43,122
1771717908.019904,45,43,122
1771717908.023274,45,43,122
1771717908.0234969,45,43,122
1771717908.0237155,45,43,122
1771717908.0239718,45,43,122
1771717908.0272887,45,43,122
1771717908.0275872,45,43,122
1771717908.0278232,45,43,123
1771717908.028089,45,43,123
1771717908.0283678,45,43,123
1771717908.0316293,45,43,123
1771717908.0318277,45,43,123
1771717908.0320144,45,43,123
1771717908.0322678,45,43,123
1771717908.0355074,45,43,123
1771717908.035696,45,43,123
1771717908.0358765,45,43,123
1771717908.0360608,45,43,123
1771717908.0396152,45,43,123
1771717908.0399501,45,43,123
1771717908.040218,45,43,123
1771717908.040436,45,43,123
1771717908.0407,45,43,123
1771717908.043753,45,43,123
1771717908.0440462,45,43,123
1771717908.0442317,45,43,123
1771717908.0444133,45,43,123
1771717908.0478318,45,43,123
1771717908.048086,45,43,123
1771717908.048339,45,43,123
1771717908.048584,45,43,123
1771717908.0488539,45,43,123
1771717908.051917,45,43,123
1771717908.0520992,45,43,123
1771717908.0522754,45,43,123
1771717908.0524771,45,43,123
1771717908.0560071,45,43,123
1771717908.0561945,45,43,123
1771717908.0564039,45,43,123
1771717908.0565789,45,43,123
1771717908.0599675,45,43,123
1771717908.0602713,45,43,123
1771717908.0605958,45,43,123
1771717908.0609803,45,43,123
1771717908.061264,45,43,123
1771717908.0642202,45,43,123
1771717908.06441,45,43,123
1771717908.0646348,45,43,123
1771717908.0648143,45,43,123
1771717908.0682242,45,43,123
1771717908.0684261,45,43,123
1771717908.0687525,45,43,123
1771717908.069142,45,43,123
1771717908.0724137,45,43,124
1771717908.0726178,45,43,255
1771717908.0728004,45,43,255
1771717908.0729702,45,43,15
1771717908.0731432,45,43,15
1771717908.0764906,45,43,15
1771717908.076703,45,43,15
1771717908.0769525,45,43,15
1771717908.077148,45,43,15
1771717908.077343,45,43,15
1771717908.0807934,45,43,15
1771717908.081155,45,43,15
1771717908.0815446,45,43,15
1771717908.0817664,45,43,15
1771717908.0819297,45,43,15
1771717908.084695,45,43,15
1771717908.0848668,45,43,15
1771717908.0850792,45,43,15
1771717908.0852404,45,43,15
1771717908.0886486,45,43,15
1771717908.0889637,45,43,15
1771717908.089163,45,43,15
1771717908.0893579,45,43,15
1771717908.089555,45,43,15
1771717908.0927932,45,43,15
1771717908.0930166,45,43,15
1771717908.093181,45,43,15
1771717908.0933452,45,43,15
1771717908.0935104,45,43,15
1771717908.0969567,45,43,15
1771717908.0972583,45,43,15
1771717908.09761,45,43,15
1771717908.097985,45,43,15
1771717908.0982885,45,43,15
1771717908.1011019,45,43,15
1771717908.1013217,45,43,15
1771717908.1014953,45,43,15
1771717908.1016636,45,43,15
1771717908.1018336,45,43,15
1771717908.105375,45,43,15
1771717908.105644,45,43,15
1771717908.1058807,45,43,15
1771717908.1061044,45,43,15
1771717908.1091628,45,43,15
1771717908.1094506,45,42,255
1771717908.109622,45,42,30
1771717908.1097915,45,42,30
1771717908.1099594,45,42,31
1771717908.113285,45,42,31
1771717908.1136863,45,42,31
1771717908.1138787,45,42,31
1771717908.1140456,45,42,31
1771717908.1142545,45,42,31
1771717908.1175668,45,42,31
1771717908.1178675,45,42,31
1771717908.118045,45,42,31
1771717908.1182196,45,42,31
1771717908.1184294,45,42,31
1771717908.1216204,45,42,31
1771717908.121832,45,42,31
1771717908.1220286,45,42,31
1771717908.1222222,45,42,31
1771717908.1224084,45,42,31
1771717908.125837,45,42,31
1771717908.126166,45,42,31
1771717908.1264675,45,42,31
1771717908.1267653,45,42,31
1771717908.1296227,45,42,31
1771717908.1300802,45,42,31
1771717908.1303873,45,42,31
1771717908.1306849,45,42,31
1771717908.1309574,45,42,31
1771717908.1337626,45,42,31
1771717908.1339736,45,42,32
1771717908.134141,45,42,32
1771717908.1343076,45,42,32
1771717908.1344726,45,42,32
1771717908.137944,45,42,32
1771717908.1382895,45,40,255
1771717908.1384943,45,40,47
1771717908.1387684,45,40,47
1771717908.1389682,45,40,47
1771717908.142168,45,40,47
1771717908.1424873,45,40,47
1771717908.1427853,45,40,47
1771717908.1431248,45,40,47
1771717908.1432884,45,40,47
1771717908.1463313,45,40,47
1771717908.1465275,45,40,47
1771717908.1467023,45,40,47
1771717908.1469042,45,40,48
1771717908.1501746,45,40,48
1771717908.150393,45,40,48
1771717908.150597,45,40,48
1771717908.1507945,45,40,48
1771717908.1509936,45,40,48
1771717908.1543036,45,40,48
1771717908.154782,45,40,48
1771717908.154963,45,40,48
1771717908.1551268,45,40,48
1771717908.1552913,45,40,48
1771717908.158581,45,40,48
1771717908.1588984,45,40,48
1771717908.1592784,45,40,48
1771717908.159581,45,40,48
1771717908.1597648,45,40,48
1771717908.162753,45,40,48
1771717908.1630557,45,40,48
1771717908.1634047,45,40,49
1771717908.1635737,45,40,49
1771717908.1637404,45,40,49
1771717908.166813,45,40,49
1771717908.1671216,45,40,49
1771717908.1674914,45,40,49
1771717908.1677754,45,40,49
1771717908.171133,45,40,49
1771717908.1716661,45,40,49
1771717908.1718976,45,40,49
1771717908.1721199,45,40,49
1771717908.1723526,45,40,49
1771717908.1752074,45,40,49
1771717908.1753953,45,40,49
1771717908.1755657,45,40,49
1771717908.175727,45,40,49
1771717908.1758876,45,40,49
1771717908.1792457,45,40,50
1771717908.1794477,45,39,255
1771717908.1796215,45,39,65
1771717908.1798322,45,39,65
1771717908.1799943,45,39,65
1771717908.1832285,45,39,65
1771717908.1834123,45,39,65
1771717908.1836371,45,39,65
1771717908.1838002,45,39,65
1771717908.1839607,45,39,65
1771717908.188128,45,39,65
1771717908.1884894,45,39,65
1771717908.188723,45,39,66
1771717908.188973,45,39,66
1771717908.1914911,45,39,66
1771717908.1918347,45,39,66
1771717908.1919997,45,39,66
1771717908.1922,45,39,66
1771717908.1923583,45,39,66
1771717908.1956406,45,39,66
1771717908.1960208,45,39,66
1771717908.196289,45,39,66
1771717908.1965992,45,39,66
1771717908.1968029,45,39,66
1771717908.1998332,45,39,66
1771717908.200016,45,39,67
1771717908.2002368,45,39,67
1771717908.2004044,45,39,67
1771717908.2005646,45,39,67
1771717908.2039433,45,39,67
1771717908.204173,45,39,67
1771717908.2044544,45,39,67
1771717908.2047668,45,39,67
1771717908.2050562,45,39,67
1771717908.20768,45,39,67
1771717908.2079167,45,39,67
1771717908.2082696,45,39,67
1771717908.208559,45,39,67
1771717908.2115788,45,39,68
1771717908.2117927,45,39,68
1771717908.2119586,45,39,68
1771717908.2121208,45,39,68
1771717908.2122817,45,39,68
1771717908.2157874,45,39,68
1771717908.2161133,45,39,68
1771717908.2164137,45,39,68
1771717908.2167122,45,39,68
1771717908.2170076,45,39,68
1771717908.2198956,45,39,68
1771717908.220212,45,39,68
1771717908.2205138,45,39,68
1771717908.220815,45,39,69
1771717908.2209952,45,39,69
1771717908.224142,45,39,69
1771717908.2244587,45,39,69
1771717908.2247639,45,39,69
1771717908.2250605,45,39,69
1771717908.2253559,45,39,69
1771717908.2281067,45,39,69
1771717908.2283523,45,39,69
1771717908.2286282,45,39,69
1771717908.2288594,45,39,69
1771717908.2290905,45,39,69
1771717908.2321377,45,39,70
1771717908.2323108,45,39,70
1771717908.2324727,45,39,70
1771717908.232634,45,39,70
1771717908.2362297,45,39,70
1771717908.2366312,45,39,70
1771717908.2369385,45,39,70
1771717908.237243,45,39,70
1771717908.2375426,45,39,70
1771717908.240323,45,39,70
1771717908.2405748,45,39,70
1771717908.2408879,45,39,70
1771717908.2411008,45,39,70
1771717908.2413237,45,39,71
1771717908.2445872,45,39,71
1771717908.2447863,45,39,71
1771717908.2449572,45,39,71
1771717908.2451246,45,39,71
1771717908.245292,45,39,71
1771717908.2485693,45,39,71
1771717908.248749,45,39,71
1771717908.249033,45,39,71
1771717908.2492666,45,39,71
1771717908.2495017,45,39,71
1771717908.2526429,45,39,71
1771717908.2529066,45,39,71
1771717908.2531388,45,39,72
1771717908.2533298,45,39,72
1771717908.256657,45,39,72
1771717908.2576125,45,39,72
1771717908.2578459,45,39,72
1771717908.258037,45,39,72
1771717908.25821,45,39,72
1771717908.26074,45,39,72
1771717908.260938,45,39,72
1771717908.2611344,45,39,72
1771717908.261312,45,39,72
1771717908.2615123,45,39,72
1771717908.2648683,45,39,72
1771717908.2650712,45,39,73
1771717908.2652893,45,39,73
1771717908.2655282,45,39,73
1771717908.2657614,45,39,73
1771717908.2691307,45,39,73
1771717908.269351,45,39,73
1771717908.269652,45,39,73
1771717908.2698693,45,39,73
1771717908.2700808,45,39,73
1771717908.273203,45,39,73
1771717908.2733781,45,39,73
1771717908.273588,45,39,73
1771717908.2738037,45,39,73
1771717908.2771184,45,39,74
1771717908.277372,45,39,74
1771717908.2776608,45,39,74
1771717908.2778678,45,39,74
1771717908.278071,45,39,74
1771717908.2812905,45,39,74
1771717908.281503,45,39,74
1771717908.2817042,45,39,74
1771717908.281905,45,39,74
1771717908.2821841,45,39,74
1771717908.2854538,45,39,74
1771717908.2856624,45,39,74
1771717908.2859778,45,39,75
1771717908.286188,45,39,75
1771717908.2863917,45,39,75
1771717908.2894864,45,39,75
1771717908.2896595,45,39,75
1771717908.2898219,45,39,75
1771717908.290001,45,39,75
1771717908.2902067,45,39,75
1771717908.2936056,45,39,75
1771717908.293774,45,39,75
1771717908.2939372,45,39,75
1771717908.294112,45,39,75
1771717908.2943487,45,39,76
1771717908.2977,45,39,76
1771717908.2979274,45,39,76
1771717908.2981076,45,39,76
1771717908.2982728,45,39,76
1771717908.3016784,45,39,76
1771717908.3019369,45,39,76
1771717908.3022208,45,39,76
1771717908.3025942,45,39,76
1771717908.3028717,45,39,76
1771717908.3058815,45,39,76
1771717908.3061016,45,39,76
1771717908.3063095,45,39,76
1771717908.306581,45,39,77
1771717908.3067517,45,39,77
1771717908.3099473,45,39,77
1771717908.3101273,45,39,77
1771717908.3102968,45,39,77
1771717908.3104653,45,39,77
1771717908.3106337,45,39,77
1771717908.314126,45,39,77
1771717908.3144107,45,39,77
1771717908.3145792,45,39,77
1771717908.314817,45,39,77
1771717908.3149896,45,39,77
1771717908.318164,45,39,77
1771717908.3183625,45,39,78
1771717908.3186457,45,39,78
1771717908.3189793,45,39,78
1771717908.3221834,45,39,78
1771717908.3224697,45,39,78
1771717908.3227475,45,39,78
1771717908.3229918,45,39,78
1771717908.3231847,45,39,78
1771717908.3263137,45,39,78
1771717908.3265743,45,39,78
1771717908.326758,45,39,78
1771717908.3269374,45,39,78
1771717908.3271158,45,39,78
1771717908.3304832,45,39,79
1771717908.3307984,45,39,79
1771717908.331051,45,39,79
1771717908.3312852,45,39,79
1771717908.3315983,45,39,79
1771717908.334711,45,39,79
1771717908.3351078,45,39,79
1771717908.3354468,45,39,79
1771717908.335698,45,39,79
1771717908.335943,45,39,79
1771717908.3391836,45,39,79
1771717908.3395374,45,39,79
1771717908.3397796,45,39,79
1771717908.340012,45,39,80
1771717908.342682,45,39,80
1771717908.3431225,45,39,80
1771717908.3433733,45,39,80
1771717908.343619,45,39,80
1771717908.3438585,45,39,80
1771717908.346802,45,39,80
1771717908.3471122,45,39,80
1771717908.3473663,45,39,80
1771717908.3476095,45,39,80
1771717908.347849,45,39,80
1771717908.351023,45,39,80
1771717908.3512964,45,39,81
1771717908.351556,45,39,81
1771717908.3518338,45,39,81
1771717908.3521457,45,39,81
1771717908.3551428,45,39,81
1771717908.3553877,45,39,81
1771717908.3556073,45,39,81
1771717908.3559685,45,39,81
1771717908.3561773,45,39,81
1771717908.3591423,45,39,81
1771717908.3594432,45,39,81
1771717908.359656,45,39,81
1771717908.3598623,45,39,81
1771717908.3600762,45,39,82
1771717908.363268,45,39,82
1771717908.3635433,45,39,82
1771717908.3637595,45,39,82
1771717908.3640037,45,39,82
1771717908.3673084,45,39,82
1771717908.3675466,45,39,82
1771717908.3677216,45,39,82
1771717908.3678854,45,39,82
1771717908.3680482,45,39,82
1771717908.3714402,45,39,82
1771717908.3717208,45,39,82
1771717908.3719053,45,39,82
1771717908.3720722,45,39,83
1771717908.3722835,45,39,83
1771717908.3757079,45,39,83
1771717908.3759296,45,39,83
1771717908.3761983,45,39,83
1771717908.376405,45,39,83
1771717908.3766947,45,39,83
1771717908.3797293,45,39,83
1771717908.3800373,45,39,83
1771717908.3803732,45,39,83
1771717908.3806574,45,39,83
1771717908.3808706,45,39,83
1771717908.38382,45,39,83
1771717908.3840914,45,39,84
1771717908.384424,45,39,84
1771717908.3846877,45,39,84
1771717908.387683,45,39,84
1771717908.387998,45,39,84
1771717908.3881786,45,39,84
1771717908.388352,45,39,84
1771717908.3885257,45,39,84
1771717908.3918755,45,39,84
1771717908.392132,45,39,84
1771717908.3923721,45,39,84
1771717908.392662,45,39,84
1771717908.392896,45,39,84
1771717908.395991,45,39,85
1771717908.3965814,45,39,85
1771717908.397108,45,39,85
1771717908.3973596,45,39,85
1771717908.3975284,45,39,85
1771717908.400144,45,39,85
1771717908.4003775,45,39,85
1771717908.4005733,45,39,85
1771717908.4007435,45,39,85
1771717908.4009135,45,39,85
1771717908.404347,45,39,85
1771717908.404622,45,39,85
1771717908.4048796,45,39,86
1771717908.4051857,45,39,86
1771717908.408177,45,39,86
1771717908.408598,45,39,86
1771717908.408897,45,39,86
1771717908.4091852,45,39,86
1771717908.409475,45,39,86
1771717908.4124017,45,39,86
1771717908.4126756,45,39,86
1771717908.4129276,45,39,86
1771717908.4133508,45,39,86
1771717908.4135954,45,39,86
1771717908.4164984,45,39,87
1771717908.416765,45,39,87
1771717908.4169643,45,39,87
1771717908.4171646,45,39,87
1771717908.4173598,45,39,87
1771717908.4207897,45,39,87
1771717908.4210541,45,39,87
1771717908.421318,45,39,87
1771717908.421661,45,39,87
1771717908.4219108,45,39,87
1771717908.424755,45,39,87
1771717908.4250612,45,39,87
1771717908.4253073,45,39,87
1771717908.4255517,45,39,88
1771717908.4257913,45,39,88
1771717908.4289832,45,39,88
1771717908.4293318,45,39,88
1771717908.429703,45,39,88
1771717908.4299512,45,39,88
1771717908.432832,45,39,88
1771717908.4331608,45,39,88
1771717908.433536,45,39,88
1771717908.4337995,45,39,88
1771717908.4340343,45,39,88
1771717908.436985,45,39,88
1771717908.4373045,45,39,88
1771717908.4375734,45,39,89
1771717908.4379616,45,39,89
1771717908.4382026,45,39,89
1771717908.4414802,45,39,89
1771717908.4418106,45,39,89
1771717908.4421089,45,39,89
1771717908.4423223,45,39,89
1771717908.4424925,45,39,89
1771717908.4452734,45,39,89
1771717908.445618,45,39,89
1771717908.4458702,45,39,89
1771717908.4460905,45,39,89
1771717908.4462934,45,39,89
1771717908.4492419,45,39,90
1771717908.4494567,45,39,90
1771717908.449625,45,39,90
1771717908.4498358,45,39,90
1771717908.4532309,45,39,90
1771717908.4536483,45,39,90
1771717908.4539447,45,39,90
1771717908.4542625,45,39,90
1771717908.4545155,45,39,90
1771717908.4574978,45,39,90
1771717908.4577887,45,39,90
1771717908.4580579,45,39,90
1771717908.4582987,45,39,90
1771717908.4585578,45,39,91
1771717908.4615705,45,39,91
1771717908.4618008,45,39,91
1771717908.4620519,45,39,91
1771717908.4623656,45,39,91
1771717908.462624,45,39,91
1771717908.4656453,45,39,91
1771717908.4658294,45,39,91
1771717908.46606,45,39,91
1771717908.466221,45,39,91
1771717908.466384,45,39,91
1771717908.4697623,45,39,91
1771717908.4700127,45,39,92
1771717908.4702985,45,39,92
1771717908.4705658,45,39,92
1771717908.4737093,45,39,92
1771717908.4741502,45,39,92
1771717908.474386,45,39,92
1771717908.4745998,45,39,92
1771717908.47483,45,39,92
1771717908.4779358,45,39,92
1771717908.4781408,45,39,92
1771717908.4783201,45,39,92
1771717908.478496,45,39,92
1771717908.4787278,45,39,92
1771717908.4820812,45,39,93
1771717908.4824045,45,39,93
1771717908.482639,45,39,93
1771717908.4828115,45,39,93
1771717908.4829838,45,39,93
1771717908.4862745,45,39,93
1771717908.4865224,45,39,93
1771717908.4867604,45,39,93
1771717908.4869988,45,39,93
1771717908.487295,45,39,93
1771717908.4903555,45,39,93
1771717908.4906435,45,39,93
1771717908.4909508,45,39,93
1771717908.4911563,45,39,94
1771717908.491376,45,39,94
1771717908.494332,45,39,94
1771717908.4945612,45,39,94
1771717908.4948747,45,39,94
1771717908.4950473,45,39,94
1771717908.4983013,45,39,94
1771717908.4984934,45,39,94
1771717908.4987144,45,39,94
1771717908.4988852,45,39,94
1771717908.4990518,45,39,94
1771717908.5025053,45,39,94
1771717908.5027688,45,39,94
1771717908.5030906,45,39,95
1771717908.5033302,45,39,95
1771717908.5036237,45,39,95
1771717908.5067146,45,39,95
1771717908.5069087,45,39,95
1771717908.5071304,45,39,95
1771717908.507391,45,39,95
1771717908.507705,45,39,95
1771717908.5107534,45,39,95
1771717908.5110116,45,39,95
1771717908.5112534,45,39,95
1771717908.5115452,45,39,95
1771717908.5117922,45,39,95
1771717908.5148854,45,39,96
1771717908.515079,45,39,96
1771717908.5152543,45,39,96
1771717908.51551,45,39,96
1771717908.51872,45,39,96
1771717908.518965,45,39,96
1771717908.5191877,45,39,96
1771717908.519425,45,39,96
1771717908.5197089,45,39,96
1771717908.5229447,45,39,96
1771717908.5231662,45,39,96
1771717908.5234566,45,39,96
1771717908.5236561,45,39,97
1771717908.5238905,45,39,97
1771717908.5270066,45,39,97
1771717908.5271873,45,39,97
1771717908.5274465,45,39,97
1771717908.527652,45,39,97
1771717908.5278137,45,39,97
1771717908.5312185,45,39,97
1771717908.5315042,45,39,97
1771717908.5317085,45,39,97
1771717908.5319138,45,39,97
1771717908.5321157,45,39,97
1771717908.5353413,45,39,98
1771717908.535562,45,39,98
1771717908.535765,45,39,98
1771717908.5360994,45,39,98
1771717908.5391936,45,39,98
1771717908.539419,45,39,98
1771717908.5396433,45,39,98
1771717908.5399516,45,39,98
1771717908.540256,45,39,98
1771717908.5434678,45,39,98
1771717908.5437808,45,39,98
1771717908.5439885,45,39,98
1771717908.5442133,45,39,98
1771717908.5444171,45,39,99
1771717908.5475147,45,39,99
1771717908.5478556,45,39,99
1771717908.5481446,45,39,99
1771717908.5483453,45,39,99
1771717908.548515,45,39,99
1771717908.551626,45,39,99
1771717908.5519533,45,39,99
1771717908.5521626,45,39,99
1771717908.5523665,45,39,99
1771717908.55257,45,39,99
1771717908.5557563,45,39,99
1771717908.5560627,45,39,99
1771717908.556297,45,39,100
1771717908.5565484,45,39,100
1771717908.5598552,45,39,100
1771717908.5610685,45,39,100
1771717908.5613005,45,39,100
1771717908.5615783,45,39,100
1771717908.5617623,45,39,100
1771717908.563958,45,39,100
1771717908.5641925,45,39,100
1771717908.5644755,45,39,100
1771717908.5647025,45,39,100
1771717908.5679874,45,39,100
1771717908.5682273,45,39,101
1771717908.5684526,45,39,101
1771717908.568741,45,39,101
1771717908.57204,45,39,101
1771717908.572347,45,39,101
1771717908.5726311,45,39,101
1771717908.5729477,45,39,101
1771717908.5731912,45,39,101
1771717908.5765824,45,39,101
1771717908.5772185,45,39,101
1771717908.5775144,45,39,101
1771717908.577809,45,39,101
1771717908.5802844,45,39,102
1771717908.5804963,45,39,102
1771717908.5807536,45,39,102
1771717908.5809839,45,39,102
1771717908.5813203,45,39,102
1771717908.5845714,45,39,102
1771717908.5848937,45,39,102
1771717908.5850823,45,39,102
1771717908.5856771,45,39,102
1771717908.588757,45,39,102
1771717908.5890853,45,39,102
1771717908.5893512,45,39,103
1771717908.589557,45,39,103
1771717908.5925694,45,39,103
1771717908.59277,45,39,103
1771717908.5930223,45,39,103
1771717908.5935714,45,39,103
1771717908.5939047,45,39,103
1771717908.5968063,45,39,103
1771717908.5970871,45,39,103
1771717908.5974092,45,39,103
1771717908.5976698,45,39,103
1771717908.6007967,45,39,104
1771717908.6010623,45,39,104
1771717908.6013718,45,39,104
1771717908.6017215,45,39,104
1771717908.6048903,45,39,104
1771717908.605129,45,39,104
1771717908.6053212,45,39,104
1771717908.6055553,45,39,104
1771717908.6057384,45,39,104
1771717908.6092248,45,39,104
1771717908.6095703,45,39,104
1771717908.6098175,45,39,104
1771717908.610005,45,39,105
1771717908.6131275,45,39,105
1771717908.6134312,45,39,105
1771717908.6137109,45,39,105
1771717908.614116,45,39,105
1771717908.617116,45,39,105
1771717908.6177666,45,39,105
1771717908.618147,45,39,105
1771717908.61836,45,39,105
1771717908.6186757,45,39,105
1771717908.6215262,45,39,105
1771717908.6218722,45,39,105
1771717908.6222548,45,39,106
1771717908.6224942,45,39,106
1771717908.625511,45,39,106
1771717908.625941,45,39,106
1771717908.6262639,45,39,106
1771717908.6265507,45,39,106
1771717908.6273656,45,39,106
1771717908.629646,45,39,106
1771717908.6299758,45,39,106
1771717908.630238,45,39,106
1771717908.6304958,45,39,106
1771717908.633706,45,39,106
1771717908.6340578,45,39,107
1771717908.6344514,45,39,107
1771717908.6347232,45,39,107
1771717908.6376557,45,39,107
1771717908.637947,45,39,107
1771717908.6382794,45,39,107
1771717908.6386566,45,39,107
1771717908.638929,45,39,107
1771717908.6418307,45,39,107
1771717908.6421494,45,39,107
1771717908.642431,45,39,108
1771717908.6426997,45,39,108
1771717908.6458287,45,39,108
1771717908.6461065,45,39,108
1771717908.646431,45,39,108
1771717908.6466985,45,39,108
1771717908.6498003,45,39,108
1771717908.6501288,45,39,108
1771717908.6503758,45,39,108
1771717908.6507046,45,39,108
1771717908.6509354,45,39,108
1771717908.654479,45,39,108
1771717908.6547942,45,39,109
1771717908.655078,45,39,109
1771717908.6554475,45,39,109
1771717908.6580987,45,39,109
1771717908.6583486,45,39,109
1771717908.6585786,45,39,109
1771717908.6588705,45,39,109
1771717908.6590605,45,39,109
1771717908.6624465,45,39,109
1771717908.662777,45,39,109
1771717908.663,45,39,109
1771717908.6632838,45,39,109
1771717908.6664147,45,39,110
1771717908.6667643,45,39,110
1771717908.6670203,45,39,110
1771717908.667248,45,39,110
1771717908.6703525,45,39,110
1771717908.6708734,45,39,110
1771717908.6711655,45,39,110
1771717908.6713948,45,39,110
1771717908.6716378,45,39,110
1771717908.6746197,45,39,110
1771717908.6749778,45,39,110
1771717908.6753576,45,39,110
1771717908.6756723,45,39,111
1771717908.678723,45,39,111
1771717908.6790035,45,39,111
1771717908.6792755,45,39,111
1771717908.6795263,45,39,111
1771717908.682628,45,39,111
1771717908.6830378,45,39,111
1771717908.6835754,45,39,111
1771717908.6839042,45,39,111
1771717908.6843855,45,39,111
1771717908.6869037,45,39,111
1771717908.6871793,45,39,112
1771717908.6875575,45,39,112
1771717908.6879537,45,39,112
1771717908.690859,45,39,112
1771717908.6912558,45,39,112
1771717908.691535,45,39,112
1771717908.6918745,45,39,112
1771717908.6921701,45,39,112
1771717908.6951306,45,39,112
1771717908.695371,45,39,112
1771717908.6956413,45,39,112
1771717908.695857,45,39,112
1771717908.699122,45,39,113
1771717908.6993654,45,39,113
1771717908.6996164,45,39,113
1771717908.6999388,45,39,113
1771717908.703072,45,39,113
1771717908.7032988,45,39,113
1771717908.7036319,45,39,113
1771717908.7038734,45,39,113
1771717908.704116,45,39,113
1771717908.707344,45,39,113
1771717908.7075644,45,39,113
1771717908.7077491,45,39,114
1771717908.7079704,45,39,114
1771717908.7114882,45,39,114
1771717908.7119498,45,39,114
1771717908.7122402,45,39,114
1771717908.7125113,45,39,114
1771717908.7153418,45,39,114
1771717908.7155697,45,39,114
1771717908.7157884,45,39,114
1771717908.7159688,45,39,114
1771717908.7161572,45,39,114
1771717908.7195842,45,39,114
1771717908.7198193,45,39,115
1771717908.7201502,45,39,115
1771717908.7203834,45,39,115
1771717908.7235982,45,39,115
1771717908.7238092,45,39,115
1771717908.7239923,45,39,115
1771717908.72417,45,39,115
1771717908.724349,45,39,115
1771717908.7278538,45,39,115
1771717908.7281575,45,39,115
1771717908.728371,45,39,115
1771717908.7286108,45,39,116
1771717908.7318616,45,39,116
1771717908.732101,45,39,116
1771717908.7323327,45,39,116
1771717908.7325704,45,39,116
1771717908.735838,45,39,116
1771717908.7360406,45,39,116
1771717908.7362337,45,39,116
1771717908.7364905,45,39,116
1771717908.7366767,45,39,116
1771717908.7401154,45,39,116
1771717908.7403493,45,39,116
1771717908.74059,45,39,117
1771717908.7409189,45,39,117
1771717908.744146,45,39,117
1771717908.7444205,45,39,117
1771717908.7447095,45,39,117
1771717908.7450314,45,39,117
1771717908.7481234,45,39,117
1771717908.74858,45,39,117
1771717908.7488427,45,39,117
1771717908.7491274,45,39,117
1771717908.7494717,45,39,117
1771717908.7524168,45,39,117
1771717908.752778,45,39,118
1771717908.7530627,45,39,118
1771717908.7533672,45,39,118
1771717908.756333,45,39,118
1771717908.756623,45,39,118
1771717908.7569704,45,39,118
1771717908.7572317,45,39,118
1771717908.7574954,45,39,118
1771717908.760644,45,39,118
1771717908.7609134,45,39,118
1771717908.7612212,45,39,118
1771717908.7614794,45,39,119
1771717908.7646918,45,39,119
1771717908.7649953,45,39,119
1771717908.7653584,45,39,119
1771717908.7656245,45,39,119
1771717908.768658,45,39,119
1771717908.7689362,45,39,119
1771717908.7692015,45,39,119
1771717908.7694693,45,39,119
1771717908.7697842,45,39,119
1771717908.7730029,45,39,119
1771717908.7733574,45,39,120
1771717908.7737076,45,39,120
1771717908.7739794,45,39,120
1771717908.776883,45,39,120
1771717908.7771533,45,39,120
1771717908.777373,45,39,120
1771717908.7777402,45,39,120
1771717908.7808504,45,39,120
1771717908.7811656,45,39,120
1771717908.7814546,45,39,120
1771717908.781763,45,39,120
1771717908.7820196,45,39,120
1771717908.785118,45,39,121
1771717908.7853894,45,39,121
1771717908.785649,45,39,121
1771717908.7859554,45,39,121
1771717908.7892158,45,39,121
1771717908.7895641,45,39,121
1771717908.7898014,45,39,121
1771717908.7900765,45,39,121
1771717908.7903776,45,39,121
1771717908.7934093,45,39,121
1771717908.7937448,45,39,121
1771717908.7939641,45,40,235
1771717908.7941573,45,40,107
1771717908.7973988,45,40,107
1771717908.7975912,45,40,107
1771717908.797772,45,40,107
1771717908.797952,45,40,107
1771717908.8014023,45,40,107
1771717908.8017006,45,40,107
1771717908.8019676,45,40,107
1771717908.802277,45,40,107
1771717908.8025427,45,40,107
1771717908.8056488,45,40,107
1771717908.8058536,45,40,107
1771717908.8061297,45,40,107
1771717908.8063962,45,40,107
1771717908.809719,45,40,107
1771717908.8100014,45,40,107
1771717908.810266,45,40,108
1771717908.8105524,45,40,108
1771717908.8136566,45,40,108
1771717908.8141015,45,40,108
1771717908.814413,45,40,108
1771717908.8147218,45,40,108
1771717908.8149993,45,40,108
1771717908.8179076,45,40,108
1771717908.8182213,45,40,108
1771717908.818479,45,40,108
1771717908.8187385,45,40,108
1771717908.8219485,45,40,108
1771717908.8223383,45,40,108
1771717908.8226137,45,40,108
1771717908.8228796,45,40,108
1771717908.8231902,45,40,109
1771717908.826146,45,40,109
1771717908.8264797,45,40,109
1771717908.826748,45,40,109
1771717908.8270159,45,40,109
1771717908.830173,45,40,109
1771717908.8304524,45,40,109
1771717908.8307724,45,40,109
1771717908.8310525,45,40,109
1771717908.8341765,45,40,109
1771717908.8345206,45,40,109
1771717908.8348324,45,40,109
1771717908.835101,45,40,109
1771717908.835365,45,40,109
1771717908.8385298,45,40,109
1771717908.8389285,45,40,109
1771717908.8392224,45,40,110
1771717908.8395555,45,40,110
1771717908.8425376,45,40,110
1771717908.8428962,45,40,110
1771717908.843231,45,40,110
1771717908.843503,45,40,110
1771717908.8464038,45,40,110
1771717908.8467612,45,40,110
1771717908.847111,45,40,110
1771717908.8473468,45,40,110
1771717908.8475876,45,40,110
1771717908.8507085,45,40,110
1771717908.8510015,45,40,110
1771717908.8513799,45,40,110
1771717908.851746,45,40,110
1771717908.8547707,45,40,111
1771717908.8551648,45,40,111
1771717908.8554401,45,40,111
1771717908.8558,45,40,111
1771717908.8560834,45,40,111
1771717908.8590095,45,40,111
1771717908.859306,45,40,111
1771717908.8596516,45,40,111
1771717908.8599138,45,40,111
1771717908.86292,45,40,111
1771717908.8632562,45,40,111
1771717908.8635957,45,40,111
1771717908.8640068,45,40,111
1771717908.866954,45,40,111
1771717908.8672373,45,40,111
1771717908.8675032,45,40,112
1771717908.8677669,45,40,112
1771717908.8680766,45,40,112
1771717908.872245,45,40,112
1771717908.872445,45,40,112
1771717908.8727021,45,40,112
1771717908.8731031,45,40,112
1771717908.8751464,45,40,112
1771717908.8753421,45,40,112
1771717908.8755825,45,40,112
1771717908.8758,45,40,112
1771717908.8791585,45,40,112
1771717908.879393,45,40,112
1771717908.8795962,45,40,112
1771717908.879889,45,40,112
1771717908.8801653,45,40,112
1771717908.8833842,45,40,113
1771717908.8836079,45,40,113
1771717908.8837872,45,40,113
1771717908.8839629,45,40,113
1771717908.8874643,45,40,113
1771717908.8877268,45,40,113
1771717908.8879774,45,40,113
1771717908.8882246,45,40,113
1771717908.88847,45,40,113
1771717908.8916655,45,40,113
1771717908.891868,45,40,113
1771717908.892057,45,40,113
1771717908.89224,45,40,113
1771717908.89567,45,40,113
1771717908.8958623,45,40,113
1771717908.8960428,45,40,114
1771717908.8962235,45,40,114
1771717908.8996494,45,40,114
1771717908.899844,45,40,114
1771717908.900032,45,40,114
1771717908.9002943,45,40,114
1771717908.900538,45,40,114
1771717908.9038754,45,40,114
1771717908.9040844,45,40,114
1771717908.904312,45,40,114
1771717908.9045491,45,40,114
1771717908.9079688,45,40,114
1771717908.9083936,45,40,114
1771717908.908625,45,40,114
1771717908.9088907,45,40,114
1771717908.911904,45,40,114
1771717908.9121444,45,40,115
1771717908.912363,45,40,115
1771717908.9126241,45,40,115
1771717908.9128478,45,40,115
1771717908.9163036,45,40,115
1771717908.9165065,45,40,115
1771717908.9167435,45,40,115
1771717908.9170096,45,40,115
1771717908.9201014,45,40,115
1771717908.9202878,45,40,115
1771717908.9205403,45,40,115
1771717908.9209375,45,40,115
1771717908.9212682,45,40,115
1771717908.924374,45,40,115
1771717908.9245694,45,40,115
1771717908.9247494,45,40,116
1771717908.9249294,45,40,116
1771717908.9284852,45,40,116
1771717908.928759,45,40,116
1771717908.9290707,45,40,116
1771717908.9293125,45,40,116
1771717908.9324152,45,40,116
1771717908.9326146,45,40,116
1771717908.9328432,45,40,116
1771717908.9330285,45,40,116
1771717908.9332144,45,40,116
1771717908.936761,45,40,116
1771717908.9373426,45,40,116
1771717908.9375772,45,40,116
1771717908.9378378,45,40,116
1771717908.94066,45,40,116
1771717908.9409041,45,40,117
1771717908.9410908,45,40,117
1771717908.941275,45,40,117
1771717908.944736,45,40,117
1771717908.9450555,45,40,117
1771717908.9453144,45,40,117
1771717908.9455423,45,40,117
1771717908.9458601,45,40,117
1771717908.948875,45,40,117
1771717908.9490676,45,40,117
1771717908.949256,45,40,117
1771717908.9495142,45,40,117
1771717908.9529011,45,40,117
1771717908.9530857,45,40,117
1771717908.953377,45,40,117
1771717908.95359,45,40,118
1771717908.9537663,45,40,118
1771717908.9571815,45,40,118
1771717908.9575393,45,40,118
1771717908.9578397,45,40,118
1771717908.9580271,45,40,118
1771717908.9613278,45,40,118
1771717908.961636,45,40,118
1771717908.9618912,45,40,118
1771717908.9624345,45,40,118
1771717908.9652045,45,40,118
1771717908.9654117,45,40,118
1771717908.9656036,45,40,118
1771717908.9657972,45,40,118
1771717908.9660478,45,40,118
1771717908.969473,45,40,119
1771717908.969905,45,40,119
1771717908.970219,45,40,119
1771717908.9705398,45,40,119
1771717908.973826,45,40,119
1771717908.974063,45,40,119
1771717908.9743512,45,40,119
1771717908.974535,45,40,119
1771717908.9774506,45,40,119
1771717908.9776866,45,40,119
1771717908.97787,45,40,119
1771717908.978095,45,40,119
1771717908.9782765,45,40,119
1771717908.9816375,45,40,119
1771717908.981943,45,40,119
1771717908.9822667,45,40,119
1771717908.9826422,45,40,120
1771717908.9858124,45,40,120
1771717908.9861646,45,40,120
1771717908.9864955,45,40,120
1771717908.9867227,45,40,120
1771717908.9869404,45,40,120
1771717908.989946,45,40,120
1771717908.9901419,45,40,120
1771717908.9903753,45,40,120
1771717908.9906175,45,40,120
1771717908.9940836,45,40,120
1771717908.99436,45,40,120
1771717908.9946344,45,40,120
1771717908.9948905,45,40,120
1771717908.9980605,45,40,120
1771717908.9984274,45,40,121
1771717908.9987626,45,40,121
1771717908.9991143,45,40,121
1771717908.9994397,45,40,121
1771717909.0023117,45,40,121
1771717909.0026612,45,40,121
1771717909.0029893,45,40,121
1771717909.0033188,45,40,121
1771717909.006455,45,40,121
1771717909.0066817,45,40,121
1771717909.006864,45,40,121
1771717909.0070438,45,40,121
1771717909.010251,45,40,121
1771717909.01065,45,40,121
1771717909.0109828,45,40,121
1771717909.0113082,45,40,121
1771717909.0116305,45,40,122
1771717909.0147219,45,40,122
1771717909.0150673,45,40,122
1771717909.0153537,45,40,122
1771717909.015529,45,40,122
1771717909.0185513,45,40,122
1771717909.0189624,45,40,122
1771717909.01929,45,40,122
1771717909.0196223,45,40,122
1771717909.019945,45,40,122
1771717909.0226536,45,40,122
1771717909.0228417,45,40,122
1771717909.0230193,45,40,122
1771717909.0231957,45,40,122
1771717909.0268443,45,40,122
1771717909.0271873,45,40,123
1771717909.0273926,45,40,123
1771717909.0275693,45,40,123
1771717909.0308986,45,40,123
1771717909.03125,45,40,123
1771717909.031566,45,40,123
1771717909.0318813,45,40,123
1771717909.032128,45,40,123
1771717909.0353997,45,40,123
1771717909.0357788,45,40,123
1771717909.0360537,45,40,123
1771717909.0363114,45,40,123
1771717909.0389917,45,40,123
1771717909.03918,45,40,123
1771717909.0394583,45,40,123
1771717909.0398488,45,40,123
1771717909.0430164,45,40,124
1771717909.043548,45,40,124
1771717909.0438814,45,40,124
1771717909.0441666,45,40,124
1771717909.0443404,45,40,124
1771717909.047418,45,40,124
1771717909.047836,45,40,124
1771717909.0481737,45,40,124
1771717909.0484962,45,40,124
1771717909.051357,45,40,124
1771717909.0518951,45,40,124
1771717909.0523026,45,40,124
1771717909.052572,45,40,124
1771717909.052798,45,40,124
1771717909.05542,45,40,124
1771717909.0556517,45,40,125
1771717909.055829,45,40,125
1771717909.056004,45,40,125
1771717909.059413,45,40,125
1771717909.0596523,45,40,125
1771717909.0599813,45,40,125
1771717909.0603025,45,40,125
1771717909.0636039,45,40,125
1771717909.0640464,45,40,125
1771717909.0643823,45,40,125
1771717909.0645926,45,40,125
1771717909.0647662,45,40,125
1771717909.0678604,45,40,125
1771717909.0681398,45,40,125
1771717909.0683615,45,40,125
1771717909.068537,45,40,126
1771717909.071869,45,40,126
1771717909.0722039,45,40,126
1771717909.0725198,45,40,126
1771717909.073227,45,40,126
1771717909.0757992,45,40,126
1771717909.0761445,45,40,126
1771717909.07641,45,40,126
1771717909.0766733,45,40,126
1771717909.0769932,45,40,126
1771717909.0808878,45,40,126
1771717909.0812526,45,40,126
1771717909.081618,45,40,126
1771717909.0820987,45,40,126
1771717909.0840073,45,40,126
1771717909.0842571,45,40,126
1771717909.0844376,45,40,127
1771717909.0846157,45,40,127
1771717909.084795,45,40,127
1771717909.0883482,45,40,127
1771717909.088556,45,40,127
1771717909.0887368,45,40,127
1771717909.088948,45,40,127
1771717909.0922523,45,40,127
1771717909.0925024,45,40,127
1771717909.092715,45,40,127
1771717909.092932,45,40,127
1771717909.0963223,45,40,127
1771717909.096879,45,40,127
1771717909.0972476,45,40,127
1771717909.0975177,45,40,127
1771717909.097781,45,40,128
1771717909.100576,45,40,128
1771717909.1008754,45,40,128
1771717909.1012409,45,40,128
1771717909.1014965,45,40,128
1771717909.1045914,45,40,128
1771717909.104985,45,40,128
1771717909.1052513,45,40,128
1771717909.1055195,45,40,128
1771717909.10852,45,40,128
1771717909.1088133,45,40,128
1771717909.1091106,45,40,128
1771717909.1093733,45,40,128
1771717909.1096299,45,40,128
1771717909.1128118,45,40,128
1771717909.1130934,45,40,128
1771717909.1133602,45,40,129
1771717909.113678,45,40,129
1771717909.116837,45,40,129
1771717909.1171148,45,40,129
1771717909.1174395,45,40,129
1771717909.117698,45,40,129
1771717909.117956,45,40,129
1771717909.1210945,45,40,129
1771717909.121435,45,40,129
1771717909.1217036,45,40,129
1771717909.1221235,45,40,129
1771717909.1250534,45,40,129
1771717909.1253836,45,40,129
1771717909.125644,45,40,129
1771717909.1258957,45,40,129
1771717909.1290832,45,40,130
1771717909.129409,45,40,130
1771717909.1297836,45,40,130
1771717909.130168,45,40,130
1771717909.1303642,45,40,130
1771717909.1332705,45,40,130
1771717909.1335146,45,40,130
1771717909.133697,45,40,130
1771717909.1338978,45,40,130
1771717909.137582,45,40,130
1771717909.1378992,45,40,130
1771717909.1381893,45,40,130
1771717909.1387854,45,40,130
1771717909.1413708,45,40,130
1771717909.1416354,45,40,130
1771717909.1418276,45,40,131
1771717909.1420035,45,40,131
1771717909.1421824,45,40,131
1771717909.1456466,45,40,131
1771717909.1461809,45,40,131
1771717909.1464474,45,40,131
1771717909.1467957,45,40,131
1771717909.1495593,45,40,131
1771717909.1498408,45,40,131
1771717909.150108,45,40,131
1771717909.1504188,45,40,131
1771717909.1506798,45,40,131
1771717909.1538043,45,40,131
1771717909.1542366,45,40,131
1771717909.1545174,45,40,131
1771717909.154806,45,40,131
1771717909.1578214,45,40,132
1771717909.1581025,45,40,132
1771717909.1584294,45,40,132
1771717909.1586916,45,40,132
1771717909.1618662,45,40,132
1771717909.1621845,45,40,132
1771717909.1624854,45,40,132
1771717909.1628852,45,40,132
1771717909.1631925,45,40,132
1771717909.1661873,45,40,132
1771717909.1665308,45,40,132
1771717909.1668513,45,40,132
1771717909.1671693,45,40,132
1771717909.1700716,45,40,132
1771717909.1702633,45,40,132
1771717909.170447,45,40,133
1771717909.1706417,45,40,133
1771717909.1741185,45,40,133
1771717909.1745296,45,40,133
1771717909.1748357,45,40,133
1771717909.1750164,45,40,133
1771717909.1752336,45,40,133
1771717909.1783125,45,40,133
1771717909.1785057,45,40,133
1771717909.1786885,45,40,133
1771717909.1788685,45,40,133
1771717909.182463,45,40,133
1771717909.1827457,45,40,133
1771717909.183056,45,40,133
1771717909.1832733,45,40,133
1771717909.1834614,45,40,133
1771717909.1866355,45,40,134
1771717909.186832,45,40,134
1771717909.1870155,45,40,134
1771717909.187221,45,40,134
1771717909.1907015,45,40,134
1771717909.191153,45,40,134
1771717909.1914747,45,40,134
1771717909.1917152,45,40,134
1771717909.1946316,45,40,134
1771717909.1951466,45,40,134
1771717909.195508,45,40,134
1771717909.195771,45,40,134
1771717909.1960323,45,40,134
1771717909.1996665,45,40,134
1771717909.200024,45,40,134
1771717909.2002914,45,40,135
1771717909.2005525,45,40,135
1771717909.20318,45,40,135
1771717909.2035458,45,40,135
1771717909.2037783,45,40,135
1771717909.2040875,45,40,135
1771717909.2068717,45,40,135
1771717909.2072594,45,40,135
1771717909.2075887,45,40,135
1771717909.2078688,45,40,135
1771717909.2080524,45,42,221
1771717909.2111077,45,42,120
1771717909.2114394,45,42,120
1771717909.2118168,45,42,120
1771717909.2121105,45,42,120
1771717909.2150862,45,42,120
1771717909.215286,45,42,120
1771717909.2154708,45,42,120
1771717909.2156572,45,42,120
1771717909.2158325,45,42,121
1771717909.2193415,45,42,121
1771717909.2196755,45,42,121
1771717909.220002,45,42,121
1771717909.2203264,45,42,121
1771717909.2232878,45,42,121
1771717909.2234793,45,42,121
1771717909.223657,45,42,121
1771717909.223871,45,42,121
1771717909.2274437,45,42,121
1771717909.2280118,45,42,121
1771717909.2284884,45,42,121
1771717909.2288172,45,42,121
1771717909.229057,45,42,121
1771717909.2316606,45,42,121
1771717909.2319944,45,42,121
1771717909.232377,45,42,121
1771717909.2325714,45,42,121
1771717909.235689,45,42,121
1771717909.236023,45,42,121
1771717909.236244,45,42,121
1771717909.2364225,45,42,121
1771717909.239581,45,42,121
1771717909.2398834,45,42,122
1771717909.2401474,45,42,122
1771717909.2403357,45,42,122
1771717909.2405148,45,42,122
1771717909.2438116,45,42,122
1771717909.2440126,45,42,122
1771717909.2442021,45,42,122
1771717909.2444794,45,42,122
1771717909.247844,45,42,122
1771717909.2481728,45,42,122
1771717909.2484868,45,42,122
1771717909.248799,45,42,122
1771717909.2491138,45,42,122
1771717909.2522771,45,42,122
1771717909.2526228,45,42,122
1771717909.2530024,45,42,122
1771717909.2532432,45,42,122
1771717909.2561183,45,42,122
1771717909.2564049,45,42,122
1771717909.2567163,45,42,122
1771717909.2569873,45,42,122
1771717909.2600653,45,42,122
1771717909.2603428,45,43,234
1771717909.2606692,45,43,107
1771717909.260857,45,43,108
1771717909.2610614,45,43,108
1771717909.2643294,45,43,108
1771717909.264561,45,43,108
1771717909.2647793,45,43,108
1771717909.264972,45,43,108
1771717909.2682734,45,43,108
1771717909.2685015,45,43,108
1771717909.268835,45,43,108
1771717909.2691689,45,43,108
1771717909.2723339,45,43,108
1771717909.2725668,45,43,108
1771717909.2727518,45,43,108
1771717909.272933,45,43,108
1771717909.2731626,45,43,108
1771717909.27657,45,43,108
1771717909.276763,45,43,108
1771717909.2769458,45,43,108
1771717909.277128,45,43,108
1771717909.280614,45,43,108
1771717909.2809384,45,43,108
1771717909.2812605,45,43,108
1771717909.2815814,45,43,108
1771717909.281806,45,43,108
1771717909.285033,45,43,108
1771717909.2853897,45,43,108
1771717909.2855942,45,43,108
1771717909.2857778,45,43,108
1771717909.2889104,45,43,108
1771717909.2892954,45,43,108
1771717909.2896192,45,43,108
1771717909.2899778,45,43,108
1771717909.2928724,45,43,108
1771717909.2933037,45,43,108
1771717909.2936068,45,43,108
1771717909.2938712,45,43,108
1771717909.2942796,45,43,108
1771717909.2971466,45,43,108
1771717909.29753,45,43,108
1771717909.2978854,45,43,108
1771717909.298265,45,43,108
1771717909.3011584,45,43,108
1771717909.3015237,45,43,108
1771717909.3018594,45,43,108
1771717909.3021748,45,43,108
1771717909.3051114,45,43,108
1771717909.3054838,45,43,109
1771717909.30583,45,43,109
1771717909.3061726,45,43,109
1771717909.306483,45,43,109
1771717909.3094046,45,43,109
1771717909.3097415,45,43,109
1771717909.3100212,45,43,109
1771717909.3103309,45,43,109
1771717909.313491,45,43,109
1771717909.3137004,45,43,109
1771717909.3140762,45,43,109
1771717909.314343,45,43,109
1771717909.3145957,45,43,109
1771717909.317651,45,43,109
1771717909.317875,45,43,109
1771717909.3180902,45,43,109
1771717909.318273,45,43,109
1771717909.3217604,45,43,109
1771717909.3220947,45,43,109
1771717909.3224092,45,43,109
1771717909.3226671,45,43,109
1771717909.3256402,45,43,109
1771717909.3259678,45,43,109
1771717909.3262851,45,43,109
1771717909.3265934,45,43,109
1771717909.3269536,45,43,109
1771717909.3300123,45,43,109
1771717909.3303514,45,43,109
1771717909.330673,45,43,109
1771717909.3309464,45,43,109
1771717909.3339758,45,43,109
1771717909.3341665,45,43,109
1771717909.334369,45,43,109
1771717909.3345437,45,43,109
1771717909.3378818,45,43,109
1771717909.3383553,45,43,109
1771717909.33868,45,43,109
1771717909.3389928,45,43,109
1771717909.3392768,45,43,109
1771717909.3423746,45,43,109
1771717909.3427205,45,43,109
1771717909.342965,45,43,109
1771717909.3432462,45,43,109
1771717909.3462331,45,43,109
1771717909.3466575,45,43,109
1771717909.3469708,45,43,109
1771717909.3477402,45,43,109
1771717909.348133,45,43,110
1771717909.350528,45,43,110
1771717909.3508737,45,43,110
1771717909.3512073,45,43,110
1771717909.3515232,45,43,110
1771717909.3543804,45,43,110
1771717909.3545732,45,43,110
1771717909.354794,45,43,110
1771717909.3549843,45,43,110
1771717909.3583426,45,43,110
1771717909.3586013,45,43,110
1771717909.3588104,45,43,110
1771717909.359043,45,43,110
1771717909.3592792,45,43,110
1771717909.3625762,45,43,110
1771717909.3629048,45,43,110
1771717909.3633595,45,43,110
1771717909.3636324,45,43,110
1771717909.3666496,45,43,110
1771717909.366894,45,43,110
1771717909.3672287,45,43,110
1771717909.3675601,45,43,110
1771717909.3707023,45,43,110
1771717909.371239,45,43,110
1771717909.3715572,45,43,110
1771717909.3717985,45,43,110
1771717909.3719811,45,43,110
1771717909.375042,45,43,110
1771717909.375385,45,43,110
1771717909.3757052,45,43,110
1771717909.3760788,45,43,110
1771717909.3789363,45,43,110
1771717909.3791611,45,43,110
1771717909.3793385,45,43,110
1771717909.3795118,45,43,110
1771717909.3796847,45,43,110
1771717909.3830678,45,43,110
1771717909.3832505,45,43,110
1771717909.383426,45,43,110
1771717909.3835998,45,43,110
1771717909.3873172,45,43,110
1771717909.3877027,45,43,110
1771717909.3880587,45,43,110
1771717909.3883748,45,43,110
1771717909.391237,45,43,110
1771717909.3916762,45,43,110
1771717909.3920207,45,43,111
1771717909.392213,45,43,111
1771717909.3923852,45,43,111
1771717909.395401,45,43,111
1771717909.395591,45,43,111
1771717909.3959024,45,43,111
1771717909.3962245,45,43,111
1771717909.3996494,45,43,111
1771717909.3999946,45,43,111
1771717909.4003396,45,43,111
1771717909.4005651,45,43,111
1771717909.4035141,45,43,111
1771717909.4039688,45,43,111
1771717909.4042077,45,43,111
1771717909.404401,45,43,111
1771717909.4046485,45,43,111
1771717909.4079008,45,43,111
1771717909.4082298,45,43,111
1771717909.4087858,45,43,111
1771717909.4090238,45,43,111
1771717909.411827,45,43,111
1771717909.412182,45,43,111
1771717909.4124901,45,43,111
1771717909.4126663,45,43,111
1771717909.4128413,45,43,111
1771717909.4158459,45,43,111
1771717909.4160218,45,43,111
1771717909.4161952,45,43,111
1771717909.4163775,45,43,111
1771717909.4199827,45,43,111
1771717909.4203317,45,43,111
1771717909.4206395,45,43,111
1771717909.420931,45,43,111
1771717909.4247854,45,43,111
1771717909.425471,45,43,111
1771717909.4258428,45,43,111
1771717909.4260547,45,43,111
1771717909.4262536,45,43,111
1771717909.4286847,45,43,111
1771717909.4288826,45,43,111
1771717909.4290612,45,43,111
1771717909.4292376,45,43,111
1771717909.432624,45,43,111
1771717909.432824,45,43,111
1771717909.4330776,45,43,111
1771717909.43353,45,43,111
1771717909.436629,45,43,112
1771717909.4369123,45,43,112
1771717909.4370947,45,43,112
1771717909.4372833,45,43,112
1771717909.4375346,45,43,112
1771717909.4407148,45,43,112
1771717909.4410625,45,43,112
1771717909.4413686,45,43,112
1771717909.4415488,45,43,112
1771717909.4445736,45,43,112
1771717909.4448245,45,43,112
1771717909.4452567,45,43,112
1771717909.4455736,45,43,112
1771717909.4458876,45,43,112
1771717909.4488668,45,43,112
1771717909.449064,45,43,112
1771717909.449244,45,43,112
1771717909.4494214,45,43,112
1771717909.4531183,45,43,112
1771717909.4533167,45,43,112
1771717909.4535923,45,43,112
1771717909.4540641,45,43,112
1771717909.4567118,45,43,112
1771717909.4569051,45,43,112
1771717909.4570837,45,43,112
1771717909.4572608,45,43,112
1771717909.4574351,45,43,112
1771717909.4614496,45,43,112
1771717909.4617586,45,43,112
1771717909.4619544,45,43,112
1771717909.462136,45,43,112
1771717909.4651744,45,43,112
1771717909.465496,45,43,112
1771717909.465815,45,43,112
1771717909.4661324,45,43,112
1771717909.4693449,45,43,112
1771717909.4696627,45,43,112
1771717909.4698436,45,43,112
1771717909.4700272,45,43,112
1771717909.4702077,45,43,112
1771717909.473268,45,43,112
1771717909.473461,45,43,112
1771717909.4736538,45,43,112
1771717909.4738321,45,43,112
1771717909.4771647,45,43,112
1771717909.477449,45,43,112
1771717909.4777937,45,43,112
1771717909.4781158,45,43,113
1771717909.478438,45,43,113
1771717909.48135,45,43,113
1771717909.4815533,45,43,113
1771717909.4817271,45,43,113
1771717909.4819005,45,43,113
1771717909.4855895,45,43,113
1771717909.485934,45,43,113
1771717909.486358,45,43,113
1771717909.4869044,45,43,113
1771717909.4896379,45,43,113
1771717909.489987,45,43,113
1771717909.4903677,45,43,113
1771717909.4905748,45,43,113
1771717909.490749,45,43,113
1771717909.4939144,45,43,113
1771717909.4942706,45,43,113
1771717909.4946642,45,43,113
1771717909.494976,45,43,113
1771717909.4978878,45,43,113
1771717909.4981136,45,43,113
1771717909.4983745,45,43,113
1771717909.4985542,45,43,113
1771717909.5019698,45,43,113
1771717909.5025566,45,43,113
1771717909.5031793,45,43,113
1771717909.5035667,45,43,113
1771717909.5038364,45,43,113
1771717909.5059977,45,43,113
1771717909.5063677,45,43,113
1771717909.506692,45,43,113
1771717909.5070066,45,43,113
1771717909.5103178,45,43,113
1771717909.5107334,45,43,113
1771717909.5109916,45,43,113
1771717909.5111754,45,43,113
1771717909.5113554,45,43,113
1771717909.5142086,45,43,113
1771717909.514479,45,43,113
1771717909.5146592,45,43,113
1771717909.5148373,45,43,113
1771717909.5183425,45,43,113
1771717909.5185544,45,43,113
1771717909.5187924,45,43,113
1771717909.5189848,45,43,113
1771717909.522234,45,43,113
1771717909.5224721,45,43,114
1771717909.522656,45,43,114
1771717909.5228338,45,43,114
1771717909.5230122,45,43,114
1771717909.526508,45,43,114
1771717909.5266964,45,43,114
1771717909.5268774,45,43,114
1771717909.5270593,45,43,114
1771717909.5304642,45,43,114
1771717909.530878,45,43,114
1771717909.5312054,45,43,114
1771717909.5314052,45,43,114
1771717909.5344746,45,43,114
1771717909.5347188,45,43,114
1771717909.534938,45,43,114
1771717909.5351143,45,43,114
1771717909.53529,45,43,114
1771717909.5386832,45,43,114
1771717909.5389369,45,43,114
1771717909.5391476,45,43,114
1771717909.5393636,45,43,114
1771717909.5428612,45,43,114
1771717909.5432086,45,43,114
1771717909.5436113,45,43,114
1771717909.5439384,45,43,114
1771717909.5442622,45,43,114
1771717909.546879,45,43,114
1771717909.5470545,45,43,114
1771717909.547227,45,43,114
1771717909.5474207,45,43,114
1771717909.551096,45,43,114
1771717909.551434,45,43,114
1771717909.551702,45,43,114
1771717909.5518758,45,43,114
1771717909.5550709,45,43,114
1771717909.556295,45,43,114
1771717909.556745,45,43,114
1771717909.5570726,45,43,114
1771717909.5573978,45,43,114
1771717909.5592089,45,43,114
1771717909.559583,45,43,114
1771717909.5599267,45,43,114
1771717909.5602221,45,43,114
1771717909.5633535,45,43,114
1771717909.563702,45,43,114
1771717909.5641177,45,43,114
1771717909.5647824,45,43,115
1771717909.5672255,45,43,115
1771717909.567482,45,43,115
1771717909.5676694,45,43,115
1771717909.5678568,45,43,115
1771717909.5680401,45,43,115
1771717909.5716057,45,43,115
1771717909.571947,45,43,115
1771717909.572208,45,43,115
1771717909.5723972,45,43,115
1771717909.5756335,45,43,115
1771717909.5759785,45,43,115
1771717909.5763075,45,43,115
1771717909.5766366,45,43,115
1771717909.57695,45,43,115
1771717909.5797572,45,43,115
1771717909.5800982,45,43,115
1771717909.5803678,45,43,115
1771717909.5805647,45,43,115
1771717909.5837681,45,43,115
1771717909.5841007,45,43,115
1771717909.5844176,45,43,115
1771717909.584863,45,43,115
1771717909.587857,45,43,115
1771717909.5882385,45,43,115
1771717909.588637,45,43,115
1771717909.588951,45,43,115
1771717909.589165,45,43,115
1771717909.5922036,45,43,115
1771717909.5926266,45,43,115
1771717909.5929527,45,43,115
1771717909.5932748,45,43,115
1771717909.5959818,45,43,115
1771717909.5961735,45,43,115
1771717909.596393,45,43,115
1771717909.5965736,45,43,115
1771717909.59996,45,43,115
1771717909.600151,45,43,115
1771717909.6003342,45,43,115
1771717909.6005173,45,43,115
1771717909.6007385,45,43,115
1771717909.604543,45,43,115
1771717909.6049411,45,43,115
1771717909.6052797,45,43,115
1771717909.6056192,45,43,115
1771717909.6084,45,43,115
1771717909.6087463,45,43,116
1771717909.6091535,45,43,116
1771717909.6093864,45,43,116
1771717909.60956,45,43,116
1771717909.6126306,45,43,116
1771717909.6128201,45,43,116
1771717909.6129973,45,43,116
1771717909.613173,45,43,116
1771717909.6164887,45,43,116
1771717909.6166785,45,43,116
1771717909.616863,45,43,116
1771717909.6170433,45,43,116
1771717909.6209111,45,43,116
1771717909.621396,45,43,116
1771717909.6219306,45,43,116
1771717909.6222582,45,43,116
1771717909.6225576,45,43,116
1771717909.6247582,45,43,116
1771717909.6251051,45,43,116
1771717909.625425,45,43,116
1771717909.6257355,45,43,116
1771717909.6289678,45,43,116
1771717909.6293066,45,43,116
1771717909.6296258,45,43,116
1771717909.6298103,45,43,116
1771717909.6328175,45,43,116
1771717909.6332967,45,43,116
1771717909.6336303,45,43,116
1771717909.6339672,45,43,116
1771717909.6342938,45,43,116
1771717909.637208,45,43,116
1771717909.6377192,45,43,116
1771717909.638053,45,43,116
1771717909.638236,45,43,116
1771717909.6411564,45,43,116
1771717909.641372,45,43,116
1771717909.6415572,45,43,116
1771717909.6417432,45,43,116
1771717909.6419864,45,43,116
1771717909.6453328,45,43,116
1771717909.6455176,45,43,116
1771717909.6456952,45,43,116
1771717909.645906,45,43,116
1771717909.649474,45,43,116
1771717909.6498182,45,43,116
1771717909.6501462,45,43,116
1771717909.6503537,45,43,116
1771717909.6539412,45,43,117
1771717909.6545508,45,43,117
1771717909.6549757,45,43,117
1771717909.6552143,45,43,117
1771717909.6554642,45,43,117
1771717909.657782,45,43,117
1771717909.6580968,45,43,117
1771717909.6584337,45,43,117
1771717909.658659,45,43,117
1771717909.661532,45,43,117
1771717909.661723,45,43,117
1771717909.6619017,45,43,117
1771717909.6621265,45,43,117
1771717909.6655176,45,43,117
1771717909.6658013,45,43,117
1771717909.6661353,45,43,117
1771717909.6665428,45,43,117
1771717909.6668665,45,43,117
1771717909.6699877,45,43,117
1771717909.670333,45,43,117
1771717909.670582,45,43,117
1771717909.6708047,45,43,117
1771717909.6741562,45,43,117
1771717909.6744614,45,43,117
1771717909.6748264,45,43,117
1771717909.675164,45,43,117
1771717909.6754942,45,43,117
1771717909.677969,45,43,117
1771717909.6781492,45,43,117
1771717909.6783326,45,43,117
1771717909.6785078,45,43,117
1771717909.6820436,45,43,117
1771717909.6822786,45,43,117
1771717909.6825159,45,43,117
1771717909.6828268,45,43,117
1771717909.6861389,45,43,117
1771717909.6864803,45,43,117
1771717909.6868503,45,43,117
1771717909.6871629,45,43,117
1771717909.6875515,45,43,117
1771717909.690252,45,43,117
1771717909.6904778,45,43,117
1771717909.6906567,45,43,117
1771717909.6908338,45,43,117
1771717909.6942701,45,43,117
1771717909.6945395,45,43,117
1771717909.6948655,45,43,118
1771717909.6951888,45,43,118
1771717909.6984448,45,43,118
1771717909.6988473,45,43,118
1771717909.6992564,45,43,118
1771717909.699441,45,43,118
1771717909.6996183,45,43,118
1771717909.7026975,45,43,118
1771717909.7031229,45,43,118
1771717909.7037566,45,43,118
1771717909.7042866,45,43,118
1771717909.706618,45,43,118
1771717909.7069578,45,43,118
1771717909.7073452,45,43,118
1771717909.7076647,45,43,118
1771717909.7078419,45,43,118
1771717909.710871,45,43,118
1771717909.7112265,45,43,118
1771717909.7114558,45,43,118
1771717909.7116308,45,43,118
1771717909.7149663,45,43,118
1771717909.715395,45,43,118
1771717909.715742,45,43,118
1771717909.7160656,45,43,118
1771717909.7188256,45,43,118
1771717909.7191503,45,43,118
1771717909.7193522,45,43,118
1771717909.7195406,45,43,118
1771717909.719752,45,43,118
1771717909.7230587,45,43,118
1771717909.7232485,45,43,118
1771717909.723569,45,43,118
1771717909.72395,45,43,118
1771717909.7271914,45,43,118
1771717909.7275395,45,43,118
1771717909.727936,45,43,118
1771717909.7281775,45,43,118
1771717909.7311208,45,43,118
1771717909.7315226,45,43,118
1771717909.7319193,45,43,118
1771717909.7322485,45,43,118
1771717909.7325716,45,43,118
1771717909.735329,45,43,118
1771717909.7355154,45,43,118
1771717909.7357376,45,43,118
1771717909.735915,45,43,118
1771717909.7395027,45,43,119
1771717909.7396896,45,43,119
1771717909.739867,45,43,119
1771717909.740088,45,43,119
1771717909.7402627,45,43,119
1771717909.7434692,45,43,119
1771717909.7436702,45,43,119
1771717909.7438476,45,43,119
1771717909.7440212,45,43,119
1771717909.7477918,45,43,119
1771717909.7481842,45,43,119
1771717909.7485297,45,43,119
1771717909.7487047,45,43,119
1771717909.7516065,45,43,119
1771717909.7518005,45,43,119
1771717909.7520137,45,43,119
1771717909.7523074,45,43,119
1771717909.7526288,45,43,119
1771717909.7558324,45,43,119
1771717909.7560184,45,43,119
1771717909.756196,45,43,119
1771717909.7563694,45,43,119
1771717909.7601042,45,43,119
1771717909.7604508,45,43,119
1771717909.760891,45,43,119
1771717909.7613974,45,43,119
1771717909.7638245,45,43,119
1771717909.7641306,45,43,119
1771717909.7644503,45,43,119
1771717909.7647314,45,43,119
1771717909.765049,45,43,119
1771717909.7680652,45,43,119
1771717909.7682912,45,43,119
1771717909.7684777,45,43,119
1771717909.768653,45,43,119
1771717909.7722151,45,43,119
1771717909.7725525,45,43,119
1771717909.7729373,45,43,119
1771717909.7732553,45,43,119
1771717909.7735703,45,43,119
1771717909.77644,45,43,119
1771717909.7767904,45,43,119
1771717909.7771316,45,43,119
1771717909.77741,45,43,119
1771717909.780508,45,43,119
1771717909.7811162,45,43,119
1771717909.7814019,45,43,120
1771717909.7816133,45,43,120
1771717909.7844684,45,43,120
1771717909.7848275,45,43,120
1771717909.7851577,45,43,120
1771717909.7855508,45,43,120
1771717909.7857952,45,43,120
1771717909.788749,45,43,120
1771717909.7891617,45,43,120
1771717909.7893817,45,43,120
1771717909.7895563,45,43,120
1771717909.792778,45,43,120
1771717909.7931173,45,43,120
1771717909.7934284,45,43,120
1771717909.7937403,45,43,120
1771717909.7967248,45,43,120
1771717909.7971284,45,43,120
1771717909.7974555,45,43,120
1771717909.7977605,45,43,120
1771717909.797938,45,43,120
1771717909.801026,45,43,120
1771717909.8014326,45,43,120
1771717909.801764,45,43,120
1771717909.8020904,45,43,120
1771717909.8049138,45,43,120
1771717909.8052475,45,43,120
1771717909.8056297,45,43,120
1771717909.8059497,45,43,120
1771717909.806171,45,43,120
1771717909.8090317,45,43,120
1771717909.8092058,45,43,120
1771717909.809378,45,43,120
1771717909.8095498,45,43,120
1771717909.8132663,45,43,120
1771717909.8134563,45,43,120
1771717909.8136332,45,43,120
1771717909.8138092,45,43,120
1771717909.817269,45,43,120
1771717909.817627,45,43,120
1771717909.8179564,45,43,120
1771717909.8181984,45,43,120
1771717909.8183722,45,43,120
1771717909.821557,45,43,120
1771717909.8217893,45,43,120
1771717909.8219647,45,43,120
1771717909.8221388,45,43,120
1771717909.8255556,45,43,120
1771717909.8259733,45,43,121
1771717909.8263018,45,43,121
1771717909.826549,45,43,121
1771717909.8294594,45,43,121
1771717909.829681,45,43,121
1771717909.8298614,45,43,121
1771717909.83013,45,43,121
1771717909.8304427,45,43,121
1771717909.8337553,45,43,121
1771717909.8341007,45,43,121
1771717909.8344312,45,43,121
1771717909.8348384,45,43,121
1771717909.8378284,45,43,121
1771717909.8381753,45,43,121
1771717909.8384867,45,43,121
1771717909.838662,45,43,121
1771717909.838882,45,43,121
1771717909.8419478,45,43,121
1771717909.8422067,45,43,121
1771717909.84239,45,43,121
1771717909.842594,45,43,121
1771717909.8459551,45,43,121
1771717909.846148,45,43,121
1771717909.8463402,45,43,121
1771717909.8465245,45,43,121
1771717909.8513842,45,43,121
1771717909.8515973,45,43,121
1771717909.8518078,45,43,121
1771717909.8520172,45,43,121
1771717909.852228,45,43,121
1771717909.854041,45,43,121
1771717909.8542278,45,43,121
1771717909.8544104,45,43,121
1771717909.8546438,45,43,121
1771717909.858218,45,43,121
1771717909.8584023,45,43,121
1771717909.8585842,45,43,121
1771717909.858765,45,43,121
1771717909.8621147,45,43,121
1771717909.8623815,45,43,121
1771717909.8626015,45,43,121
1771717909.8628175,45,43,121
1771717909.8630743,45,43,121
1771717909.8664143,45,43,121
1771717909.8667471,45,43,121
1771717909.8671036,45,43,121
1771717909.8673568,45,43,122
1771717909.8704176,45,43,122
1771717909.8706086,45,43,122
1771717909.8707926,45,43,122
1771717909.871076,45,43,122
1771717909.8714917,45,43,122
1771717909.8746417,45,43,122
1771717909.8748248,45,43,122
1771717909.875002,45,43,122
1771717909.875177,45,43,122
1771717909.87872,45,43,122
1771717909.879049,45,43,122
1771717909.8793268,45,43,122
1771717909.8795018,45,43,122
1771717909.882775,45,43,122
1771717909.8831222,45,43,122
1771717909.8835115,45,43,122
1771717909.8838475,45,43,122
1771717909.8842025,45,43,122
1771717909.8870974,45,43,122
1771717909.8875,45,43,122
1771717909.8877704,45,43,122
1771717909.8880222,45,43,122
1771717909.8909273,45,43,122
1771717909.891153,45,43,122
1771717909.891333,45,43,122
1771717909.8915112,45,43,122
1771717909.8949425,45,43,122
1771717909.8953433,45,43,122
1771717909.8957598,45,43,122
1771717909.8960795,45,43,122
1771717909.8962586,45,43,122
1771717909.8993795,45,43,122
1771717909.8997216,45,43,122
1771717909.9001296,45,43,122
1771717909.9004574,45,43,122
1771717909.9031785,45,43,122
1771717909.903462,45,43,122
1771717909.903789,45,43,122
1771717909.9041924,45,43,122
1771717909.9045672,45,43,122
1771717909.9073248,45,43,122
1771717909.907508,45,43,122
1771717909.9077265,45,43,122
1771717909.907904,45,43,122
1771717909.9114916,45,43,122
1771717909.9118283,45,43,123
1771717909.912136,45,43,123
1771717909.912488,45,43,123
1771717909.9155447,45,43,123
1771717909.915915,45,43,123
1771717909.9162319,45,43,123
1771717909.9166162,45,43,123
1771717909.916829,45,43,123
1771717909.9198103,45,43,123
1771717909.9201539,45,43,123
1771717909.920511,45,43,123
1771717909.9215775,45,43,123
1771717909.9236033,45,43,123
1771717909.9237874,45,43,123
1771717909.924042,45,43,123
1771717909.9242823,45,43,123
1771717909.927649,45,43,123
1771717909.9278967,45,43,123
1771717909.9281516,45,43,123
1771717909.9284508,45,43,123
1771717909.928719,45,43,123
1771717909.9318693,45,43,123
1771717909.9320786,45,43,123
1771717909.9322805,45,43,123
1771717909.9324899,45,43,123
1771717909.935925,45,43,123
1771717909.9362512,45,43,123
1771717909.9367578,45,43,123
1771717909.9371438,45,43,123
1771717909.9373333,45,43,123
1771717909.9400775,45,43,123
1771717909.9402592,45,43,123
1771717909.9404361,45,43,123
1771717909.94064,45,43,123
1771717909.9441137,45,43,123
1771717909.944439,45,43,123
1771717909.944768,45,43,123
1771717909.945095,45,43,123
1771717909.948363,45,43,123
1771717909.9487095,45,43,123
1771717909.948999,45,43,123
1771717909.949175,45,43,123
1771717909.9493558,45,43,123
1771717909.9531758,45,43,123
1771717909.9536853,45,43,123
1771717909.9539504,45,43,123
1771717909.9541345,45,43,123
1771717909.9569073,45,43,124
1771717909.9571102,45,43,124
1771717909.9573689,45,43,124
1771717909.9575489,45,43,124
1771717909.9609163,45,43,124
1771717909.961425,45,43,124
1771717909.9618335,45,43,124
1771717909.9621482,45,43,124
1771717909.9623709,45,43,124
1771717909.9648361,45,43,124
1771717909.965035,45,43,124
1771717909.9652872,45,43,124
1771717909.9654655,45,43,124
1771717909.968807,45,43,124
1771717909.9693666,45,43,124
1771717909.9695926,45,43,124
1771717909.9697757,45,43,124
1771717909.9700303,45,43,124
1771717909.9729311,45,43,124
1771717909.9731162,45,43,124
1771717909.973293,45,43,124
1771717909.9734697,45,43,124
1771717909.976897,45,43,124
1771717909.977081,45,43,124
1771717909.9772635,45,43,124
1771717909.9774442,45,43,124
1771717909.9809656,45,43,124
1771717909.9811502,45,43,124
1771717909.9813333,45,43,124
1771717909.9815302,45,43,124
1771717909.981717,45,43,124
1771717909.98515,45,43,124
1771717909.9853737,45,43,124
1771717909.9855607,45,43,124
1771717909.9857373,45,43,124
1771717909.989218,45,43,124
1771717909.9894474,45,43,124
1771717909.989622,45,43,124
1771717909.9898064,45,43,124
1771717909.9932406,45,43,124
1771717909.9935565,45,43,124
1771717909.9939158,45,43,124
1771717909.9942229,45,43,124
1771717909.994528,45,43,124
1771717909.9982295,45,43,124
1771717909.9987586,45,43,124
1771717909.9990866,45,43,125
1771717909.9994,45,43,125
1771717910.0019283,45,43,125
1771717910.0021272,45,43,125
1771717910.002308,45,43,125
1771717910.0025444,45,43,125
1771717910.0028214,45,43,125
1771717910.005661,45,43,125
1771717910.005846,45,43,125
1771717910.0060241,45,43,125
1771717910.0062037,45,43,125
1771717910.0103924,45,43,125
1771717910.010606,45,43,125
1771717910.0108829,45,43,125
1771717910.0111227,45,43,125
1771717910.0143442,45,43,125
1771717910.0145454,45,43,125
1771717910.0147288,45,43,125
1771717910.0149062,45,43,125
1771717910.0152726,45,43,125
1771717910.018621,45,43,125
1771717910.0189054,45,43,125
1771717910.01911,45,43,125
1771717910.01929,45,43,125
1771717910.022079,45,43,125
1771717910.0222766,45,43,125
1771717910.0224946,45,43,125
1771717910.0226715,45,43,125
1771717910.0264068,45,43,125
1771717910.0266776,45,43,125
1771717910.0269392,45,43,125
1771717910.0271266,45,43,125
1771717910.027329,45,43,125
1771717910.0315857,45,43,125
1771717910.0321817,45,43,125
1771717910.0324335,45,43,125
1771717910.0326197,45,43,125
1771717910.0342584,45,43,125
1771717910.0344858,45,43,125
1771717910.0346875,45,43,125
1771717910.0348654,45,43,125
1771717910.0350616,45,43,125
1771717910.0384784,45,43,125
1771717910.0386758,45,43,125
1771717910.038879,45,43,125
1771717910.0390632,45,43,125
1771717910.0424564,45,43,126
1771717910.0427787,45,43,126
1771717910.0430894,45,43,126
1771717910.0434792,45,43,126
1771717910.0465128,45,43,126
1771717910.0468287,45,43,126
1771717910.0471795,45,43,126
1771717910.0473912,45,43,126
1771717910.0475676,45,43,126
1771717910.0507011,45,43,126
1771717910.0508869,45,43,126
1771717910.0511065,45,43,126
1771717910.0512853,45,43,126
1771717910.0547235,45,43,126
1771717910.0549583,45,43,126
1771717910.0551393,45,43,126
1771717910.0553138,45,43,126
1771717910.0587056,45,43,126
1771717910.05891,45,43,126
1771717910.0591202,45,43,126
1771717910.0593014,45,43,126
1771717910.0594888,45,43,126
1771717910.0629792,45,43,126
1771717910.063169,45,43,126
1771717910.0633492,45,43,126
1771717910.0636187,45,43,126
1771717910.0670009,45,43,126
1771717910.0671902,45,43,126
1771717910.067372,45,43,126
1771717910.067573,45,43,126
1771717910.0677953,45,43,126
1771717910.0712123,45,43,126
1771717910.071395,45,43,126
1771717910.0715916,45,43,126
1771717910.0717998,45,43,126
1771717910.0752442,45,43,255
1771717910.075421,45,43,15
1771717910.075586,45,43,15
1771717910.0757494,45,43,15
1771717910.0759501,45,43,15
1771717910.079443,45,43,15
1771717910.079612,45,43,15
1771717910.0797722,45,43,15
1771717910.0799315,45,43,15
1771717910.0801125,45,43,15
1771717910.083476,45,43,15
1771717910.0836418,45,43,15
1771717910.0838044,45,43,15
1771717910.0839663,45,43,15
1771717910.0874536,45,43,15
1771717910.087712,45,43,15
1771717910.0879831,45,43,15
1771717910.0881848,45,42,255
1771717910.0883634,45,42,30
1771717910.0915751,45,42,30
1771717910.0918152,45,42,30
1771717910.0920963,45,42,30
1771717910.0924368,45,42,30
1771717910.092795,45,42,30
1771717910.0957434,45,42,30
1771717910.0959547,45,42,30
1771717910.096115,45,42,30
1771717910.0962799,45,42,30
1771717910.096437,45,42,30
1771717910.0998414,45,42,30
1771717910.1000087,45,42,30
1771717910.1002595,45,42,30
1771717910.1005383,45,42,30
1771717910.103912,45,42,30
1771717910.1042485,45,42,31
1771717910.1046052,45,42,31
1771717910.1049337,45,42,31
1771717910.105135,45,42,31
1771717910.1083343,45,42,31
1771717910.108658,45,42,31
1771717910.10896,45,42,31
1771717910.1093194,45,42,31
1771717910.1096544,45,42,31
1771717910.1120424,45,42,31
1771717910.112214,45,42,31
1771717910.112417,45,42,31
1771717910.112584,45,42,31
1771717910.1127477,45,42,31
1771717910.116172,45,42,31
1771717910.116366,45,42,31
1771717910.1165304,45,42,31
1771717910.116694,45,42,31
1771717910.116857,45,42,31
1771717910.1202738,45,42,31
1771717910.1205084,45,42,31
1771717910.1208062,45,42,31
1771717910.1211684,45,42,31
1771717910.1214623,45,42,31
1771717910.1245348,45,42,32
1771717910.12475,45,42,32
1771717910.1249926,45,42,32
1771717910.125316,45,42,32
1771717910.128402,45,42,32
1771717910.1285837,45,42,32
1771717910.128809,45,42,32
1771717910.1289847,45,42,32
1771717910.129157,45,42,32
1771717910.1325145,45,42,32
1771717910.1326916,45,42,32
1771717910.132862,45,42,32
1771717910.1330717,45,42,32
1771717910.1332433,45,42,32
1771717910.1366727,45,42,32
1771717910.1368477,45,42,32
1771717910.137068,45,42,32
1771717910.1372604,45,42,32
1771717910.1374424,45,42,32
1771717910.1407936,45,42,32
1771717910.1410067,45,42,32
1771717910.1411736,45,42,32
1771717910.141338,45,42,32
1771717910.1415193,45,42,32
1771717910.1448772,45,42,32
1771717910.1450737,45,42,32
1771717910.1452327,45,42,33
1771717910.1453903,45,42,33
1771717910.1488588,45,42,33
1771717910.1490285,45,42,33
1771717910.1492193,45,42,33
1771717910.1493998,45,42,33
1771717910.1495821,45,42,33
1771717910.1529605,45,42,33
1771717910.153127,45,42,33
1771717910.1532907,45,40,33
1771717910.1534944,45,40,255
1771717910.1536577,45,40,48
1771717910.1571567,45,40,48
1771717910.1573358,45,40,48
1771717910.157499,45,40,48
1771717910.1577067,45,40,48
1771717910.1578689,45,40,48
1771717910.1612413,45,40,48
1771717910.161529,45,40,48
1771717910.161818,45,40,48
1771717910.162193,45,40,49
1771717910.162481,45,40,49
1771717910.165362,45,40,49
1771717910.165526,45,40,49
1771717910.1656885,45,40,49
1771717910.1658516,45,40,49
1771717910.1697445,45,40,49
1771717910.1700773,45,40,49
1771717910.1704345,45,40,49
1771717910.170756,45,40,49
1771717910.1710353,45,40,49
1771717910.173543,45,40,49
1771717910.1737163,45,40,49
1771717910.173882,45,40,49
1771717910.1740477,45,40,49
1771717910.1742115,45,40,49
1771717910.177661,45,40,50
1771717910.1778333,45,40,50
1771717910.177998,45,40,50
1771717910.1781666,45,40,50
1771717910.17833,45,40,50
1771717910.1817179,45,40,50
1771717910.1818857,45,40,50
1771717910.1820574,45,40,50
1771717910.1822212,45,40,50
1771717910.182385,45,40,50
1771717910.1860788,45,40,50
1771717910.1864197,45,40,50
1771717910.186595,45,40,50
1771717910.1867945,45,40,50
1771717910.1898234,45,40,50
1771717910.1900346,45,40,50
1771717910.1903872,45,40,50
1771717910.190687,45,40,50
1771717910.1909862,45,40,51
1771717910.1940916,45,40,51
1771717910.194476,45,40,51
1771717910.1947787,45,40,51
1771717910.1949863,45,40,51
1771717910.1951761,45,39,255
1771717910.198313,45,39,66
1771717910.1986306,45,39,66
1771717910.1989315,45,39,66
1771717910.19923,45,39,66
1771717910.1995242,45,39,66
1771717910.2022882,45,39,66
1771717910.202507,45,39,66
1771717910.2026823,45,39,67
1771717910.202844,45,39,67
1771717910.2030034,45,39,67
1771717910.2063558,45,39,67
1771717910.206525,45,39,67
1771717910.2067084,45,39,67
1771717910.206868,45,39,67
1771717910.2104595,45,39,67
1771717910.210788,45,39,67
1771717910.2111738,45,39,67
1771717910.2114747,45,39,67
1771717910.2117305,45,39,67
1771717910.214737,45,39,67
1771717910.215054,45,39,68
1771717910.2153563,45,39,68
1771717910.2155192,45,39,68
1771717910.2157884,45,39,68
1771717910.2185845,45,39,68
1771717910.218761,45,39,68
1771717910.2190185,45,39,68
1771717910.2193909,45,39,68
1771717910.219688,45,39,68
1771717910.2227564,45,39,68
1771717910.2229292,45,39,68
1771717910.2230945,45,39,68
1771717910.223256,45,39,68
1771717910.2234159,45,39,69
1771717910.227113,45,39,69
1771717910.227435,45,39,69
1771717910.2277412,45,39,69
1771717910.2280426,45,39,69
1771717910.2308865,45,39,69
1771717910.2313051,45,39,69
1771717910.2316523,45,39,69
1771717910.2321746,45,39,69
1771717910.2325406,45,39,69
1771717910.234942,45,39,69
1771717910.2351696,45,39,69
1771717910.2354305,45,39,69
1771717910.235661,45,39,70
1771717910.2358317,45,39,70
1771717910.239082,45,39,70
1771717910.2392912,45,39,70
1771717910.2395048,45,39,70
1771717910.2397614,45,39,70
1771717910.239969,45,39,70
1771717910.2431448,45,39,70
1771717910.2434273,45,39,70
1771717910.2436197,45,39,70
1771717910.2438347,45,39,70
1771717910.244063,45,39,70
1771717910.247343,45,39,70
1771717910.2475588,45,39,71
1771717910.247777,45,39,71
1771717910.2481575,45,39,71
1771717910.2484446,45,39,71
1771717910.2513669,45,39,71
1771717910.251548,45,39,71
1771717910.251718,45,39,71
1771717910.251907,45,39,71
1771717910.255386,45,39,71
1771717910.2555716,45,39,71
1771717910.255797,45,39,71
1771717910.2559733,45,39,71
1771717910.2561367,45,39,71
1771717910.2594955,45,39,72
1771717910.259804,45,39,72
1771717910.2601116,45,39,72
1771717910.260502,45,39,72
1771717910.2608757,45,39,72
1771717910.2635908,45,39,72
1771717910.2637768,45,39,72
1771717910.2640617,45,39,72
1771717910.2643135,45,39,72
1771717910.2646346,45,39,72
1771717910.2678292,45,39,72
1771717910.2681932,45,39,73
1771717910.2685018,45,39,73
1771717910.2687795,45,39,73
1771717910.269163,45,39,73
1771717910.27196,45,39,73
1771717910.272293,45,39,73
1771717910.2725735,45,39,73
1771717910.2729034,45,39,73
1771717910.2758884,45,39,73
1771717910.2760885,45,39,73
1771717910.2762635,45,39,73
1771717910.276494,45,39,73
1771717910.2766702,45,39,73
1771717910.2800965,45,39,74
1771717910.2803383,45,39,74
1771717910.2805734,45,39,74
1771717910.2807598,45,39,74
1771717910.2809262,45,39,74
1771717910.2841063,45,39,74
1771717910.2843366,45,39,74
1771717910.2845335,45,39,74
1771717910.2847517,45,39,74
1771717910.284948,45,39,74
1771717910.2882795,45,39,74
1771717910.2885323,45,39,74
1771717910.2887259,45,39,74
1771717910.2889051,45,39,75
1771717910.289137,45,39,75
1771717910.2923691,45,39,75
1771717910.2926662,45,39,75
1771717910.2928996,45,39,75
1771717910.2931848,45,39,75
1771717910.2963543,45,39,75
1771717910.296696,45,39,75
1771717910.2970142,45,39,75
1771717910.297284,45,39,75
1771717910.2976203,45,39,75
1771717910.300445,45,39,75
1771717910.3006842,45,39,75
1771717910.3009965,45,39,76
1771717910.3012462,45,39,76
1771717910.301514,45,39,76
1771717910.3046064,45,39,76
1771717910.3048878,45,39,76
1771717910.3051856,45,39,76
1771717910.3054504,45,39,76
1771717910.3056657,45,39,76
1771717910.3087566,45,39,76
1771717910.3091204,45,39,76
1771717910.3094847,45,39,76
1771717910.3097196,45,39,76
1771717910.3100216,45,39,76
1771717910.3132536,45,39,77
1771717910.3139174,45,39,77
1771717910.3144586,45,39,77
1771717910.3150232,45,39,77
1771717910.3167987,45,39,77
1771717910.3171062,45,39,77
1771717910.3173997,45,39,77
1771717910.317683,45,39,77
1771717910.3179686,45,39,77
1771717910.3208902,45,39,77
1771717910.3211415,45,39,77
1771717910.32152,45,39,77
1771717910.321801,45,39,78
1771717910.3221593,45,39,78
1771717910.3250377,45,39,78
1771717910.3253028,45,39,78
1771717910.3255455,45,39,78
1771717910.3258476,45,39,78
1771717910.3261268,45,39,78
1771717910.3292475,45,39,78
1771717910.329543,45,39,78
1771717910.3298693,45,39,78
1771717910.3301332,45,39,78
1771717910.3303401,45,39,78
1771717910.3335576,45,39,78
1771717910.3339434,45,39,79
1771717910.3341959,45,39,79
1771717910.334514,45,39,79
1771717910.3347576,45,39,79
1771717910.337594,45,39,79
1771717910.337904,45,39,79
1771717910.3381765,45,39,79
1771717910.3384078,45,39,79
1771717910.3413754,45,39,79
1771717910.3415923,45,39,79
1771717910.341931,45,39,79
1771717910.3422172,45,39,79
1771717910.3425107,45,39,79
1771717910.345535,45,39,80
1771717910.345782,45,39,80
1771717910.3460522,45,39,80
1771717910.3463008,45,39,80
1771717910.3465426,45,39,80
1771717910.3496246,45,39,80
1771717910.3500051,45,39,80
1771717910.3503392,45,39,80
1771717910.3506112,45,39,80
1771717910.3508892,45,39,80
1771717910.3537447,45,39,80
1771717910.3539815,45,39,80
1771717910.354311,45,39,80
1771717910.3545806,45,39,81
1771717910.35479,45,39,81
1771717910.3580992,45,39,81
1771717910.358401,45,39,81
1771717910.358578,45,39,81
1771717910.358785,45,39,81
1771717910.361834,45,39,81
1771717910.3621702,45,39,81
1771717910.3624485,45,39,81
1771717910.362775,45,39,81
1771717910.3630295,45,39,81
1771717910.3659797,45,39,81
1771717910.3662364,45,39,81
1771717910.366525,45,39,82
1771717910.3668833,45,39,82
1771717910.367123,45,39,82
1771717910.3701239,45,39,82
1771717910.3704267,45,39,82
1771717910.3707762,45,39,82
1771717910.3711345,45,39,82
1771717910.371391,45,39,82
1771717910.3743012,45,39,82
1771717910.3745494,45,39,82
1771717910.3748722,45,39,82
1771717910.3751307,45,39,82
1771717910.3753822,45,39,82
1771717910.3784573,45,39,83
1771717910.37874,45,39,83
1771717910.3789916,45,39,83
1771717910.3792486,45,39,83
1771717910.3823297,45,39,83
1771717910.3826299,45,39,83
1771717910.3828845,45,39,83
1771717910.3831546,45,39,83
1771717910.3834977,45,39,83
1771717910.3864396,45,39,83
1771717910.3867533,45,39,83
1771717910.3870444,45,39,84
1771717910.3873217,45,39,84
1771717910.3875558,45,39,84
1771717910.3905854,45,39,84
1771717910.3908083,45,39,84
1771717910.3910832,45,39,84
1771717910.3914392,45,39,84
1771717910.391697,45,39,84
1771717910.3947072,45,39,84
1771717910.395114,45,39,84
1771717910.3954413,45,39,84
1771717910.395748,45,39,84
1771717910.396036,45,39,84
1771717910.398894,45,39,85
1771717910.3991914,45,39,85
1771717910.3994668,45,39,85
1771717910.3997762,45,39,85
1771717910.400027,45,39,85
1771717910.4030578,45,39,85
1771717910.4032989,45,39,85
1771717910.4036963,45,39,85
1771717910.4039922,45,39,85
1771717910.4071038,45,39,85
1771717910.4073262,45,39,85
1771717910.407491,45,39,85
1771717910.4076908,45,39,85
1771717910.4078505,45,39,86
1771717910.411151,45,39,86
1771717910.411377,45,39,86
1771717910.4115822,45,39,86
1771717910.4118295,45,39,86
1771717910.4120262,45,39,86
1771717910.415247,45,39,86
1771717910.4154954,45,39,86
1771717910.4156983,45,39,86
1771717910.4159384,45,39,86
1771717910.4161222,45,39,86
1771717910.4192889,45,39,86
1771717910.4194703,45,39,86
1771717910.4197085,45,39,87
1771717910.419903,45,39,87
1771717910.4201002,45,39,87
1771717910.4234583,45,39,87
1771717910.4238176,45,39,87
1771717910.4240198,45,39,87
1771717910.4242785,45,39,87
1771717910.4273477,45,39,87
1771717910.4276464,45,39,87
1771717910.427856,45,39,87
1771717910.428069,45,39,87
1771717910.428372,45,39,87
1771717910.431503,45,39,87
1771717910.431749,45,39,88
1771717910.431975,45,39,88
1771717910.4321747,45,39,88
1771717910.4324162,45,39,88
1771717910.4357579,45,39,88
1771717910.4360852,45,39,88
1771717910.4363632,45,39,88
1771717910.4365883,45,39,88
1771717910.4367971,45,39,88
1771717910.4397848,45,39,88
1771717910.4399989,45,39,88
1771717910.4402027,45,39,88
1771717910.4404666,45,39,89
1771717910.4406734,45,39,89
1771717910.4439137,45,39,89
1771717910.4441547,45,39,89
1771717910.4444582,45,39,89
1771717910.4446807,45,39,89
1771717910.4478252,45,39,89
1771717910.4480524,45,39,89
1771717910.4483564,45,39,89
1771717910.4486601,45,39,89
1771717910.4489996,45,39,89
1771717910.4519875,45,39,89
1771717910.4522579,45,39,89
1771717910.4524727,45,39,90
1771717910.4527123,45,39,90
1771717910.452928,45,39,90
1771717910.4560907,45,39,90
1771717910.4562612,45,39,90
1771717910.4564219,45,39,90
1771717910.456655,45,39,90
1771717910.4569325,45,39,90
1771717910.460196,45,39,90
1771717910.4603896,45,39,90
1771717910.4605782,45,39,90
1771717910.46089,45,39,90
1771717910.4610827,45,39,90
1771717910.4643342,45,39,91
1771717910.4645298,45,39,91
1771717910.4647348,45,39,91
1771717910.4649804,45,39,91
1771717910.4651804,45,39,91
1771717910.4685102,45,39,91
1771717910.4687102,45,39,91
1771717910.4688728,45,39,91
1771717910.469078,45,39,91
1771717910.472499,45,39,91
1771717910.4726772,45,39,91
1771717910.4728384,45,39,91
1771717910.4730356,45,39,91
1771717910.473195,45,39,92
1771717910.4765968,45,39,92
1771717910.4767737,45,39,92
1771717910.477015,45,39,92
1771717910.477311,45,39,92
1771717910.4776053,45,39,92
1771717910.480941,45,39,92
1771717910.481251,45,39,92
1771717910.4815376,45,39,92
1771717910.4819498,45,39,92
1771717910.4821858,45,39,92
1771717910.4849787,45,39,92
1771717910.4852903,45,39,92
1771717910.4854574,45,39,93
1771717910.4856863,45,39,93
1771717910.4858484,45,39,93
1771717910.4890227,45,39,93
1771717910.4891994,45,39,93
1771717910.4893622,45,39,93
1771717910.4895704,45,39,93
1771717910.4930007,45,39,93
1771717910.4933755,45,39,93
1771717910.4936788,45,39,93
1771717910.4939108,45,39,93
1771717910.4941294,45,39,93
1771717910.4971714,45,39,93
1771717910.4977317,45,39,94
1771717910.4980426,45,39,94
1771717910.4983535,45,39,94
1771717910.498578,45,39,94
1771717910.501378,45,39,94
1771717910.501693,45,39,94
1771717910.502066,45,39,94
1771717910.502239,45,39,94
1771717910.5023992,45,39,94
1771717910.5054526,45,39,94
1771717910.5057673,45,39,94
1771717910.5059357,45,39,95
1771717910.506097,45,39,95
1771717910.5062933,45,39,95
1771717910.509674,45,39,95
1771717910.509977,45,39,95
1771717910.5102642,45,39,95
1771717910.5105648,45,39,95
1771717910.5134432,45,39,95
1771717910.513913,45,39,95
1771717910.5140834,45,39,95
1771717910.5142472,45,39,95
1771717910.5144413,45,39,95
1771717910.5175602,45,39,95
1771717910.5179253,45,39,96
1771717910.5182116,45,39,96
1771717910.5185103,45,39,96
1771717910.5187914,45,39,96
1771717910.5216901,45,39,96
1771717910.5219116,45,39,96
1771717910.5221953,45,39,96
1771717910.5224133,45,39,96
1771717910.5225859,45,39,96
1771717910.5258102,45,39,96
1771717910.5259893,45,39,96
1771717910.5261564,45,39,96
1771717910.5263233,45,39,96
1771717910.5264866,45,39,97
1771717910.5299382,45,39,97
1771717910.5301068,45,39,97
1771717910.5302713,45,39,97
1771717910.5304654,45,39,97
1771717910.530634,45,39,97
1771717910.5340276,45,39,97
1771717910.5341935,45,39,97
1771717910.5343547,45,39,97
1771717910.5345519,45,39,97
1771717910.538001,45,39,97
1771717910.5381825,45,39,97
1771717910.5383966,45,39,97
1771717910.5385563,45,39,98
1771717910.538715,45,39,98
1771717910.5422451,45,39,98
1771717910.5425315,45,39,98
1771717910.5428123,45,39,98
1771717910.5430636,45,39,98
1771717910.543294,45,39,98
1771717910.5462987,45,39,98
1771717910.5465102,45,39,98
1771717910.5466828,45,39,98
1771717910.546846,45,39,98
1771717910.5470054,45,39,98
1771717910.5503929,45,39,98
1771717910.5506916,45,39,99
1771717910.5510573,45,39,99
1771717910.551326,45,39,99
1771717910.551483,45,39,99
1771717910.5547497,45,39,99
1771717910.5550268,45,39,99
1771717910.5551972,45,39,99
1771717910.5553646,45,39,99
1771717910.5585337,45,39,99
1771717910.5588975,45,39,99
1771717910.559186,45,39,99
1771717910.5594988,45,39,99
1771717910.5599103,45,39,100
1771717910.562593,45,39,100
1771717910.5627804,45,39,100
1771717910.5629935,45,39,100
1771717910.563172,45,39,100
1771717910.5665903,45,39,100
1771717910.566853,45,39,100
1771717910.5671792,45,39,100
1771717910.5675046,45,39,100
1771717910.567889,45,39,100
1771717910.5710483,45,39,100
1771717910.571534,45,39,100
1771717910.5719163,45,39,101
1771717910.572097,45,39,101
1771717910.575236,45,39,101
1771717910.575626,45,39,101
1771717910.5759175,45,39,101
1771717910.5761876,45,39,101
1771717910.576373,45,39,101
1771717910.5790606,45,39,101
1771717910.579254,45,39,101
1771717910.57943,45,39,101
1771717910.5796058,45,39,101
1771717910.5831616,45,39,101
1771717910.5834863,45,39,102
1771717910.5837748,45,39,102
1771717910.5839536,45,39,102
1771717910.587398,45,39,102
1771717910.5877652,45,39,102
1771717910.5881486,45,39,102
1771717910.5885086,45,39,102
1771717910.5887122,45,39,102
1771717910.5913618,45,39,102
1771717910.5915942,45,39,102
1771717910.5917735,45,39,102
1771717910.5919514,45,39,103
1771717910.5955465,45,39,103
1771717910.595894,45,39,103
1771717910.5962808,45,39,103
1771717910.5966063,45,39,103
1771717910.599415,45,39,103
1771717910.5998173,45,39,103
1771717910.6002154,45,39,103
1771717910.6005223,45,39,103
1771717910.6007025,45,39,103
1771717910.6038013,45,39,103
1771717910.60415,45,39,103
1771717910.6045506,45,39,104
1771717910.6049175,45,39,104
1771717910.6076715,45,39,104
1771717910.6079035,45,39,104
1771717910.608083,45,39,104
1771717910.608259,45,39,104
1771717910.6084335,45,39,104
1771717910.6117918,45,39,104
1771717910.6119766,45,39,104
1771717910.6121657,45,39,104
1771717910.6123421,45,39,104
1771717910.6160376,45,39,105
1771717910.616388,45,39,105
1771717910.6167173,45,39,105
1771717910.6170473,45,39,105
1771717910.6200213,45,39,105
1771717910.6203768,45,39,105
1771717910.6207058,45,39,105
1771717910.6209693,45,39,105
1771717910.6211433,45,39,105
1771717910.6241183,45,39,105
1771717910.624305,45,39,105
1771717910.6245484,45,39,105
1771717910.6249483,45,39,106
1771717910.6282632,45,39,106
1771717910.6286058,45,39,106
1771717910.6289306,45,39,106
1771717910.629252,45,39,106
1771717910.6321878,45,39,106
1771717910.6325874,45,39,106
1771717910.632915,45,39,106
1771717910.6330888,45,39,106
1771717910.6333401,45,39,106
1771717910.636536,45,39,106
1771717910.6368792,45,39,107
1771717910.6372077,45,39,107
1771717910.6378367,45,39,107
1771717910.6405396,45,39,107
1771717910.6408825,45,39,107
1771717910.6412013,45,39,107
1771717910.6413999,45,39,107
1771717910.6416225,45,39,107
1771717910.6466262,45,39,107
1771717910.646977,45,39,107
1771717910.6473072,45,39,107
1771717910.6475303,45,39,107
1771717910.648716,45,39,108
1771717910.6490562,45,39,108
1771717910.6493742,45,39,108
1771717910.6497083,45,39,108
1771717910.6527808,45,39,108
1771717910.6533227,45,39,108
1771717910.6535258,45,39,108
1771717910.653754,45,39,108
1771717910.6539469,45,39,108
1771717910.6570547,45,39,108
1771717910.6574059,45,39,108
1771717910.6577368,45,39,108
1771717910.6581106,45,39,109
1771717910.661045,45,39,109
1771717910.661389,45,39,109
1771717910.6617124,45,39,109
1771717910.6619408,45,39,109
1771717910.6649547,45,39,109
1771717910.6653543,45,39,109
1771717910.6656845,45,39,109
1771717910.6660135,45,39,109
1771717910.666414,45,39,109
1771717910.6692705,45,39,109
1771717910.6694994,45,39,109
1771717910.6696837,45,39,110
1771717910.6698675,45,39,110
1771717910.673237,45,39,110
1771717910.6735244,45,39,110
1771717910.6738713,45,39,110
1771717910.674158,45,39,110
1771717910.6744318,45,39,110
1771717910.6773407,45,39,110
1771717910.6775627,45,39,110
1771717910.6778944,45,39,110
1771717910.6781812,45,39,111
1771717910.6815088,45,39,111
1771717910.681796,45,39,111
1771717910.6820796,45,39,111
1771717910.6824026,45,39,111
1771717910.6855211,45,39,111
1771717910.6859612,45,39,111
1771717910.6865103,45,39,111
1771717910.6868458,45,39,111
1771717910.687156,45,39,111
1771717910.6898987,45,39,111
1771717910.6903107,45,39,111
1771717910.690773,45,39,112
1771717910.691177,45,39,112
1771717910.6937337,45,39,112
1771717910.6941502,45,39,112
1771717910.6944754,45,39,112
1771717910.694754,45,39,112
1771717910.6977358,45,39,112
1771717910.6982522,45,39,112
1771717910.6987026,45,39,112
1771717910.6990564,45,39,112
1771717910.6993833,45,39,112
1771717910.7019231,45,39,112
1771717910.7021227,45,39,113
1771717910.7023444,45,39,113
1771717910.7025247,45,39,113
1771717910.705941,45,39,113
1771717910.706264,45,39,113
1771717910.7065825,45,39,113
1771717910.7069023,45,39,113
1771717910.7072644,45,39,113
1771717910.7101052,45,39,113
1771717910.710286,45,39,113
1771717910.7104628,45,39,113
1771717910.71064,45,39,113
1771717910.7143493,45,39,114
1771717910.7147644,45,39,114
1771717910.7152886,45,39,114
1771717910.7158673,45,39,114
1771717910.718174,45,39,114
1771717910.7183633,45,39,114
1771717910.7185454,45,39,114
1771717910.7187572,45,39,114
1771717910.7189498,45,39,114
1771717910.722447,45,39,114
1771717910.7229068,45,39,114
1771717910.7230816,45,39,115
1771717910.7232559,45,39,115
1771717910.7271614,45,39,115
1771717910.7275136,45,39,115
1771717910.727787,45,39,115
1771717910.7280095,45,39,115
1771717910.7305253,45,39,115
1771717910.7308886,45,39,115
1771717910.7311332,45,39,115
1771717910.7313173,45,39,115
1771717910.7315006,45,39,115
1771717910.7348108,45,39,116
1771717910.735105,45,39,116
1771717910.7354186,45,39,116
1771717910.735824,45,39,116
1771717910.7388716,45,39,116
1771717910.7392855,45,39,116
1771717910.7396038,45,39,116
1771717910.7398083,45,39,116
1771717910.7400198,45,39,116
1771717910.7430823,45,39,116
1771717910.7434058,45,39,116
1771717910.7435918,45,39,116
1771717910.7437663,45,39,117
1771717910.7470915,45,39,117
1771717910.7473624,45,39,117
1771717910.7475703,45,39,117
1771717910.7477453,45,39,117
1771717910.7513978,45,39,117
1771717910.7516243,45,39,117
1771717910.7518976,45,39,117
1771717910.7522144,45,39,117
1771717910.7526171,45,39,117
1771717910.7555256,45,39,117
1771717910.7559912,45,39,117
1771717910.7564018,45,39,118
1771717910.7566156,45,39,118
1771717910.75967,45,39,118
1771717910.7600234,45,39,118
1771717910.7603965,45,39,118
1771717910.7605772,45,39,118
1771717910.763633,45,39,118
1771717910.764086,45,39,118
1771717910.7644107,45,39,118
1771717910.7648058,45,39,118
1771717910.7650151,45,39,118
1771717910.7679493,45,39,119
1771717910.7681468,45,39,119
1771717910.7683842,45,39,119
1771717910.7685606,45,39,119
1771717910.7717154,45,39,119
1771717910.7721643,45,39,119
1771717910.772352,45,39,119
1771717910.772604,45,39,119
1771717910.7727852,45,39,119
1771717910.7758312,45,39,119
1771717910.776109,45,39,119
1771717910.7763848,45,39,119
1771717910.7767558,45,39,120
1771717910.7797794,45,39,120
1771717910.780071,45,39,120
1771717910.7803192,45,39,120
1771717910.7805874,45,39,120
1771717910.7838974,45,39,120
1771717910.7843869,45,39,120
1771717910.784705,45,39,120
1771717910.7850175,45,39,120
1771717910.7853746,45,39,120
1771717910.7882195,45,39,120
1771717910.7885475,45,39,120
1771717910.78893,45,39,121
1771717910.789147,45,39,121
1771717910.7922885,45,39,121
1771717910.7926974,45,39,121
1771717910.7931793,45,39,121
1771717910.7936094,45,39,121
1771717910.7959905,45,39,121
1771717910.7963753,45,39,121
1771717910.7967105,45,39,121
1771717910.7970352,45,39,121
1771717910.7973304,45,39,121
1771717910.8004508,45,39,122
1771717910.8008566,45,39,122
1771717910.8010674,45,39,122
1771717910.8012447,45,39,122
1771717910.8043811,45,39,122
1771717910.80482,45,39,122
1771717910.8052156,45,39,122
1771717910.805553,45,39,122
1771717910.805792,45,39,122
1771717910.8085353,45,39,122
1771717910.8087428,45,39,122
1771717910.8089256,45,39,123
1771717910.8091087,45,39,123
1771717910.8126423,45,39,123
1771717910.8131218,45,39,123
1771717910.8134525,45,39,123
1771717910.8138409,45,39,123
1771717910.8165271,45,39,123
1771717910.816882,45,39,123
1771717910.8172154,45,39,123
1771717910.8176084,45,39,123
1771717910.8178265,45,39,123
1771717910.8208973,45,39,123
1771717910.8213115,45,39,124
1771717910.8214912,45,39,124
1771717910.8216677,45,39,124
1771717910.8247385,45,39,124
1771717910.8249285,45,39,124
1771717910.8251083,45,39,124
1771717910.8253212,45,39,124
1771717910.828819,45,39,124
1771717910.8292847,45,39,124
1771717910.8296013,45,39,124
1771717910.8298414,45,39,124
1771717910.8300166,45,39,124
1771717910.833166,45,39,125
1771717910.8335118,45,39,125
1771717910.8339245,45,39,125
1771717910.8342667,45,39,125
1771717910.8371196,45,37,255
1771717910.8374655,45,37,140
1771717910.8379598,45,37,140
1771717910.8383222,45,37,140
1771717910.8386736,45,37,140
1771717910.841162,45,37,141
1771717910.8413677,45,37,141
1771717910.8415434,45,37,141
1771717910.8417182,45,37,141
1771717910.8452978,45,37,141
1771717910.8456218,45,37,141
1771717910.845942,45,37,141
1771717910.8463156,45,37,141
1771717910.8493965,45,37,141
1771717910.8497531,45,37,141
1771717910.85008,45,37,142
1771717910.8502755,45,37,142
1771717910.8504834,45,37,142
1771717910.8546028,45,37,142
1771717910.8549051,45,37,142
1771717910.8551016,45,37,142
1771717910.855367,45,37,142
1771717910.8577962,45,37,142
1771717910.8582304,45,37,142
1771717910.8585575,45,37,142
1771717910.8587344,45,37,143
1771717910.8620603,45,37,143
1771717910.8625896,45,37,143
1771717910.862775,45,37,143
1771717910.8629527,45,37,143
1771717910.8631303,45,37,143
1771717910.866059,45,37,143
1771717910.8662646,45,37,143
1771717910.8664486,45,37,144
1771717910.8666263,45,36,255
1771717910.8699765,45,36,159
1771717910.8703468,45,36,159
1771717910.8705444,45,36,159
1771717910.8708272,45,36,159
1771717910.8710105,45,36,159
1771717910.8739913,45,36,159
1771717910.8741863,45,36,160
1771717910.874389,45,36,160
1771717910.874565,45,36,160
1771717910.8781161,45,36,160
1771717910.8784287,45,36,160
1771717910.8787367,45,36,160
1771717910.8790326,45,36,160
1771717910.882552,45,36,160
1771717910.8827593,45,36,161
1771717910.882983,45,36,161
1771717910.8832142,45,36,161
1771717910.8833907,45,36,161
1771717910.8863568,45,36,161
1771717910.8865848,45,36,161
1771717910.8868299,45,36,161
1771717910.887007,45,34,255
1771717910.8905349,45,34,177
1771717910.890939,45,34,177
1771717910.8912566,45,34,177
1771717910.8915758,45,34,177
1771717910.8945205,45,34,177
1771717910.8949618,45,34,177
1771717910.8952909,45,34,178
1771717910.8956056,45,34,178
1771717910.8958156,45,34,178
1771717910.8991067,45,34,178
1771717910.8994288,45,34,178
1771717910.8996098,45,34,178
1771717910.8997936,45,34,178
1771717910.9027061,45,34,179
1771717910.9029043,45,33,255
1771717910.9030848,45,33,194
1771717910.9032624,45,33,194
1771717910.9035952,45,33,194
1771717910.9066882,45,33,195
1771717910.9068644,45,33,195
1771717910.9070373,45,33,195
1771717910.9072108,45,33,195
1771717910.9111693,45,33,195
1771717910.911512,45,33,195
1771717910.9118245,45,33,196
1771717910.912136,45,33,196
1771717910.9149938,45,33,196
1771717910.9153428,45,33,196
1771717910.9157138,45,31,255
1771717910.9160316,45,31,211
1771717910.9162226,45,31,212
1771717910.919026,45,31,212
1771717910.9192157,45,31,212
1771717910.9193926,45,31,212
1771717910.9196,45,31,212
1771717910.9229887,45,31,213
1771717910.9232025,45,31,213
1771717910.9234838,45,31,213
1771717910.9237912,45,31,213
1771717910.9270828,45,30,255
1771717910.9274812,45,30,229
1771717910.9278185,45,30,229
1771717910.928127,45,30,229
1771717910.9283023,45,30,229
1771717910.9314983,45,30,229
1771717910.9318752,45,30,230
1771717910.9322047,45,30,230
1771717910.9326308,45,30,230
1771717910.935333,45,30,230
1771717910.9356792,45,30,231
1771717910.936011,45,28,255
1771717910.9363983,45,28,246
1771717910.9366262,45,28,246
1771717910.9396327,45,28,247
1771717910.9399612,45,28,247
1771717910.9401894,45,28,247
1771717910.9403918,45,28,247
1771717910.9436955,45,28,247
1771717910.9440308,45,28,248
1771717910.9444869,45,28,248
1771717910.9448013,45,28,248
1771717910.948682,45,28,248
1771717910.9489496,45,27,255
1771717910.9491315,45,27,255
1771717910.9493148,45,27,255
1771717910.949504,45,27,255
1771717910.9525568,45,27,255
1771717910.9528983,45,27,255
1771717910.9532232,45,27,255
1771717910.9534523,45,27,255
1771717910.9568567,45,27,255
1771717910.9573183,45,27,255
1771717910.9576392,45,25,255
1771717910.957962,45,25,255
1771717910.9602273,45,25,255
1771717910.9604998,45,25,255
1771717910.960751,45,25,255
1771717910.9609284,45,25,255
1771717910.961108,45,25,255
1771717910.9643667,45,25,255
1771717910.9645667,45,25,255
1771717910.9650657,45,25,255
1771717910.965389,45,24,255
1771717910.9680994,45,24,255
1771717910.9682922,45,24,255
1771717910.96852,45,24,255
1771717910.968696,45,24,255
1771717910.9688714,45,24,255
1771717910.9722576,45,24,255
1771717910.9724357,45,24,255
1771717910.9726098,45,24,255
1771717910.972784,45,24,255
1771717910.9763427,45,22,255
1771717910.9767118,45,22,255
1771717910.9770322,45,22,255
1771717910.9773338,45,22,255
1771717910.9806843,45,22,255
1771717910.9811184,45,22,255
1771717910.981314,45,22,255
1771717910.981497,45,22,255
1771717910.981679,45,21,255
1771717910.984556,45,21,255
1771717910.9849095,45,21,255
1771717910.9852445,45,21,255
1771717910.985574,45,21,255
1771717910.9887588,45,21,255
1771717910.989097,45,21,255
1771717910.9893804,45,21,255
1771717910.989554,45,21,255
1771717910.9927003,45,19,255
1771717910.9934773,45,19,255
1771717910.9938757,45,19,255
1771717910.9941947,45,19,255
1771717910.9943736,45,19,255
1771717910.9968576,45,19,255
1771717910.9971054,45,19,255
1771717910.997288,45,19,255
1771717910.9974668,45,18,255
1771717911.000938,45,18,255
1771717911.0011466,45,18,255
1771717911.0013385,45,18,255
1771717911.0015218,45,18,255
1771717911.0017018,45,18,255
1771717911.0050898,45,18,255
1771717911.0052726,45,18,255
1771717911.0054488,45,16,255
1771717911.0056255,45,16,255
1771717911.0092041,45,16,255
1771717911.0095637,45,16,255
1771717911.009823,45,16,255
1771717911.009998,45,16,255
1771717911.0133278,45,16,255
1771717911.0136716,45,15,255
1771717911.0140448,45,15,255
1771717911.0143564,45,15,255
1771717911.0146186,45,15,255
1771717911.0177577,45,15,255
1771717911.0180166,45,15,255
1771717911.0181987,45,15,255
1771717911.0183809,45,15,255
1771717911.0214894,45,13,255
1771717911.0218503,45,13,255
1771717911.0222435,45,13,255
1771717911.0225616,45,13,255
1771717911.02568,45,13,255
1771717911.026201,45,13,255
1771717911.0265007,45,13,255
1771717911.02668,45,12,255
1771717911.0268593,45,12,255
1771717911.0300202,45,12,255
1771717911.0303767,45,12,255
1771717911.030691,45,12,255
1771717911.031092,45,12,255
1771717911.0340796,45,12,255
1771717911.0342836,45,10,255
1771717911.034463,45,10,255
1771717911.034706,45,10,255
1771717911.0348845,45,10,255
1771717911.0377958,45,10,255
1771717911.037973,45,10,255
1771717911.0381458,45,10,255
1771717911.0383635,45,9,255
1771717911.0419712,45,9,255
1771717911.0421543,45,9,255
1771717911.0423436,45,9,255
1771717911.0425622,45,9,255
1771717911.0427265,45,9,255
1771717911.0465362,45,9,255
1771717911.0468562,45,9,255
1771717911.047042,45,7,255
1771717911.047206,45,7,255
1771717911.0474386,45,7,255
1771717911.0505667,45,7,255
1771717911.0507517,45,7,255
1771717911.0510428,45,7,255
1771717911.051333,45,7,255
1771717911.0517333,45,7,255
1771717911.054698,45,6,255
1771717911.05488,45,6,255
1771717911.0550437,45,6,255
1771717911.0552082,45,6,255
1771717911.0588832,45,6,255
1771717911.0590732,45,6,255
1771717911.0593345,45,6,255
1771717911.0596244,45,4,255
1771717911.0599196,45,4,255
1771717911.0628464,45,4,255
1771717911.0630302,45,4,255
1771717911.0631995,45,4,255
1771717911.0633612,45,4,255
1771717911.0635235,45,4,255
1771717911.0669608,45,4,255
1771717911.0671532,45,3,255
1771717911.067318,45,3,255
1771717911.0674806,45,3,255
1771717911.0676618,45,3,255
1771717911.0711904,45,3,255
1771717911.0713727,45,3,255
1771717911.071536,45,3,255
1771717911.0716975,45,1,255
1771717911.0720005,45,1,255
1771717911.0746484,45,1,255
1771717911.074818,45,1,255
1771717911.0750134,45,1,255
1771717911.0751755,45,1,255
1771717911.0791068,45,1,255
1771717911.0793,45,0,255
1771717911.0794852,45,0,255
1771717911.0798519,45,0,255
1771717911.0801406,45,0,255
1771717911.0832477,45,0,255
1771717911.0834413,45,0,255
1771717911.083664,45,0,255
1771717911.0838428,45,-1,255
1771717911.0840192,45,-1,255
1771717911.0877354,45,-1,255
1771717911.0880575,45,-1,255
1771717911.0883245,45,-1,255
1771717911.0885985,45,-1,255
1771717911.090978,45,-1,255
1771717911.0911708,45,-3,255
1771717911.0914016,45,-3,255
1771717911.09182,45,-3,255
1771717911.0921462,45,-3,255
1771717911.0950825,45,-3,255
1771717911.0952594,45,-3,255
1771717911.0954335,45,-3,255
1771717911.095608,45,-4,255
1771717911.0994468,45,-4,255
1771717911.0998096,45,-4,255
1771717911.1001453,45,-4,255
1771717911.1004717,45,-4,255
1771717911.1032643,45,-4,255
1771717911.1036181,45,-6,255
1771717911.104235,45,-6,255
1771717911.1045644,45,-6,255
1771717911.1047592,45,-6,255
1771717911.1077185,45,-6,255
1771717911.1080623,45,-6,255
1771717911.108306,45,-6,255
1771717911.1085052,45,-7,255
1771717911.1115978,45,-7,255
1771717911.1119401,45,-7,255
1771717911.1122665,45,-7,255
1771717911.1126792,45,-7,255
1771717911.1155708,45,-7,255
1771717911.1159236,45,-9,255
1771717911.1162546,45,-9,255
1771717911.116549,45,-9,255
1771717911.116769,45,-9,255
1771717911.1198497,45,-9,255
1771717911.1201644,45,-9,255
1771717911.1203406,45,-9,255
1771717911.1205513,45,-10,255
1771717911.1238413,45,-10,255
1771717911.124196,45,-10,255
1771717911.1245594,45,-10,255
1771717911.124897,45,-10,255
1771717911.1286902,45,-10,255
1771717911.1289802,45,-10,255
1771717911.129174,45,-12,255
1771717911.1293685,45,-12,255
1771717911.1322174,45,-12,255
1771717911.1324327,45,-12,255
1771717911.1326358,45,-12,255
1771717911.1328268,45,-12,255
1771717911.1362267,45,-13,255
1771717911.1365051,45,-13,255
1771717911.1367,45,-13,255
1771717911.1368911,45,-13,255
1771717911.1407685,45,-13,255
1771717911.1409864,45,-13,255
1771717911.1411798,45,-15,255
1771717911.1413743,45,-15,255
1771717911.14464,45,-15,255
1771717911.1448557,45,-15,255
1771717911.1450536,45,-15,255
1771717911.1452503,45,-15,255
1771717911.1488578,45,-16,255
1771717911.149074,45,-16,255
1771717911.1494215,45,-16,255
1771717911.1499627,45,-16,255
1771717911.1524763,45,-16,255
1771717911.152837,45,-16,255
1771717911.1532702,45,-16,255
1771717911.1536117,45,-18,255
1771717911.1569643,45,-18,255
1771717911.157302,45,-18,255
1771717911.1574993,45,-18,255
1771717911.1577265,45,-18,255
1771717911.1611927,45,-18,255
1771717911.1614068,45,-19,255
1771717911.1616032,45,-19,255
1771717911.1618488,45,-19,255
1771717911.164923,45,-19,255
1771717911.1653275,45,-19,255
1771717911.1657615,45,-19,255
1771717911.1660266,45,-19,255
1771717911.16894,45,-21,255
1771717911.1693685,45,-21,255
1771717911.1695786,45,-21,255
1771717911.1698155,45,-21,255
1771717911.1729348,45,-21,255
1771717911.173148,45,-21,255
1771717911.1733515,45,-21,255
1771717911.173641,45,-22,255
1771717911.1770437,45,-22,255
1771717911.1774063,45,-22,255
1771717911.1777408,45,-22,255
1771717911.177934,45,-22,255
1771717911.1813262,45,-22,255
1771717911.1816077,45,-24,255
1771717911.1818125,45,-24,255
1771717911.1820486,45,-24,255
1771717911.18526,45,-24,255
1771717911.1856313,45,-24,255
1771717911.185987,45,-24,255
1771717911.1862772,45,-24,255
1771717911.1893592,45,-24,255
1771717911.1897283,45,-25,255
1771717911.190086,45,-25,255
1771717911.190456,45,-25,255
1771717911.193532,45,-25,255
1771717911.1938927,45,-25,255
1771717911.1942356,45,-25,255
1771717911.1945813,45,-25,255
1771717911.1976645,45,-27,255
1771717911.1979303,45,-27,255
1771717911.198148,45,-27,255
1771717911.1984553,45,-27,255
1771717911.2015762,45,-27,255
1771717911.2017875,45,-27,255
1771717911.2019854,45,-27,255
1771717911.2021892,45,-27,255
1771717911.2057495,45,-28,255
1771717911.2059495,45,-28,255
1771717911.2061427,45,-28,255
1771717911.2063494,45,-28,255
1771717911.209858,45,-28,255
1771717911.2102144,45,-28,255
1771717911.2105625,45,-28,255
1771717911.2108982,45,-28,255
1771717911.2138612,45,-30,255
1771717911.2140753,45,-30,255
1771717911.2143004,45,-30,255
1771717911.2145567,45,-30,255
1771717911.2178926,45,-30,255
1771717911.2181065,45,-30,255
1771717911.21831,45,-30,255
1771717911.2185144,45,-30,255
1771717911.2219992,45,-31,255
1771717911.2223518,45,-31,255
1771717911.2226946,45,-31,255
1771717911.2230408,45,-31,255
1771717911.2262259,45,-31,255
1771717911.2267656,45,-31,255
1771717911.2271483,45,-31,255
1771717911.2276266,45,-31,255
1771717911.2302377,45,-33,255
1771717911.2306051,45,-33,255
1771717911.2309115,45,-33,255
1771717911.231217,45,-33,255
1771717911.2342982,45,-33,255
1771717911.2345858,45,-33,255
1771717911.2348702,45,-33,255
1771717911.2351751,45,-33,255
1771717911.2383907,45,-34,255
1771717911.238688,45,-34,255
1771717911.2390013,45,-34,255
1771717911.2391937,45,-34,255
1771717911.2424605,45,-34,255
1771717911.2427,45,-34,255
1771717911.2430925,45,-34,255
1771717911.2434773,45,-34,255
1771717911.2492547,45,-34,255
1771717911.2495308,45,-36,255
1771717911.2497318,45,-36,255
1771717911.2499332,45,-36,255
1771717911.2506337,45,-36,255
1771717911.2508457,45,-36,255
1771717911.251042,45,-36,255
1771717911.2512336,45,-36,255
1771717911.2547276,45,-36,255
1771717911.2551563,45,-36,255
1771717911.2554972,45,-36,255
1771717911.2557738,45,-37,255
1771717911.2589386,45,-37,255
1771717911.2593982,45,-37,255
1771717911.2596343,45,-37,255
1771717911.2598317,45,-37,255
1771717911.262933,45,-37,255
1771717911.263147,45,-37,255
1771717911.2634065,45,-37,255
1771717911.263606,45,-37,255
1771717911.2670238,45,-37,255
1771717911.2673767,45,-39,255
1771717911.2677197,45,-39,255
1771717911.2679408,45,-39,255
1771717911.2712188,45,-39,255
1771717911.2717116,45,-39,255
1771717911.272066,45,-39,255
1771717911.272413,45,-39,255
1771717911.27533,45,-39,255
1771717911.2755399,45,-39,255
1771717911.2757323,45,-39,255
1771717911.2759273,45,-39,255
1771717911.2794478,45,-40,255
1771717911.2798874,45,-40,255
1771717911.280233,45,-40,255
1771717911.280571,45,-40,255
1771717911.2834427,45,-40,255
1771717911.2837772,45,-40,255
1771717911.2840407,45,-40,255
1771717911.2842934,45,-40,255
1771717911.2874846,45,-40,255
1771717911.2878602,45,-40,255
1771717911.2880697,45,-40,255
1771717911.2882621,45,-40,255
1771717911.291595,45,-42,255
1771717911.291852,45,-42,255
1771717911.2921011,45,-42,255
1771717911.292298,45,-42,255
1771717911.2958395,45,-42,255
1771717911.2962265,45,-42,255
1771717911.2965994,45,-42,255
1771717911.2967942,45,-42,255
1771717911.300313,45,-42,255
1771717911.30079,45,-42,255
1771717911.3012228,45,-42,255
1771717911.30148,45,-42,255
1771717911.304394,45,-42,255
1771717911.3047378,45,-43,255
1771717911.3049397,45,-43,255
1771717911.3053596,45,-43,255
1771717911.3083625,45,-43,255
1771717911.3086503,45,-43,255
1771717911.3088484,45,-43,255
1771717911.309142,45,-43,255
1771717911.3125098,45,-43,255
1771717911.3128102,45,-43,255
1771717911.3130798,45,-43,255
1771717911.3132725,45,-43,255
1771717911.313477,45,-43,255
1771717911.3163955,45,-43,255
1771717911.3166027,45,-43,255
1771717911.3168669,45,-43,255
1771717911.3170593,45,-43,255
1771717911.320757,45,-43,255
1771717911.3210998,45,-45,255
1771717911.3213043,45,-45,255
1771717911.321581,45,-45,255
1771717911.3245335,45,-45,255
1771717911.3247347,45,-45,255
1771717911.3249688,45,-45,255
1771717911.3251567,45,-45,255
1771717911.3286202,45,-45,255
1771717911.3288286,45,-45,255
1771717911.3290386,45,-45,255
1771717911.329226,45,-45,255
1771717911.3327134,45,-45,255
1771717911.332939,45,-45,255
1771717911.3331258,45,-45,255
1771717911.333312,45,-45,255
1771717911.3369422,45,-45,255
1771717911.3373082,45,-45,255
1771717911.3377388,45,-45,255
1771717911.3379817,45,-45,255
1771717911.340867,45,-45,255
1771717911.3410575,45,-46,255
1771717911.3412714,45,-46,255
1771717911.3414588,45,-46,255
1771717911.3450403,45,-46,255
1771717911.3452497,45,-46,255
1771717911.3454373,45,-46,255
1771717911.3456254,45,-46,255
1771717911.3490942,45,-46,255
1771717911.3493094,45,-46,255
1771717911.3494973,45,-46,255
1771717911.349685,45,-46,255
1771717911.3532217,45,-46,255
1771717911.353423,45,-46,255
1771717911.353614,45,-46,255
1771717911.353864,45,-46,255
1771717911.3573616,45,-46,255
1771717911.3575656,45,-46,255
1771717911.3577614,45,-46,255
1771717911.3579955,45,-46,255
1771717911.3616717,45,-46,255
1771717911.3620257,45,-46,255
1771717911.3623676,45,-46,255
1771717911.3626785,45,-46,255
1771717911.3661258,45,-46,255
1771717911.3663807,45,-48,255
1771717911.3667781,45,-48,255
1771717911.3672104,45,-48,255
1771717911.3697317,45,-48,255
1771717911.370044,45,-48,255
1771717911.3703413,45,-48,255
1771717911.3707097,45,-48,255
1771717911.3737206,45,-48,255
1771717911.3739302,45,-48,255
1771717911.3741632,45,-48,255
1771717911.3743606,45,-48,255
1771717911.3779721,45,-48,255
1771717911.3783243,45,-48,255
1771717911.378668,45,-48,255
1771717911.3790925,45,-48,255
1771717911.3823009,45,-48,255
1771717911.3825154,45,-48,255
1771717911.3827827,45,-48,255
1771717911.3829758,45,-48,255
1771717911.386038,45,-48,255
1771717911.386243,45,-48,255
1771717911.386439,45,-48,255
1771717911.386631,45,-48,255
1771717911.3901966,45,-48,255
1771717911.3905478,45,-48,255
1771717911.390884,45,-48,255
1771717911.3912232,45,-48,255
1771717911.3946652,45,-48,255
1771717911.3948793,45,-48,255
1771717911.3950748,45,-48,255
1771717911.3952682,45,-48,255
1771717911.3988209,45,-48,255
1771717911.3990328,45,-48,255
1771717911.3992484,45,-48,255
1771717911.3994577,45,-48,255
1771717911.4030898,45,-48,255
1771717911.4034626,45,-48,255
1771717911.4036815,45,-48,255
1771717911.4040663,45,-48,255
1771717911.4071915,45,-48,255
1771717911.407451,45,-48,255
1771717911.4079306,45,-48,255
1771717911.4081967,45,-48,255
1771717911.4109864,45,-48,255
1771717911.4112,45,-48,255
1771717911.4114513,45,-48,255
1771717911.411642,45,-48,255
1771717911.4147372,45,-48,255
1771717911.4149585,45,-48,255
1771717911.4152162,45,-48,255
1771717911.41551,45,-48,255
1771717911.4194083,45,-49,255
1771717911.419919,45,-49,255
1771717911.420222,45,-49,255
1771717911.4204235,45,-49,255
1771717911.4237294,45,-49,255
1771717911.4240887,45,-49,255
1771717911.4244356,45,-49,255
1771717911.424776,45,-49,255
1771717911.4274118,45,-49,255
1771717911.4276772,45,-49,255
1771717911.428023,45,-49,255
1771717911.4283645,45,-49,255
1771717911.4315517,45,-49,255
1771717911.4319298,45,-49,255
1771717911.4322908,45,-49,255
1771717911.432496,45,-49,255
1771717911.4356847,45,-49,255
1771717911.4359202,45,-49,255
1771717911.43612,45,-49,255
1771717911.4363787,45,-49,255
1771717911.4394052,45,-49,255
1771717911.439677,45,-49,255
1771717911.4399,45,-49,255
1771717911.440096,45,-49,255
1771717911.4434922,45,-49,255
1771717911.4437115,45,-49,255
1771717911.443907,45,-49,255
1771717911.4441395,45,-49,255
1771717911.4475467,45,-49,255
1771717911.4478853,45,-49,255
1771717911.4480813,45,-49,255
1771717911.4482746,45,-49,255
1771717911.4518702,45,-49,255
1771717911.4520867,45,-49,255
1771717911.452283,45,-49,255
1771717911.452477,45,-49,255
1771717911.4562862,45,-49,255
1771717911.456508,45,-49,255
1771717911.456856,45,-49,255
1771717911.457199,45,-49,255
1771717911.460126,45,-49,255
1771717911.4603448,45,-49,255
1771717911.4605424,45,-49,255
1771717911.4608076,45,-49,255
1771717911.4638796,45,-49,255
1771717911.4641118,45,-49,255
1771717911.4643059,45,-49,255
1771717911.4644978,45,-49,255
1771717911.4686615,45,-49,255
1771717911.4690428,45,-49,255
1771717911.4693992,45,-49,255
1771717911.4696145,45,-49,255
1771717911.4720135,45,-49,255
1771717911.4722364,45,-49,255
1771717911.4724352,45,-49,255
1771717911.47263,45,-49,255
1771717911.4768693,45,-49,255
1771717911.4772434,45,-49,255
1771717911.4775913,45,-49,255
1771717911.4779058,45,-49,255
1771717911.4804516,45,-49,255
1771717911.480779,45,-49,255
1771717911.4810047,45,-49,255
1771717911.4812024,45,-49,255
1771717911.4841866,45,-49,255
1771717911.484441,45,-49,255
1771717911.48465,45,-49,255
1771717911.4848528,45,-49,255
1771717911.4885194,45,-49,255
1771717911.4887848,45,-49,255
1771717911.488981,45,-49,255
1771717911.4892058,45,-49,255
1771717911.4924967,45,-49,255
1771717911.4928813,45,-49,255
1771717911.493217,45,-49,255
1771717911.4934866,45,-51,255
1771717911.496475,45,-51,255
1771717911.4966815,45,-51,255
1771717911.4968784,45,-51,255
1771717911.4970877,45,-51,255
1771717911.500782,45,-51,255
1771717911.5012143,45,-51,255
1771717911.5015697,45,-51,255
1771717911.5018322,45,-51,255
1771717911.5049722,45,-51,255
1771717911.5053353,45,-51,255
1771717911.5055287,45,-51,255
1771717911.5057244,45,-51,255
1771717911.5089905,45,-51,255
1771717911.50935,45,-51,255
1771717911.509689,45,-51,255
1771717911.5102282,45,-51,255
1771717911.5131142,45,-51,255
1771717911.5134852,45,-51,255
1771717911.5137866,45,-51,255
1771717911.5140214,45,-51,255
1771717911.5171044,45,-51,255
1771717911.5175278,45,-51,255
1771717911.5178843,45,-51,255
1771717911.518219,45,-51,255
1771717911.521395,45,-51,255
1771717911.5220265,45,-51,255
1771717911.5223267,45,-51,255
1771717911.5225236,45,-51,255
1771717911.52613,45,-51,255
1771717911.5264606,45,-51,255
1771717911.5267103,45,-51,255
1771717911.5269644,45,-51,255
1771717911.5292437,45,-51,255
1771717911.529445,45,-51,255
1771717911.52964,45,-51,255
1771717911.529864,45,-51,255
1771717911.5334177,45,-51,255
1771717911.5336165,45,-51,255
1771717911.5338135,45,-51,255
1771717911.534008,45,-51,255
1771717911.5377002,45,-51,255
1771717911.5381777,45,-51,255
1771717911.5387275,45,-51,255
1771717911.539063,45,-51,255
1771717911.5418744,45,-51,255
1771717911.5420938,45,-51,255
1771717911.5422945,45,-51,255
1771717911.542514,45,-51,255
1771717911.5462317,45,-51,255
1771717911.5466027,45,-51,255
1771717911.546954,45,-51,255
1771717911.5473595,45,-51,255
1771717911.5501883,45,-51,255
1771717911.5504034,45,-51,255
1771717911.5506017,45,-51,255
1771717911.5508478,45,-51,255
1771717911.554477,45,-51,255
1771717911.554943,45,-51,255
1771717911.5554397,45,-51,255
1771717911.5558205,45,-51,255
1771717911.557992,45,-51,255
1771717911.558216,45,-51,255
1771717911.5584774,45,-51,255
1771717911.5586734,45,-51,255
1771717911.5620751,45,-51,255
1771717911.562289,45,-51,255
1771717911.5625112,45,-51,255
1771717911.5627084,45,-51,255
1771717911.5661151,45,-51,255
1771717911.5663211,45,-51,255
1771717911.5665207,45,-51,255
1771717911.5667171,45,-51,255
1771717911.5703068,45,-51,255
1771717911.5707319,45,-51,255
1771717911.5710747,45,-51,255
1771717911.571401,45,-51,255
1771717911.5743794,45,-51,255
1771717911.5747612,45,-51,255
1771717911.5750318,45,-51,255
1771717911.5752277,45,-51,255
1771717911.5784304,45,-51,255
1771717911.5787969,45,-51,255
1771717911.5791876,45,-51,255
1771717911.5795429,45,-51,255
1771717911.5826406,45,-51,255
1771717911.5830116,45,-51,255
1771717911.5833569,45,-51,255
1771717911.583563,45,-51,255
1771717911.5878193,45,-51,255
1771717911.588331,45,-51,255
1771717911.5886521,45,-51,255
1771717911.589004,45,-51,255
1771717911.591122,45,-51,255
1771717911.5913398,45,-51,255
1771717911.5915432,45,-51,255
1771717911.59178,45,-51,255
1771717911.595166,45,-51,255
1771717911.595389,45,-51,255
1771717911.5956414,45,-51,255
1771717911.5958362,45,-51,255
1771717911.5990915,45,-51,255
1771717911.5993207,45,-51,255
1771717911.5995712,45,-51,255
1771717911.5997639,45,-51,255
1771717911.603401,45,-51,255
1771717911.6036832,45,-51,255
1771717911.6040823,45,-51,255
1771717911.6047926,45,-51,255
1771717911.6070895,45,-51,255
1771717911.6072967,45,-51,255
1771717911.607548,45,-51,255
1771717911.607741,45,-51,255
1771717911.6117067,45,-51,255
1771717911.611922,45,-51,255
1771717911.6121202,45,-51,255
1771717911.6123483,45,-51,255
1771717911.6161973,45,-51,255
1771717911.6165848,45,-51,255
1771717911.616933,45,-51,255
1771717911.61726,45,-51,255
1771717911.6196609,45,-51,255
1771717911.6200397,45,-51,255
1771717911.6204014,45,-51,255
1771717911.620881,45,-51,255
1771717911.6238508,45,-51,255
1771717911.624065,45,-51,255
1771717911.624422,45,-51,255
1771717911.624897,45,-51,255
1771717911.6279662,45,-51,255
1771717911.628257,45,-51,255
1771717911.6284502,45,-51,255
1771717911.6286414,45,-51,255
1771717911.6320462,45,-51,255
1771717911.6323223,45,-51,255
1771717911.6325207,45,-51,255
1771717911.63273,45,-51,255
1771717911.6364996,45,-51,255
1771717911.6370137,45,-51,255
1771717911.6374722,45,-51,255
1771717911.6376643,45,-51,255
1771717911.63991,45,-51,255
1771717911.6402907,45,-51,255
1771717911.640644,45,-51,255
1771717911.640982,45,-51,255
1771717911.6443918,45,-51,255
1771717911.6446948,45,-51,255
1771717911.6450484,45,-51,255
1771717911.645393,45,-51,255
1771717911.648403,45,-51,255
1771717911.648623,45,-51,255
1771717911.6488216,45,-51,255
1771717911.649017,45,-51,255
1771717911.6522133,45,-51,255
1771717911.6524978,45,-51,255
1771717911.6527784,45,-51,255
1771717911.6530523,45,-51,255
1771717911.6561694,45,-51,255
1771717911.65638,45,-51,255
1771717911.6566281,45,-51,255
1771717911.6568215,45,-51,255
1771717911.6603096,45,-51,255
1771717911.6606946,45,-51,255
1771717911.6611214,45,-51,255
1771717911.661407,45,-51,255
1771717911.6644115,45,-51,255
1771717911.6647975,45,-51,255
1771717911.6650486,45,-51,255
1771717911.6652782,45,-51,255
1771717911.6685252,45,-51,255
1771717911.6688051,45,-51,255
1771717911.669003,45,-51,255
1771717911.6691966,45,-51,255
1771717911.6725037,45,-51,255
1771717911.6727135,45,-51,255
1771717911.6729114,45,-51,255
1771717911.673139,45,-51,255
1771717911.676583,45,-51,255
1771717911.676792,45,-51,255
1771717911.6770601,45,-51,255
1771717911.677409,45,-51,255
1771717911.6808658,45,-51,255
1771717911.6812513,45,-51,255
1771717911.6816075,45,-51,255
1771717911.681862,45,-51,255
1771717911.6847644,45,-51,255
1771717911.6850154,45,-51,255
1771717911.6852164,45,-51,255
1771717911.6854537,45,-51,255
1771717911.6888428,45,-51,255
1771717911.689122,45,-51,255
1771717911.6893144,45,-51,255
1771717911.689504,45,-51,255
1771717911.692957,45,-51,255
1771717911.6933045,45,-51,255
1771717911.6936846,45,-51,255
1771717911.693913,45,-51,255
1771717911.6971161,45,-51,255
1771717911.6975284,45,-51,255
1771717911.6979318,45,-51,255
1771717911.6985207,45,-51,255
1771717911.7011456,45,-51,255
1771717911.7014244,45,-51,255
1771717911.7016191,45,-51,255
1771717911.7018094,45,-51,255
1771717911.7052276,45,-51,255
1771717911.7055004,45,-51,255
1771717911.7057297,45,-51,255
1771717911.705981,45,-51,255
1771717911.709319,45,-51,255
1771717911.7096782,45,-51,255
1771717911.7100263,45,-51,255
1771717911.7103758,45,-51,255
1771717911.7135024,45,-51,255
1771717911.7140584,45,-51,255
1771717911.7142901,45,-51,255
1771717911.7145298,45,-51,255
1771717911.714724,45,-51,255
1771717911.717717,45,-51,255
1771717911.7179275,45,-51,255
1771717911.718122,45,-51,255
1771717911.7183154,45,-51,255
1771717911.7217555,45,-51,255
1771717911.7219555,45,-51,255
1771717911.722155,45,-51,255
1771717911.7223432,45,-51,255
1771717911.72585,45,-51,255
1771717911.7260466,45,-51,255
1771717911.726234,45,-51,255
1771717911.7264216,45,-51,255
1771717911.7299638,45,-51,255
1771717911.7301545,45,-51,255
1771717911.7303421,45,-51,255
1771717911.7305305,45,-51,255
1771717911.734047,45,-51,255
1771717911.7342358,45,-51,255
1771717911.7344234,45,-51,255
1771717911.7346306,45,-51,255
1771717911.7381368,45,-51,255
1771717911.7383273,45,-51,255
1771717911.7385142,45,-51,255
1771717911.7387264,45,-51,255
1771717911.7422314,45,-51,255
1771717911.7424202,45,-51,255
1771717911.7426245,45,-51,255
1771717911.7428107,45,-51,255
1771717911.746374,45,-51,255
1771717911.746575,45,-51,255
1771717911.7468007,45,-51,255
1771717911.7470024,45,-51,255
1771717911.7508142,45,-51,255
1771717911.7511885,45,-51,255
1771717911.7514472,45,-51,255
1771717911.7516375,45,-51,255
1771717911.754835,45,-51,255
1771717911.7552083,45,-51,255
1771717911.7555566,45,-51,255
1771717911.7558968,45,-51,255
1771717911.758898,45,-51,255
1771717911.759272,45,-51,255
1771717911.7596285,45,-51,255
1771717911.759896,45,-51,255
1771717911.763048,45,-51,255
1771717911.763358,45,-51,255
1771717911.7635515,45,-51,255
1771717911.763742,45,-51,255
1771717911.7671177,45,-51,255
1771717911.767488,45,-51,255
1771717911.7678459,45,-51,255
1771717911.7681656,45,-51,255
1771717911.771324,45,-51,255
1771717911.771717,45,-51,255
1771717911.7719173,45,-51,255
1771717911.7721107,45,-51,255
1771717911.7752256,45,-51,255
1771717911.7755957,45,-51,255
1771717911.776149,45,-51,255
1771717911.7766552,45,-51,255
1771717911.7794485,45,-51,255
1771717911.7798195,45,-51,255
1771717911.78015,45,-51,255
1771717911.7803433,45,-51,255
1771717911.783438,45,-51,255
1771717911.783862,45,-51,255
1771717911.784217,45,-51,255
1771717911.7845707,45,-51,255
1771717911.7874763,45,-51,255
1771717911.787782,45,-51,255
1771717911.7879784,45,-51,255
1771717911.7882102,45,-51,255
1771717911.791483,45,-51,255
1771717911.791691,45,-51,255
1771717911.7919493,45,-51,255
1771717911.792143,45,-51,255
1771717911.795696,45,-51,255
1771717911.796057,45,-51,255
1771717911.7964628,45,-51,255
1771717911.7968028,45,-51,255
1771717911.7998047,45,-51,255
1771717911.8001769,45,-51,255
1771717911.800523,45,-51,255
1771717911.8007505,45,-51,255
1771717911.803911,45,-51,255
1771717911.8042922,45,-51,255
1771717911.8046503,45,-51,255
1771717911.8050606,45,-51,255
1771717911.8078287,45,-51,255
1771717911.808034,45,-51,255
1771717911.8082266,45,-51,255
1771717911.8084626,45,-51,255
1771717911.812095,45,-51,255
1771717911.8124714,45,-51,255
1771717911.8126867,45,-51,255
1771717911.812875,45,-51,255
1771717911.8161418,45,-51,255
1771717911.8165116,45,-51,255
1771717911.816873,45,-51,255
1771717911.8172255,45,-51,255
1771717911.820313,45,-51,255
1771717911.8206873,45,-51,255
1771717911.8210135,45,-51,255
1771717911.8212056,45,-51,255
1771717911.8241942,45,-51,255
1771717911.8244011,45,-51,255
1771717911.824668,45,-51,255
1771717911.8251002,45,-51,255
1771717911.8284447,45,-51,255
1771717911.8288164,45,-51,255
1771717911.8291736,45,-51,255
1771717911.8294535,45,-51,255
1771717911.832637,45,-51,255
1771717911.833024,45,-51,255
1771717911.833502,45,-51,255
1771717911.8338573,45,-51,255
1771717911.8364878,45,-51,255
1771717911.8368397,45,-51,255
1771717911.8371956,45,-51,255
1771717911.8377316,45,-51,255
1771717911.8407717,45,-51,255
1771717911.8411453,45,-51,255
1771717911.841461,45,-51,255
1771717911.841649,45,-51,255
1771717911.8448453,45,-51,255
1771717911.8452945,45,-51,255
1771717911.8456564,45,-51,255
1771717911.846009,45,-51,255
1771717911.848885,45,-51,255
1771717911.8492541,45,-51,255
1771717911.8496068,45,-51,255
1771717911.849881,45,-51,255
1771717911.8530166,45,-51,255
1771717911.8533885,45,-51,255
1771717911.8541942,45,-51,255
1771717911.8544278,45,-51,255
1771717911.8569822,45,-51,255
1771717911.8573613,45,-51,255
1771717911.8577182,45,-51,255
1771717911.8581393,45,-51,255
1771717911.8612142,45,-51,255
1771717911.8615894,45,-51,255
1771717911.8618538,45,-51,255
1771717911.8620439,45,-51,255
1771717911.8652956,45,-51,255
1771717911.8656704,45,-51,255
1771717911.866061,45,-51,255
1771717911.8664722,45,-51,255
1771717911.869539,45,-51,255
1771717911.870085,45,-51,255
1771717911.8704424,45,-51,255
1771717911.8707912,45,-51,255
1771717911.8733478,45,-51,255
1771717911.873551,45,-51,255
1771717911.8737774,45,-51,255
1771717911.8741286,45,-51,255
1771717911.877906,45,-51,255
1771717911.8782785,45,-51,255
1771717911.8786073,45,-51,255
1771717911.8788145,45,-51,255
1771717911.8819838,45,-51,255
1771717911.8821988,45,-51,255
1771717911.8825383,45,-51,255
1771717911.8830245,45,-51,255
1771717911.885927,45,-51,255
1771717911.8862097,45,-51,255
1771717911.8864112,45,-51,255
1771717911.8866162,45,-51,255
1771717911.8897824,45,-51,255
1771717911.8899882,45,-51,255
1771717911.8901823,45,-51,255
1771717911.890412,45,-51,255
1771717911.893926,45,-51,255
1771717911.8943145,45,-51,255
1771717911.8946753,45,-51,255
1771717911.895101,45,-51,255
1771717911.8979995,45,-51,255
1771717911.8983796,45,-51,255
1771717911.8987355,45,-51,255
1771717911.8990161,45,-51,255
1771717911.9019845,45,-51,255
1771717911.9022202,45,-51,255
1771717911.9024234,45,-51,255
1771717911.9026701,45,-51,255
1771717911.9061346,45,-51,255
1771717911.9065094,45,-51,255
1771717911.9068642,45,-51,255
1771717911.907268,45,-51,255
1771717911.910329,45,-51,255
1771717911.9107764,45,-51,255
1771717911.9110699,45,-51,255
1771717911.9112628,45,-51,255
1771717911.9144232,45,-51,255
1771717911.9148638,45,-51,255
1771717911.9152184,45,-51,255
1771717911.915558,45,-51,255
1771717911.9183362,45,-51,255
1771717911.9185412,45,-51,255
1771717911.9187353,45,-51,255
1771717911.918925,45,-51,255
1771717911.9225118,45,-51,255
1771717911.9227183,45,-51,255
1771717911.9229136,45,-51,255
1771717911.923277,45,-51,255
1771717911.9265714,45,-51,255
1771717911.9267821,45,-51,255
1771717911.9269824,45,-51,255
1771717911.927227,45,-51,255
1771717911.9306345,45,-51,255
1771717911.9308333,45,-51,255
1771717911.9310393,45,-51,255
1771717911.931234,45,-51,255
1771717911.9347668,45,-51,255
1771717911.934978,45,-51,255
1771717911.9351728,45,-51,255
1771717911.9353719,45,-51,255
1771717911.9388735,45,-51,255
1771717911.9390843,45,-51,255
1771717911.9392738,45,-51,255
1771717911.9395077,45,-51,255
1771717911.9434242,45,-51,255
1771717911.9436514,45,-51,255
1771717911.9439418,45,-51,255
1771717911.9441395,45,-51,255
1771717911.9475808,45,-51,255
1771717911.947794,45,-51,255
1771717911.9479957,45,-51,255
1771717911.9483554,45,-51,255
1771717911.951359,45,-51,255
1771717911.9517245,45,-51,255
1771717911.9520745,45,-51,255
1771717911.9524148,45,-51,255
1771717911.9554048,45,-51,255
1771717911.9557815,45,-51,255
1771717911.956127,45,-51,255
1771717911.9564698,45,-51,255
1771717911.9597948,45,-51,255
1771717911.9600086,45,-51,255
1771717911.9602034,45,-51,255
1771717911.9603963,45,-51,255
1771717911.96367,45,-51,255
1771717911.9640613,45,-51,255
1771717911.9642842,45,-51,255
1771717911.9644787,45,-51,255
1771717911.9676306,45,-51,255
1771717911.9679942,45,-51,255
1771717911.968337,45,-51,255
1771717911.9686737,45,-51,255
1771717911.9717195,45,-51,255
1771717911.9721403,45,-51,255
1771717911.9723632,45,-51,255
1771717911.9725924,45,-51,255
1771717911.9759498,45,-51,255
1771717911.9761631,45,-51,255
1771717911.9763591,45,-51,255
1771717911.9765637,45,-51,255
1771717911.9798675,45,-51,255
1771717911.9800801,45,-51,255
1771717911.980277,45,-51,255
1771717911.980468,45,-51,255
1771717911.9841738,45,-51,255
1771717911.9844503,45,-51,255
1771717911.9846578,45,-51,255
1771717911.9849029,45,-51,255
1771717911.9881747,45,-51,255
1771717911.988634,45,-51,255
1771717911.9889576,45,-51,255
1771717911.9892046,45,-51,255
1771717911.9925475,45,-51,255
1771717911.992762,45,-51,255
1771717911.9930723,45,-51,255
1771717911.9936202,45,-51,255
1771717911.9961765,45,-51,255
1771717911.9963813,45,-51,255
1771717911.9965744,45,-51,255
1771717911.9968002,45,-51,255
1771717912.0003095,45,-51,255
1771717912.0006843,45,-51,255
1771717912.0009954,45,-51,255
1771717912.0011876,45,-51,255
1771717912.0044346,45,-51,255
1771717912.004978,45,-51,255
1771717912.0053632,45,-51,255
1771717912.0057058,45,-51,255
1771717912.008532,45,-51,255
1771717912.0089765,45,-51,255
1771717912.0093868,45,-51,255
1771717912.0096014,45,-51,255
1771717912.0126443,45,-51,255
1771717912.013083,45,-51,255
1771717912.0137758,45,-51,255
1771717912.0141933,45,-51,255
1771717912.016682,45,-51,255
1771717912.0170481,45,-51,255
1771717912.0174665,45,-51,255
1771717912.0178158,45,-51,255
1771717912.0208473,45,-51,255
1771717912.0213685,45,-51,255
1771717912.021641,45,-51,255
1771717912.0218387,45,-51,255
1771717912.0248308,45,-51,255
1771717912.0250711,45,-51,255
1771717912.0253139,45,-51,255
1771717912.0255585,45,-51,255
1771717912.0290105,45,-51,255
1771717912.0294552,45,-51,255
1771717912.0297806,45,-51,255
1771717912.0299847,45,-51,255
1771717912.0330641,45,-51,255
1771717912.0335045,45,-51,255
1771717912.033866,45,-51,255
1771717912.0342271,45,-51,255
1771717912.037207,45,-51,255
1771717912.0378306,45,-51,255
1771717912.0381885,45,-51,255
1771717912.0383844,45,-51,255
1771717912.0413022,45,-51,255
1771717912.0416787,45,-51,255
1771717912.0418954,45,-51,255
1771717912.0420895,45,-51,255
1771717912.045429,45,-51,255
1771717912.0458257,45,-51,255
1771717912.0461822,45,-51,255
1771717912.0465398,45,-51,255
1771717912.049543,45,-51,255
1771717912.0499122,45,-51,255
1771717912.0502236,45,-51,255
1771717912.050415,45,-51,255
1771717912.0535154,45,-51,255
1771717912.0539553,45,-51,255
1771717912.054381,45,-51,255
1771717912.0547178,45,-51,255
1771717912.0575442,45,-51,255
1771717912.0577526,45,-51,255
1771717912.057943,45,-51,255
1771717912.058132,45,-51,255
1771717912.0617647,45,-51,255
1771717912.0621479,45,-51,255
1771717912.0625093,45,-51,255
1771717912.0628603,45,-51,255
1771717912.0657332,45,-51,255
1771717912.0661767,45,-51,255
1771717912.0665312,45,-51,255
1771717912.0668802,45,-51,255
1771717912.0699522,45,-51,255
1771717912.0704043,45,-51,255
1771717912.07066,45,-51,255
1771717912.070968,45,-51,255
1771717912.0740592,45,-51,255
1771717912.0744607,45,-51,255
1771717912.0748155,45,-51,255
1771717912.0752907,45,-51,255
1771717912.078113,45,-51,255
1771717912.07855,45,-52,255
1771717912.078891,45,-52,255
1771717912.079128,45,-54,255
1771717912.082593,45,-54,255
1771717912.083152,45,-54,255
1771717912.0835109,45,-54,255
1771717912.083801,45,-54,255
1771717912.086441,45,-54,255
1771717912.0868928,45,-54,255
1771717912.0872185,45,-54,255
1771717912.087512,45,-54,255
1771717912.0904603,45,-54,255
1771717912.0908859,45,-54,255
1771717912.0912528,45,-54,255
1771717912.0916789,45,-54,255
1771717912.094368,45,-54,255
1771717912.0946777,45,-54,255
1771717912.0950234,45,-54,255
1771717912.0953643,45,-54,255
1771717912.098557,45,-54,255
1771717912.0989885,45,-54,255
1771717912.099338,45,-54,255
1771717912.0995474,45,-54,255
1771717912.1025186,45,-54,255
1771717912.102757,45,-54,255
1771717912.1029627,45,-54,255
1771717912.1032054,45,-54,255
1771717912.1066844,45,-54,255
1771717912.1071746,45,-54,255
1771717912.1075356,45,-54,255
1771717912.107819,45,-54,255
1771717912.1107852,45,-54,255
1771717912.1112132,45,-54,255
1771717912.111632,45,-54,255
1771717912.111986,45,-54,255
1771717912.1123438,45,-54,255
1771717912.115019,45,-54,255
1771717912.1153977,45,-54,255
1771717912.1157517,45,-54,255
1771717912.1161525,45,-54,255
1771717912.119073,45,-54,255
1771717912.1192734,45,-54,255
1771717912.1195116,45,-54,255
1771717912.1197045,45,-54,255
1771717912.123147,45,-54,255
1771717912.1233425,45,-54,255
1771717912.123562,45,-54,255
1771717912.1237535,45,-54,255
1771717912.127297,45,-55,255
1771717912.1275146,45,-55,255
1771717912.1277063,45,-55,255
1771717912.127897,45,-55,255
1771717912.1314037,45,-55,255
1771717912.1316173,45,-55,255
1771717912.1318078,45,-55,255
1771717912.1319983,45,-55,255
1771717912.1355038,45,-55,255
1771717912.1357067,45,-55,255
1771717912.135898,45,-57,255
1771717912.1360867,45,-57,255
1771717912.1395671,45,-57,255
1771717912.139762,45,-57,255
1771717912.13995,45,-57,255
1771717912.140167,45,-57,255
1771717912.143673,45,-57,255
1771717912.1438622,45,-57,255
1771717912.144049,45,-57,255
1771717912.144262,45,-57,255
1771717912.1477757,45,-57,255
1771717912.1479645,45,-57,255
1771717912.1481748,45,-57,255
1771717912.1483757,45,-57,255
1771717912.1519182,45,-57,255
1771717912.1521184,45,-57,255
1771717912.1523209,45,-57,255
1771717912.1525156,45,-57,255
1771717912.1560724,45,-57,255
1771717912.1562772,45,-57,255
1771717912.156469,45,-57,255
1771717912.156658,45,-57,255
1771717912.1602037,45,-57,255
1771717912.1605926,45,-57,255
1771717912.160924,45,-57,255
1771717912.161256,45,-58,255
1771717912.1646845,45,-60,255
1771717912.1649518,45,-60,255
1771717912.1651466,45,-60,255
1771717912.165371,45,-60,255
1771717912.1683328,45,-61,255
1771717912.1685376,45,-61,255
1771717912.168736,45,-61,255
1771717912.168965,45,-61,255
1771717912.1723936,45,-61,255
1771717912.172618,45,-61,255
1771717912.1728263,45,-66,255
1771717912.1730585,45,-66,255
1771717912.1766546,45,-66,255
1771717912.1769996,45,-66,255
1771717912.177337,45,-66,255
1771717912.1775823,45,-66,255
1771717912.1807537,45,-66,255
1771717912.18111,45,-67,255
1771717912.1815112,45,-67,255
1771717912.182181,45,-67,255
1771717912.1846027,45,-70,255
1771717912.1848018,45,-72,255
1771717912.1850228,45,-72,255
1771717912.1852138,45,-72,255
1771717912.1886752,45,-72,255
1771717912.188873,45,-72,255
1771717912.1890638,45,-72,255
1771717912.189284,45,-72,255
1771717912.192745,45,-72,255
1771717912.1929758,45,-73,255
1771717912.1933248,45,-73,255
1771717912.1938746,45,-73,255
1771717912.197001,45,-73,255
1771717912.197218,45,-73,255
1771717912.1975818,45,-73,255
1771717912.1978526,45,-73,255
1771717912.20125,45,-75,255
1771717912.2016222,45,-75,255
1771717912.2019851,45,-75,255
1771717912.2023365,45,-75,255
1771717912.2051492,45,-75,255
1771717912.2053509,45,-78,255
1771717912.2055423,45,-78,255
1771717912.205732,45,-78,255
1771717912.2095435,45,-78,255
1771717912.2099135,45,-78,255
1771717912.2102728,45,-78,255
1771717912.210626,45,-78,255
1771717912.2134109,45,-78,255
1771717912.2137547,45,-78,255
1771717912.2139678,45,-78,255
1771717912.214162,45,-78,255
1771717912.2175422,45,-78,255
1771717912.217983,45,-78,255
1771717912.2182474,45,-78,255
1771717912.2184393,45,-78,255
1771717912.2216496,45,-78,255
1771717912.2219362,45,-78,255
1771717912.2221277,45,-78,255
1771717912.2223186,45,-78,255
1771717912.225747,45,-78,255
1771717912.2262018,45,-78,255
1771717912.226584,45,-78,255
1771717912.2267764,45,-78,255
1771717912.229719,45,-78,255
1771717912.2299578,45,-78,255
1771717912.230176,45,-78,255
1771717912.2303722,45,-78,255
1771717912.233749,45,-78,255
1771717912.2339513,45,-78,255
1771717912.2341511,45,-78,255
1771717912.2343488,45,-78,255
1771717912.2378697,45,-78,255
1771717912.2380748,45,-78,255
1771717912.238272,45,-78,255
1771717912.2384653,45,-78,255
1771717912.24198,45,-78,255
1771717912.242194,45,-78,255
1771717912.2423906,45,-78,255
1771717912.2426076,45,-78,255
1771717912.246097,45,-78,255
1771717912.2463086,45,-78,255
1771717912.2465243,45,-78,255
1771717912.2467182,45,-78,255
1771717912.2500753,45,-78,255
1771717912.250315,45,-78,255
1771717912.2505648,45,-78,255
1771717912.250784,45,-78,255
1771717912.2543197,45,-78,255
1771717912.2546597,45,-78,255
1771717912.2548738,45,-78,255
1771717912.2550988,45,-78,255
1771717912.2584069,45,-78,255
1771717912.258643,45,-78,255
1771717912.258841,45,-78,255
1771717912.2592711,45,-78,255
1771717912.2626543,45,-78,255
1771717912.263009,45,-78,255
1771717912.2633522,45,-78,255
1771717912.263697,45,-78,255
1771717912.2674274,45,-78,255
1771717912.2678921,45,-78,255
1771717912.2682414,45,-78,255
1771717912.2685606,45,-78,255
1771717912.2712872,45,-78,255
1771717912.2715662,45,-78,255
1771717912.2718236,45,-78,255
1771717912.2720718,45,-78,255
1771717912.2754903,45,-78,255
1771717912.275872,45,-78,255
1771717912.2761755,45,-78,255
1771717912.2764142,45,-78,255
1771717912.2790186,45,-78,255
1771717912.2794476,45,-78,255
1771717912.27979,45,-78,255
1771717912.2801268,45,-78,255
1771717912.2833924,45,-78,255
1771717912.2836623,45,-78,255
1771717912.283859,45,-78,255
1771717912.2840502,45,-78,255
1771717912.2876627,45,-78,255
1771717912.2881472,45,-78,255
1771717912.2887442,45,-78,255
1771717912.2890394,45,-78,255
1771717912.2918859,45,-78,255
1771717912.2924185,45,-78,255
1771717912.2926872,45,-78,255
1771717912.2929494,45,-78,255
1771717912.2953289,45,-78,255
1771717912.2957559,45,-78,255
1771717912.2961657,45,-78,255
1771717912.2964075,45,-78,255
1771717912.2992032,45,-78,255
1771717912.2994084,45,-78,255
1771717912.2996056,45,-78,255
1771717912.2998013,45,-78,255
1771717912.30359,45,-78,255
1771717912.3039958,45,-78,255
1771717912.3044744,45,-78,255
1771717912.3047366,45,-78,255
1771717912.307636,45,-78,255
1771717912.3080087,45,-78,255
1771717912.3082974,45,-78,255
1771717912.3084881,45,-78,255
1771717912.3117056,45,-78,255
1771717912.312143,45,-78,255
1771717912.312487,45,-78,255
1771717912.3128223,45,-78,255
1771717912.3158283,45,-78,255
1771717912.3162007,45,-78,255
1771717912.3165524,45,-78,255
1771717912.3167462,45,-78,255
1771717912.319846,45,-78,255
1771717912.3202205,45,-78,255
1771717912.320577,45,-78,255
1771717912.321085,45,-78,255
1771717912.3238564,45,-78,255
1771717912.324105,45,-78,255
1771717912.3243034,45,-78,255
1771717912.3244967,45,-78,255
1771717912.3280005,45,-78,255
1771717912.3283696,45,-78,255
1771717912.3286436,45,-78,255
1771717912.3288372,45,-78,255
1771717912.3322039,45,-78,255
1771717912.3325746,45,-78,255
1771717912.3329294,45,-78,255
1771717912.3332808,45,-78,255
1771717912.3362925,45,-78,255
1771717912.3366652,45,-78,255
1771717912.3370354,45,-78,255
1771717912.3373537,45,-78,255
1771717912.3402476,45,-78,255
1771717912.3404496,45,-78,255
1771717912.3406487,45,-78,255
1771717912.3408444,45,-78,255
1771717912.3443956,45,-78,255
1771717912.3447454,45,-78,255
1771717912.3450804,45,-78,255
1771717912.345404,45,-78,255
1771717912.3484187,45,-78,255
1771717912.3487716,45,-78,255
1771717912.3491216,45,-78,255
1771717912.3494685,45,-78,255
1771717912.3525455,45,-78,255
1771717912.3533173,45,-78,255
1771717912.3536968,45,-78,255
1771717912.3540099,45,-78,255
1771717912.3566456,45,-78,255
1771717912.3570225,45,-78,255
1771717912.357366,45,-78,255
1771717912.3575583,45,-78,255
1771717912.3607926,45,-78,255
1771717912.361159,45,-78,255
1771717912.3614993,45,-78,255
1771717912.361835,45,-78,255
1771717912.3649669,45,-78,255
1771717912.3653207,45,-78,255
1771717912.3656635,45,-78,255
1771717912.365926,45,-78,255
1771717912.3688471,45,-78,255
1771717912.3690615,45,-78,255
1771717912.3693068,45,-78,255
1771717912.3695004,45,-78,255
1771717912.3730385,45,-78,255
1771717912.3732457,45,-78,255
1771717912.3734891,45,-78,255
1771717912.3736932,45,-78,255
1771717912.3771539,45,-78,255
1771717912.3773599,45,-78,255
1771717912.3775954,45,-78,255
1771717912.3777943,45,-78,255
1771717912.381134,45,-78,255
1771717912.3813326,45,-78,255
1771717912.381526,45,-78,255
1771717912.3817503,45,-78,255
1771717912.3852425,45,-78,255
1771717912.3855507,45,-78,255
1771717912.3858993,45,-78,255
1771717912.3862057,45,-78,255
1771717912.3893015,45,-78,255
1771717912.3895497,45,-78,255
1771717912.3897455,45,-78,255
1771717912.3899415,45,-78,255
1771717912.3934162,45,-78,255
1771717912.3937507,45,-78,255
1771717912.394134,45,-78,255
1771717912.3944693,45,-78,255
1771717912.397703,45,-78,255
1771717912.3980575,45,-78,255
1771717912.3985715,45,-78,255
1771717912.3992758,45,-78,255
1771717912.401633,45,-78,255
1771717912.4020178,45,-78,255
1771717912.402371,45,-78,255
1771717912.4027236,45,-78,255
1771717912.4058022,45,-78,255
1771717912.4060564,45,-78,255
1771717912.40625,45,-78,255
1771717912.4064403,45,-78,255
1771717912.4099386,45,-78,255
1771717912.4103627,45,-78,255
1771717912.4107132,45,-78,255
1771717912.4110467,45,-78,255
1771717912.4142723,45,-78,255
1771717912.4147997,45,-78,255
1771717912.4151013,45,-78,255
1771717912.4152942,45,-78,255
1771717912.4179332,45,-78,255
1771717912.4181345,45,-78,255
1771717912.4183316,45,-78,255
1771717912.4185562,45,-78,255
1771717912.4221146,45,-78,255
1771717912.422366,45,-78,255
1771717912.4225628,45,-78,255
1771717912.4227712,45,-78,255
1771717912.4261527,45,-78,255
1771717912.4263582,45,-78,255
1771717912.4265995,45,-78,255
1771717912.426797,45,-78,255
1771717912.4303834,45,-78,255
1771717912.4307637,45,-78,255
1771717912.4311821,45,-78,255
1771717912.4315343,45,-78,255
1771717912.4344895,45,-78,255
1771717912.4348655,45,-78,255
1771717912.4352865,45,-78,255
1771717912.4355059,45,-78,255
1771717912.438635,45,-78,255
1771717912.4389746,45,-78,255
1771717912.4391754,45,-78,255
1771717912.439366,45,-78,255
1771717912.4426644,45,-78,255
1771717912.443081,45,-78,255
1771717912.443435,45,-78,255
1771717912.4437745,45,-78,255
1771717912.4466443,45,-78,255
1771717912.4468558,45,-78,255
1771717912.4470544,45,-78,255
1771717912.4473317,45,-78,255
1771717912.450731,45,-78,255
1771717912.4509394,45,-78,255
1771717912.4511433,45,-78,255
1771717912.4513717,45,-78,255
1771717912.454958,45,-78,255
1771717912.4551673,45,-78,255
1771717912.4553585,45,-78,255
1771717912.4555469,45,-78,255
1771717912.4589326,45,-78,255
1771717912.4591908,45,-78,255
1771717912.459475,45,-78,255
1771717912.4598167,45,-78,255
1771717912.4630456,45,-78,255
1771717912.4632592,45,-78,255
1771717912.4634585,45,-78,255
1771717912.4636545,45,-78,255
1771717912.4672368,45,-78,255
1771717912.467598,45,-78,255
1771717912.4679372,45,-78,255
1771717912.4682708,45,-78,255
1771717912.4712517,45,-78,255
1771717912.4714627,45,-78,255
1771717912.4717004,45,-78,255
1771717912.4718907,45,-78,255
1771717912.47546,45,-78,255
1771717912.4761117,45,-78,255
1771717912.4764547,45,-78,255
1771717912.476768,45,-78,255
1771717912.4793284,45,-78,255
1771717912.4795892,45,-78,255
1771717912.4797823,45,-78,255
1771717912.4799767,45,-78,255
1771717912.4834123,45,-78,255
1771717912.4836214,45,-78,255
1771717912.4838479,45,-78,255
1771717912.4840581,45,-78,255
1771717912.4876537,45,-78,255
1771717912.48792,45,-78,255
1771717912.4881501,45,-78,255
1771717912.4883933,45,-78,255
1771717912.4916382,45,-78,255
1771717912.491935,45,-78,255
1771717912.4921474,45,-78,255
1771717912.4923387,45,-78,255
1771717912.4958198,45,-78,255
1771717912.4960842,45,-78,255
1771717912.496281,45,-78,255
1771717912.4964764,45,-78,255
1771717912.4998908,45,-78,255
1771717912.5002306,45,-78,255
1771717912.5006044,45,-78,255
1771717912.501025,45,-78,255
1771717912.503974,45,-78,255
1771717912.50453,45,-78,255
1771717912.5049992,45,-78,255
1771717912.5051956,45,-78,255
1771717912.508016,45,-78,255
1771717912.5082543,45,-78,255
1771717912.5084853,45,-78,255
1771717912.5086849,45,-78,255
1771717912.5121076,45,-78,255
1771717912.512455,45,-78,255
1771717912.5127857,45,-78,255
1771717912.5131607,45,-78,255
1771717912.513456,45,-78,255
1771717912.5163627,45,-78,255
1771717912.5165615,45,-78,255
1771717912.5167522,45,-78,255
1771717912.5169504,45,-78,255
1771717912.5204444,45,-78,255
1771717912.5206373,45,-78,255
1771717912.5208263,45,-78,255
1771717912.5210729,45,-78,255
1771717912.5245547,45,-78,255
1771717912.5247524,45,-78,255
1771717912.5249498,45,-78,255
1771717912.5251606,45,-78,255
1771717912.5286212,45,-78,255
1771717912.5288105,45,-78,255
1771717912.529003,45,-78,255
1771717912.5292199,45,-78,255
1771717912.532718,45,-78,255
1771717912.5329108,45,-78,255
1771717912.5331035,45,-78,255
1771717912.5333116,45,-78,255
1771717912.5370204,45,-78,255
1771717912.5373337,45,-78,255
1771717912.537553,45,-78,255
1771717912.5377572,45,-78,255
1771717912.5409234,45,-78,255
1771717912.541113,45,-78,255
1771717912.5413213,45,-78,255
1771717912.5415087,45,-78,255
1771717912.5450244,45,-78,255
1771717912.5452359,45,-78,255
1771717912.5454228,45,-78,255
1771717912.5456169,45,-78,255
1771717912.5491056,45,-78,255
1771717912.5493011,45,-78,255
1771717912.549676,45,-78,255
1771717912.5500116,45,-78,255
