timestamp,target,current,pwm
1771625883.608982,0,0,0
1771625883.6108947,0,0,0
1771625883.6110349,0,0,0
1771625883.6111689,0,0,0
1771625883.611396,0,0,0
1771625883.614997,0,0,0
1771625883.615139,0,0,0
1771625883.6152723,0,0,0
1771625883.615401,0,0,0
1771625883.6190467,0,0,0
1771625883.619184,0,0,0
1771625883.6192784,0,0,0
1771625883.6194255,0,0,0
1771625883.6195621,0,0,0
1771625883.7984817,0,0,0
1771625883.7985835,0,0,0
1771625883.7986732,0,0,0
1771625883.798763,0,0,0
1771625883.798851,0,0,0
1771625883.7989376,0,0,0
1771625883.7990236,0,0,0
1771625883.7991104,0,0,0
1771625883.7991984,0,0,0
1771625883.7993076,0,0,0
1771625883.7994156,0,0,0
1771625883.7995203,0,0,0
1771625883.7996173,0,0,0
1771625883.7997084,0,0,0
1771625883.7997992,0,0,0
1771625883.7998872,0,0,0
1771625883.7999885,0,0,0
1771625883.8000832,0,0,0
1771625883.8001692,0,0,0
1771625883.800257,0,0,0
1771625883.8003538,0,0,0
1771625883.8004413,0,0,0
1771625883.8005543,0,0,0
1771625883.800643,0,0,0
1771625883.800729,0,0,0
1771625883.8008156,0,0,0
1771625883.8009033,0,0,0
1771625883.8009892,0,0,0
1771625883.8010755,0,0,0
1771625883.801161,0,0,0
1771625883.8012483,0,0,0
1771625883.801334,0,0,0
1771625883.8014205,0,0,0
1771625883.8015063,0,0,0
1771625883.8015924,0,0,0
1771625883.8016782,0,0,0
1771625883.8017628,0,0,0
1771625883.8018484,0,0,0
1771625883.8019338,0,0,0
1771625883.8020191,0,0,0
1771625883.8021038,0,0,0
1771625883.8021894,0,0,0
1771625883.8022761,0,0,0
1771625883.8023674,0,0,0
1771625883.8024545,0,0,0
1771625883.8025413,0,0,0
1771625883.8026276,0,0,0
1771625883.802714,0,0,0
1771625883.8028038,0,0,0
1771625883.8028905,0,0,0
1771625883.8029773,0,0,0
1771625883.8030763,0,0,0
1771625883.8031628,0,0,0
1771625883.8032618,0,0,0
1771625883.8033493,0,0,0
1771625883.803436,0,0,0
1771625883.8035228,0,0,0
1771625883.8036103,0,0,0
1771625883.8036978,0,0,0
1771625883.8037846,0,0,0
1771625883.8038723,0,0,0
1771625883.8039596,0,0,0
1771625883.8040466,0,0,0
1771625883.8041334,0,0,0
1771625883.8042219,0,0,0
1771625883.8043242,0,0,0
1771625883.8044221,0,0,0
1771625883.8045475,0,0,0
1771625883.8046336,0,0,0
1771625883.8047187,0,0,0
1771625883.8048053,0,0,0
1771625883.8048909,0,0,0
1771625883.8049772,0,0,0
1771625883.8050632,0,0,0
1771625883.805149,0,0,0
1771625883.8052356,0,0,0
1771625883.8053217,0,0,0
1771625883.8054104,0,0,0
1771625883.8054957,0,0,0
1771625883.805584,0,0,0
1771625883.8056698,0,0,0
1771625883.8057559,0,0,0
1771625883.805842,0,0,0
1771625883.8059278,0,0,0
1771625883.8060136,0,0,0
1771625883.8060992,0,0,0
1771625883.8061862,0,0,0
1771625883.8062725,0,0,0
1771625883.8063643,0,0,0
1771625883.806461,0,0,0
1771625883.806549,0,0,0
1771625883.8066425,0,0,0
1771625883.8067286,0,0,0
1771625883.8068168,0,0,0
1771625883.8069022,0,0,0
1771625883.8069882,0,0,0
1771625883.807074,0,0,0
1771625883.8071682,0,0,0
1771625883.8072538,0,0,0
1771625883.8073397,0,0,0
1771625883.807426,0,0,0
1771625883.8076255,0,0,0
1771625883.8077683,0,0,0
1771625883.8079014,0,0,0
1771625883.808021,0,0,0
1771625883.8081334,0,0,0
1771625883.8082244,0,0,0
1771625883.808314,0,0,0
1771625883.8084037,0,0,0
1771625883.8084946,0,0,0
1771625883.8085847,0,0,0
1771625883.8086734,0,0,0
1771625883.8087626,0,0,0
1771625883.8088524,0,0,0
1771625883.808942,0,0,0
1771625883.8090315,0,0,0
1771625883.8091218,0,0,0
1771625883.8092275,0,0,0
1771625883.8093157,0,0,0
1771625883.8094137,0,0,0
1771625883.8095016,0,0,0
1771625883.8095915,0,0,0
1771625883.8096807,0,0,0
1771625883.8097706,0,0,0
1771625883.8098598,0,0,0
1771625883.8099482,0,0,0
1771625883.8100352,0,0,0
1771625883.8101237,0,0,0
1771625883.810212,0,0,0
1771625883.8103023,0,0,0
1771625883.8103898,0,0,0
1771625883.810477,0,0,0
1771625883.810564,0,0,0
1771625883.810651,0,0,0
1771625883.810739,0,0,0
1771625883.810825,0,0,0
1771625883.810913,0,0,0
1771625883.8110003,0,0,0
1771625883.8110867,0,0,0
1771625883.8111746,0,0,0
1771625883.8112657,0,0,0
1771625883.8113527,0,0,0
1771625883.8114471,0,0,0
1771625883.8115463,0,0,0
1771625883.8116474,0,0,0
1771625883.8117325,0,0,0
1771625883.8118174,0,0,0
1771625883.8119032,0,0,0
1771625883.811988,0,0,0
1771625883.8120747,0,0,0
1771625883.8121595,0,0,0
1771625883.812244,0,0,0
1771625883.81233,0,0,0
1771625883.8124146,0,0,0
1771625883.8124993,0,0,0
1771625883.8125837,0,0,0
1771625883.8126683,0,0,0
1771625883.8127546,0,0,0
1771625883.81284,0,0,0
1771625883.8129256,0,0,0
1771625883.813011,0,0,0
1771625883.813095,0,0,0
1771625883.8131795,0,0,0
1771625883.8132687,0,0,0
1771625883.8133533,0,0,0
1771625883.8134387,0,0,0
1771625883.8135233,0,0,0
1771625883.8136077,0,0,0
1771625883.8136923,0,0,0
1771625883.813777,0,0,0
1771625883.813861,0,0,0
1771625883.8139594,0,0,0
1771625883.8140433,0,0,0
1771625883.8141289,0,0,0
1771625883.814213,0,0,0
1771625883.8142967,0,0,0
1771625883.814381,0,0,0
1771625883.8144646,0,0,0
1771625883.8145485,0,0,0
1771625883.8146334,0,0,0
1771625883.8147178,0,0,0
1771625883.814804,0,0,0
1771625883.8148882,0,0,0
1771625883.8149729,0,0,0
1771625883.815057,0,0,0
1771625883.8151443,0,0,0
1771625883.815233,0,0,0
1771625883.8153172,0,0,0
1771625883.8154016,0,0,0
1771625883.815487,0,0,0
1771625883.8155713,0,0,0
1771625883.8156555,0,0,0
1771625883.8157396,0,0,0
1771625883.815824,0,0,0
1771625883.8159087,0,0,0
1771625883.8159926,0,0,0
1771625883.85387,0,0,0
1771625883.8548713,0,0,0
1771625883.8553202,0,0,0
1771625883.8555512,0,0,0
1771625883.8557682,0,0,0
1771625883.855857,0,0,0
1771625883.8559425,0,0,0
1771625883.8560407,0,0,0
1771625883.856125,0,0,0
1771625883.8562105,0,0,0
1771625883.8563125,0,0,0
1771625883.8563962,0,0,0
1771625883.8564806,0,0,0
1771625883.8565662,0,0,0
1771625883.8566494,0,0,0
1771625883.8567374,0,0,0
1771625883.8568218,0,0,0
1771625883.8569076,0,0,0
1771625883.856992,0,0,0
1771625883.8570755,0,0,0
1771625883.8571594,0,0,0
1771625883.8572428,0,0,0
1771625883.8573277,0,0,0
1771625883.857412,0,0,0
1771625883.857496,0,0,0
1771625883.8575795,0,0,0
1771625883.857663,0,0,0
1771625883.8577514,0,0,0
1771625883.857835,0,0,0
1771625883.85792,0,0,0
1771625883.8580043,0,0,0
1771625883.858088,0,0,0
1771625883.858171,0,0,0
1771625883.8582551,0,0,0
1771625883.8583379,0,0,0
1771625883.8584218,0,0,0
1771625883.8585045,0,0,0
1771625883.858587,0,0,0
1771625883.8586936,0,0,0
1771625883.8587759,0,0,0
1771625883.8588576,0,0,0
1771625883.8606877,0,0,0
1771625883.8607726,0,0,0
1771625883.8608563,0,0,0
1771625883.8609393,0,0,0
1771625883.8647833,0,0,0
1771625883.864868,0,0,0
1771625883.864951,0,0,0
1771625883.8650336,0,0,0
1771625883.9058237,0,0,0
1771625883.905973,0,0,0
1771625883.9061108,0,0,0
1771625883.9062037,0,0,0
1771625883.9062898,0,0,0
1771625883.9063826,0,0,0
1771625883.9064689,0,0,0
1771625883.9065683,0,0,0
1771625883.906655,0,0,0
1771625883.90674,0,0,0
1771625883.9068258,0,0,0
1771625883.9069118,0,0,0
1771625883.9069974,0,0,0
1771625883.9070883,0,0,0
1771625883.9071743,0,0,0
1771625883.9072595,0,0,0
1771625883.9073443,0,0,0
1771625883.9074292,0,0,0
1771625883.9075143,0,0,0
1771625883.9075983,0,0,0
1771625883.9076836,0,0,0
1771625883.9077685,0,0,0
1771625883.9078546,0,0,0
1771625883.9079483,0,0,0
1771625883.9080327,0,0,0
1771625883.9081228,0,0,0
1771625883.9082072,0,0,0
1771625883.9083273,0,0,0
1771625883.9084156,0,0,0
1771625883.9085033,0,0,0
1771625883.908593,0,0,0
1771625883.9086828,0,0,0
1771625883.9087698,0,0,0
1771625883.9088569,0,0,0
1771625883.908944,0,0,0
1771625883.9090297,0,0,0
1771625883.9091706,0,0,0
1771625883.9092567,0,0,0
1771625883.9093435,0,0,0
1771625883.90943,0,0,0
1771625883.9095166,0,0,0
1771625883.9098508,0,0,0
1771625883.9099398,0,0,0
1771625883.9100268,0,0,0
1771625883.9101236,0,0,0
1771625883.9139524,0,0,0
1771625883.9140494,0,0,0
1771625883.914138,0,0,0
1771625883.9142244,0,0,0
1771625883.9182422,0,0,0
1771625883.9183948,0,0,0
1771625883.9185286,0,0,0
1771625883.91866,0,0,0
1771625883.9223297,0,0,0
1771625883.9224722,0,0,0
1771625883.9225957,0,0,0
1771625883.9227157,0,0,0
1771625883.9262464,0,0,0
1771625883.9263709,0,0,0
1771625883.9264936,0,0,0
1771625883.9272106,0,0,0
1771625883.9304197,0,0,0
1771625883.9306505,0,0,0
1771625883.9308639,0,0,0
1771625883.9310741,0,0,0
1771625883.9344141,0,0,0
1771625883.93455,0,0,0
1771625883.9346733,0,0,0
1771625883.9347992,0,0,0
1771625883.9384437,0,0,0
1771625883.9386935,0,0,0
1771625883.9389198,0,0,0
1771625883.9391453,0,0,0
1771625883.9394503,0,0,0
1771625883.9426346,0,0,0
1771625883.9427345,0,0,0
1771625883.9428341,0,0,0
1771625883.9429278,0,0,0
1771625883.9467206,0,0,0
1771625883.9468174,0,0,0
1771625883.9469073,0,0,0
1771625883.9469984,0,0,0
1771625883.950806,0,0,0
1771625883.950896,0,0,0
1771625883.9509888,0,0,0
1771625883.9510744,0,0,0
1771625883.9549246,0,0,0
1771625883.955018,0,0,0
1771625883.9551046,0,0,0
1771625883.95519,0,0,0
1771625883.9596124,0,0,0
1771625883.9597158,0,0,0
1771625883.9598126,0,0,0
1771625883.9599764,0,0,0
1771625883.9633358,0,0,0
1771625883.9634733,0,0,0
1771625883.9636018,0,0,0
1771625883.9637697,0,0,0
1771625883.9674287,0,0,0
1771625883.9675872,0,0,0
1771625883.9677117,0,0,0
1771625883.9678364,0,0,0
1771625883.9713027,0,0,0
1771625883.9713962,0,0,0
1771625883.971483,0,0,0
1771625883.9715707,0,0,0
1771625883.975381,0,0,0
1771625883.9756126,0,0,0
1771625883.975745,0,0,0
1771625883.975874,0,0,0
1771625883.9795954,0,0,0
1771625883.979741,0,0,0
1771625883.9798698,0,0,0
1771625883.9799926,0,0,0
1771625883.983534,0,0,0
1771625883.9837244,0,0,0
1771625883.9838505,0,0,0
1771625883.983978,0,0,0
1771625883.984105,0,0,0
1771625883.987679,0,0,0
1771625883.987781,0,0,0
1771625883.987874,0,0,0
1771625883.987965,0,0,0
1771625884.03653,0,0,0
1771625884.0366468,0,0,0
1771625884.0368917,0,0,0
1771625884.0369868,0,0,0
1771625884.0370915,0,0,0
1771625884.0371807,0,0,0
1771625884.0372689,0,0,0
1771625884.0373573,0,0,0
1771625884.0374455,0,0,0
1771625884.0375557,0,0,0
1771625884.0377803,0,0,0
1771625884.0381665,0,0,0
1771625884.0382736,0,0,0
1771625884.038364,0,0,0
1771625884.0384617,0,0,0
1771625884.0386598,0,0,0
1771625884.0387542,0,0,0
1771625884.038915,0,0,0
1771625884.039001,0,0,0
1771625884.0390885,0,0,0
1771625884.0391755,0,0,0
1771625884.0392623,0,0,0
1771625884.0393493,0,0,0
1771625884.039436,0,0,0
1771625884.039535,0,0,0
1771625884.0396214,0,0,0
1771625884.0397077,0,0,0
1771625884.0397995,0,0,0
1771625884.0398846,0,0,0
1771625884.0399704,0,0,0
1771625884.040055,0,0,0
1771625884.0401406,0,0,0
1771625884.0402253,0,0,0
1771625884.04031,0,0,0
1771625884.040395,0,0,0
1771625884.040482,0,0,0
1771625884.0405655,0,0,0
1771625884.0406544,0,0,0
1771625884.0407388,0,0,0
1771625884.0408225,0,0,0
1771625884.0409074,0,0,0
1771625884.0410037,0,0,0
1771625884.0410864,0,0,0
1771625884.0411692,0,0,0
1771625884.0412524,0,0,0
1771625884.0413358,0,0,0
1771625884.0414202,0,0,0
1771625884.041504,0,0,0
1771625884.0415883,0,0,0
1771625884.0416725,0,0,0
1771625884.0417678,0,0,0
1771625884.0418985,0,0,0
1771625884.0419898,0,0,0
1771625884.086168,0,0,0
1771625884.0862715,0,0,0
1771625884.0863616,0,0,0
1771625884.0864527,0,0,0
1771625884.0865424,0,0,0
1771625884.086639,0,0,0
1771625884.086728,0,0,0
1771625884.086817,0,0,0
1771625884.0869043,0,0,0
1771625884.0869927,0,0,0
1771625884.0870814,0,0,0
1771625884.0871696,0,0,0
1771625884.087257,0,0,0
1771625884.0873446,0,0,0
1771625884.087448,0,0,0
1771625884.0875387,0,0,0
1771625884.0876286,0,0,0
1771625884.0877194,0,0,0
1771625884.0878098,0,0,0
1771625884.0879004,0,0,0
1771625884.0879912,0,0,0
1771625884.0880814,0,0,0
1771625884.0882273,0,0,0
1771625884.0883167,0,0,0
1771625884.088406,0,0,0
1771625884.0885,0,0,0
1771625884.0885918,0,0,0
1771625884.0886812,0,0,0
1771625884.088784,0,0,0
1771625884.0888712,0,0,0
1771625884.0889578,0,0,0
1771625884.0890446,0,0,0
1771625884.0891826,0,0,0
1771625884.0894568,0,0,0
1771625884.089625,0,0,0
1771625884.0897548,0,0,0
1771625884.0898814,0,0,0
1771625884.0902734,0,0,0
1771625884.090491,0,0,0
1771625884.0906904,0,0,0
1771625884.0908766,0,0,0
1771625884.0909848,0,0,0
1771625884.0910711,0,0,0
1771625884.091157,0,0,0
1771625884.0912495,0,0,0
1771625884.0913346,0,0,0
1771625884.0914228,0,0,0
1771625884.0915077,0,0,0
1771625884.091593,0,0,0
1771625884.0975115,0,0,0
1771625884.0976489,0,0,0
1771625884.097778,0,0,0
1771625884.0979044,0,0,0
1771625884.098323,0,0,0
1771625884.0984535,0,0,0
1771625884.0985987,0,0,0
1771625884.0987282,0,0,0
1771625884.1027782,0,0,0
1771625884.1029267,0,0,0
1771625884.1030638,0,0,0
1771625884.1031983,0,0,0
1771625884.1065469,0,0,0
1771625884.1067078,0,0,0
1771625884.1068587,0,0,0
1771625884.107008,0,0,0
1771625884.110578,0,0,0
1771625884.1107194,0,0,0
1771625884.1108506,0,0,0
1771625884.1109776,0,0,0
1771625884.1146035,0,0,0
1771625884.1148505,0,0,0
1771625884.1150765,0,0,0
1771625884.1152985,0,0,0
1771625884.1186695,0,0,0
1771625884.1188407,0,0,0
1771625884.1190119,0,0,0
1771625884.1191418,0,0,0
1771625884.1192703,0,0,0
1771625884.122831,0,0,0
1771625884.1229296,0,0,0
1771625884.123024,0,0,0
1771625884.1231155,0,0,0
1771625884.1269252,0,0,0
1771625884.1270201,0,0,0
1771625884.1271114,0,0,0
1771625884.1272027,0,0,0
1771625884.1310706,0,0,0
1771625884.1311553,0,0,0
1771625884.1312401,0,0,0
1771625884.1313238,0,0,0
1771625884.1351168,0,0,0
1771625884.1352081,0,0,0
1771625884.1352944,0,0,0
1771625884.1354337,0,0,0
1771625884.1393,0,0,0
1771625884.1393948,0,0,0
1771625884.1394818,0,0,0
1771625884.1395676,0,0,0
1771625884.1862097,0,0,0
1771625884.1863756,0,0,0
1771625884.1865678,0,0,0
1771625884.1866822,0,0,0
1771625884.186775,0,0,0
1771625884.1868641,0,0,0
1771625884.1869535,0,0,0
1771625884.1870413,0,0,0
1771625884.1871295,0,0,0
1771625884.1872625,0,0,0
1771625884.1873536,0,0,0
1771625884.1874433,0,0,0
1771625884.1875346,0,0,0
1771625884.1876245,0,0,0
1771625884.1877227,0,0,0
1771625884.1878114,0,0,0
1771625884.1879008,0,0,0
1771625884.1879907,0,0,0
1771625884.18808,0,0,0
1771625884.1881683,0,0,0
1771625884.188256,0,0,0
1771625884.1883433,0,0,0
1771625884.1884298,0,0,0
1771625884.1885166,0,0,0
1771625884.1886046,0,0,0
1771625884.1886914,0,0,0
1771625884.1887774,0,0,0
1771625884.1888633,0,0,0
1771625884.188949,0,0,0
1771625884.1890342,0,0,0
1771625884.1891208,0,0,0
1771625884.1892066,0,0,0
1771625884.1892903,0,0,0
1771625884.189375,0,0,0
1771625884.1894584,0,0,0
1771625884.189543,0,0,0
1771625884.189627,0,0,0
1771625884.1897159,0,0,0
1771625884.1898003,0,0,0
1771625884.1898844,0,0,0
1771625884.1899686,0,0,0
1771625884.1900551,0,0,0
1771625884.1901388,0,0,0
1771625884.1902227,0,0,0
1771625884.1903074,0,0,0
1771625884.1903913,0,0,0
1771625884.1904778,0,0,0
1771625884.1905627,0,0,0
1771625884.1906474,0,0,0
1771625884.1924953,0,0,0
1771625884.1926157,0,0,0
1771625884.192732,0,0,0
1771625884.192849,0,0,0
1771625884.1966045,0,0,0
1771625884.1967347,0,0,0
1771625884.1968544,0,0,0
1771625884.1969721,0,0,0
1771625884.2006674,0,0,0
1771625884.2008007,0,0,0
1771625884.200924,0,0,0
1771625884.2010467,0,0,0
1771625884.2047787,0,0,0
1771625884.204949,0,0,0
1771625884.2050762,0,0,0
1771625884.2051952,0,0,0
1771625884.2087715,0,0,0
1771625884.2089965,0,0,0
1771625884.209271,0,0,0
1771625884.209522,0,0,0
1771625884.2097237,0,0,0
1771625884.2130291,0,0,0
1771625884.2131763,0,0,0
1771625884.2133038,0,0,0
1771625884.2133975,0,0,0
1771625884.217207,0,0,0
1771625884.2173345,0,0,0
1771625884.2174757,0,0,0
1771625884.2176552,0,0,0
1771625884.2211466,0,0,0
1771625884.2212434,0,0,0
1771625884.2213364,0,0,0
1771625884.2215924,0,0,0
1771625884.225246,0,0,0
1771625884.2253363,0,0,0
1771625884.2254198,0,0,0
1771625884.2255032,0,0,0
1771625884.229482,0,0,0
1771625884.2297454,0,0,0
1771625884.2299,0,0,0
1771625884.2299929,0,0,0
1771625884.233469,0,0,0
1771625884.2335668,0,0,0
1771625884.2336545,0,0,0
1771625884.2337399,0,0,0
1771625884.2377238,0,0,0
1771625884.2380147,0,0,0
1771625884.23824,0,0,0
1771625884.2384608,0,0,0
1771625884.2417436,0,0,0
1771625884.2419236,0,0,0
1771625884.242049,0,0,0
1771625884.2421756,0,0,0
1771625884.2457936,0,0,0
1771625884.2460055,0,0,0
1771625884.2461412,0,0,0
1771625884.2462754,0,0,0
1771625884.2498724,0,0,0
1771625884.2500365,0,0,0
1771625884.2501698,0,0,0
1771625884.2503002,0,0,0
1771625884.2538245,0,0,0
1771625884.2539997,0,0,0
1771625884.2540915,0,0,0
1771625884.2541835,0,0,0
1771625884.2542856,0,0,0
1771625884.2579865,0,0,0
1771625884.258097,0,0,0
1771625884.258183,0,0,0
1771625884.258275,0,0,0
1771625884.2636583,0,0,0
1771625884.2638083,0,0,0
1771625884.2639434,0,0,0
1771625884.2640743,0,0,0
1771625884.2662246,0,0,0
1771625884.266318,0,0,0
1771625884.266407,0,0,0
1771625884.266492,0,0,0
1771625884.2703004,0,0,0
1771625884.2708201,0,0,0
1771625884.2713752,0,0,0
1771625884.2719002,0,0,0
1771625884.274394,0,0,0
1771625884.2744882,0,0,0
1771625884.2745757,0,0,0
1771625884.274667,0,0,0
1771625884.2784967,0,0,0
1771625884.2785902,0,0,0
1771625884.2786825,0,0,0
1771625884.2787673,0,0,0
1771625884.2829082,0,0,0
1771625884.2832835,0,0,0
1771625884.283516,0,0,0
1771625884.283771,0,0,0
1771625884.286715,0,0,0
1771625884.2868478,0,0,0
1771625884.2869773,0,0,0
1771625884.2871006,0,0,0
1771625884.29093,0,0,0
1771625884.2911716,0,0,0
1771625884.2915602,0,0,0
1771625884.2920241,0,0,0
1771625884.2948554,0,0,0
1771625884.2950394,0,0,0
1771625884.295253,0,0,0
1771625884.2954645,0,0,0
1771625884.2989855,0,0,0
1771625884.2992826,0,0,0
1771625884.2995074,0,0,0
1771625884.2997322,0,0,0
1771625884.299861,0,0,0
1771625884.3030758,0,0,0
1771625884.303168,0,0,0
1771625884.3032582,0,0,0
1771625884.303347,0,0,0
1771625884.30715,0,0,0
1771625884.3072631,0,0,0
1771625884.3073814,0,0,0
1771625884.3074658,0,0,0
1771625884.312337,0,0,0
1771625884.3124797,0,0,0
1771625884.3126109,0,0,0
1771625884.3127408,0,0,0
1771625884.315381,0,0,0
1771625884.3155077,0,0,0
1771625884.3155947,0,0,0
1771625884.3156812,0,0,0
1771625884.3199525,0,0,0
1771625884.320085,0,0,0
1771625884.3201938,0,0,0
1771625884.3202975,0,0,0
1771625884.3235416,0,0,0
1771625884.3236353,0,0,0
1771625884.3237214,0,0,0
1771625884.3238077,0,0,0
1771625884.3277752,0,0,0
1771625884.3279135,0,0,0
1771625884.3280406,0,0,0
1771625884.328169,0,0,0
1771625884.3317523,0,0,0
1771625884.3318844,0,0,0
1771625884.3320084,0,0,0
1771625884.3321319,0,0,0
1771625884.3358958,0,0,0
1771625884.3360467,0,0,0
1771625884.3362312,0,0,0
1771625884.336372,0,0,0
1771625884.3399456,0,0,0
1771625884.340079,0,0,0
1771625884.3402002,0,0,0
1771625884.3403196,0,0,0
1771625884.344019,0,0,0
1771625884.344266,0,0,0
1771625884.3444211,0,0,0
1771625884.3445702,0,0,0
1771625884.344714,0,0,0
1771625884.3480818,0,0,0
1771625884.348173,0,0,0
1771625884.3482623,0,0,0
1771625884.3483517,0,0,0
1771625884.352177,0,0,0
1771625884.352365,0,0,0
1771625884.3525252,0,0,0
1771625884.3526144,0,0,0
1771625884.356305,0,0,0
1771625884.3563955,0,0,0
1771625884.3564808,0,0,0
1771625884.3565698,0,0,0
1771625884.3623137,0,0,0
1771625884.3624074,0,0,0
1771625884.3624933,0,0,0
1771625884.362585,0,0,0
1771625884.3644812,0,0,0
1771625884.364574,0,0,0
1771625884.3646579,0,0,0
1771625884.364742,0,0,0
1771625884.368656,0,0,0
1771625884.368788,0,0,0
1771625884.3689046,0,0,0
1771625884.369033,0,0,0
1771625884.3727467,0,0,0
1771625884.3728805,0,0,0
1771625884.3730233,0,0,0
1771625884.3731492,0,0,0
1771625884.3768213,0,0,0
1771625884.3770409,0,0,0
1771625884.3772588,0,0,0
1771625884.377477,0,0,0
1771625884.3810222,0,0,0
1771625884.3812535,0,0,0
1771625884.38148,0,0,0
1771625884.3817084,0,0,0
1771625884.3850365,0,0,0
1771625884.3851686,0,0,0
1771625884.38529,0,0,0
1771625884.3854084,0,0,0
1771625884.3891172,0,0,0
1771625884.3893578,0,0,0
1771625884.3895822,0,0,0
1771625884.3897922,0,0,0
1771625884.3933542,0,0,0
1771625884.3937054,0,0,0
1771625884.3939424,0,0,0
1771625884.3941538,0,0,0
1771625884.394363,0,0,0
1771625884.3972874,0,0,0
1771625884.397379,0,0,0
1771625884.3974679,0,0,0
1771625884.3975565,0,0,0
1771625884.401421,0,0,0
1771625884.401535,0,0,0
1771625884.4016404,0,0,0
1771625884.4017344,0,0,0
1771625884.4054942,0,0,0
1771625884.4056427,0,0,0
1771625884.4057333,0,0,0
1771625884.4058185,0,0,0
1771625884.409576,0,0,0
1771625884.4096634,0,0,0
1771625884.40975,0,0,0
1771625884.409842,0,0,0
1771625884.4136941,0,0,0
1771625884.4137895,0,0,0
1771625884.4138758,0,0,0
1771625884.4139628,0,0,0
1771625884.4178002,0,0,0
1771625884.417932,0,0,0
1771625884.4180562,0,0,0
1771625884.4181926,0,0,0
1771625884.4218543,0,0,0
1771625884.4219875,0,0,0
1771625884.4221454,0,0,0
1771625884.4225738,0,0,0
1771625884.4259074,0,0,0
1771625884.4260383,0,0,0
1771625884.4261644,0,0,0
1771625884.4262867,0,0,0
1771625884.4300685,0,0,0
1771625884.430172,0,0,0
1771625884.4303045,0,0,0
1771625884.4303958,0,0,0
1771625884.4348133,0,0,0
1771625884.4349766,0,0,0
1771625884.4350905,0,0,0
1771625884.4352536,0,0,0
1771625884.4381924,0,0,0
1771625884.4383712,0,0,0
1771625884.438501,0,0,0
1771625884.4386275,0,0,0
1771625884.4387543,0,0,0
1771625884.4423025,0,0,0
1771625884.4423995,0,0,0
1771625884.4424906,0,0,0
1771625884.442585,0,0,0
1771625884.4464495,0,0,0
1771625884.4466176,0,0,0
1771625884.4467835,0,0,0
1771625884.446922,0,0,0
1771625884.4504988,0,0,0
1771625884.4505906,0,0,0
1771625884.4506803,0,0,0
1771625884.450766,0,0,0
1771625884.454578,0,0,0
1771625884.4546623,0,0,0
1771625884.4547484,0,0,0
1771625884.454832,0,0,0
1771625884.4586902,0,0,0
1771625884.458784,0,0,0
1771625884.4588726,0,0,0
1771625884.4589684,0,0,0
1771625884.4628685,0,0,0
1771625884.4630084,0,0,0
1771625884.46315,0,0,0
1771625884.4632683,0,0,0
1771625884.4669323,0,0,0
1771625884.4670737,0,0,0
1771625884.4672048,0,0,0
1771625884.467347,0,0,0
1771625884.470989,0,0,0
1771625884.4711204,0,0,0
1771625884.4712443,0,0,0
1771625884.471366,0,0,0
1771625884.475278,0,0,0
1771625884.4755197,0,0,0
1771625884.4757571,0,0,0
1771625884.475977,0,0,0
1771625884.479126,0,0,0
1771625884.4792292,0,0,0
1771625884.479322,0,0,0
1771625884.4794126,0,0,0
1771625884.4831746,0,0,0
1771625884.4833934,0,0,0
1771625884.483822,0,0,0
1771625884.4841099,0,0,0
1771625884.4843357,0,0,0
1771625884.487675,0,0,0
1771625884.4878378,0,0,0
1771625884.4879773,0,0,0
1771625884.4880903,0,0,0
1771625884.4914732,0,0,0
1771625884.4915826,0,0,0
1771625884.4916785,0,0,0
1771625884.4917812,0,0,0
1771625884.4964683,0,0,0
1771625884.4966538,0,0,0
1771625884.4967613,0,0,0
1771625884.496859,0,0,0
1771625884.4996552,0,0,0
1771625884.4997444,0,0,0
1771625884.499831,0,0,0
1771625884.4999177,0,0,0
1771625884.503754,0,0,0
1771625884.5038455,0,0,0
1771625884.50393,0,0,0
1771625884.5040185,0,0,0
1771625884.5085235,0,0,0
1771625884.5087745,0,0,0
1771625884.5088704,0,0,0
1771625884.508961,0,0,0
1771625884.5119743,0,0,0
1771625884.5120716,0,0,0
1771625884.512162,0,0,0
1771625884.5122867,0,0,0
1771625884.516095,0,0,0
1771625884.5163221,0,0,0
1771625884.516544,0,0,0
1771625884.516764,0,0,0
1771625884.5201328,0,0,0
1771625884.5202835,0,0,0
1771625884.520424,0,0,0
1771625884.520566,0,0,0
1771625884.5242863,0,0,0
1771625884.5245843,0,0,0
1771625884.5247808,0,0,0
1771625884.524973,0,0,0
1771625884.5284991,0,0,0
1771625884.5287058,0,0,0
1771625884.528846,0,0,0
1771625884.5289843,0,0,0
1771625884.5291297,0,0,0
1771625884.532498,0,0,0
1771625884.5326376,0,0,0
1771625884.5327716,0,0,0
1771625884.53291,0,0,0
1771625884.5382264,0,0,0
1771625884.5383587,0,0,0
1771625884.5384932,0,0,0
1771625884.5387363,0,0,0
1771625884.5406818,0,0,0
1771625884.5408144,0,0,0
1771625884.5409408,0,0,0
1771625884.5410604,0,0,0
1771625884.544748,0,0,0
1771625884.5449123,0,0,0
1771625884.5451396,0,0,0
1771625884.5452795,0,0,0
1771625884.5488472,0,0,0
1771625884.5489874,0,0,0
1771625884.5491204,0,0,0
1771625884.5492525,0,0,0
1771625884.55365,0,0,0
1771625884.5538461,0,0,0
1771625884.55431,0,0,0
1771625884.5544891,0,0,0
1771625884.5571623,0,0,0
1771625884.5573468,0,0,0
1771625884.55752,0,0,0
1771625884.5576944,0,0,0
1771625884.5612137,0,0,0
1771625884.5614011,0,0,0
1771625884.561578,0,0,0
1771625884.561753,0,0,0
1771625884.5652323,0,0,0
1771625884.5653665,0,0,0
1771625884.5654898,0,0,0
1771625884.56561,0,0,0
1771625884.5692964,0,0,0
1771625884.5695174,0,0,0
1771625884.5697289,0,0,0
1771625884.5701258,0,0,0
1771625884.573307,0,0,0
1771625884.5734668,0,0,0
1771625884.5735836,0,0,0
1771625884.573701,0,0,0
1771625884.5738199,0,0,0
1771625884.577474,0,0,0
1771625884.5775669,0,0,0
1771625884.5776544,0,0,0
1771625884.5777411,0,0,0
1771625884.581565,0,0,0
1771625884.5816581,0,0,0
1771625884.5817478,0,0,0
1771625884.5818324,0,0,0
1771625884.587505,0,0,0
1771625884.5876355,0,0,0
1771625884.5877671,0,0,0
1771625884.5878956,0,0,0
1771625884.5898285,0,0,0
1771625884.5899713,0,0,0
1771625884.5901012,0,0,0
1771625884.5902426,0,0,0
1771625884.5942383,0,0,0
1771625884.5943449,0,0,0
1771625884.5944343,0,0,0
1771625884.594523,0,0,0
1771625884.5980275,0,0,0
1771625884.598163,0,0,0
1771625884.5983071,0,0,0
1771625884.5984302,0,0,0
1771625884.6023023,0,0,0
1771625884.6025467,0,0,0
1771625884.6028152,0,0,0
1771625884.6030395,0,0,0
1771625884.606188,0,0,0
1771625884.606443,0,0,0
1771625884.6066566,0,0,0
1771625884.606793,0,0,0
1771625884.6102407,0,0,0
1771625884.610373,0,0,0
1771625884.6104977,0,0,0
1771625884.610621,0,0,0
1771625884.614284,0,0,0
1771625884.6144366,0,0,0
1771625884.6145716,0,0,0
1771625884.6147082,0,0,0
1771625884.6183608,0,0,0
1771625884.6185293,0,0,0
1771625884.618656,0,0,0
1771625884.618781,0,0,0
1771625884.6189044,0,0,0
1771625884.622505,0,0,0
1771625884.622602,0,0,0
1771625884.622691,0,0,0
1771625884.6227796,0,0,0
1771625884.6266298,0,0,0
1771625884.6267369,0,0,0
1771625884.6268284,0,0,0
1771625884.626919,0,0,0
1771625884.6306949,0,0,0
1771625884.6307871,0,0,0
1771625884.6308737,0,0,0
1771625884.630959,0,0,0
1771625884.6380372,0,0,0
1771625884.6381443,0,0,0
1771625884.638247,0,0,0
1771625884.638342,0,0,0
1771625884.6389031,0,0,0
1771625884.6389887,0,0,0
1771625884.6390731,0,0,0
1771625884.6391575,0,0,0
1771625884.64316,0,0,0
1771625884.6433005,0,0,0
1771625884.6434293,0,0,0
1771625884.643548,0,0,0
1771625884.6471994,0,0,0
1771625884.647339,0,0,0
1771625884.6474679,0,0,0
1771625884.647623,0,0,0
1771625884.6513565,0,0,0
1771625884.65149,0,0,0
1771625884.651596,0,0,0
1771625884.6516986,0,0,0
1771625884.6553266,0,0,0
1771625884.655466,0,0,0
1771625884.6555932,0,0,0
1771625884.655721,0,0,0
1771625884.6593852,0,0,0
1771625884.6595259,0,0,0
1771625884.6596622,0,0,0
1771625884.6598592,0,0,0
1771625884.663435,0,0,0
1771625884.6635988,0,0,0
1771625884.6637266,0,0,0
1771625884.6638596,0,0,0
1771625884.663986,0,0,0
1771625884.6676178,0,0,0
1771625884.6677132,0,0,0
1771625884.6678092,0,0,0
1771625884.6678994,0,0,0
1771625884.671665,0,0,0
1771625884.6717672,0,0,0
1771625884.6718578,0,0,0
1771625884.6719792,0,0,0
1771625884.6757965,0,0,0
1771625884.6758842,0,0,0
1771625884.6759815,0,0,0
1771625884.6760674,0,0,0
1771625884.679856,0,0,0
1771625884.679944,0,0,0
1771625884.6800308,0,0,0
1771625884.680116,0,0,0
1771625884.683959,0,0,0
1771625884.6840477,0,0,0
1771625884.684132,0,0,0
1771625884.684241,0,0,0
1771625884.6881292,0,0,0
1771625884.68826,0,0,0
1771625884.6883833,0,0,0
1771625884.6885052,0,0,0
1771625884.6922526,0,0,0
1771625884.6924858,0,0,0
1771625884.6927054,0,0,0
1771625884.6929233,0,0,0
1771625884.6964643,0,0,0
1771625884.6966958,0,0,0
1771625884.6969113,0,0,0
1771625884.6970217,0,0,0
1771625884.7004688,0,0,0
1771625884.7007058,0,0,0
1771625884.7009215,0,0,0
1771625884.701134,0,0,0
1771625884.704553,0,0,0
1771625884.7048,0,0,0
1771625884.7050226,0,0,0
1771625884.7052424,0,0,0
1771625884.7085092,0,0,0
1771625884.7088032,0,0,0
1771625884.7090378,0,0,0
1771625884.7092578,0,0,0
1771625884.709474,0,0,0
1771625884.7128,0,0,0
1771625884.7129009,0,0,0
1771625884.7130013,0,0,0
1771625884.7130928,0,0,0
1771625884.71675,0,0,0
1771625884.716849,0,0,0
1771625884.716945,0,0,0
1771625884.717034,0,0,0
1771625884.720819,0,0,0
1771625884.7209198,0,0,0
1771625884.7210135,0,0,0
1771625884.7211056,0,0,0
1771625884.7249,0,0,0
1771625884.7249846,0,0,0
1771625884.7250693,0,0,0
1771625884.7251532,0,0,0
1771625884.729109,0,0,0
1771625884.7292044,0,0,0
1771625884.72929,0,0,0
1771625884.7293835,0,0,0
1771625884.733338,0,0,0
1771625884.7335773,0,0,0
1771625884.7338283,0,0,0
1771625884.734048,0,0,0
1771625884.7373707,0,0,0
1771625884.7376115,0,0,0
1771625884.7378526,0,0,0
1771625884.738079,0,0,0
1771625884.741425,0,0,0
1771625884.7416666,0,0,0
1771625884.7418902,0,0,0
1771625884.742112,0,0,0
1771625884.7455127,0,0,0
1771625884.7457554,0,0,0
1771625884.7459817,0,0,0
1771625884.7461998,0,0,0
1771625884.7495446,0,0,0
1771625884.7497962,0,0,0
1771625884.7500386,0,0,0
1771625884.7502625,0,0,0
1771625884.7535987,0,0,0
1771625884.7538948,0,0,0
1771625884.7541237,0,0,0
1771625884.754344,0,0,0
1771625884.7545748,0,0,0
1771625884.7577496,0,0,0
1771625884.7579226,0,0,0
1771625884.7580707,0,0,0
1771625884.7581782,0,0,0
1771625884.8055212,0,0,0
1771625884.805656,0,0,0
1771625884.8057442,0,0,0
1771625884.805831,0,0,0
1771625884.8059173,0,0,0
1771625884.8060045,0,0,0
1771625884.8061044,0,0,0
1771625884.80619,0,0,0
1771625884.8062773,0,0,0
1771625884.8063633,0,0,0
1771625884.8064494,0,0,0
1771625884.8065352,0,0,0
1771625884.8066256,0,0,0
1771625884.8067124,0,0,0
1771625884.806799,0,0,0
1771625884.806886,0,0,0
1771625884.8069725,0,0,0
1771625884.8070614,0,0,0
1771625884.8071482,0,0,0
1771625884.807235,0,0,0
1771625884.807323,0,0,0
1771625884.8074412,0,0,0
1771625884.8075268,0,0,0
1771625884.8076155,0,0,0
1771625884.8077,0,0,0
1771625884.8077846,0,0,0
1771625884.8078692,0,0,0
1771625884.8079548,0,0,0
1771625884.8080418,0,0,0
1771625884.8081267,0,0,0
1771625884.8082123,0,0,0
1771625884.8082972,0,0,0
1771625884.8083835,0,0,0
1771625884.8084686,0,0,0
1771625884.808564,0,0,0
1771625884.808649,0,0,0
1771625884.8087337,0,0,0
1771625884.8088186,0,0,0
1771625884.8089037,0,0,0
1771625884.808988,0,0,0
1771625884.809073,0,0,0
1771625884.8091578,0,0,0
1771625884.809242,0,0,0
1771625884.8093266,0,0,0
1771625884.809411,0,0,0
1771625884.809496,0,0,0
1771625884.8096335,0,0,0
1771625884.8097184,0,0,0
1771625884.8098025,0,0,0
1771625884.8492055,0,0,0
1771625884.8493273,0,0,0
1771625884.849476,0,0,0
1771625884.849622,0,0,0
1771625884.849742,0,0,0
1771625884.8498604,0,0,0
1771625884.8499923,0,0,0
1771625884.8500996,0,0,0
1771625884.8501878,0,0,0
1771625884.8502917,0,0,0
1771625884.8504198,0,0,0
1771625884.8505273,0,0,0
1771625884.850635,0,0,0
1771625884.8507392,0,0,0
1771625884.8508286,0,0,0
1771625884.8509138,0,0,0
1771625884.8509994,0,0,0
1771625884.851085,0,0,0
1771625884.851182,0,0,0
1771625884.851269,0,0,0
1771625884.851362,0,0,0
1771625884.8514466,0,0,0
1771625884.851531,0,0,0
1771625884.8516154,0,0,0
1771625884.8517003,0,0,0
1771625884.851804,0,0,0
1771625884.8518965,0,0,0
1771625884.8519807,0,0,0
1771625884.8520646,0,0,0
1771625884.852149,0,0,0
1771625884.852233,0,0,0
1771625884.8523166,0,0,0
1771625884.8524003,0,0,0
1771625884.8524847,0,0,0
1771625884.8525684,0,0,0
1771625884.8526528,0,0,0
1771625884.8527365,0,0,0
1771625884.8528197,0,0,0
1771625884.852903,0,0,0
1771625884.8529863,0,0,0
1771625884.8530695,0,0,0
1771625884.8531532,0,0,0
1771625884.8532398,0,0,0
1771625884.8533294,0,0,0
1771625884.8534129,0,0,0
1771625884.85597,0,0,0
1771625884.8560555,0,0,0
1771625884.8561387,0,0,0
1771625884.856222,0,0,0
1771625884.8962939,0,0,0
1771625884.8964772,0,0,0
1771625884.8966272,0,0,0
1771625884.896754,0,0,0
1771625884.8968947,0,0,0
1771625884.8970206,0,0,0
1771625884.8971467,0,0,0
1771625884.8972905,0,0,0
1771625884.8975062,0,0,0
1771625884.8976142,0,0,0
1771625884.8977013,0,0,0
1771625884.8977878,0,0,0
1771625884.8978734,0,0,0
1771625884.897959,0,0,0
1771625884.8980443,0,0,0
1771625884.8981292,0,0,0
1771625884.8982134,0,0,0
1771625884.8983214,0,0,0
1771625884.8984528,0,0,0
1771625884.8985353,0,0,0
1771625884.8986182,0,0,0
1771625884.898701,0,0,0
1771625884.8987918,0,0,0
1771625884.8988752,0,0,0
1771625884.8989587,0,0,0
1771625884.899043,0,0,0
1771625884.8991644,0,0,0
1771625884.899249,0,0,0
1771625884.899334,0,0,0
1771625884.8994179,0,0,0
1771625884.8995018,0,0,0
1771625884.899586,0,0,0
1771625884.8996701,0,0,0
1771625884.899754,0,0,0
1771625884.8998377,0,0,0
1771625884.899921,0,0,0
1771625884.9000058,0,0,0
1771625884.9000895,0,0,0
1771625884.9001734,0,0,0
1771625884.9002573,0,0,0
1771625884.9003408,0,0,0
1771625884.9010775,0,0,0
1771625884.901164,0,0,0
1771625884.9012485,0,0,0
1771625884.9013333,0,0,0
1771625884.9051247,0,0,0
1771625884.9052103,0,0,0
1771625884.905294,0,0,0
1771625884.9053774,0,0,0
1771625884.909213,0,0,0
1771625884.9092987,0,0,0
1771625884.9093838,0,0,0
1771625884.9094677,0,0,0
1771625884.951926,0,0,0
1771625884.9520936,0,0,0
1771625884.9522254,0,0,0
1771625884.9523566,0,0,0
1771625884.9524856,0,0,0
1771625884.9525957,0,0,0
1771625884.9526849,0,0,0
1771625884.9527733,0,0,0
1771625884.952861,0,0,0
1771625884.952949,0,0,0
1771625884.9530365,0,0,0
1771625884.953215,0,0,0
1771625884.953302,0,0,0
1771625884.9533885,0,0,0
1771625884.9534752,0,0,0
1771625884.9535618,0,0,0
1771625884.9536495,0,0,0
1771625884.953738,0,0,0
1771625884.9538255,0,0,0
1771625884.9539135,0,0,0
1771625884.9540071,0,0,0
1771625884.9540944,0,0,0
1771625884.9541922,0,0,0
1771625884.9543033,0,0,0
1771625884.9544005,0,0,0
1771625884.9544885,0,0,0
1771625884.954576,0,0,0
1771625884.9546654,0,0,0
1771625884.9547536,0,0,0
1771625884.9548419,0,0,0
1771625884.9549286,0,0,0
1771625884.9550145,0,0,0
1771625884.9551008,0,0,0
1771625884.955186,0,0,0
1771625884.9552715,0,0,0
1771625884.9553583,0,0,0
1771625884.9554446,0,0,0
1771625884.95553,0,0,0
1771625884.955644,0,0,0
1771625884.9557302,0,0,0
1771625884.9558265,0,0,0
1771625884.9559114,0,0,0
1771625884.9560523,0,0,0
1771625884.9561548,0,0,0
1771625884.9562428,0,0,0
1771625884.9584024,0,0,0
1771625884.9584951,0,0,0
1771625884.9585826,0,0,0
1771625884.958669,0,0,0
1771625884.9625585,0,0,0
1771625884.962737,0,0,0
1771625884.9628634,0,0,0
1771625884.9629924,0,0,0
1771625884.966581,0,0,0
1771625884.9666853,0,0,0
1771625884.9667816,0,0,0
1771625884.9668775,0,0,0
1771625884.9706707,0,0,0
1771625884.970805,0,0,0
1771625884.9709394,0,0,0
1771625884.971066,0,0,0
1771625884.974734,0,0,0
1771625884.9748366,0,0,0
1771625884.974932,0,0,0
1771625884.9750266,0,0,0
1771625884.9789462,0,0,0
1771625884.9791012,0,0,0
1771625884.979243,0,0,0
1771625884.9793828,0,0,0
1771625884.9795322,0,0,0
1771625884.983185,0,0,0
1771625884.9833372,0,0,0
1771625884.983467,0,0,0
1771625884.9835982,0,0,0
1771625884.9871128,0,0,0
1771625884.9872587,0,0,0
1771625884.98755,0,0,0
1771625884.9880693,0,0,0
1771625884.9914494,0,0,0
1771625884.9916008,0,0,0
1771625884.9917269,0,0,0
1771625884.992092,0,0,0
1771625884.9952192,0,0,0
1771625884.995309,0,0,0
1771625884.9953947,0,0,0
1771625884.9954803,0,0,0
1771625884.9996362,0,0,0
1771625884.999736,0,0,0
1771625884.9998288,0,0,0
1771625885.0000353,0,0,0
1771625885.0034451,0,0,0
1771625885.003537,0,0,0
1771625885.003624,0,0,0
1771625885.003715,0,0,0
1771625885.0075762,0,0,0
1771625885.0077095,0,0,0
1771625885.0079093,0,0,0
1771625885.008118,0,0,0
1771625885.0116963,0,0,0
1771625885.0118282,0,0,0
1771625885.0119529,0,0,0
1771625885.012075,0,0,0
1771625885.0157394,0,0,0
1771625885.0159588,0,0,0
1771625885.0161762,0,0,0
1771625885.0163927,0,0,0
1771625885.0198176,0,0,0
1771625885.0199652,0,0,0
1771625885.020088,0,0,0
1771625885.0202117,0,0,0
1771625885.0238714,0,0,0
1771625885.0240915,0,0,0
1771625885.0243087,0,0,0
1771625885.0245247,0,0,0
1771625885.0247421,0,0,0
1771625885.027987,0,0,0
1771625885.0280843,0,0,0
1771625885.0281749,0,0,0
1771625885.0282643,0,0,0
1771625885.03264,0,0,0
1771625885.0327435,0,0,0
1771625885.0328398,0,0,0
1771625885.0329423,0,0,0
1771625885.0361974,0,0,0
1771625885.0362966,0,0,0
1771625885.036384,0,0,0
1771625885.036484,0,0,0
1771625885.0403233,0,0,0
1771625885.0404608,0,0,0
1771625885.0405862,0,0,0
1771625885.0407047,0,0,0
1771625885.0443897,0,0,0
1771625885.0444856,0,0,0
1771625885.0445712,0,0,0
1771625885.0446575,0,0,0
1771625885.0484667,0,0,0
1771625885.048553,0,0,0
1771625885.048637,0,0,0
1771625885.0487208,0,0,0
1771625885.0528204,0,0,0
1771625885.0529783,0,0,0
1771625885.0531068,0,0,0
1771625885.0532327,0,0,0
1771625885.0568068,0,0,0
1771625885.0570416,0,0,0
1771625885.0572526,0,0,0
1771625885.0574656,0,0,0
1771625885.0609407,0,0,0
1771625885.0613737,0,0,0
1771625885.0616457,0,0,0
1771625885.0618649,0,0,0
1771625885.064918,0,0,0
1771625885.0650582,0,0,0
1771625885.0651872,0,0,0
1771625885.0653236,0,0,0
1771625885.068964,0,0,0
1771625885.0691056,0,0,0
1771625885.0692308,0,0,0
1771625885.0693538,0,0,0
1771625885.0730166,0,0,0
1771625885.0731852,0,0,0
1771625885.073313,0,0,0
1771625885.073445,0,0,0
1771625885.0735662,0,0,0
1771625885.077134,0,0,0
1771625885.0772243,0,0,0
1771625885.0773134,0,0,0
1771625885.0774019,0,0,0
1771625885.082756,0,0,0
1771625885.0828607,0,0,0
1771625885.0829542,0,0,0
1771625885.0831418,0,0,0
1771625885.085386,0,0,0
1771625885.0855162,0,0,0
1771625885.0856402,0,0,0
1771625885.0857725,0,0,0
1771625885.0901437,0,0,0
1771625885.090838,0,0,0
1771625885.0910723,0,0,0
1771625885.0911622,0,0,0
1771625885.0935242,0,0,0
1771625885.0936112,0,0,0
1771625885.0936964,0,0,0
1771625885.093782,0,0,0
1771625885.0977147,0,0,0
1771625885.0978162,0,0,0
1771625885.097902,0,0,0
1771625885.0979872,0,0,0
1771625885.1017592,0,0,0
1771625885.101895,0,0,0
1771625885.1020236,0,0,0
1771625885.102152,0,0,0
1771625885.1058834,0,0,0
1771625885.106021,0,0,0
1771625885.1061473,0,0,0
1771625885.1062672,0,0,0
1771625885.1099215,0,0,0
1771625885.1100595,0,0,0
1771625885.11019,0,0,0
1771625885.1103168,0,0,0
1771625885.114117,0,0,0
1771625885.1142743,0,0,0
1771625885.1144137,0,0,0
1771625885.11456,0,0,0
1771625885.1180391,0,0,0
1771625885.11821,0,0,0
1771625885.1184123,0,0,0
1771625885.118539,0,0,0
1771625885.1186755,0,0,0
1771625885.1221826,0,0,0
1771625885.1222866,0,0,0
1771625885.1223764,0,0,0
1771625885.1224651,0,0,0
1771625885.126303,0,0,0
1771625885.126399,0,0,0
1771625885.126503,0,0,0
1771625885.126591,0,0,0
1771625885.1322923,0,0,0
1771625885.132386,0,0,0
1771625885.1324716,0,0,0
1771625885.1325626,0,0,0
1771625885.1345575,0,0,0
1771625885.1346946,0,0,0
1771625885.134816,0,0,0
1771625885.1349335,0,0,0
1771625885.1395323,0,0,0
1771625885.139644,0,0,0
1771625885.1397445,0,0,0
1771625885.1398373,0,0,0
1771625885.142795,0,0,0
1771625885.1429338,0,0,0
1771625885.1430614,0,0,0
1771625885.1431863,0,0,0
1771625885.1468387,0,0,0
1771625885.146976,0,0,0
1771625885.147105,0,0,0
1771625885.1472304,0,0,0
1771625885.1509187,0,0,0
1771625885.1510823,0,0,0
1771625885.1512284,0,0,0
1771625885.1513712,0,0,0
1771625885.1549358,0,0,0
1771625885.1550827,0,0,0
1771625885.1552432,0,0,0
1771625885.1554015,0,0,0
1771625885.159043,0,0,0
1771625885.15915,0,0,0
1771625885.159245,0,0,0
1771625885.1593409,0,0,0
1771625885.1630888,0,0,0
1771625885.1632538,0,0,0
1771625885.163378,0,0,0
1771625885.163501,0,0,0
1771625885.163625,0,0,0
1771625885.1672518,0,0,0
1771625885.1673472,0,0,0
1771625885.1674378,0,0,0
1771625885.1675267,0,0,0
1771625885.171324,0,0,0
1771625885.1714132,0,0,0
1771625885.1715024,0,0,0
1771625885.1715918,0,0,0
1771625885.175481,0,0,0
1771625885.1755755,0,0,0
1771625885.1756718,0,0,0
1771625885.17576,0,0,0
1771625885.1795158,0,0,0
1771625885.1796021,0,0,0
1771625885.1796913,0,0,0
1771625885.179776,0,0,0
1771625885.1836996,0,0,0
1771625885.1838255,0,0,0
1771625885.183961,0,0,0
1771625885.1840808,0,0,0
1771625885.1877608,0,0,0
1771625885.1878567,0,0,0
1771625885.1879494,0,0,0
1771625885.1880722,0,0,0
1771625885.1918879,0,0,0
1771625885.1920238,0,0,0
1771625885.1921613,0,0,0
1771625885.1922953,0,0,0
1771625885.1959553,0,0,0
1771625885.1961157,0,0,0
1771625885.196242,0,0,0
1771625885.196368,0,0,0
1771625885.2000315,0,0,0
1771625885.2001595,0,0,0
1771625885.2002833,0,0,0
1771625885.2004054,0,0,0
1771625885.204101,0,0,0
1771625885.2042546,0,0,0
1771625885.2043815,0,0,0
1771625885.2045074,0,0,0
1771625885.208188,0,0,0
1771625885.2083611,0,0,0
1771625885.208489,0,0,0
1771625885.2086673,0,0,0
1771625885.2087915,0,0,0
1771625885.2123084,0,0,0
1771625885.2124045,0,0,0
1771625885.2124956,0,0,0
1771625885.212586,0,0,0
1771625885.216373,0,0,0
1771625885.216463,0,0,0
1771625885.2165515,0,0,0
1771625885.2166429,0,0,0
1771625885.2204914,0,0,0
1771625885.2205918,0,0,0
1771625885.2207437,0,0,0
1771625885.2208848,0,0,0
1771625885.22458,0,0,0
1771625885.2246666,0,0,0
1771625885.224752,0,0,0
1771625885.2248359,0,0,0
1771625885.2286897,0,0,0
1771625885.2287772,0,0,0
1771625885.228861,0,0,0
1771625885.2289438,0,0,0
1771625885.232872,0,0,0
1771625885.2330117,0,0,0
1771625885.2331424,0,0,0
1771625885.2332683,0,0,0
1771625885.2369382,0,0,0
1771625885.2370517,0,0,0
1771625885.2371428,0,0,0
1771625885.237233,0,0,0
1771625885.241058,0,0,0
1771625885.2412906,0,0,0
1771625885.2415109,0,0,0
1771625885.241726,0,0,0
1771625885.2453542,0,0,0
1771625885.2455835,0,0,0
1771625885.2456822,0,0,0
1771625885.2457738,0,0,0
1771625885.2492826,0,0,0
1771625885.2495265,0,0,0
1771625885.2497652,0,0,0
1771625885.2499835,0,0,0
1771625885.25411,0,0,0
1771625885.2543652,0,0,0
1771625885.254527,0,0,0
1771625885.2547743,0,0,0
1771625885.254922,0,0,0
1771625885.2592127,0,0,0
1771625885.2593703,0,0,0
1771625885.2595456,0,0,0
1771625885.2596912,0,0,0
1771625885.2615445,0,0,0
1771625885.2616842,0,0,0
1771625885.2631335,0,0,0
1771625885.263274,0,0,0
1771625885.2665384,0,0,0
1771625885.2671745,0,0,0
1771625885.2673109,0,0,0
1771625885.2674427,0,0,0
1771625885.2696948,0,0,0
1771625885.2698395,0,0,0
1771625885.2699747,0,0,0
1771625885.2701266,0,0,0
1771625885.2738032,0,0,0
1771625885.274048,0,0,0
1771625885.2741745,0,0,0
1771625885.2743025,0,0,0
1771625885.27801,0,0,0
1771625885.2781422,0,0,0
1771625885.2782645,0,0,0
1771625885.2783794,0,0,0
1771625885.282029,0,0,0
1771625885.2821584,0,0,0
1771625885.2822728,0,0,0
1771625885.2823858,0,0,0
1771625885.2861812,0,0,0
1771625885.286343,0,0,0
1771625885.2864764,0,0,0
1771625885.2866,0,0,0
1771625885.290162,0,0,0
1771625885.2902732,0,0,0
1771625885.2903628,0,0,0
1771625885.2904506,0,0,0
1771625885.2942102,0,0,0
1771625885.2943153,0,0,0
1771625885.294458,0,0,0
1771625885.2945561,0,0,0
1771625885.2982743,0,0,0
1771625885.2984715,0,0,0
1771625885.2986045,0,0,0
1771625885.2987678,0,0,0
1771625885.298902,0,0,0
1771625885.3025594,0,0,0
1771625885.3027182,0,0,0
1771625885.302853,0,0,0
1771625885.3029745,0,0,0
1771625885.3088703,0,0,0
1771625885.3089936,0,0,0
1771625885.3091218,0,0,0
1771625885.3092325,0,0,0
1771625885.3107786,0,0,0
1771625885.3109183,0,0,0
1771625885.3110447,0,0,0
1771625885.3111649,0,0,0
1771625885.3154833,0,0,0
1771625885.3156135,0,0,0
1771625885.315738,0,0,0
1771625885.3158507,0,0,0
1771625885.318879,0,0,0
1771625885.3189778,0,0,0
1771625885.3190665,0,0,0
1771625885.3191545,0,0,0
1771625885.322995,0,0,0
1771625885.3231983,0,0,0
1771625885.3233216,0,0,0
1771625885.3234496,0,0,0
1771625885.3272805,0,0,0
1771625885.3275175,0,0,0
1771625885.327736,0,0,0
1771625885.327948,0,0,0
1771625885.3311164,0,0,0
1771625885.3312542,0,0,0
1771625885.331419,0,0,0
1771625885.331584,0,0,0
1771625885.3351767,0,0,0
1771625885.3353088,0,0,0
1771625885.3354344,0,0,0
1771625885.3355823,0,0,0
1771625885.3392782,0,0,0
1771625885.3394969,0,0,0
1771625885.339707,0,0,0
1771625885.3399167,0,0,0
1771625885.3432887,0,0,0
1771625885.3434327,0,0,0
1771625885.3435547,0,0,0
1771625885.3436766,0,0,0
1771625885.3438044,0,0,0
1771625885.3474753,0,0,0
1771625885.347571,0,0,0
1771625885.3476677,0,0,0
1771625885.3477573,0,0,0
1771625885.3515468,0,0,0
1771625885.3516386,0,0,0
1771625885.3517315,0,0,0
1771625885.3518195,0,0,0
1771625885.3576057,0,0,0
1771625885.3577487,0,0,0
1771625885.3578856,0,0,0
1771625885.3580132,0,0,0
1771625885.3598328,0,0,0
1771625885.3599682,0,0,0
1771625885.3601003,0,0,0
1771625885.3602228,0,0,0
1771625885.363912,0,0,0
1771625885.3640096,0,0,0
1771625885.3640962,0,0,0
1771625885.3641818,0,0,0
1771625885.3680947,0,0,0
1771625885.3683155,0,0,0
1771625885.368525,0,0,0
1771625885.368734,0,0,0
1771625885.3721726,0,0,0
1771625885.3723097,0,0,0
1771625885.3724365,0,0,0
1771625885.3725593,0,0,0
1771625885.376402,0,0,0
1771625885.3767447,0,0,0
1771625885.3770447,0,0,0
1771625885.3772686,0,0,0
1771625885.3802645,0,0,0
1771625885.3804014,0,0,0
1771625885.3805249,0,0,0
1771625885.3806467,0,0,0
1771625885.3842945,0,0,0
1771625885.3844213,0,0,0
1771625885.3845453,0,0,0
1771625885.3847778,0,0,0
1771625885.3885286,0,0,0
1771625885.38881,0,0,0
1771625885.3890545,0,0,0
1771625885.3892653,0,0,0
1771625885.3894567,0,0,0
1771625885.392536,0,0,0
1771625885.3926327,0,0,0
1771625885.3927248,0,0,0
1771625885.3928168,0,0,0
1771625885.3966541,0,0,0
1771625885.3967457,0,0,0
1771625885.3968341,0,0,0
1771625885.3969257,0,0,0
1771625885.400779,0,0,0
1771625885.4008644,0,0,0
1771625885.400952,0,0,0
1771625885.4010353,0,0,0
1771625885.4048297,0,0,0
1771625885.4049141,0,0,0
1771625885.4049966,0,0,0
1771625885.4050794,0,0,0
1771625885.4495187,0,0,0
1771625885.449666,0,0,0
1771625885.4497578,0,0,0
1771625885.4498503,0,0,0
1771625885.4499433,0,0,0
1771625885.4500346,0,0,0
1771625885.4501262,0,0,0
1771625885.4502163,0,0,0
1771625885.450402,0,0,0
1771625885.4504917,0,0,0
1771625885.4505808,0,0,0
1771625885.4506705,0,0,0
1771625885.45076,0,0,0
1771625885.4508505,0,0,0
1771625885.4509406,0,0,0
1771625885.4510448,0,0,0
1771625885.4511333,0,0,0
1771625885.4512239,0,0,0
1771625885.451315,0,0,0
1771625885.4514053,0,0,0
1771625885.4514978,0,0,0
1771625885.4515877,0,0,0
1771625885.451677,0,0,0
1771625885.4517682,0,0,0
1771625885.4518566,0,0,0
1771625885.451945,0,0,0
1771625885.4520311,0,0,0
1771625885.4521186,0,0,0
1771625885.4522064,0,0,0
1771625885.4522972,0,0,0
1771625885.4523838,0,0,0
1771625885.4524698,0,0,0
1771625885.4525564,0,0,0
1771625885.4526439,0,0,0
1771625885.4527307,0,0,0
1771625885.452817,0,0,0
1771625885.4529033,0,0,0
1771625885.4529896,0,0,0
1771625885.4530761,0,0,0
1771625885.453164,0,0,0
1771625885.4532497,0,0,0
1771625885.4533358,0,0,0
1771625885.4534218,0,0,0
1771625885.4535077,0,0,0
1771625885.4535947,0,0,0
1771625885.4539998,0,0,0
1771625885.4540908,0,0,0
1771625885.4541776,0,0,0
1771625885.4542863,0,0,0
1771625885.4993882,0,0,0
1771625885.4995337,0,0,0
1771625885.4996283,0,0,0
1771625885.4997194,0,0,0
1771625885.499866,0,0,0
1771625885.499964,0,0,0
1771625885.5000517,0,0,0
1771625885.5001404,0,0,0
1771625885.5002291,0,0,0
1771625885.5003898,0,0,0
1771625885.500477,0,0,0
1771625885.5005643,0,0,0
1771625885.5006516,0,0,0
1771625885.5007384,0,0,0
1771625885.5008254,0,0,0
1771625885.5009134,0,0,0
1771625885.5010026,0,0,0
1771625885.5010905,0,0,0
1771625885.5011787,0,0,0
1771625885.5012677,0,0,0
1771625885.501356,0,0,0
1771625885.5014482,0,0,0
1771625885.5015423,0,0,0
1771625885.501629,0,0,0
1771625885.5017164,0,0,0
1771625885.501803,0,0,0
1771625885.501981,0,0,0
1771625885.502112,0,0,0
1771625885.5022306,0,0,0
1771625885.5023475,0,0,0
1771625885.5025036,0,0,0
1771625885.5026317,0,0,0
1771625885.5027514,0,0,0
1771625885.5028703,0,0,0
1771625885.502987,0,0,0
1771625885.5030758,0,0,0
1771625885.5031638,0,0,0
1771625885.5032632,0,0,0
1771625885.5033503,0,0,0
1771625885.5034382,0,0,0
1771625885.5035272,0,0,0
1771625885.5036178,0,0,0
1771625885.5037062,0,0,0
1771625885.503795,0,0,0
1771625885.5038826,0,0,0
1771625885.503991,0,0,0
1771625885.5040786,0,0,0
1771625885.5041652,0,0,0
1771625885.5042531,0,0,0
1771625885.5074105,0,0,0
1771625885.5076492,0,0,0
1771625885.5078678,0,0,0
1771625885.508085,0,0,0
1771625885.5113235,0,0,0
1771625885.511461,0,0,0
1771625885.5115893,0,0,0
1771625885.5117157,0,0,0
1771625885.5153787,0,0,0
1771625885.5156024,0,0,0
1771625885.5158224,0,0,0
1771625885.5161493,0,0,0
1771625885.5194597,0,0,0
1771625885.519566,0,0,0
1771625885.5196636,0,0,0
1771625885.5197601,0,0,0
1771625885.523536,0,0,0
1771625885.5236654,0,0,0
1771625885.5238004,0,0,0
1771625885.5239246,0,0,0
1771625885.5240638,0,0,0
1771625885.5290868,0,0,0
1771625885.529226,0,0,0
1771625885.5293214,0,0,0
1771625885.5294156,0,0,0
1771625885.5321374,0,0,0
1771625885.5322764,0,0,0
1771625885.532383,0,0,0
1771625885.5324821,0,0,0
1771625885.5359032,0,0,0
1771625885.5360053,0,0,0
1771625885.5360951,0,0,0
1771625885.5361836,0,0,0
1771625885.5399528,0,0,0
1771625885.5400398,0,0,0
1771625885.5401254,0,0,0
1771625885.5402105,0,0,0
1771625885.5440722,0,0,0
1771625885.5441678,0,0,0
1771625885.544254,0,0,0
1771625885.5443392,0,0,0
1771625885.5481641,0,0,0
1771625885.5482502,0,0,0
1771625885.548334,0,0,0
1771625885.548419,0,0,0
1771625885.5523536,0,0,0
1771625885.5524604,0,0,0
1771625885.5525568,0,0,0
1771625885.5526786,0,0,0
1771625885.5564206,0,0,0
1771625885.5566463,0,0,0
1771625885.5568726,0,0,0
1771625885.5571024,0,0,0
1771625885.5605688,0,0,0
1771625885.5608122,0,0,0
1771625885.561034,0,0,0
1771625885.5611255,0,0,0
1771625885.5648582,0,0,0
1771625885.5650136,0,0,0
1771625885.5651443,0,0,0
1771625885.565273,0,0,0
1771625885.568609,0,0,0
1771625885.568949,0,0,0
1771625885.569173,0,0,0
1771625885.569341,0,0,0
1771625885.5694602,0,0,0
1771625885.5727212,0,0,0
1771625885.5728152,0,0,0
1771625885.5729053,0,0,0
1771625885.5729954,0,0,0
1771625885.5769265,0,0,0
1771625885.5770233,0,0,0
1771625885.5771115,0,0,0
1771625885.5772002,0,0,0
1771625885.580967,0,0,0
1771625885.581116,0,0,0
1771625885.581269,0,0,0
1771625885.5814114,0,0,0
1771625885.5852404,0,0,0
1771625885.585391,0,0,0
1771625885.585516,0,0,0
1771625885.5856426,0,0,0
1771625885.5892065,0,0,0
1771625885.589302,0,0,0
1771625885.5893936,0,0,0
1771625885.5894794,0,0,0
1771625885.5932052,0,0,0
1771625885.593294,0,0,0
1771625885.5933805,0,0,0
1771625885.593465,0,0,0
1771625885.597408,0,0,0
1771625885.5975413,0,0,0
1771625885.5976636,0,0,0
1771625885.5977836,0,0,0
1771625885.6015308,0,0,0
1771625885.6017668,0,0,0
1771625885.6019907,0,0,0
1771625885.602211,0,0,0
1771625885.605567,0,0,0
1771625885.605699,0,0,0
1771625885.6058207,0,0,0
1771625885.605942,0,0,0
1771625885.6096418,0,0,0
1771625885.6098664,0,0,0
1771625885.6102004,135,0,255
1771625885.6105351,135,0,255
1771625885.6138735,135,0,255
1771625885.6140692,135,1,255
1771625885.6142545,135,1,255
1771625885.6144361,135,1,255
1771625885.617998,135,1,255
1771625885.6183312,135,1,255
1771625885.6186619,135,1,255
1771625885.6190057,135,3,255
1771625885.622111,135,3,255
1771625885.6222916,135,3,255
1771625885.6224344,135,3,255
1771625885.6225832,135,4,255
1771625885.6261606,135,4,255
1771625885.6265123,135,6,255
1771625885.6268444,135,6,255
1771625885.6273282,135,6,255
1771625885.6302464,135,7,255
1771625885.6305158,135,7,255
1771625885.6306884,135,9,255
1771625885.6308718,135,9,255
1771625885.6343007,135,10,255
1771625885.6345158,135,10,255
1771625885.6346703,135,12,255
1771625885.6348207,135,13,255
1771625885.638354,135,13,255
1771625885.638625,135,15,255
1771625885.6388414,135,15,255
1771625885.639292,135,16,255
1771625885.642483,135,18,255
1771625885.6427824,135,18,255
1771625885.6431835,135,19,255
1771625885.6435673,135,21,255
1771625885.6465664,135,21,255
1771625885.6467772,135,22,255
1771625885.6470025,135,24,255
1771625885.647217,135,24,255
1771625885.6506896,135,25,255
1771625885.650868,135,27,255
1771625885.6510713,135,28,255
1771625885.6512907,135,28,255
1771625885.654771,135,30,255
1771625885.6549916,135,31,255
1771625885.6552007,135,31,255
1771625885.6554058,135,33,255
1771625885.658882,135,34,255
1771625885.6591263,135,36,255
1771625885.6593368,135,37,255
1771625885.6595051,135,37,255
1771625885.6629562,135,39,255
1771625885.6631737,135,40,255
1771625885.6633787,135,42,255
1771625885.6635842,135,42,255
1771625885.6670702,135,43,255
1771625885.66728,135,45,255
1771625885.6674752,135,46,255
1771625885.66767,135,48,255
1771625885.6711128,135,48,255
1771625885.6715415,135,49,255
1771625885.6719172,135,51,255
1771625885.672278,135,52,255
1771625885.6751919,135,54,255
1771625885.6753793,135,55,255
1771625885.675529,135,55,255
1771625885.6756778,135,57,255
1771625885.6792781,135,58,255
1771625885.6795268,135,60,255
1771625885.6797523,135,61,255
1771625885.6799004,135,61,255
1771625885.6834128,135,63,255
1771625885.6836147,135,64,255
1771625885.683773,135,66,255
1771625885.6839352,135,67,255
1771625885.6875074,135,69,255
1771625885.6877613,135,69,255
1771625885.687966,135,70,255
1771625885.6882029,135,72,255
1771625885.6916087,135,73,255
1771625885.691839,135,75,255
1771625885.692035,135,76,255
1771625885.692194,135,76,255
1771625885.695684,135,78,255
1771625885.6959045,135,79,255
1771625885.6961162,135,81,255
1771625885.69632,135,82,255
1771625885.699908,135,84,255
1771625885.7004678,135,85,255
1771625885.7008889,135,85,255
1771625885.7012584,135,87,255
1771625885.7014158,135,88,255
1771625885.7048767,135,90,255
1771625885.7050543,135,91,255
1771625885.7052212,135,93,255
1771625885.7053745,135,93,255
1771625885.7082114,135,94,255
1771625885.7084312,135,96,255
1771625885.7086115,135,97,255
1771625885.7089067,135,99,255
1771625885.712236,135,100,255
1771625885.712401,135,100,255
1771625885.7125645,135,102,255
1771625885.7162857,135,103,255
1771625885.7165656,135,105,255
1771625885.7168298,135,106,255
1771625885.717247,135,108,255
1771625885.7204244,135,108,255
1771625885.7206597,135,109,255
1771625885.7208781,135,111,240
1771625885.7210977,135,112,225
1771625885.7246015,135,114,210
1771625885.7248511,135,114,210
1771625885.7250762,135,115,195
1771625885.7285278,135,117,180
1771625885.7287858,135,118,165
1771625885.7290435,135,120,150
1771625885.7292645,135,121,135
1771625885.7329862,135,121,135
1771625885.7332177,135,123,120
1771625885.733439,135,124,105
1771625885.733645,135,126,90
1771625885.7374358,135,126,90
1771625885.7378454,135,127,75
1771625885.7382739,135,129,60
1771625885.73864,135,129,60
1771625885.7412865,135,130,45
1771625885.7416651,135,132,30
1771625885.742023,135,133,15
1771625885.7422917,135,133,15
1771625885.7451255,135,135,0
1771625885.7453675,135,136,15
1771625885.7455988,135,136,15
1771625885.7458038,135,138,30
1771625885.7490647,135,139,45
1771625885.7492795,135,139,45
1771625885.7494729,135,141,60
1771625885.7496362,135,141,60
1771625885.7533789,135,142,75
1771625885.753749,135,142,75
1771625885.75415,135,144,90
1771625885.7543218,135,145,105
1771625885.757269,135,145,105
1771625885.7575233,135,147,120
1771625885.7577548,135,147,120
1771625885.7579477,135,148,135
1771625885.761508,135,148,135
1771625885.7619143,135,150,150
1771625885.7620807,135,150,150
1771625885.7654574,135,150,150
1771625885.765705,135,151,165
1771625885.7659416,135,151,165
1771625885.7661765,135,153,180
1771625885.7700548,135,153,180
1771625885.7706747,135,153,180
1771625885.7710142,135,153,180
1771625885.7712388,135,154,195
1771625885.7737217,135,154,195
1771625885.7739453,135,154,195
1771625885.7741618,135,154,195
1771625885.777655,135,154,195
1771625885.777953,135,154,195
1771625885.7782118,135,154,195
1771625885.778485,135,154,195
1771625885.7818015,135,154,195
1771625885.7820492,135,154,195
1771625885.7822728,135,154,195
1771625885.7824955,135,153,180
1771625885.7859926,135,153,180
1771625885.786279,135,153,180
1771625885.7865343,135,153,180
1771625885.7899005,135,153,180
1771625885.7901635,135,153,180
1771625885.790393,135,151,165
1771625885.7906148,135,151,165
1771625885.7941294,135,151,165
1771625885.79452,135,151,165
1771625885.7949066,135,150,150
1771625885.795135,135,150,150
1771625885.7984238,135,150,150
1771625885.7988257,135,150,150
1771625885.7992647,135,148,135
1771625885.7996347,135,148,135
1771625885.802325,135,148,135
1771625885.8024924,135,147,120
1771625885.802653,135,147,120
1771625885.806437,135,147,120
1771625885.8068588,135,145,105
1771625885.8072627,135,145,105
1771625885.8076484,135,145,105
1771625885.8104672,135,144,90
1771625885.810764,135,144,90
1771625885.8111286,135,144,90
1771625885.8114853,135,142,75
1771625885.8147087,135,142,75
1771625885.815098,135,142,75
1771625885.8157353,135,142,75
1771625885.8161798,135,141,60
1771625885.8188074,135,141,60
1771625885.8192272,135,141,60
1771625885.819618,135,139,45
1771625885.8199744,135,139,45
1771625885.8229315,135,139,45
1771625885.8233094,135,138,30
1771625885.8236747,135,138,30
1771625885.823877,135,138,30
1771625885.827009,135,136,15
1771625885.8273792,135,136,15
1771625885.8277442,135,136,15
1771625885.828078,135,135,0
1771625885.8311658,135,135,0
1771625885.8318255,135,135,0
1771625885.8323042,135,133,15
1771625885.8324962,135,133,15
1771625885.8350868,135,133,15
1771625885.8353326,135,132,30
1771625885.835568,135,132,30
1771625885.8357816,135,132,30
1771625885.8390543,135,132,30
1771625885.839416,135,130,45
1771625885.8397756,135,130,45
1771625885.840184,135,130,45
1771625885.8431766,135,129,60
1771625885.8433976,135,129,60
1771625885.8436012,135,129,60
1771625885.8438041,135,127,75
1771625885.8473437,135,127,75
1771625885.8476074,135,127,75
1771625885.8478389,135,126,90
1771625885.8480873,135,126,90
1771625885.8513885,135,126,90
1771625885.8516786,135,124,105
1771625885.851933,135,124,105
1771625885.8521829,135,124,105
1771625885.8555486,135,123,120
1771625885.8559387,135,123,120
1771625885.8562217,135,123,120
1771625885.856393,135,123,120
1771625885.8597426,135,121,135
1771625885.8599737,135,121,135
1771625885.8601973,135,121,135
1771625885.863623,135,121,135
1771625885.8639226,135,120,150
1771625885.8641782,135,120,150
1771625885.864429,135,120,150
1771625885.8677747,135,120,150
1771625885.8679423,135,118,165
1771625885.868103,135,118,165
1771625885.8682659,135,118,165
1771625885.872048,135,118,165
1771625885.872449,135,118,165
1771625885.8728397,135,118,165
1771625885.8731012,135,117,180
1771625885.8763318,135,117,180
1771625885.8765955,135,117,180
1771625885.876794,135,117,180
1771625885.880089,135,117,180
1771625885.8802893,135,117,180
1771625885.8804593,135,117,180
1771625885.8806243,135,117,180
1771625885.8842254,135,117,180
1771625885.8844635,135,117,180
1771625885.8846912,135,117,180
1771625885.884911,135,117,180
1771625885.8883946,135,117,180
1771625885.8887186,135,117,180
1771625885.8891072,135,117,180
1771625885.892405,135,117,180
1771625885.8930628,135,117,180
1771625885.8934515,135,117,180
1771625885.8936193,135,117,180
1771625885.8965075,135,118,165
1771625885.8967576,135,118,165
1771625885.8969564,135,118,165
1771625885.8971353,135,118,165
1771625885.9008172,135,118,165
1771625885.9015372,135,118,165
1771625885.9018471,135,118,165
1771625885.9020696,135,118,165
1771625885.9486485,135,118,165
1771625885.9488294,135,120,150
1771625885.94899,135,120,150
1771625885.9491487,135,120,150
1771625885.949306,135,120,150
1771625885.9495406,135,120,150
1771625885.949696,135,120,150
1771625885.9498527,135,120,150
1771625885.9500191,135,120,150
1771625885.9501746,135,120,150
1771625885.9503307,135,120,150
1771625885.950492,135,121,135
1771625885.9506495,135,121,135
1771625885.9508033,135,121,135
1771625885.9509625,135,121,135
1771625885.9511158,135,121,135
1771625885.9512687,135,121,135
1771625885.9514227,135,121,135
1771625885.9515746,135,121,135
1771625885.9517272,135,121,135
1771625885.951879,135,121,135
1771625885.952033,135,121,135
1771625885.952185,135,121,135
1771625885.9523375,135,121,135
1771625885.9524913,135,121,135
1771625885.952642,135,121,135
1771625885.9527924,135,121,135
1771625885.952942,135,123,120
1771625885.953106,135,123,120
1771625885.9532518,135,123,120
1771625885.953402,135,123,120
1771625885.9535608,135,123,120
1771625885.9537547,135,123,120
1771625885.9540536,135,123,120
1771625885.9542391,135,123,120
1771625885.9543908,135,123,120
1771625885.9545472,135,123,120
1771625885.9547052,135,123,120
1771625885.954852,135,123,120
1771625885.9549983,135,123,120
1771625885.9551446,135,123,120
1771625885.9552915,135,123,120
1771625885.9554374,135,123,120
1771625885.9555829,135,123,120
1771625885.9557292,135,123,120
1771625885.9558752,135,123,120
1771625885.9560223,135,123,120
1771625885.956168,135,123,120
1771625885.9580853,135,123,120
1771625885.958399,135,123,120
1771625885.958652,135,123,120
1771625885.9619763,135,123,120
1771625885.9622219,135,123,120
1771625885.962635,135,123,120
1771625885.9629042,135,123,120
1771625885.9661329,135,123,120
1771625885.9663596,135,123,120
1771625885.9665825,135,123,120
1771625885.966807,135,123,120
1771625885.9704773,135,123,120
1771625885.970877,135,123,120
1771625885.9714491,135,123,120
1771625885.974198,135,123,120
1771625885.9744663,135,123,120
1771625885.9746902,135,123,120
1771625885.9749134,135,123,120
1771625885.9784522,135,123,120
1771625885.9787533,135,123,120
1771625885.978994,135,123,120
1771625885.9792402,135,123,120
1771625885.9826174,135,123,120
1771625885.9828427,135,123,120
1771625885.9830582,135,123,120
1771625885.9832814,135,123,120
1771625885.9866638,135,123,120
1771625885.9868388,135,123,120
1771625885.987007,135,123,120
1771625885.9907413,135,123,120
1771625885.9910262,135,123,120
1771625885.991315,135,123,120
1771625885.9915612,135,123,120
1771625885.9948225,135,123,120
1771625885.995068,135,123,120
1771625885.9952571,135,123,120
1771625885.995429,135,123,120
1771625885.9990633,135,123,120
1771625885.9996033,135,123,120
1771625886.000153,135,123,120
1771625886.002954,135,123,120
1771625886.0033824,135,123,120
1771625886.0037687,135,123,120
1771625886.0039358,135,123,120
1771625886.007087,135,123,120
1771625886.0072663,135,123,120
1771625886.0074513,135,123,120
1771625886.0076644,135,123,120
1771625886.0112333,135,123,120
1771625886.0114639,135,123,120
1771625886.0116894,135,123,120
1771625886.0151958,135,123,120
1771625886.0154276,135,123,120
1771625886.0156493,135,123,120
1771625886.015866,135,123,120
1771625886.0193613,135,123,120
1771625886.019581,135,123,120
1771625886.0197961,135,123,120
1771625886.020023,135,123,120
1771625886.0235887,135,123,120
1771625886.023817,135,123,120
1771625886.024033,135,123,120
1771625886.0242443,135,123,120
1771625886.027612,135,123,120
1771625886.0277722,135,123,120
1771625886.027945,135,123,120
1771625886.0317535,135,123,120
1771625886.0321407,135,123,120
1771625886.0325143,135,123,120
1771625886.0327861,135,123,120
1771625886.0363235,135,123,120
1771625886.036942,135,123,120
1771625886.0374782,135,123,120
1771625886.0376525,135,123,120
1771625886.0401,135,123,120
1771625886.0404882,135,123,120
1771625886.0408943,135,123,120
1771625886.044037,135,123,120
1771625886.0444365,135,123,120
1771625886.0448325,135,123,120
1771625886.0452082,135,123,120
1771625886.0484102,135,123,120
1771625886.0488122,135,123,120
1771625886.0491855,135,123,120
1771625886.0494812,135,123,120
1771625886.0527236,135,123,120
1771625886.0533025,135,123,120
1771625886.0535119,135,123,120
1771625886.0565295,135,123,120
1771625886.0568337,135,123,120
1771625886.0570507,135,123,120
1771625886.0572662,135,123,120
1771625886.061083,135,123,120
1771625886.06135,135,123,120
1771625886.0615168,135,123,120
1771625886.061685,135,123,120
1771625886.0650737,135,123,120
1771625886.0653093,135,123,120
1771625886.0654876,135,123,120
1771625886.0656486,135,123,120
1771625886.1106784,135,123,120
1771625886.1108668,135,123,120
1771625886.111036,135,123,120
1771625886.1111934,135,123,120
1771625886.1114333,135,123,120
1771625886.1117468,135,123,120
1771625886.1119313,135,123,120
1771625886.11209,135,123,120
1771625886.1122491,135,123,120
1771625886.1124084,135,123,120
1771625886.1125717,135,123,120
1771625886.1127255,135,123,120
1771625886.1128879,135,123,120
1771625886.1130416,135,123,120
1771625886.1131928,135,123,120
1771625886.1133454,135,123,120
1771625886.1134973,135,123,120
1771625886.1136491,135,123,120
1771625886.1138003,135,123,120
1771625886.1139517,135,123,120
1771625886.1141045,135,123,120
1771625886.114288,135,123,120
1771625886.1144388,135,123,120
1771625886.1147332,135,123,120
1771625886.114898,135,123,120
1771625886.1151073,135,123,120
1771625886.1153085,135,123,120
1771625886.115502,135,123,120
1771625886.1158328,135,123,120
1771625886.116047,135,123,120
1771625886.1162379,135,123,120
1771625886.1164393,135,123,120
1771625886.1166346,135,123,120
1771625886.1168447,135,123,120
1771625886.1170444,135,123,120
1771625886.1172564,135,123,120
1771625886.1174698,135,123,120
1771625886.117678,135,123,120
1771625886.1178842,135,123,120
1771625886.1180394,135,123,120
1771625886.1181958,135,123,120
1771625886.1183503,135,123,120
1771625886.1185222,135,123,120
1771625886.1186748,135,123,120
1771625886.1188388,135,123,120
1771625886.1189907,135,123,120
1771625886.1191447,135,123,120
1771625886.1192982,135,123,120
1771625886.121824,135,123,120
1771625886.121992,135,123,120
1771625886.1221604,135,123,120
1771625886.1258469,135,123,120
1771625886.1262667,135,123,120
1771625886.1266472,135,123,120
1771625886.1270227,135,123,120
1771625886.12997,135,123,120
1771625886.130214,135,123,120
1771625886.1304438,135,123,120
1771625886.1306698,135,123,120
1771625886.1341822,135,123,120
1771625886.1344163,135,123,120
1771625886.134663,135,123,120
1771625886.1380334,135,123,120
1771625886.1382947,135,123,120
1771625886.138465,135,123,120
1771625886.138636,135,123,120
1771625886.1422098,135,123,120
1771625886.1424484,135,123,120
1771625886.14267,135,123,120
1771625886.142891,135,123,120
1771625886.14654,135,123,120
1771625886.1469333,135,123,120
1771625886.1472201,135,123,120
1771625886.1477516,135,123,120
1771625886.1505578,135,123,120
1771625886.1507916,135,123,120
1771625886.1510148,135,123,120
1771625886.1544404,135,123,120
1771625886.1547081,135,123,120
1771625886.1552076,135,123,120
1771625886.1555603,135,123,120
1771625886.1586199,135,123,120
1771625886.1588466,135,123,120
1771625886.1590688,135,123,120
1771625886.159346,135,123,120
1771625886.1633189,135,123,120
1771625886.1637068,135,123,120
1771625886.1641612,135,123,120
1771625886.1667206,135,123,120
1771625886.166947,135,123,120
1771625886.1671658,135,123,120
1771625886.167391,135,123,120
1771625886.1708941,135,123,120
1771625886.171127,135,123,120
1771625886.1713512,135,123,120
1771625886.1715653,135,123,120
1771625886.1750011,135,123,120
1771625886.1751802,135,123,120
1771625886.1753767,135,123,120
1771625886.1755986,135,123,120
1771625886.179378,135,123,120
1771625886.179629,135,123,120
1771625886.1798313,135,123,120
1771625886.183281,135,123,120
1771625886.1835546,135,123,120
1771625886.1837645,135,123,120
1771625886.1839354,135,123,120
1771625886.1878219,135,123,120
1771625886.188038,135,123,120
1771625886.1884828,135,123,120
1771625886.1887066,135,123,120
1771625886.1914456,135,123,120
1771625886.191624,135,123,120
1771625886.1917908,135,123,120
1771625886.1954346,135,123,120
1771625886.1956124,135,123,120
1771625886.1957808,135,123,120
1771625886.1959503,135,123,120
1771625886.1996083,135,123,120
1771625886.1998365,135,123,120
1771625886.2000077,135,123,120
1771625886.2001765,135,123,120
1771625886.203752,135,123,120
1771625886.2040026,135,123,120
1771625886.204224,135,123,120
1771625886.2077076,135,123,120
1771625886.2082622,135,123,120
1771625886.208698,135,123,120
1771625886.2090797,135,123,120
1771625886.2118466,135,123,120
1771625886.2120752,135,123,120
1771625886.2122931,135,123,120
1771625886.2125125,135,123,120
1771625886.2164142,135,123,120
1771625886.2170985,135,123,120
1771625886.2175844,135,123,120
1771625886.2177634,135,123,120
1771625886.2201276,135,123,120
1771625886.2202883,135,123,120
1771625886.220446,135,123,120
1771625886.2241879,135,123,120
1771625886.2247226,135,123,120
1771625886.2255738,135,123,120
1771625886.2259068,135,123,120
1771625886.2282693,135,123,120
1771625886.2284994,135,123,120
1771625886.2287185,135,123,120
1771625886.228934,135,123,120
1771625886.2324243,135,123,120
1771625886.2326486,135,123,120
1771625886.2328646,135,123,120
1771625886.2363825,135,123,120
1771625886.2366245,135,123,120
1771625886.2368379,135,123,120
1771625886.2370505,135,123,120
1771625886.240568,135,123,120
1771625886.2408297,135,123,120
1771625886.2410805,135,123,120
1771625886.241344,135,123,120
1771625886.2446964,135,123,120
1771625886.2449481,135,123,120
1771625886.2451618,135,123,120
1771625886.2485924,135,123,120
1771625886.2488122,135,123,120
1771625886.249026,135,123,120
1771625886.2492816,135,123,120
1771625886.252849,135,123,120
1771625886.2530673,135,123,120
1771625886.2532778,135,123,120
1771625886.2534544,135,123,120
1771625886.2570274,135,123,120
1771625886.2573404,135,123,120
1771625886.257661,135,123,120
1771625886.2579706,135,123,120
1771625886.3081386,135,123,120
1771625886.3083122,135,123,120
1771625886.3085604,135,123,120
1771625886.3089044,135,123,120
1771625886.3092108,135,123,120
1771625886.3095107,135,123,120
1771625886.3098426,135,123,120
1771625886.3100624,135,123,120
1771625886.3102965,135,123,120
1771625886.3105159,135,123,120
1771625886.310739,135,123,120
1771625886.3109744,135,123,120
1771625886.311133,135,123,120
1771625886.3113074,135,123,120
1771625886.3114836,135,123,120
1771625886.3116736,135,123,120
1771625886.3118258,135,123,120
1771625886.3119755,135,123,120
1771625886.3121483,135,123,120
1771625886.3122976,135,123,120
1771625886.312445,135,123,120
1771625886.3125932,135,123,120
1771625886.3127465,135,123,120
1771625886.3128936,135,123,120
1771625886.3130422,135,123,120
1771625886.3131917,135,123,120
1771625886.3133404,135,123,120
1771625886.3134892,135,123,120
1771625886.3136556,135,123,120
1771625886.3138013,135,123,120
1771625886.3139484,135,123,120
1771625886.3141017,135,123,120
1771625886.3142655,135,123,120
1771625886.3144367,135,123,120
1771625886.3145847,135,123,120
1771625886.3147361,135,123,120
1771625886.314883,135,123,120
1771625886.3150303,135,123,120
1771625886.315177,135,123,120
1771625886.315323,135,123,120
1771625886.3154695,135,123,120
1771625886.3156211,135,123,120
1771625886.3157673,135,123,120
1771625886.3159177,135,123,120
1771625886.316063,135,123,120
1771625886.3162148,135,123,120
1771625886.3163612,135,123,120
1771625886.3165073,135,123,120
1771625886.3166573,135,123,120
1771625886.316803,135,123,120
1771625886.3169503,135,123,120
1771625886.3183458,135,123,120
1771625886.3187578,135,123,120
1771625886.319144,135,123,120
1771625886.319513,135,123,120
1771625886.3224702,135,123,120
1771625886.322695,135,123,120
1771625886.3229156,135,123,120
1771625886.3231332,135,123,120
1771625886.326631,135,123,120
1771625886.3270032,135,123,120
1771625886.3273678,135,123,120
1771625886.3305159,135,123,120
1771625886.330749,135,123,120
1771625886.3309617,135,123,120
1771625886.3311744,135,123,120
1771625886.3348942,135,123,120
1771625886.3351593,135,123,120
1771625886.3353722,135,123,120
1771625886.3355827,135,123,120
1771625886.3390536,135,123,120
1771625886.3394606,135,123,120
1771625886.339869,135,123,120
1771625886.3400447,135,123,120
1771625886.3430254,135,123,120
1771625886.3432488,135,123,120
1771625886.3434627,135,123,120
1771625886.3469474,135,123,120
1771625886.3471723,135,123,120
1771625886.3473947,135,123,120
1771625886.347606,135,123,120
1771625886.3511395,135,123,120
1771625886.3513577,135,123,120
1771625886.3515666,135,123,120
1771625886.3517792,135,123,120
1771625886.35526,135,123,120
1771625886.355478,135,123,120
1771625886.3556974,135,123,120
1771625886.3592143,135,123,120
1771625886.3594317,135,123,120
1771625886.3596556,135,123,120
1771625886.3598685,135,123,120
1771625886.3633783,135,123,120
1771625886.3635962,135,123,120
1771625886.3638093,135,123,120
1771625886.364021,135,123,120
1771625886.3675766,135,123,120
1771625886.367793,135,123,120
1771625886.3680038,135,123,120
1771625886.3714821,135,123,120
1771625886.3717198,135,123,120
1771625886.3719332,135,123,120
1771625886.3721457,135,123,120
1771625886.3756614,135,123,120
1771625886.3758922,135,123,120
1771625886.3761046,135,123,120
1771625886.3763177,135,123,120
1771625886.3797753,135,123,120
1771625886.379989,135,123,120
1771625886.3802032,135,123,120
1771625886.3804154,135,123,120
1771625886.3839948,135,123,120
1771625886.3842208,135,123,120
1771625886.3844357,135,123,120
1771625886.387966,135,123,120
1771625886.3883343,135,123,120
1771625886.3887053,135,123,120
1771625886.3890536,135,123,120
1771625886.3920927,135,123,120
1771625886.3923075,135,123,120
1771625886.3925188,135,123,120
1771625886.3927295,135,123,120
1771625886.3964458,135,123,120
1771625886.396864,135,123,120
1771625886.3972416,135,123,120
1771625886.4003382,135,123,120
1771625886.4005713,135,123,120
1771625886.400787,135,123,120
1771625886.4009948,135,123,120
1771625886.405164,135,123,120
1771625886.4055839,135,123,120
1771625886.4059682,135,123,120
1771625886.4063303,135,123,120
1771625886.4089825,135,123,120
1771625886.4091685,135,123,120
1771625886.4093359,135,123,120
1771625886.4094985,135,123,120
1771625886.452886,135,123,120
1771625886.4530683,135,123,120
1771625886.4532282,135,123,120
1771625886.4534047,135,123,120
1771625886.4535618,135,123,120
1771625886.4537194,135,123,120
1771625886.4538827,135,123,120
1771625886.454144,135,123,120
1771625886.4542966,135,123,120
1771625886.4544618,135,123,120
1771625886.4546154,135,123,120
1771625886.4547708,135,123,120
1771625886.4549284,135,123,120
1771625886.455083,135,123,120
1771625886.4552355,135,123,120
1771625886.455393,135,123,120
1771625886.4555452,135,123,120
1771625886.4556978,135,123,120
1771625886.45585,135,123,120
1771625886.4560034,135,123,120
1771625886.4561684,135,123,120
1771625886.4563181,135,123,120
1771625886.4564714,135,123,120
1771625886.4566243,135,123,120
1771625886.4567776,135,123,120
1771625886.4569304,135,123,120
1771625886.4570816,135,123,120
1771625886.4572306,135,123,120
1771625886.4573834,135,123,120
1771625886.4575393,135,123,120
1771625886.457687,135,123,120
1771625886.4578347,135,123,120
1771625886.4581225,135,123,120
1771625886.4583123,135,123,120
1771625886.4584694,135,123,120
1771625886.4586222,135,123,120
1771625886.4587948,135,123,120
1771625886.4590015,135,123,120
1771625886.4591563,135,123,120
1771625886.4593124,135,123,120
1771625886.4594667,135,123,120
1771625886.459631,135,123,120
1771625886.4597945,135,123,120
1771625886.4599617,135,123,120
1771625886.4617717,135,123,120
1771625886.461999,135,123,120
1771625886.46222,135,123,120
1771625886.4626207,135,123,120
1771625886.4661074,135,123,120
1771625886.4665542,135,123,120
1771625886.466944,135,123,120
1771625886.470014,135,123,120
1771625886.470423,135,123,120
1771625886.4708333,135,123,120
1771625886.4712327,135,123,120
1771625886.474013,135,123,120
1771625886.4742413,135,123,120
1771625886.474453,135,123,120
1771625886.4746606,135,123,120
1771625886.4782417,135,123,120
1771625886.478713,135,123,120
1771625886.479095,135,123,120
1771625886.4821084,135,123,120
1771625886.4825547,135,123,120
1771625886.4829435,135,123,120
1771625886.4833367,135,123,120
1771625886.4862366,135,123,120
1771625886.4866214,135,123,120
1771625886.4870024,135,123,120
1771625886.4873688,135,123,120
1771625886.4905293,135,123,120
1771625886.4908278,135,123,120
1771625886.4910238,135,123,120
1771625886.4912045,135,123,120
1771625886.534507,135,123,120
1771625886.5347373,135,123,120
1771625886.5348997,135,123,120
1771625886.5351367,135,123,120
1771625886.5353577,135,123,120
1771625886.5355837,135,123,120
1771625886.5357742,135,123,120
1771625886.5359693,135,123,120
1771625886.536151,135,123,120
1771625886.5363069,135,123,120
1771625886.53647,135,123,120
1771625886.5367062,135,123,120
1771625886.53686,135,123,120
1771625886.5370235,135,123,120
1771625886.5371757,135,123,120
1771625886.5373363,135,123,120
1771625886.5374916,135,123,120
1771625886.5376434,135,123,120
1771625886.537795,135,123,120
1771625886.5379527,135,123,120
1771625886.5381668,135,123,120
1771625886.538315,135,123,120
1771625886.5384648,135,123,120
1771625886.5386434,135,123,120
1771625886.5388227,135,123,120
1771625886.5389824,135,123,120
1771625886.539136,135,123,120
1771625886.5392885,135,123,120
1771625886.5394626,135,123,120
1771625886.5396135,135,123,120
1771625886.5397637,135,123,120
1771625886.5399334,135,123,120
1771625886.540086,135,123,120
1771625886.5402377,135,123,120
1771625886.540388,135,123,120
1771625886.5405395,135,123,120
1771625886.5406895,135,123,120
1771625886.540839,135,123,120
1771625886.5409966,135,123,120
1771625886.5411487,135,123,120
1771625886.541301,135,123,120
1771625886.5414567,135,123,120
1771625886.541608,135,123,120
1771625886.5417583,135,123,120
1771625886.5436685,135,123,120
1771625886.543937,135,123,120
1771625886.5441973,135,123,120
1771625886.5444555,135,123,120
1771625886.5478628,135,123,120
1771625886.5482829,135,123,120
1771625886.5485616,135,123,120
1771625886.5518067,135,123,120
1771625886.5520499,135,123,120
1771625886.5522623,135,123,120
1771625886.5524206,135,123,120
1771625886.556101,135,123,120
1771625886.5565114,135,123,120
1771625886.5569406,135,123,120
1771625886.5571775,135,123,120
1771625886.560148,135,123,120
1771625886.560408,135,123,120
1771625886.5606136,135,123,120
1771625886.5640616,135,123,120
1771625886.5643916,135,123,120
1771625886.5647056,135,123,120
1771625886.564968,135,123,120
1771625886.5682273,135,123,120
1771625886.5684123,135,123,120
1771625886.5685725,135,123,120
1771625886.5687313,135,123,120
1771625886.5724561,135,123,120
1771625886.5727766,135,123,120
1771625886.5730305,135,123,120
1771625886.573296,135,123,120
1771625886.5764725,135,123,120
1771625886.5766482,135,123,120
1771625886.5768094,135,123,120
1771625886.5804758,135,123,120
1771625886.580757,135,123,120
1771625886.5810587,135,123,120
1771625886.5813503,135,123,120
1771625886.5846674,135,123,120
1771625886.5849402,135,123,120
1771625886.585184,135,123,120
1771625886.5854204,135,123,120
1771625886.588917,135,123,120
1771625886.5891972,135,123,120
1771625886.589425,135,123,120
1771625886.5929782,135,123,120
1771625886.5934749,135,123,120
1771625886.593933,135,123,120
1771625886.5941696,135,123,120
1771625886.5969844,135,123,120
1771625886.59727,135,123,120
1771625886.5976205,135,123,120
1771625886.5978358,135,123,120
1771625886.6012688,135,123,120
1771625886.6018867,135,123,120
1771625886.6021688,135,123,120
1771625886.6051378,135,123,120
1771625886.6056058,135,123,120
1771625886.605851,135,123,120
1771625886.6060877,135,123,120
1771625886.609205,135,123,120
1771625886.6097128,135,123,120
1771625886.6099234,135,123,120
1771625886.6100867,135,123,120
1771625886.613381,135,123,120
1771625886.6136658,135,123,120
1771625886.6139627,135,123,120
1771625886.6143951,135,123,120
1771625886.6190326,135,123,120
1771625886.6196253,135,123,120
1771625886.6199238,135,123,120
1771625886.6214778,135,123,120
1771625886.6217186,135,123,120
1771625886.6219642,135,123,120
1771625886.6221886,135,123,120
1771625886.6256793,135,123,120
1771625886.6260037,135,123,120
1771625886.6262684,135,123,120
1771625886.6265914,135,123,120
1771625886.6300447,135,123,120
1771625886.6303346,135,123,120
1771625886.630572,135,123,120
1771625886.6337442,135,123,120
1771625886.6340637,135,123,120
1771625886.634287,135,123,120
1771625886.6345572,135,123,120
1771625886.6379576,135,123,120
1771625886.6382384,135,123,120
1771625886.6384974,135,123,120
1771625886.6387928,135,123,120
1771625886.6422188,135,123,120
1771625886.6424942,135,123,120
1771625886.6427302,135,123,120
1771625886.6429622,135,123,120
1771625886.6941745,135,123,120
1771625886.694358,135,123,120
1771625886.6945193,135,123,120
1771625886.694671,135,123,120
1771625886.6948206,135,123,120
1771625886.6949713,135,123,120
1771625886.6951315,135,123,120
1771625886.6952808,135,123,120
1771625886.69543,135,123,120
1771625886.6955793,135,123,120
1771625886.6957312,135,123,120
1771625886.6958807,135,123,120
1771625886.6960292,135,123,120
1771625886.696179,135,123,120
1771625886.696328,135,123,120
1771625886.6964774,135,123,120
1771625886.6966267,135,123,120
1771625886.696774,135,123,120
1771625886.6969228,135,123,120
1771625886.6970708,135,123,120
1771625886.6972225,135,123,120
1771625886.6973705,135,123,120
1771625886.6975186,135,123,120
1771625886.6976655,135,123,120
1771625886.6978123,135,123,120
1771625886.6979597,135,123,120
1771625886.6981068,135,123,120
1771625886.6982565,135,123,120
1771625886.6984038,135,123,120
1771625886.6985517,135,123,120
1771625886.6987,135,123,120
1771625886.698848,135,123,120
1771625886.6989965,135,123,120
1771625886.6991572,135,123,120
1771625886.6993036,135,123,120
1771625886.6994586,135,123,120
1771625886.699606,135,123,120
1771625886.6997533,135,123,120
1771625886.6999004,135,123,120
1771625886.700047,135,123,120
1771625886.700195,135,123,120
1771625886.7003434,135,123,120
1771625886.70049,135,123,120
1771625886.7006361,135,123,120
1771625886.7007823,135,123,120
1771625886.7009318,135,123,120
1771625886.7010794,135,123,120
1771625886.701227,135,123,120
1771625886.701373,135,123,120
1771625886.70152,135,123,120
1771625886.7016668,135,123,120
1771625886.703267,135,123,120
1771625886.7034538,135,123,120
1771625886.7036624,135,123,120
1771625886.7038703,135,123,120
1771625886.7074294,135,123,120
1771625886.7075858,135,123,120
1771625886.7077353,135,123,120
1771625886.7078848,135,123,120
1771625886.7116706,135,123,120
1771625886.7120454,135,123,120
1771625886.7124178,135,123,120
1771625886.7155302,135,123,120
1771625886.715959,135,123,120
1771625886.716341,135,123,120
1771625886.7166228,135,123,120
1771625886.7197292,135,123,120
1771625886.720113,135,123,120
1771625886.720502,135,123,120
1771625886.7208853,135,123,120
1771625886.724018,135,123,120
1771625886.7244456,135,123,120
1771625886.7248318,135,123,120
1771625886.7250595,135,123,120
1771625886.762638,135,123,120
1771625886.7629235,135,123,120
1771625886.7630932,135,123,120
1771625886.7632644,135,123,120
1771625886.7634237,135,123,120
1771625886.7635794,135,123,120
1771625886.7637334,135,123,120
1771625886.7638884,135,123,120
1771625886.7640493,135,123,120
1771625886.764205,135,123,120
1771625886.764359,135,123,120
1771625886.7645352,135,123,120
1771625886.7647305,135,123,120
1771625886.764886,135,123,120
1771625886.7650461,135,123,120
1771625886.765216,135,123,120
1771625886.7653704,135,123,120
1771625886.765525,135,123,120
1771625886.7656834,135,123,120
1771625886.7658358,135,123,120
1771625886.7659926,135,123,120
1771625886.7661448,135,123,120
1771625886.7662969,135,123,120
1771625886.7664502,135,123,120
1771625886.766604,135,123,120
1771625886.766758,135,123,120
1771625886.766912,135,123,120
1771625886.7670677,135,123,120
1771625886.7672215,135,123,120
1771625886.767374,135,123,120
1771625886.767526,135,123,120
1771625886.7676787,135,123,120
1771625886.767831,135,123,120
1771625886.7679858,135,123,120
1771625886.7681382,135,123,120
1771625886.7682898,135,123,120
1771625886.7684407,135,123,120
1771625886.7689228,135,123,120
1771625886.7691598,135,123,120
1771625886.769318,135,123,120
1771625886.7729964,135,123,120
1771625886.773227,135,123,120
1771625886.7734463,135,123,120
1771625886.7736785,135,123,120
1771625886.7771926,135,123,120
1771625886.7775638,135,123,120
1771625886.7778988,135,123,120
1771625886.7780585,135,123,120
1771625886.7813654,135,123,120
1771625886.781749,135,123,120
1771625886.7821226,135,123,120
1771625886.7853243,135,123,120
1771625886.7857475,135,123,120
1771625886.7861316,135,123,120
1771625886.7863407,135,123,120
1771625886.7894554,135,123,120
1771625886.789954,135,123,120
1771625886.7903488,135,123,120
1771625886.7907362,135,123,120
1771625886.7936141,135,123,120
1771625886.793984,135,123,120
1771625886.7943501,135,123,120
1771625886.797437,135,123,120
1771625886.7978158,135,123,120
1771625886.79818,135,123,120
1771625886.7983444,135,123,120
1771625886.8016245,135,123,120
1771625886.8018358,135,123,120
1771625886.80205,135,123,120
1771625886.8022609,135,123,120
1771625886.8058794,135,123,120
1771625886.8062716,135,123,120
1771625886.8066266,135,123,120
1771625886.8067892,135,123,120
1771625886.850953,135,123,120
1771625886.8511372,135,123,120
1771625886.8513014,135,123,120
1771625886.8514633,135,123,120
1771625886.8516247,135,123,120
1771625886.8517845,135,123,120
1771625886.8519452,135,123,120
1771625886.8521209,135,123,120
1771625886.852281,135,123,120
1771625886.8524508,135,123,120
1771625886.8526075,135,123,120
1771625886.8527632,135,123,120
1771625886.8529294,135,123,120
1771625886.8530853,135,123,120
1771625886.8532403,135,123,120
1771625886.853396,135,123,120
1771625886.8535502,135,123,120
1771625886.8538082,135,123,120
1771625886.8539748,135,123,120
1771625886.854133,135,123,120
1771625886.854288,135,123,120
1771625886.8544517,135,123,120
1771625886.8546207,135,123,120
1771625886.854796,135,123,120
1771625886.854947,135,123,120
1771625886.8550997,135,123,120
1771625886.8552523,135,123,120
1771625886.8554053,135,123,120
1771625886.8555574,135,123,120
1771625886.855709,135,123,120
1771625886.8558614,135,123,120
1771625886.8560188,135,123,120
1771625886.8561692,135,123,120
1771625886.856321,135,123,120
1771625886.8564723,135,123,120
1771625886.8566232,135,123,120
1771625886.8567746,135,123,120
1771625886.8569252,135,123,120
1771625886.8570766,135,123,120
1771625886.857228,135,123,120
1771625886.8573787,135,123,120
1771625886.8575308,135,123,120
1771625886.857683,135,123,120
1771625886.8578348,135,123,120
1771625886.8595061,135,123,120
1771625886.859931,135,123,120
1771625886.860317,135,123,120
1771625886.8606296,135,123,120
1771625886.8632567,135,123,120
1771625886.8634255,135,123,120
1771625886.8635817,135,123,120
1771625886.867657,135,123,120
1771625886.8680797,135,123,120
1771625886.8685641,135,123,120
1771625886.8689787,135,123,120
1771625886.8725998,135,123,120
1771625886.8730109,135,123,120
1771625886.873409,135,123,120
1771625886.8737905,135,123,120
1771625886.875854,135,123,120
1771625886.8760235,135,123,120
1771625886.8761814,135,123,120
1771625886.8763368,135,123,120
1771625886.9189901,135,123,120
1771625886.919179,135,123,120
1771625886.9193323,135,123,120
1771625886.919487,135,123,120
1771625886.9196393,135,123,120
1771625886.9197927,135,123,120
1771625886.9199593,135,123,120
1771625886.9201157,135,123,120
1771625886.920269,135,123,120
1771625886.9204552,135,123,120
1771625886.9206076,135,123,120
1771625886.9207604,135,123,120
1771625886.920922,135,123,120
1771625886.9210718,135,123,120
1771625886.9212232,135,123,120
1771625886.9213753,135,123,120
1771625886.9215267,135,123,120
1771625886.92168,135,123,120
1771625886.921835,135,123,120
1771625886.9219854,135,123,120
1771625886.9221342,135,123,120
1771625886.9222832,135,123,120
1771625886.9224334,135,123,120
1771625886.922584,135,123,120
1771625886.9227338,135,123,120
1771625886.9228907,135,123,120
1771625886.9230437,135,123,120
1771625886.9231935,135,123,120
1771625886.9233422,135,123,120
1771625886.9234927,135,123,120
1771625886.923642,135,123,120
1771625886.9237907,135,123,120
1771625886.92407,135,123,120
1771625886.92424,135,123,120
1771625886.9244072,135,123,120
1771625886.9245915,135,123,120
1771625886.924751,135,123,120
1771625886.9249055,135,123,120
1771625886.9250598,135,123,120
1771625886.925209,135,123,120
1771625886.9253578,135,123,120
1771625886.925507,135,123,120
1771625886.925655,135,123,120
1771625886.9258044,135,123,120
1771625886.9286628,135,123,120
1771625886.9288929,135,123,120
1771625886.9292283,135,123,120
1771625886.9296193,135,123,120
1771625886.9329774,135,123,120
1771625886.933383,135,123,120
1771625886.9338195,135,123,120
1771625886.9367442,135,123,120
1771625886.9371214,135,123,120
1771625886.9375021,135,123,120
1771625886.9378972,135,123,120
1771625886.9409783,135,123,120
1771625886.941196,135,123,120
1771625886.9414065,135,123,120
1771625886.941614,135,123,120
1771625886.9451537,135,123,120
1771625886.9455402,135,123,120
1771625886.9458327,135,123,120
1771625886.9489658,135,123,120
1771625886.9493625,135,123,120
1771625886.9497466,135,123,120
1771625886.9501348,135,123,120
1771625886.9532363,135,123,120
1771625886.9536393,135,123,120
1771625886.954025,135,123,120
1771625886.9542675,135,123,120
1771625886.9574149,135,123,120
1771625886.9576738,135,123,120
1771625886.957859,135,123,120
1771625886.958019,135,123,120
1771625887.001749,135,123,120
1771625887.001931,135,123,120
1771625887.0021799,135,123,120
1771625887.002357,135,123,120
1771625887.0025146,135,123,120
1771625887.002715,135,123,120
1771625887.0028682,135,123,120
1771625887.0030253,135,123,120
1771625887.0031831,135,123,120
1771625887.0033422,135,123,120
1771625887.0035026,135,123,120
1771625887.0036697,135,123,120
1771625887.003882,135,123,120
1771625887.0041118,135,123,120
1771625887.004314,135,123,120
1771625887.0044713,135,123,120
1771625887.0046377,135,123,120
1771625887.0048077,135,123,120
1771625887.0049613,135,123,120
1771625887.0051143,135,123,120
1771625887.0052915,135,123,120
1771625887.005454,135,123,120
1771625887.0056088,135,123,120
1771625887.005767,135,123,120
1771625887.005919,135,123,120
1771625887.0060835,135,123,120
1771625887.006232,135,123,120
1771625887.0064082,135,123,120
1771625887.0065582,135,123,120
1771625887.0067341,135,123,120
1771625887.0068836,135,123,120
1771625887.007032,135,123,120
1771625887.00718,135,123,120
1771625887.0073297,135,123,120
1771625887.0074782,135,123,120
1771625887.007627,135,123,120
1771625887.0077822,135,123,120
1771625887.0079465,135,123,120
1771625887.008096,135,123,120
1771625887.008243,135,123,120
1771625887.0083895,135,123,120
1771625887.0085392,135,123,120
1771625887.0086973,135,123,120
1771625887.0088463,135,123,120
1771625887.0107176,135,123,120
1771625887.0111308,135,123,120
1771625887.0115254,135,123,120
1771625887.0118794,135,123,120
1771625887.0147955,135,123,120
1771625887.0151882,135,123,120
1771625887.0155532,135,123,120
1771625887.0186307,135,123,120
1771625887.0190341,135,123,120
1771625887.019422,135,123,120
1771625887.0198762,135,123,120
1771625887.0229084,135,123,120
1771625887.0233526,135,123,120
1771625887.0237458,135,123,120
1771625887.0239737,135,123,120
1771625887.0270486,135,123,120
1771625887.0274339,135,123,120
1771625887.027826,135,123,120
1771625887.0309088,135,123,120
1771625887.0313902,135,123,120
1771625887.0317795,135,123,120
1771625887.0321689,135,123,120
1771625887.0351357,135,123,120
1771625887.0353706,135,123,120
1771625887.0358489,135,123,120
1771625887.0360315,135,123,120
1771625887.0394328,135,123,120
1771625887.0398252,135,123,120
1771625887.0402238,135,123,120
1771625887.0405865,135,123,120
1771625887.0814059,135,123,120
1771625887.0815797,135,123,120
1771625887.0817385,135,123,120
1771625887.0818973,135,123,120
1771625887.082086,135,123,120
1771625887.082305,135,123,120
1771625887.0824652,135,123,120
1771625887.0826688,135,123,120
1771625887.083049,135,123,120
1771625887.0834274,135,123,120
1771625887.083804,135,123,120
1771625887.0839982,135,123,120
1771625887.0841594,135,123,120
1771625887.0843115,135,123,120
1771625887.0844643,135,123,120
1771625887.0846164,135,123,120
1771625887.0847683,135,123,120
1771625887.0849192,135,123,120
1771625887.085073,135,123,120
1771625887.085222,135,123,120
1771625887.0853722,135,123,120
1771625887.0855212,135,123,120
1771625887.0856686,135,123,120
1771625887.0858176,135,123,120
1771625887.085971,135,123,120
1771625887.0861197,135,123,120
1771625887.0862677,135,123,120
1771625887.0864153,135,123,120
1771625887.086564,135,123,120
1771625887.086713,135,123,120
1771625887.0868614,135,123,120
1771625887.0870092,135,123,120
1771625887.0871575,135,123,120
1771625887.0873072,135,123,120
1771625887.0874555,135,123,120
1771625887.0876155,135,123,120
1771625887.0877829,135,123,120
1771625887.087935,135,123,120
1771625887.088084,135,123,120
1771625887.0882328,135,123,120
1771625887.0883815,135,123,120
1771625887.088531,135,123,120
1771625887.0886798,135,123,120
1771625887.088829,135,123,120
1771625887.0926342,135,123,120
1771625887.093043,135,123,120
1771625887.0934374,135,123,120
1771625887.0936084,135,123,120
1771625887.0967088,135,123,120
1771625887.097136,135,123,120
1771625887.0976949,135,123,120
1771625887.1005726,135,123,120
1771625887.1010103,135,123,120
1771625887.101404,135,123,120
1771625887.1017907,135,123,120
1771625887.104779,135,123,120
1771625887.1051843,135,123,120
1771625887.1055088,135,123,120
1771625887.1056905,135,123,120
1771625887.108963,135,123,120
1771625887.109338,135,123,120
1771625887.1097531,135,123,120
1771625887.1128132,135,123,120
1771625887.1134377,135,123,120
1771625887.1139307,135,123,120
1771625887.1141784,135,123,120
1771625887.1170683,135,123,120
1771625887.1172895,135,123,120
1771625887.1175094,135,123,120
1771625887.1177237,135,123,120
1771625887.1211712,135,123,120
1771625887.1213958,135,123,120
1771625887.1216097,135,123,120
1771625887.121824,135,123,120
1771625887.125394,135,123,120
1771625887.1257641,135,123,120
1771625887.126131,135,123,120
1771625887.1294034,135,123,120
1771625887.1295784,135,123,120
1771625887.129756,135,123,120
1771625887.1299176,135,123,120
1771625887.1334276,135,123,120
1771625887.13366,135,123,120
1771625887.1338787,135,123,120
1771625887.1340952,135,123,120
1771625887.1376557,135,123,120
1771625887.138031,135,123,120
1771625887.1384754,135,123,120
1771625887.1415052,135,123,120
1771625887.1418903,135,123,120
1771625887.1422698,135,123,120
1771625887.1426063,135,123,120
1771625887.1457088,135,123,120
1771625887.1459339,135,123,120
1771625887.1461518,135,123,120
1771625887.1463773,135,123,120
1771625887.1500034,135,123,120
1771625887.1503923,135,123,120
1771625887.150848,135,123,120
1771625887.151094,135,123,120
1771625887.1930044,135,123,120
1771625887.1932628,135,123,120
1771625887.1934242,135,123,120
1771625887.1936054,135,123,120
1771625887.1937654,135,123,120
1771625887.1939206,135,123,120
1771625887.1941001,135,123,120
1771625887.1942556,135,123,120
1771625887.1944103,135,123,120
1771625887.1945648,135,123,120
1771625887.194836,135,123,120
1771625887.194992,135,123,120
1771625887.1951454,135,123,120
1771625887.1952994,135,123,120
1771625887.1954522,135,123,120
1771625887.1956065,135,123,120
1771625887.1957645,135,123,120
1771625887.1959188,135,123,120
1771625887.1960757,135,123,120
1771625887.1962318,135,123,120
1771625887.1963847,135,123,120
1771625887.196538,135,123,120
1771625887.1966968,135,123,120
1771625887.19685,135,123,120
1771625887.1970038,135,123,120
1771625887.1971571,135,123,120
1771625887.1973102,135,123,120
1771625887.1974628,135,123,120
1771625887.1976147,135,123,120
1771625887.1977682,135,123,120
1771625887.1979203,135,123,120
1771625887.1980724,135,123,120
1771625887.1982238,135,123,120
1771625887.1983762,135,123,120
1771625887.198528,135,123,120
1771625887.1986847,135,123,120
1771625887.1988604,135,123,120
1771625887.1990154,135,123,120
1771625887.199246,135,123,120
1771625887.1994002,135,123,120
1771625887.1995528,135,123,120
1771625887.1997125,135,123,120
1771625887.1998646,135,123,120
1771625887.2000177,135,123,120
1771625887.2032876,135,123,120
1771625887.203696,135,123,120
1771625887.2039447,135,123,120
1771625887.2041104,135,123,120
1771625887.2072382,135,123,120
1771625887.2074363,135,123,120
1771625887.207592,135,123,120
1771625887.2112322,135,123,120
1771625887.2116382,135,123,120
1771625887.212031,135,123,120
1771625887.2123168,135,123,120
1771625887.2153387,135,123,120
1771625887.2157276,135,123,120
1771625887.2161334,135,123,120
1771625887.2165196,135,123,120
1771625887.2194364,135,123,120
1771625887.2198224,135,123,120
1771625887.2202053,135,123,120
1771625887.2234094,135,123,120
1771625887.223865,135,123,120
1771625887.2242339,135,123,120
1771625887.224395,135,123,120
1771625887.2276034,135,123,120
1771625887.2279918,135,123,120
1771625887.228376,135,123,120
1771625887.228759,135,123,120
1771625887.2318633,135,123,120
1771625887.2322688,135,123,120
1771625887.2326071,135,123,120
1771625887.2327657,135,123,120
1771625887.2740912,135,123,120
1771625887.274262,135,123,120
1771625887.2744188,135,123,120
1771625887.2745738,135,123,120
1771625887.2747474,135,123,120
1771625887.2749078,135,123,120
1771625887.2750678,135,123,120
1771625887.275242,135,123,120
1771625887.2754111,135,123,120
1771625887.2755713,135,123,120
1771625887.27573,135,123,120
1771625887.2758865,135,123,120
1771625887.2760766,135,123,120
1771625887.2762327,135,123,120
1771625887.2763867,135,123,120
1771625887.2765417,135,123,120
1771625887.2766974,135,123,120
1771625887.2768536,135,123,120
1771625887.2770097,135,123,120
1771625887.2771642,135,123,120
1771625887.2773256,135,123,120
1771625887.277483,135,123,120
1771625887.2776387,135,123,120
1771625887.277796,135,123,120
1771625887.2779512,135,123,120
1771625887.2781062,135,123,120
1771625887.2782588,135,123,120
1771625887.2784119,135,123,120
1771625887.2785623,135,123,120
1771625887.2787151,135,123,120
1771625887.2788668,135,123,120
1771625887.2790253,135,123,120
1771625887.279176,135,123,120
1771625887.2793336,135,123,120
1771625887.2794847,135,123,120
1771625887.2796357,135,123,120
1771625887.2797863,135,123,120
1771625887.2799401,135,123,120
1771625887.2800906,135,123,120
1771625887.2802405,135,123,120
1771625887.2807972,135,123,120
1771625887.281047,135,123,120
1771625887.2812037,135,123,120
1771625887.2813597,135,123,120
1771625887.2849624,135,123,120
1771625887.2851903,135,123,120
1771625887.2854936,135,123,120
1771625887.2859602,135,123,120
1771625887.2893212,135,123,120
1771625887.2897332,135,123,120
1771625887.2901306,135,123,120
1771625887.2931087,135,123,120
1771625887.2935195,135,123,120
1771625887.2939107,135,123,120
1771625887.2940896,135,123,120
1771625887.29732,135,123,120
1771625887.2976983,135,123,120
1771625887.2980664,135,123,120
1771625887.2984304,135,123,120
1771625887.3014028,135,123,120
1771625887.3016367,135,123,120
1771625887.30186,135,123,120
1771625887.305308,135,123,120
1771625887.3055284,135,123,120
1771625887.3057408,135,123,120
1771625887.305957,135,123,120
1771625887.3095715,135,123,120
1771625887.309955,135,123,120
1771625887.3103194,135,123,120
1771625887.3106756,135,123,120
1771625887.3146434,135,123,120
1771625887.3153276,135,123,120
1771625887.315598,135,123,120
1771625887.315811,135,123,120
1771625887.317839,135,123,120
1771625887.3180635,135,123,120
1771625887.3182926,135,123,120
1771625887.3223193,135,123,120
1771625887.322502,135,123,120
1771625887.3226664,135,123,120
1771625887.3228712,135,123,120
1771625887.326357,135,123,120
1771625887.3265386,135,123,120
1771625887.3267026,135,123,120
1771625887.3268657,135,123,120
1771625887.33111,135,123,120
1771625887.331382,135,123,120
1771625887.3316007,135,123,120
1771625887.3344722,135,123,120
1771625887.334659,135,123,120
1771625887.3348227,135,123,120
1771625887.3350043,135,123,120
1771625887.3386576,135,123,120
1771625887.3388991,135,123,120
1771625887.3391144,135,123,120
1771625887.3393261,135,123,120
1771625887.3427582,135,123,120
1771625887.342945,135,123,120
1771625887.3431034,135,123,120
1771625887.3463383,135,123,120
1771625887.346689,135,123,120
1771625887.3469365,135,123,120
1771625887.347151,135,123,120
1771625887.3507462,135,123,120
1771625887.3511531,135,123,120
1771625887.3514626,135,123,120
1771625887.3516295,135,123,120
1771625887.355061,135,123,120
1771625887.355232,135,123,120
1771625887.3553917,135,123,120
1771625887.3555622,135,123,120
1771625887.3592463,135,123,120
1771625887.3594787,135,123,120
1771625887.3597107,135,123,120
1771625887.3627996,135,123,120
1771625887.3629692,135,123,120
1771625887.3631234,135,123,120
1771625887.363278,135,123,120
1771625887.3674307,135,123,120
1771625887.3676786,135,123,120
1771625887.3678968,135,123,120
1771625887.3681266,135,123,120
1771625887.3718145,135,123,120
1771625887.3719854,135,123,120
1771625887.3721395,135,123,120
1771625887.3756237,135,123,120
1771625887.3757987,135,123,120
1771625887.3759534,135,123,120
1771625887.3761058,135,123,120
1771625887.379336,135,123,120
1771625887.3796933,135,123,120
1771625887.3806145,135,123,120
1771625887.3807788,135,123,120
1771625887.3832822,135,123,120
1771625887.3835108,135,123,120
1771625887.3837326,135,123,120
1771625887.3839557,135,123,120
1771625887.4337895,135,123,120
1771625887.4339736,135,123,120
1771625887.4341307,135,123,120
1771625887.4342866,135,123,120
1771625887.4344425,135,123,120
1771625887.4345994,135,123,120
1771625887.434812,135,123,120
1771625887.4349678,135,123,120
1771625887.4351237,135,123,120
1771625887.435326,135,123,120
1771625887.4354799,135,123,120
1771625887.435631,135,123,120
1771625887.435797,135,123,120
1771625887.435954,135,123,120
1771625887.4361203,135,123,120
1771625887.4362745,135,123,120
1771625887.4364297,135,123,120
1771625887.4365847,135,123,120
1771625887.4367561,135,123,120
1771625887.436917,135,123,120
1771625887.437066,135,123,120
1771625887.4372141,135,123,120
1771625887.437363,135,123,120
1771625887.4375093,135,123,120
1771625887.437658,135,123,120
1771625887.437807,135,123,120
1771625887.4379742,135,123,120
1771625887.4381235,135,123,120
1771625887.438271,135,123,120
1771625887.4384193,135,123,120
1771625887.4385674,135,123,120
1771625887.4387147,135,123,120
1771625887.4388628,135,123,120
1771625887.4390109,135,123,120
1771625887.4391599,135,123,120
1771625887.439307,135,123,120
1771625887.4394524,135,123,120
1771625887.439599,135,123,120
1771625887.439751,135,123,120
1771625887.439899,135,123,120
1771625887.440047,135,123,120
1771625887.440194,135,123,120
1771625887.4403412,135,123,120
1771625887.4404893,135,123,120
1771625887.4409227,135,123,120
1771625887.4413126,135,123,120
1771625887.4415824,135,123,120
1771625887.4418013,135,123,120
1771625887.4420166,135,123,120
1771625887.4422772,135,123,120
1771625887.4425216,135,123,120
1771625887.4446404,135,123,120
1771625887.444893,135,123,120
1771625887.445172,135,123,120
1771625887.4454257,135,123,120
1771625887.4488132,135,123,120
1771625887.44905,135,123,120
1771625887.449274,135,123,120
1771625887.4495177,135,123,120
1771625887.452993,135,123,120
1771625887.453224,135,123,120
1771625887.4534638,135,123,120
1771625887.4568763,135,123,120
1771625887.4571273,135,123,120
1771625887.4573448,135,123,120
1771625887.457559,135,123,120
1771625887.4611065,135,123,120
1771625887.4613369,135,123,120
1771625887.4615595,135,123,120
1771625887.461771,135,123,120
1771625887.4651933,135,123,120
1771625887.4654229,135,123,120
1771625887.4656434,135,123,120
1771625887.4659772,135,123,120
1771625887.5092335,135,123,120
1771625887.5094047,135,123,120
1771625887.509566,135,123,120
1771625887.5097308,135,123,120
1771625887.5098865,135,123,120
1771625887.510093,135,123,120
1771625887.5102613,135,123,120
1771625887.510416,135,123,120
1771625887.510635,135,123,120
1771625887.5107903,135,123,120
1771625887.5109544,135,123,120
1771625887.5112493,135,123,120
1771625887.511475,135,123,120
1771625887.511654,135,123,120
1771625887.5118527,135,123,120
1771625887.5120082,135,123,120
1771625887.5121658,135,123,120
1771625887.5123644,135,123,120
1771625887.51252,135,123,120
1771625887.5126734,135,123,120
1771625887.5128398,135,123,120
1771625887.5129921,135,123,120
1771625887.5131443,135,123,120
1771625887.513295,135,123,120
1771625887.513445,135,123,120
1771625887.5135956,135,123,120
1771625887.5137525,135,123,120
1771625887.5139017,135,123,120
1771625887.514052,135,123,120
1771625887.5142388,135,123,120
1771625887.5144324,135,123,120
1771625887.5145855,135,123,120
1771625887.5147364,135,123,120
1771625887.514887,135,123,120
1771625887.5150385,135,123,120
1771625887.5151887,135,123,120
1771625887.5153425,135,123,120
1771625887.5154927,135,123,120
1771625887.5156426,135,123,120
1771625887.5157988,135,123,120
1771625887.5159497,135,123,120
1771625887.5161014,135,123,120
1771625887.5162518,135,123,120
1771625887.5164034,135,123,120
1771625887.5185277,135,123,120
1771625887.5187778,135,123,120
1771625887.5190208,135,123,120
1771625887.5192404,135,123,120
1771625887.5225875,135,123,120
1771625887.5228398,135,123,120
1771625887.5230627,135,123,120
1771625887.5266151,135,123,120
1771625887.5270739,135,123,120
1771625887.5274506,135,123,120
1771625887.5278862,135,123,120
1771625887.5307071,135,123,120
1771625887.5309603,135,123,120
1771625887.5312002,135,123,120
1771625887.5314019,135,123,120
1771625887.5349815,135,123,120
1771625887.5352137,135,123,120
1771625887.5354378,135,123,120
1771625887.5387676,135,123,120
1771625887.538967,135,123,120
1771625887.5391304,135,123,120
1771625887.5392952,135,123,120
1771625887.5429568,135,123,120
1771625887.5431802,135,123,120
1771625887.5433948,135,123,120
1771625887.5436096,135,123,120
1771625887.5471578,135,123,120
1771625887.5473275,135,123,120
1771625887.5475035,135,123,120
1771625887.5476644,135,123,120
1771625887.5512624,135,123,120
1771625887.5514834,135,123,120
1771625887.551696,135,123,120
1771625887.5553534,135,123,120
1771625887.5555582,135,123,120
1771625887.5557816,135,123,120
1771625887.5559607,135,123,120
1771625887.5593462,135,123,120
1771625887.5595686,135,123,120
1771625887.559785,135,123,120
1771625887.5600054,135,123,120
1771625887.563944,135,123,120
1771625887.564352,135,123,120
1771625887.5649385,135,123,120
1771625887.567462,135,123,120
1771625887.567683,135,123,120
1771625887.5679026,135,123,120
1771625887.5681226,135,123,120
1771625887.5717375,135,123,120
1771625887.5721962,135,123,120
1771625887.5729237,135,123,120
1771625887.5734622,135,123,120
1771625887.5757818,135,123,120
1771625887.576002,135,123,120
1771625887.5762253,135,123,120
1771625887.5797112,135,123,120
1771625887.5799267,135,123,120
1771625887.5802822,135,123,120
1771625887.580575,135,123,120
1771625887.58389,135,123,120
1771625887.5841484,135,123,120
1771625887.5843627,135,123,120
1771625887.5845766,135,123,120
1771625887.5881574,135,123,120
1771625887.5883746,135,123,120
1771625887.5885887,135,123,120
1771625887.5888014,135,123,120
1771625887.5922754,135,123,120
1771625887.5924978,135,123,120
1771625887.5927126,135,123,120
1771625887.5972788,135,123,120
1771625887.5976622,135,123,120
1771625887.597839,135,123,120
1771625887.598034,135,123,120
1771625887.6004486,135,123,120
1771625887.6006732,135,123,120
1771625887.600922,135,123,120
1771625887.6011176,135,123,120
1771625887.60472,135,123,120
1771625887.60511,135,123,120
1771625887.6055222,135,123,120
1771625887.6093638,135,123,120
1771625887.60974,135,123,120
1771625887.6099045,135,123,120
1771625887.6100667,135,123,120
1771625887.6132934,135,123,120
1771625887.6138122,135,123,120
1771625887.6141968,135,123,120
1771625887.6143603,135,123,120
1771625887.6168041,135,123,120
1771625887.6169782,135,123,120
1771625887.6171477,135,123,120
1771625887.6173162,135,123,120
1771625887.659402,135,123,120
1771625887.659681,135,123,120
1771625887.6598883,135,123,120
1771625887.6601448,135,123,120
1771625887.660306,135,123,120
1771625887.6604645,135,123,120
1771625887.660622,135,123,120
1771625887.6607778,135,123,120
1771625887.6609373,135,123,120
1771625887.6610973,135,123,120
1771625887.661255,135,123,120
1771625887.6614196,135,123,120
1771625887.6615772,135,123,120
1771625887.6617606,135,123,120
1771625887.6619203,135,123,120
1771625887.662077,135,123,120
1771625887.6622362,135,123,120
1771625887.6623917,135,123,120
1771625887.6625469,135,123,120
1771625887.6627023,135,123,120
1771625887.662857,135,123,120
1771625887.6630123,135,123,120
1771625887.6631675,135,123,120
1771625887.6633227,135,123,120
1771625887.663482,135,123,120
1771625887.6636367,135,123,120
1771625887.6637926,135,123,120
1771625887.663947,135,123,120
1771625887.6641085,135,123,120
1771625887.6642756,135,123,120
1771625887.664432,135,123,120
1771625887.6645865,135,123,120
1771625887.6647425,135,123,120
1771625887.6649,135,123,120
1771625887.6650605,135,123,120
1771625887.6652133,135,123,120
1771625887.665365,135,123,120
1771625887.6655254,135,123,120
1771625887.6656797,135,123,120
1771625887.6658876,135,123,120
1771625887.6660497,135,123,120
1771625887.666208,135,123,120
1771625887.6663628,135,123,120
1771625887.666519,135,123,120
1771625887.6700282,135,123,120
1771625887.670272,135,123,120
1771625887.6705132,135,123,120
1771625887.6707187,135,123,120
1771625887.674413,135,123,120
1771625887.6748219,135,123,120
1771625887.6752994,135,123,120
1771625887.6780496,135,123,120
1771625887.6782758,135,123,120
1771625887.678499,135,123,120
1771625887.678732,135,123,120
1771625887.6824124,135,123,120
1771625887.6828177,135,123,120
1771625887.6832113,135,123,120
1771625887.6836054,135,123,120
1771625887.6865797,135,123,120
1771625887.6869843,135,123,120
1771625887.6873856,135,123,120
1771625887.690363,135,123,120
1771625887.6909015,135,123,120
1771625887.6911204,135,123,120
1771625887.6912858,135,123,120
1771625887.6945252,135,123,120
1771625887.694759,135,123,120
1771625887.6949813,135,123,120
1771625887.6952026,135,123,120
1771625887.698623,135,123,120
1771625887.6988425,135,123,120
1771625887.6990597,135,123,120
1771625887.6992877,135,123,120
1771625887.7420714,135,123,120
1771625887.742368,135,123,120
1771625887.742639,135,123,120
1771625887.7428114,135,123,120
1771625887.7429695,135,123,120
1771625887.7431252,135,123,120
1771625887.7432857,135,123,120
1771625887.743444,135,123,120
1771625887.7436004,135,123,120
1771625887.7437575,135,123,120
1771625887.7439141,135,123,120
1771625887.7440715,135,123,120
1771625887.7442288,135,123,120
1771625887.7443848,135,123,120
1771625887.744537,135,123,120
1771625887.7446933,135,123,120
1771625887.7448514,135,123,120
1771625887.7450047,135,123,120
1771625887.745157,135,123,120
1771625887.7453148,135,123,120
1771625887.7454674,135,123,120
1771625887.7456307,135,123,120
1771625887.745779,135,123,120
1771625887.7459302,135,123,120
1771625887.7460842,135,123,120
1771625887.7462394,135,123,120
1771625887.7463987,135,123,120
1771625887.7465482,135,123,120
1771625887.746697,135,123,120
1771625887.7468462,135,123,120
1771625887.746994,135,123,120
1771625887.7471423,135,123,120
1771625887.7472947,135,123,120
1771625887.7474573,135,123,120
1771625887.7476242,135,123,120
1771625887.7477827,135,123,120
1771625887.7479358,135,123,120
1771625887.7480822,135,123,120
1771625887.7482305,135,123,120
1771625887.748385,135,123,120
1771625887.748532,135,123,120
1771625887.7486799,135,123,120
1771625887.7488267,135,123,120
1771625887.7489746,135,123,120
1771625887.7518952,135,123,120
1771625887.7521162,135,123,120
1771625887.7523408,135,123,120
1771625887.752555,135,123,120
1771625887.756099,135,123,120
1771625887.7564282,135,123,120
1771625887.756683,135,123,120
1771625887.7600179,135,123,120
1771625887.7602475,135,123,120
1771625887.7604623,135,123,120
1771625887.7606788,135,123,120
1771625887.7640984,135,123,120
1771625887.7644827,135,123,120
1771625887.7649271,135,123,120
1771625887.7654514,135,123,120
1771625887.7683053,135,123,120
1771625887.7686505,135,123,120
1771625887.76898,135,123,120
1771625887.7722263,135,123,120
1771625887.772459,135,123,120
1771625887.7726781,135,123,120
1771625887.7728934,135,123,120
1771625887.7764535,135,123,120
1771625887.776693,135,123,120
1771625887.7769077,135,123,120
1771625887.7771213,135,123,120
1771625887.780818,135,123,120
1771625887.7812433,135,123,120
1771625887.7816405,135,123,120
1771625887.7821567,135,123,120
1771625887.8292503,135,123,120
1771625887.8294308,135,123,120
1771625887.8295968,135,123,120
1771625887.8297706,135,123,120
1771625887.8299277,135,123,120
1771625887.8300838,135,123,120
1771625887.8302505,135,123,120
1771625887.8304071,135,123,120
1771625887.8306882,135,123,120
1771625887.8309286,135,123,120
1771625887.8311293,135,123,120
1771625887.831293,135,123,120
1771625887.8314476,135,123,120
1771625887.831611,135,123,120
1771625887.8317668,135,123,120
1771625887.831917,135,123,120
1771625887.832065,135,123,120
1771625887.832221,135,123,120
1771625887.8323689,135,123,120
1771625887.8325171,135,123,120
1771625887.8326726,135,123,120
1771625887.8328218,135,123,120
1771625887.8329704,135,123,120
1771625887.83312,135,123,120
1771625887.8332672,135,123,120
1771625887.8334181,135,123,120
1771625887.833573,135,123,120
1771625887.8337214,135,123,120
1771625887.8338687,135,123,120
1771625887.83402,135,123,120
1771625887.8341732,135,123,120
1771625887.8343196,135,123,120
1771625887.8344672,135,123,120
1771625887.8346298,135,123,120
1771625887.834778,135,123,120
1771625887.835011,135,123,120
1771625887.835245,135,123,120
1771625887.8354,135,123,120
1771625887.8355489,135,123,120
1771625887.8357084,135,123,120
1771625887.835854,135,123,120
1771625887.8360016,135,123,120
1771625887.836155,135,123,120
1771625887.8363006,135,123,120
1771625887.8364499,135,123,120
1771625887.836596,135,123,120
1771625887.8367543,135,123,120
1771625887.8369017,135,123,120
1771625887.8382287,135,123,120
1771625887.8384354,135,123,120
1771625887.8386512,135,123,120
1771625887.8419712,135,123,120
1771625887.8422072,135,123,120
1771625887.8424351,135,123,120
1771625887.84266,135,123,120
1771625887.8461099,135,123,120
1771625887.8465452,135,123,120
1771625887.8469453,135,123,120
1771625887.847128,135,123,120
1771625887.8501942,135,123,120
1771625887.8504224,135,123,120
1771625887.850649,135,123,120
1771625887.850876,135,123,120
1771625887.8969467,135,123,120
1771625887.8971288,135,123,120
1771625887.897291,135,123,120
1771625887.897452,135,123,120
1771625887.8976128,135,123,120
1771625887.8977711,135,123,120
1771625887.8979282,135,123,120
1771625887.898127,135,123,120
1771625887.8982818,135,123,120
1771625887.8984382,135,123,120
1771625887.8985956,135,123,120
1771625887.8987525,135,123,120
1771625887.8989074,135,123,120
1771625887.8990629,135,123,120
1771625887.8992162,135,123,120
1771625887.8993695,135,123,120
1771625887.8995225,135,123,120
1771625887.8996744,135,123,120
1771625887.8998861,135,123,120
1771625887.9000392,135,123,120
1771625887.900194,135,123,120
1771625887.9003448,135,123,120
1771625887.9004982,135,123,120
1771625887.9006479,135,123,120
1771625887.9007983,135,123,120
1771625887.90095,135,123,120
1771625887.9011018,135,123,120
1771625887.901252,135,123,120
1771625887.9014015,135,123,120
1771625887.9015524,135,123,120
1771625887.9017031,135,123,120
1771625887.9018548,135,123,120
1771625887.9020205,135,123,120
1771625887.9021723,135,123,120
1771625887.9023216,135,123,120
1771625887.9024734,135,123,120
1771625887.9026227,135,123,120
1771625887.9027743,135,123,120
1771625887.902924,135,123,120
1771625887.9030738,135,123,120
1771625887.9032216,135,123,120
1771625887.9033704,135,123,120
1771625887.9035184,135,123,120
1771625887.9036672,135,123,120
1771625887.9038155,135,123,120
1771625887.9039624,135,123,120
1771625887.904114,135,123,120
1771625887.9042625,135,123,120
1771625887.907742,135,123,120
1771625887.9081402,135,123,120
1771625887.9083734,135,123,120
1771625887.9116445,135,123,120
1771625887.9120698,135,123,120
1771625887.9124684,135,123,120
1771625887.9128609,135,123,120
1771625887.915749,135,123,120
1771625887.9161396,135,123,120
1771625887.9165397,135,123,120
1771625887.9167717,135,123,120
1771625887.9199758,135,123,120
1771625887.920362,135,123,120
1771625887.920786,135,123,120
1771625887.9237905,135,123,120
1771625887.924404,135,123,120
1771625887.92493,135,123,120
1771625887.9252248,135,123,120
1771625887.9279923,135,123,120
1771625887.928224,135,123,120
1771625887.9284437,135,123,120
1771625887.9286616,135,123,120
1771625887.932148,135,123,120
1771625887.9323778,135,123,120
1771625887.9325974,135,123,120
1771625887.9328175,135,123,120
1771625887.972162,135,123,120
1771625887.9723272,135,123,120
1771625887.9724813,135,123,120
1771625887.9726346,135,123,120
1771625887.9727876,135,123,120
1771625887.9731853,135,123,120
1771625887.9735842,135,123,120
1771625887.973967,135,123,120
1771625887.9742599,135,123,120
1771625887.9744174,135,123,120
1771625887.9746425,135,123,120
1771625887.974814,135,123,120
1771625887.974972,135,123,120
1771625887.9752002,135,123,120
1771625887.975358,135,123,120
1771625887.9755192,135,123,120
1771625887.9756787,135,123,120
1771625887.9758406,135,123,120
1771625887.975993,135,123,120
1771625887.9761457,135,123,120
1771625887.9762974,135,123,120
1771625887.9764502,135,123,120
1771625887.976626,135,123,120
1771625887.976783,135,123,120
1771625887.9769359,135,123,120
1771625887.9770896,135,123,120
1771625887.9772418,135,123,120
1771625887.977394,135,123,120
1771625887.9775481,135,123,120
1771625887.977701,135,123,120
1771625887.9778547,135,123,120
1771625887.9780068,135,123,120
1771625887.978158,135,123,120
1771625887.978307,135,123,120
1771625887.9784613,135,123,120
1771625887.9786253,135,123,120
1771625887.9787729,135,123,120
1771625887.9789212,135,123,120
1771625887.97907,135,123,120
1771625887.9792342,135,123,120
1771625887.981237,135,123,120
1771625887.9813952,135,123,120
1771625887.9816067,135,123,120
1771625887.981818,135,123,120
1771625887.9855795,135,123,120
1771625887.985985,135,123,120
1771625887.9863427,135,123,120
1771625887.9865196,135,123,120
1771625887.9897418,135,123,120
1771625887.9901497,135,123,120
1771625887.9905617,135,123,120
1771625887.9935143,135,123,120
1771625887.9939322,135,123,120
1771625887.9943259,135,123,120
1771625887.9946964,135,123,120
1771625887.9977338,135,123,120
1771625887.998132,135,123,120
1771625887.9985147,135,123,120
1771625887.9988816,135,123,120
1771625888.0019987,135,123,120
1771625888.0023954,135,123,120
1771625888.0027738,135,123,120
1771625888.00577,135,123,120
1771625888.0062134,135,123,120
1771625888.0065894,135,123,120
1771625888.0068078,135,123,120
1771625888.0100164,135,123,120
1771625888.0104017,135,123,120
1771625888.0107753,135,123,120
1771625888.0111423,135,123,120
1771625888.0142334,135,123,120
1771625888.0146215,135,123,120
1771625888.0150146,135,123,120
1771625888.0151796,135,123,120
1771625888.0553236,135,123,120
1771625888.055505,135,123,120
1771625888.0556695,135,123,120
1771625888.0558305,135,123,120
1771625888.0560198,135,123,120
1771625888.056176,135,123,120
1771625888.0563495,135,123,120
1771625888.0565095,135,123,120
1771625888.0566764,135,123,120
1771625888.0568357,135,123,120
1771625888.0570035,135,123,120
1771625888.0571632,135,123,120
1771625888.0573204,135,123,120
1771625888.0574768,135,123,120
1771625888.0576332,135,123,120
1771625888.0577893,135,123,120
1771625888.0579448,135,123,120
1771625888.0581014,135,123,120
1771625888.0582557,135,123,120
1771625888.0584087,135,123,120
1771625888.0585604,135,123,120
1771625888.058757,135,123,120
1771625888.0589068,135,123,120
1771625888.059063,135,123,120
1771625888.0592139,135,123,120
1771625888.0593662,135,123,120
1771625888.0595176,135,123,120
1771625888.0596738,135,123,120
1771625888.0598242,135,123,120
1771625888.059982,135,123,120
1771625888.0601346,135,123,120
1771625888.060285,135,123,120
1771625888.0604355,135,123,120
1771625888.0605936,135,123,120
1771625888.060758,135,123,120
1771625888.0609121,135,123,120
1771625888.061069,135,123,120
1771625888.0612204,135,123,120
1771625888.0613718,135,123,120
1771625888.061522,135,123,120
1771625888.0630832,135,123,120
1771625888.0633044,135,123,120
1771625888.0635202,135,123,120
1771625888.0637703,135,123,120
1771625888.067288,135,123,120
1771625888.0675511,135,123,120
1771625888.0678108,135,123,120
1771625888.0680473,135,123,120
1771625888.071502,135,123,120
1771625888.0718763,135,123,120
1771625888.0722475,135,123,120
1771625888.0753436,135,123,120
1771625888.0757139,135,123,120
1771625888.0760899,135,123,120
1771625888.0763626,135,123,120
1771625888.079885,135,123,120
1771625888.0804434,135,123,120
1771625888.0808382,135,123,120
1771625888.0811718,135,123,120
1771625888.0838537,135,123,120
1771625888.084261,135,123,120
1771625888.0846517,135,123,120
1771625888.0876048,135,123,120
1771625888.0879803,135,123,120
1771625888.0883605,135,123,120
1771625888.088736,135,123,120
1771625888.0917788,135,123,120
1771625888.0921688,135,123,120
1771625888.0925562,135,123,120
1771625888.0929492,135,123,120
1771625888.0960836,135,123,120
1771625888.0964894,135,123,120
1771625888.0967138,135,123,120
1771625888.0968804,135,123,120
1771625888.1002634,135,123,120
1771625888.1006312,135,123,120
1771625888.1010056,135,123,120
1771625888.10404,135,123,120
1771625888.1044073,135,123,120
1771625888.1047695,135,123,120
1771625888.1050675,135,123,120
1771625888.1082377,135,123,120
1771625888.1086092,135,123,120
1771625888.1090395,135,123,120
1771625888.1094012,135,123,120
1771625888.1123645,135,123,120
1771625888.1125824,135,123,120
1771625888.1127918,135,123,120
1771625888.116398,135,123,120
1771625888.1166136,135,123,120
1771625888.1168272,135,123,120
1771625888.1170542,135,123,120
1771625888.1205678,135,123,120
1771625888.1207895,135,123,120
1771625888.1210024,135,123,120
1771625888.1212175,135,123,120
1771625888.1253283,135,123,120
1771625888.1257772,135,123,120
1771625888.126475,135,123,120
1771625888.1267304,135,123,120
1771625888.168516,135,123,120
1771625888.168697,135,123,120
1771625888.168902,135,123,120
1771625888.169069,135,123,120
1771625888.1692789,135,123,120
1771625888.1694334,135,123,120
1771625888.169607,135,123,120
1771625888.1697662,135,123,120
1771625888.1699755,135,123,120
1771625888.170129,135,123,120
1771625888.1702924,135,123,120
1771625888.170443,135,123,120
1771625888.1705954,135,123,120
1771625888.1707485,135,123,120
1771625888.1709101,135,123,120
1771625888.1710675,135,123,120
1771625888.1712198,135,123,120
1771625888.1713717,135,123,120
1771625888.1715229,135,123,120
1771625888.1716738,135,123,120
1771625888.1718302,135,123,120
1771625888.1719818,135,123,120
1771625888.1721349,135,123,120
1771625888.172286,135,123,120
1771625888.1724374,135,123,120
1771625888.172589,135,123,120
1771625888.1727428,135,123,120
1771625888.173055,135,123,120
1771625888.1732824,135,123,120
1771625888.1734755,135,123,120
1771625888.173653,135,123,120
1771625888.1738117,135,123,120
1771625888.17396,135,123,120
1771625888.1741087,135,123,120
1771625888.174257,135,123,120
1771625888.1744041,135,123,120
1771625888.1745527,135,123,120
1771625888.1747022,135,123,120
1771625888.1748562,135,123,120
1771625888.1750362,135,123,120
1771625888.1751952,135,123,120
1771625888.175345,135,123,120
1771625888.175494,135,123,120
1771625888.1756463,135,123,120
1771625888.1780427,135,123,120
1771625888.1784503,135,123,120
1771625888.1788454,135,123,120
1771625888.1792347,135,123,120
1771625888.182216,135,123,120
1771625888.1826253,135,123,120
1771625888.1830204,135,123,120
1771625888.1861286,135,123,120
1771625888.1865408,135,123,120
1771625888.1869564,135,123,120
1771625888.1873507,135,123,120
1771625888.190139,135,123,120
1771625888.1903615,135,123,120
1771625888.1905751,135,123,120
1771625888.190786,135,123,120
1771625888.1945026,135,123,120
1771625888.194955,135,123,120
1771625888.195188,135,123,120
1771625888.1982417,135,123,120
1771625888.198706,135,123,120
1771625888.1990962,135,123,120
1771625888.1995695,135,123,120
1771625888.202559,135,123,120
1771625888.2029655,135,123,120
1771625888.203375,135,123,120
1771625888.2035456,135,123,120
1771625888.2065606,135,123,120
1771625888.2067845,135,123,120
1771625888.206998,135,123,120
1771625888.2071621,135,123,120
1771625888.2523937,135,123,120
1771625888.2526677,135,123,120
1771625888.2529955,135,123,120
1771625888.2531598,135,123,120
1771625888.2533617,135,123,120
1771625888.2535477,135,123,120
1771625888.253728,135,123,120
1771625888.2539008,135,123,120
1771625888.2540593,135,123,120
1771625888.2542171,135,123,120
1771625888.2543821,135,123,120
1771625888.254547,135,123,120
1771625888.254703,135,123,120
1771625888.2548563,135,123,120
1771625888.2550545,135,123,120
1771625888.255214,135,123,120
1771625888.2553618,135,123,120
1771625888.255549,135,123,120
1771625888.2556996,135,123,120
1771625888.2558467,135,123,120
1771625888.255996,135,123,120
1771625888.2561455,135,123,120
1771625888.2562952,135,123,120
1771625888.2564662,135,123,120
1771625888.2566195,135,123,120
1771625888.2567723,135,123,120
1771625888.2569237,135,123,120
1771625888.2570758,135,123,120
1771625888.257226,135,123,120
1771625888.2573743,135,123,120
1771625888.2575293,135,123,120
1771625888.2576795,135,123,120
1771625888.2578268,135,123,120
1771625888.2579744,135,123,120
1771625888.2581213,135,123,120
1771625888.2582686,135,123,120
1771625888.2584279,135,123,120
1771625888.258574,135,123,120
1771625888.2587202,135,123,120
1771625888.2588668,135,123,120
1771625888.2590144,135,123,120
1771625888.2591605,135,123,120
1771625888.2593086,135,123,120
1771625888.2594974,135,123,120
1771625888.2596626,135,123,120
1771625888.259837,135,123,120
1771625888.2599866,135,123,120
1771625888.2601333,135,123,120
1771625888.2641757,135,123,120
1771625888.2645857,135,123,120
1771625888.2648273,135,123,120
1771625888.268003,135,123,120
1771625888.2690578,135,123,120
1771625888.2695332,135,123,120
1771625888.2697546,135,123,120
1771625888.2720249,135,123,120
1771625888.2721968,135,123,120
1771625888.2723613,135,123,120
1771625888.272539,135,123,120
1771625888.2762585,135,123,120
1771625888.2766466,135,123,120
1771625888.2770553,135,123,120
1771625888.280125,135,123,120
1771625888.2805195,135,123,120
1771625888.2809196,135,123,120
1771625888.281313,135,123,120
1771625888.284487,135,123,120
1771625888.2848828,135,123,120
1771625888.2852666,135,123,120
1771625888.285646,135,123,120
1771625888.2886393,135,123,120
1771625888.2890491,135,123,120
1771625888.2895298,135,123,120
1771625888.2898436,135,123,120
1771625888.2929022,135,123,120
1771625888.2933059,135,123,120
1771625888.293517,135,123,120
1771625888.2966611,135,123,120
1771625888.2970722,135,123,120
1771625888.2974718,135,123,120
1771625888.2978613,135,123,120
1771625888.3007493,135,123,120
1771625888.30097,135,123,120
1771625888.3011804,135,123,120
1771625888.3013911,135,123,120
1771625888.3050873,135,123,120
1771625888.3054917,135,123,120
1771625888.3058975,135,123,120
1771625888.3088353,135,123,120
1771625888.3091786,135,123,120
1771625888.309569,135,123,120
1771625888.309974,135,123,120
1771625888.313136,135,123,120
1771625888.3135433,135,123,120
1771625888.3139794,135,123,120
1771625888.3142323,135,123,120
1771625888.3173442,135,123,120
1771625888.3177485,135,123,120
1771625888.3181357,135,123,120
1771625888.3211355,135,123,120
1771625888.3216105,135,123,120
1771625888.3219995,135,123,120
1771625888.3222702,135,123,120
1771625888.3253465,135,123,120
1771625888.3257542,135,123,120
1771625888.3261456,135,123,120
1771625888.326529,135,123,120
1771625888.3294778,135,123,120
1771625888.3298862,135,123,120
1771625888.3302794,135,123,120
1771625888.3306212,135,123,120
1771625888.3338094,135,123,120
1771625888.3342266,135,123,120
1771625888.3343856,135,123,120
1771625888.3376107,135,123,120
1771625888.3380337,135,123,120
1771625888.3384256,135,123,120
1771625888.338809,135,123,120
1771625888.3418825,135,123,120
1771625888.342299,135,123,120
1771625888.342635,135,123,120
1771625888.3427935,135,123,120
1771625888.3460128,135,123,120
1771625888.3463092,135,123,120
1771625888.3464758,135,123,120
1771625888.3498638,135,123,120
1771625888.350131,135,123,120
1771625888.3503473,135,123,120
1771625888.3505635,135,123,120
1771625888.3540282,135,123,120
1771625888.3544133,135,123,120
1771625888.3546681,135,123,120
1771625888.354826,135,123,120
1771625888.3584144,135,123,120
1771625888.3588066,135,123,120
1771625888.3591933,135,123,120
1771625888.359478,135,123,120
1771625888.4006352,135,123,120
1771625888.4008148,135,123,120
1771625888.4009764,135,123,120
1771625888.4011655,135,123,120
1771625888.401318,135,123,120
1771625888.4014733,135,123,120
1771625888.4016309,135,123,120
1771625888.40181,135,123,120
1771625888.4019663,135,123,120
1771625888.4021223,135,123,120
1771625888.4022782,135,123,120
1771625888.4024334,135,123,120
1771625888.4025862,135,123,120
1771625888.4028049,135,123,120
1771625888.4029531,135,123,120
1771625888.4031026,135,123,120
1771625888.4032507,135,123,120
1771625888.4033985,135,123,120
1771625888.4035468,135,123,120
1771625888.403695,135,123,120
1771625888.403846,135,123,120
1771625888.4039938,135,123,120
1771625888.4041414,135,123,120
1771625888.404289,135,123,120
1771625888.4044366,135,123,120
1771625888.4045837,135,123,120
1771625888.4047325,135,123,120
1771625888.40488,135,123,120
1771625888.4050283,135,123,120
1771625888.4051752,135,123,120
1771625888.4053223,135,123,120
1771625888.4054692,135,123,120
1771625888.405617,135,123,120
1771625888.4057686,135,123,120
1771625888.4059172,135,123,120
1771625888.406065,135,123,120
1771625888.406212,135,123,120
1771625888.4063752,135,123,120
1771625888.406523,135,123,120
1771625888.4066715,135,123,120
1771625888.4072485,135,123,120
1771625888.4075077,135,123,120
1771625888.4078145,135,123,120
1771625888.4080708,135,123,120
1771625888.4116268,135,123,120
1771625888.4118938,135,123,120
1771625888.412155,135,123,120
1771625888.4123502,135,123,120
1771625888.4154649,135,123,120
1771625888.4156883,135,123,120
1771625888.4159105,135,123,120
1771625888.4198985,135,123,120
1771625888.420292,135,123,120
1771625888.4206843,135,123,120
1771625888.4208505,135,123,120
1771625888.4238873,135,123,120
1771625888.4242733,135,123,120
1771625888.4244378,135,123,120
1771625888.4245996,135,123,120
1771625888.4283428,135,123,120
1771625888.4287438,135,123,120
1771625888.4291072,135,123,120
1771625888.4317956,135,123,120
1771625888.4323647,135,123,120
1771625888.4326284,135,123,120
1771625888.432793,135,123,120
1771625888.4358213,135,123,120
1771625888.4360442,135,123,120
1771625888.436371,135,123,120
1771625888.4367478,135,123,120
1771625888.4400244,135,123,120
1771625888.4402475,135,123,120
1771625888.440458,135,123,120
1771625888.4406676,135,123,120
1771625888.4794629,135,123,120
1771625888.4797301,135,123,120
1771625888.4800122,135,123,120
1771625888.480198,135,123,120
1771625888.4803493,135,123,120
1771625888.480513,135,123,120
1771625888.480662,135,123,120
1771625888.480813,135,123,120
1771625888.4809644,135,123,120
1771625888.4811196,135,123,120
1771625888.4812706,135,123,120
1771625888.4814222,135,123,120
1771625888.4815738,135,123,120
1771625888.4817252,135,123,120
1771625888.4818752,135,123,120
1771625888.4820232,135,123,120
1771625888.482188,135,123,120
1771625888.4823358,135,123,120
1771625888.4824867,135,123,120
1771625888.4826345,135,123,120
1771625888.4827833,135,123,120
1771625888.4829326,135,123,120
1771625888.483084,135,123,120
1771625888.4832332,135,123,120
1771625888.483382,135,123,120
1771625888.483532,135,123,120
1771625888.4836812,135,123,120
1771625888.4838285,135,123,120
1771625888.4839752,135,123,120
1771625888.4841833,135,123,120
1771625888.4843292,135,123,120
1771625888.4844778,135,123,120
1771625888.484625,135,123,120
1771625888.4847732,135,123,120
1771625888.4849193,135,123,120
1771625888.48507,135,123,120
1771625888.4852169,135,123,120
1771625888.485364,135,123,120
1771625888.4855103,135,123,120
1771625888.485656,135,123,120
1771625888.4891374,135,123,120
1771625888.4894054,135,123,120
1771625888.4896963,135,123,120
1771625888.4899476,135,123,120
1771625888.4931808,135,123,120
1771625888.4934096,135,123,120
1771625888.493637,135,123,120
1771625888.493861,135,123,120
1771625888.4979613,135,123,120
1771625888.4983947,135,123,120
1771625888.4988256,135,123,120
1771625888.502006,135,123,120
1771625888.502375,135,123,120
1771625888.5026286,135,123,120
1771625888.5028274,135,123,120
1771625888.505697,135,123,120
1771625888.5063987,135,123,120
1771625888.5069647,135,123,120
1771625888.5072086,135,123,120
1771625888.5099792,135,123,120
1771625888.5104887,135,123,120
1771625888.5107188,135,123,120
1771625888.513576,135,123,120
1771625888.5138364,135,123,120
1771625888.5140643,135,123,120
1771625888.5143547,135,123,120
1771625888.5177958,135,123,120
1771625888.5180373,135,123,120
1771625888.518264,135,123,120
1771625888.5184836,135,123,120
1771625888.521919,135,123,120
1771625888.5221422,135,123,120
1771625888.522358,135,123,120
1771625888.522575,135,123,120
1771625888.5260234,135,123,120
1771625888.526257,135,123,120
1771625888.5264704,135,123,120
1771625888.5301406,135,123,120
1771625888.530547,135,123,120
1771625888.5309339,135,123,120
1771625888.5311966,135,123,120
1771625888.5342789,135,123,120
1771625888.5346048,135,123,120
1771625888.5348606,135,123,120
1771625888.5351102,135,123,120
1771625888.538453,135,123,120
1771625888.538774,135,123,120
1771625888.539128,135,123,120
1771625888.5423129,135,123,120
1771625888.54256,135,123,120
1771625888.5428143,135,123,120
1771625888.5430267,135,123,120
1771625888.5464203,135,123,120
1771625888.5466955,135,123,120
1771625888.5470986,135,123,120
1771625888.5476785,135,123,120
1771625888.5506177,135,123,120
1771625888.5508683,135,123,120
1771625888.5510857,135,123,120
1771625888.5545294,135,123,120
1771625888.5547876,135,123,120
1771625888.5550187,135,123,120
1771625888.5552416,135,123,120
1771625888.558681,135,123,120
1771625888.558915,135,123,120
1771625888.5591743,135,123,120
1771625888.5593894,135,123,120
1771625888.5628448,135,123,120
1771625888.5631,135,123,120
1771625888.563418,135,123,120
1771625888.5636866,135,123,120
1771625888.5670238,135,123,120
1771625888.5672507,135,123,120
1771625888.5674677,135,123,120
1771625888.5709841,135,123,120
1771625888.5712717,135,123,120
1771625888.5715678,135,123,120
1771625888.571862,135,123,120
1771625888.5753376,135,123,120
1771625888.575563,135,123,120
1771625888.5757797,135,123,120
1771625888.5759926,135,123,120
1771625888.579364,135,123,120
1771625888.5796506,135,123,120
1771625888.5798779,135,123,120
1771625888.5833347,135,123,120
1771625888.5837564,135,123,120
1771625888.5841517,135,123,120
1771625888.5845397,135,123,120
1771625888.5875125,135,123,120
1771625888.587903,135,123,120
1771625888.5882766,135,123,120
1771625888.588632,135,123,120
1771625888.5917735,135,123,120
1771625888.5921628,135,123,120
1771625888.5923584,135,123,120
1771625888.5925233,135,123,120
1771625888.6371195,135,123,120
1771625888.6372862,135,123,120
1771625888.637441,135,123,120
1771625888.637595,135,123,120
1771625888.637748,135,123,120
1771625888.6379006,135,123,120
1771625888.6380553,135,123,120
1771625888.6382093,135,123,120
1771625888.638362,135,123,120
1771625888.638515,135,123,120
1771625888.6386652,135,123,120
1771625888.6388166,135,123,120
1771625888.6389718,135,123,120
1771625888.6391232,135,123,120
1771625888.6392746,135,123,120
1771625888.6394262,135,123,120
1771625888.6395788,135,123,120
1771625888.6399922,135,123,120
1771625888.6401474,135,123,120
1771625888.6402988,135,123,120
1771625888.6404514,135,123,120
1771625888.6406367,135,123,120
1771625888.6407897,135,123,120
1771625888.6409955,135,123,120
1771625888.6412933,135,123,120
1771625888.6416655,135,123,120
1771625888.6419,135,123,120
1771625888.6421206,135,123,120
1771625888.6423516,135,123,120
1771625888.6425693,135,123,120
1771625888.642773,135,123,120
1771625888.642986,135,123,120
1771625888.6431875,135,123,120
1771625888.64339,135,123,120
1771625888.6435978,135,123,120
1771625888.6437883,135,123,120
1771625888.643948,135,123,120
1771625888.6440985,135,123,120
1771625888.6442506,135,123,120
1771625888.6444013,135,123,120
1771625888.6445563,135,123,120
1771625888.6447484,135,123,120
1771625888.6448996,135,123,120
1771625888.6450531,135,123,120
1771625888.645204,135,123,120
1771625888.6453536,135,123,120
1771625888.6455033,135,123,120
1771625888.6456535,135,123,120
1771625888.6489522,135,123,120
1771625888.6491802,135,123,120
1771625888.6493976,135,123,120
1771625888.6528893,135,123,120
1771625888.6531212,135,123,120
1771625888.6533415,135,123,120
1771625888.6535766,135,123,120
1771625888.6573794,135,123,120
1771625888.6578555,135,123,120
1771625888.658261,135,123,120
1771625888.6584523,135,123,120
1771625888.6612024,135,123,120
1771625888.6614325,135,123,120
1771625888.6616507,135,123,120
1771625888.665085,135,123,120
1771625888.66532,135,123,120
1771625888.6656933,135,123,120
1771625888.6660903,135,123,120
1771625888.6692648,135,123,120
1771625888.6694825,135,123,120
1771625888.6696978,135,123,120
1771625888.6699185,135,123,120
1771625888.6735735,135,123,120
1771625888.6738548,135,123,120
1771625888.6740355,135,123,120
1771625888.6742013,135,123,120
1771625888.7138965,135,123,120
1771625888.7140758,135,123,120
1771625888.7142954,135,123,120
1771625888.7144587,135,123,120
1771625888.714667,135,123,120
1771625888.7148235,135,123,120
1771625888.714979,135,123,120
1771625888.7151356,135,123,120
1771625888.715292,135,123,120
1771625888.715448,135,123,120
1771625888.7156162,135,123,120
1771625888.7157736,135,123,120
1771625888.7159307,135,123,120
1771625888.7160866,135,123,120
1771625888.7162404,135,123,120
1771625888.7163944,135,123,120
1771625888.716555,135,123,120
1771625888.71671,135,123,120
1771625888.7168653,135,123,120
1771625888.7170188,135,123,120
1771625888.717184,135,123,120
1771625888.7173364,135,123,120
1771625888.7174935,135,123,120
1771625888.7176507,135,123,120
1771625888.7178016,135,123,120
1771625888.717952,135,123,120
1771625888.7181005,135,123,120
1771625888.7182488,135,123,120
1771625888.7183998,135,123,120
1771625888.7185605,135,123,120
1771625888.7187097,135,123,120
1771625888.7188592,135,123,120
1771625888.7190073,135,123,120
1771625888.7191565,135,123,120
1771625888.7193053,135,123,120
1771625888.7194545,135,123,120
1771625888.7196562,135,123,120
1771625888.719912,135,123,120
1771625888.7201324,135,123,120
1771625888.7203426,135,123,120
1771625888.722521,135,123,120
1771625888.7227368,135,123,120
1771625888.7229493,135,123,120
1771625888.7231731,135,123,120
1771625888.7268517,135,123,120
1771625888.7272272,135,123,120
1771625888.727677,135,123,120
1771625888.7279644,135,123,120
1771625888.7310102,135,123,120
1771625888.7313843,135,123,120
1771625888.7317648,135,123,120
1771625888.7350473,135,123,120
1771625888.7356572,135,123,120
1771625888.7360604,135,123,120
1771625888.7363627,135,123,120
1771625888.7391005,135,123,120
1771625888.7394938,135,123,120
1771625888.7399414,135,123,120
1771625888.7401047,135,123,120
1771625888.7432618,135,123,120
1771625888.7436447,135,123,120
1771625888.7440178,135,123,120
1771625888.7470129,135,123,120
1771625888.7473989,135,123,120
1771625888.747768,135,123,120
1771625888.7481449,135,123,120
1771625888.751314,135,123,120
1771625888.7516599,135,123,120
1771625888.751978,135,123,120
1771625888.752232,135,123,120
1771625888.7553928,135,123,120
1771625888.7556307,135,123,120
1771625888.7558415,135,123,120
1771625888.7560513,135,123,120
1771625888.7950306,135,123,120
1771625888.7952154,135,123,120
1771625888.7954006,135,123,120
1771625888.7955706,135,123,120
1771625888.795725,135,123,120
1771625888.7958791,135,123,120
1771625888.7960343,135,123,120
1771625888.7961886,135,123,120
1771625888.7963438,135,123,120
1771625888.7964988,135,123,120
1771625888.7966979,135,123,120
1771625888.796995,135,123,120
1771625888.7971609,135,123,120
1771625888.7973144,135,123,120
1771625888.7974782,135,123,120
1771625888.797634,135,123,120
1771625888.7977855,135,123,120
1771625888.7979395,135,123,120
1771625888.798094,135,123,120
1771625888.7982485,135,123,120
1771625888.7984028,135,123,120
1771625888.7985563,135,123,120
1771625888.79871,135,123,120
1771625888.7988632,135,123,120
1771625888.799017,135,123,120
1771625888.7991707,135,123,120
1771625888.7993255,135,123,120
1771625888.799482,135,123,120
1771625888.7996893,135,123,120
1771625888.7998528,135,123,120
1771625888.8000076,135,123,120
1771625888.8001568,135,123,120
1771625888.800311,135,123,120
1771625888.8004613,135,123,120
1771625888.8006127,135,123,120
1771625888.8008156,135,123,120
1771625888.801095,135,123,120
1771625888.8013291,135,123,120
1771625888.8014915,135,123,120
1771625888.801641,135,123,120
1771625888.804482,135,123,120
1771625888.8048759,135,123,120
1771625888.8052597,135,123,120
1771625888.805646,135,123,120
1771625888.8086262,135,123,120
1771625888.8090081,135,123,120
1771625888.8093903,135,123,120
1771625888.8096244,135,123,120
1771625888.812961,135,123,120
1771625888.8132126,135,123,120
1771625888.8133824,135,123,120
1771625888.816737,135,123,120
1771625888.8171492,135,123,120
1771625888.81754,135,123,120
1771625888.8179061,135,123,120
1771625888.820878,135,123,120
1771625888.821267,135,123,120
1771625888.8216512,135,123,120
1771625888.8220403,135,123,120
1771625888.8250854,135,123,120
1771625888.8254704,135,123,120
1771625888.8258522,135,123,120
1771625888.8262072,135,123,120
1771625888.8655758,135,123,120
1771625888.8657618,135,123,120
1771625888.866011,135,123,120
1771625888.8661664,135,123,120
1771625888.8663619,135,123,120
1771625888.866519,135,123,120
1771625888.8666756,135,123,120
1771625888.8668325,135,123,120
1771625888.8669958,135,123,120
1771625888.8671699,135,123,120
1771625888.867335,135,123,120
1771625888.8674939,135,123,120
1771625888.8676531,135,123,120
1771625888.867812,135,123,120
1771625888.8679686,135,123,120
1771625888.8681269,135,123,120
1771625888.8682852,135,123,120
1771625888.8684428,135,123,120
1771625888.8686008,135,123,120
1771625888.8687594,135,123,120
1771625888.868917,135,123,120
1771625888.8690772,135,123,120
1771625888.8692353,135,123,120
1771625888.8693957,135,123,120
1771625888.8695533,135,123,120
1771625888.869712,135,123,120
1771625888.8698676,135,123,120
1771625888.8700228,135,123,120
1771625888.8701794,135,123,120
1771625888.8703334,135,123,120
1771625888.8704894,135,123,120
1771625888.870645,135,123,120
1771625888.8708014,135,123,120
1771625888.8709574,135,123,120
1771625888.871114,135,123,120
1771625888.8712678,135,123,120
1771625888.8714235,135,123,120
1771625888.8715749,135,123,120
1771625888.8717294,135,123,120
1771625888.8718796,135,123,120
1771625888.8742344,135,123,120
1771625888.874472,135,123,120
1771625888.8746915,135,123,120
1771625888.8749108,135,123,120
1771625888.87837,135,123,120
1771625888.8787866,135,123,120
1771625888.879116,135,123,120
1771625888.8792644,135,123,120
1771625888.8824804,135,123,120
1771625888.8828685,135,123,120
1771625888.8832524,135,123,120
1771625888.8863237,135,123,120
1771625888.8867085,135,123,120
1771625888.887093,135,123,120
1771625888.8874738,135,123,120
1771625888.8906763,135,123,120
1771625888.8910735,135,123,120
1771625888.8912587,135,123,120
1771625888.8914244,135,123,120
1771625888.894817,135,123,120
1771625888.8952446,135,123,120
1771625888.8956537,135,123,120
1771625888.8985407,135,123,120
1771625888.8989394,135,123,120
1771625888.8993292,135,123,120
1771625888.8995788,135,123,120
1771625888.9027598,135,123,120
1771625888.90315,135,123,120
1771625888.9035444,135,123,120
1771625888.9039347,135,123,120
1771625888.9069808,135,123,120
1771625888.9072433,135,123,120
1771625888.9074864,135,123,120
1771625888.9077287,135,123,120
1771625888.9491048,135,123,120
1771625888.9492729,135,123,120
1771625888.949428,135,123,120
1771625888.949582,135,123,120
1771625888.9497793,135,123,120
1771625888.949949,135,123,120
1771625888.9501052,135,123,120
1771625888.9502618,135,123,120
1771625888.9504776,135,123,120
1771625888.9506314,135,123,120
1771625888.9507897,135,123,120
1771625888.950969,135,123,120
1771625888.9511232,135,123,120
1771625888.9512866,135,123,120
1771625888.9514353,135,123,120
1771625888.9515994,135,123,120
1771625888.9517465,135,123,120
1771625888.9518957,135,123,120
1771625888.9520447,135,123,120
1771625888.9521933,135,123,120
1771625888.952342,135,123,120
1771625888.9524896,135,123,120
1771625888.95264,135,123,120
1771625888.9528193,135,123,120
1771625888.953238,135,123,120
1771625888.95357,135,123,120
1771625888.9538047,135,123,120
1771625888.9540524,135,123,120
1771625888.9542139,135,123,120
1771625888.9543676,135,123,120
1771625888.9545202,135,123,120
1771625888.9546814,135,123,120
1771625888.9548328,135,123,120
1771625888.954992,135,123,120
1771625888.955144,135,123,120
1771625888.9552965,135,123,120
1771625888.9554486,135,123,120
1771625888.955604,135,123,120
1771625888.9557557,135,123,120
1771625888.9559083,135,123,120
1771625888.956066,135,123,120
1771625888.9562168,135,123,120
1771625888.9563751,135,123,120
1771625888.9565253,135,123,120
1771625888.9601963,135,123,120
1771625888.9604273,135,123,120
1771625888.9606493,135,123,120
1771625888.9608855,135,123,120
1771625888.9644198,135,123,120
1771625888.964796,135,123,120
1771625888.965248,135,123,120
1771625888.9684389,135,123,120
1771625888.9689016,135,123,120
1771625888.969182,135,123,120
1771625888.9693418,135,123,120
1771625888.9726143,135,123,120
1771625888.973024,135,123,120
1771625888.9734085,135,123,120
1771625888.973776,135,123,120
1771625888.9768198,135,123,120
1771625888.977208,135,123,120
1771625888.9774976,135,123,120
1771625888.9806044,135,123,120
1771625888.9810426,135,123,120
1771625888.9812114,135,123,120
1771625888.9813807,135,123,120
1771625888.984757,135,123,120
1771625888.985011,135,123,120
1771625888.9852533,135,123,120
1771625888.985499,135,123,120
1771625888.988885,135,123,120
1771625888.9891293,135,123,120
1771625888.9893446,135,123,120
1771625888.989525,135,123,120
1771625889.047071,135,123,120
1771625889.0472417,135,123,120
1771625889.0473976,135,123,120
1771625889.04756,135,123,120
1771625889.0478265,135,123,120
1771625889.047983,135,123,120
1771625889.0481367,135,123,120
1771625889.0482872,135,123,120
1771625889.048466,135,123,120
1771625889.0486155,135,123,120
1771625889.048764,135,123,120
1771625889.0489268,135,123,120
1771625889.049075,135,123,120
1771625889.0492246,135,123,120
1771625889.049373,135,123,120
1771625889.0495265,135,123,120
1771625889.049816,135,123,120
1771625889.050026,135,123,120
1771625889.0501995,135,123,120
1771625889.0503516,135,123,120
1771625889.0505087,135,123,120
1771625889.050661,135,123,120
1771625889.0508113,135,123,120
1771625889.0509608,135,123,120
1771625889.0511105,135,123,120
1771625889.051262,135,123,120
1771625889.051462,135,123,120
1771625889.0516403,135,123,120
1771625889.0518153,135,123,120
1771625889.052044,135,123,120
1771625889.0522711,135,123,120
1771625889.0524952,135,123,120
1771625889.0527198,135,123,120
1771625889.052944,135,123,120
1771625889.0531197,135,123,120
1771625889.0532832,135,123,120
1771625889.0534341,135,123,120
1771625889.053586,135,123,120
1771625889.0537462,135,123,120
1771625889.0539026,135,123,120
1771625889.0540512,135,123,120
1771625889.0542026,135,123,120
1771625889.054351,135,123,120
1771625889.054538,135,123,120
1771625889.0546992,135,123,120
1771625889.0548475,135,123,120
1771625889.0549958,135,123,120
1771625889.0551887,135,123,120
1771625889.0554135,135,123,120
1771625889.0555706,135,123,120
1771625889.055721,135,123,120
1771625889.0558784,135,123,120
1771625889.056027,135,123,120
1771625889.0561764,135,123,120
1771625889.0563366,135,123,120
1771625889.0564852,135,123,120
1771625889.0566325,135,123,120
1771625889.0567796,135,123,120
1771625889.0569265,135,123,120
1771625889.0584397,135,123,120
1771625889.0586455,135,123,120
1771625889.0588522,135,123,120
1771625889.0590632,135,123,120
1771625889.1007898,135,123,120
1771625889.1009603,135,123,120
1771625889.1011174,135,123,120
1771625889.10127,135,123,120
1771625889.1014197,135,123,120
1771625889.1015701,135,123,120
1771625889.101722,135,123,120
1771625889.101872,135,123,120
1771625889.1020257,135,123,120
1771625889.1022005,135,123,120
1771625889.1023552,135,123,120
1771625889.1025133,135,123,120
1771625889.102664,135,123,120
1771625889.1028142,135,123,120
1771625889.1029863,135,123,120
1771625889.103166,135,123,120
1771625889.1033292,135,123,120
1771625889.1034954,135,123,120
1771625889.1036813,135,123,120
1771625889.10385,135,123,120
1771625889.1041307,135,123,120
1771625889.1044657,135,123,120
1771625889.104716,135,123,120
1771625889.1050398,135,123,120
1771625889.1052675,135,123,120
1771625889.1054697,135,123,120
1771625889.1056964,135,123,120
1771625889.1059563,135,123,120
1771625889.106193,135,123,120
1771625889.106393,135,123,120
1771625889.1066225,135,123,120
1771625889.1067936,135,123,120
1771625889.106991,135,123,120
1771625889.107196,135,123,120
1771625889.107395,135,123,120
1771625889.1075504,135,123,120
1771625889.1077015,135,123,120
1771625889.107891,135,123,120
1771625889.1080725,135,123,120
1771625889.1082277,135,123,120
1771625889.1083872,135,123,120
1771625889.1085389,135,123,120
1771625889.1086886,135,123,120
1771625889.1088383,135,123,120
1771625889.1116917,135,123,120
1771625889.1119256,135,123,120
1771625889.112149,135,123,120
1771625889.112358,135,123,120
1771625889.1158788,135,123,120
1771625889.1161165,135,123,120
1771625889.116417,135,123,120
1771625889.1198187,135,123,120
1771625889.1200397,135,123,120
1771625889.1202526,135,123,120
1771625889.1204224,135,123,120
1771625889.1241481,135,123,120
1771625889.1245527,135,123,120
1771625889.1249905,135,123,120
1771625889.1252277,135,123,120
1771625889.1282282,135,123,120
1771625889.128489,135,123,120
1771625889.1286902,135,123,120
1771625889.1320946,135,123,120
1771625889.132413,135,123,120
1771625889.1327617,135,123,120
1771625889.1330137,135,123,120
1771625889.1362762,135,123,120
1771625889.1365242,135,123,120
1771625889.1367543,135,123,120
1771625889.1370037,135,123,120
1771625889.1404004,135,123,120
1771625889.1405709,135,123,120
1771625889.1407373,135,123,120
1771625889.1409557,135,123,120
1771625889.1808887,135,123,120
1771625889.181098,135,123,120
1771625889.1812825,135,123,120
1771625889.1814883,135,123,120
1771625889.181645,135,123,120
1771625889.1818,135,123,120
1771625889.181954,135,123,120
1771625889.182107,135,123,120
1771625889.1822617,135,123,120
1771625889.1824167,135,123,120
1771625889.1825702,135,123,120
1771625889.1827393,135,123,120
1771625889.1829102,135,123,120
1771625889.1831057,135,123,120
1771625889.1833148,135,123,120
1771625889.183531,135,123,120
1771625889.1836946,135,123,120
1771625889.1838546,135,123,120
1771625889.184013,135,123,120
1771625889.1841683,135,123,120
1771625889.1843266,135,123,120
1771625889.1844814,135,123,120
1771625889.1846948,135,123,120
1771625889.1848488,135,123,120
1771625889.1850042,135,123,120
1771625889.1851602,135,123,120
1771625889.185339,135,123,120
1771625889.185494,135,123,120
1771625889.1856494,135,123,120
1771625889.1862125,135,123,120
1771625889.1869018,135,123,120
1771625889.1873431,135,123,120
1771625889.187687,135,123,120
1771625889.187921,135,123,120
1771625889.1881664,135,123,120
1771625889.1883953,135,123,120
1771625889.188582,135,123,120
1771625889.188742,135,123,120
1771625889.1889036,135,123,120
1771625889.1890616,135,123,120
1771625889.189444,135,123,120
1771625889.189701,135,123,120
1771625889.189899,135,123,120
1771625889.1900592,135,123,120
1771625889.1936412,135,123,120
1771625889.1938736,135,123,120
1771625889.1941073,135,123,120
1771625889.1943274,135,123,120
1771625889.198039,135,123,120
1771625889.198453,135,123,120
1771625889.198849,135,123,120
1771625889.2016973,135,123,120
1771625889.2020695,135,123,120
1771625889.2023733,135,123,120
1771625889.2026432,135,123,120
1771625889.2059338,135,123,120
1771625889.2061713,135,123,120
1771625889.2063928,135,123,120
1771625889.206613,135,123,120
1771625889.210066,135,123,120
1771625889.210367,135,123,120
1771625889.210785,135,123,120
1771625889.2139602,135,123,120
1771625889.2142353,135,123,120
1771625889.2144494,135,123,120
1771625889.2146645,135,123,120
1771625889.218347,135,123,120
1771625889.218785,135,123,120
1771625889.2189658,135,123,120
1771625889.2191277,135,123,120
1771625889.2223082,135,123,120
1771625889.2225409,135,123,120
1771625889.2227633,135,123,120
1771625889.2229805,135,123,120
1771625889.2674155,135,123,120
1771625889.2675793,135,123,120
1771625889.2677336,135,123,120
1771625889.2678835,135,123,120
1771625889.2680776,135,123,120
1771625889.2682433,135,123,120
1771625889.2684567,135,123,120
1771625889.2686675,135,123,120
1771625889.2688203,135,123,120
1771625889.2690344,135,123,120
1771625889.2691896,135,123,120
1771625889.269351,135,123,120
1771625889.2695055,135,123,120
1771625889.26966,135,123,120
1771625889.269815,135,123,120
1771625889.269967,135,123,120
1771625889.2701187,135,123,120
1771625889.270273,135,123,120
1771625889.2704256,135,123,120
1771625889.2705781,135,123,120
1771625889.2707295,135,123,120
1771625889.2708843,135,123,120
1771625889.2710373,135,123,120
1771625889.2711897,135,123,120
1771625889.271346,135,123,120
1771625889.2714987,135,123,120
1771625889.2716634,135,123,120
1771625889.2718117,135,123,120
1771625889.2719588,135,123,120
1771625889.2721071,135,123,120
1771625889.2722554,135,123,120
1771625889.2724025,135,123,120
1771625889.2725515,135,123,120
1771625889.2726989,135,123,120
1771625889.2728586,135,123,120
1771625889.273005,135,123,120
1771625889.2731514,135,123,120
1771625889.2733026,135,123,120
1771625889.2734494,135,123,120
1771625889.2736192,135,123,120
1771625889.273769,135,123,120
1771625889.273924,135,123,120
1771625889.274079,135,123,120
1771625889.2742336,135,123,120
1771625889.275488,135,123,120
1771625889.275696,135,123,120
1771625889.2759023,135,123,120
1771625889.2761176,135,123,120
1771625889.2797058,135,123,120
1771625889.27999,135,123,120
1771625889.2803743,135,123,120
1771625889.2836246,135,123,120
1771625889.2838614,135,123,120
1771625889.2840827,135,123,120
1771625889.2843127,135,123,120
1771625889.2877393,135,123,120
1771625889.2879007,135,123,120
1771625889.288053,135,123,120
1771625889.2882054,135,123,120
1771625889.292063,135,123,120
1771625889.2924056,135,123,120
1771625889.2926464,135,123,120
1771625889.2958794,135,123,120
1771625889.2963548,135,123,120
1771625889.2966352,135,123,120
1771625889.2968252,135,123,120
1771625889.3000321,135,123,120
1771625889.3002706,135,123,120
1771625889.3005133,135,123,120
1771625889.300746,135,123,120
1771625889.3043303,135,123,120
1771625889.3045852,135,123,120
1771625889.304848,135,123,120
1771625889.3050609,135,123,120
1771625889.308347,135,123,120
1771625889.3085725,135,123,120
1771625889.308934,135,123,120
1771625889.3123188,135,123,120
1771625889.3125997,135,123,120
1771625889.3128593,135,123,120
1771625889.3131187,135,123,120
1771625889.316523,135,123,120
1771625889.3167799,135,123,120
1771625889.3170245,135,123,120
1771625889.3172257,135,123,120
1771625889.3205962,135,123,120
1771625889.3208199,135,123,120
1771625889.3210373,135,123,120
1771625889.3245792,135,123,120
1771625889.3248086,135,123,120
1771625889.325025,135,123,120
1771625889.3252375,135,123,120
1771625889.328741,135,123,120
1771625889.3289232,135,123,120
1771625889.329091,135,123,120
1771625889.3292537,135,123,120
1771625889.3328848,135,123,120
1771625889.3331113,135,123,120
1771625889.3333323,135,123,120
1771625889.3335483,135,123,120
1771625889.382837,135,123,120
1771625889.3830223,135,123,120
1771625889.3832574,135,123,120
1771625889.3835304,135,123,120
1771625889.3837674,135,123,120
1771625889.3840773,135,123,120
1771625889.3843336,135,123,120
1771625889.384546,135,123,120
1771625889.3847568,135,123,120
1771625889.3849924,135,123,120
1771625889.3851988,135,123,120
1771625889.3853934,135,123,120
1771625889.3855963,135,123,120
1771625889.3858025,135,123,120
1771625889.3859985,135,123,120
1771625889.386194,135,123,120
1771625889.3864052,135,123,120
1771625889.3866148,135,123,120
1771625889.3868248,135,123,120
1771625889.3870287,135,123,120
1771625889.3872736,135,123,120
1771625889.3874757,135,123,120
1771625889.3876767,135,123,120
1771625889.3878715,135,123,120
1771625889.3880637,135,123,120
1771625889.3882568,135,123,120
1771625889.3884554,135,123,120
1771625889.38891,135,123,120
1771625889.3892753,135,123,120
1771625889.3895059,135,123,120
1771625889.3897443,135,123,120
1771625889.3899763,135,123,120
1771625889.3901982,135,123,120
1771625889.3904238,135,123,120
1771625889.3906941,135,123,120
1771625889.3909247,135,123,120
1771625889.3910823,135,123,120
1771625889.391237,135,123,120
1771625889.391392,135,123,120
1771625889.3915455,135,123,120
1771625889.3917003,135,123,120
1771625889.3918533,135,123,120
1771625889.3920069,135,123,120
1771625889.3922393,135,123,120
1771625889.3923898,135,123,120
1771625889.3925471,135,123,120
1771625889.3927007,135,123,120
1771625889.3928547,135,123,120
1771625889.3931687,135,123,120
1771625889.3933365,135,123,120
1771625889.3934927,135,123,120
1771625889.3942254,135,123,120
1771625889.394463,135,123,120
1771625889.394691,135,123,120
1771625889.3949215,135,123,120
1771625889.3983324,135,123,120
1771625889.398559,135,123,120
1771625889.3989139,135,123,120
1771625889.3994088,135,123,120
1771625889.4027078,135,123,120
1771625889.403114,135,123,120
1771625889.4034922,135,123,120
1771625889.4065013,135,123,120
1771625889.4069698,135,123,120
1771625889.4073563,135,123,120
1771625889.407736,135,123,120
1771625889.4106717,135,123,120
1771625889.4109044,135,123,120
1771625889.4111743,135,123,120
1771625889.4113925,135,123,120
1771625889.414979,135,123,120
1771625889.4153862,135,123,120
1771625889.415605,135,123,120
1771625889.4157655,135,123,120
1771625889.4593916,135,123,120
1771625889.4596102,135,123,120
1771625889.4598558,135,123,120
1771625889.4600744,135,123,120
1771625889.4602551,135,123,120
1771625889.4604137,135,123,120
1771625889.4605744,135,123,120
1771625889.4607327,135,123,120
1771625889.4608934,135,123,120
1771625889.4610536,135,123,120
1771625889.461226,135,123,120
1771625889.461382,135,123,120
1771625889.461536,135,123,120
1771625889.4616888,135,123,120
1771625889.4618416,135,123,120
1771625889.461998,135,123,120
1771625889.4621527,135,123,120
1771625889.4623077,135,123,120
1771625889.462459,135,123,120
1771625889.4626107,135,123,120
1771625889.4627857,135,123,120
1771625889.4629347,135,123,120
1771625889.4630837,135,123,120
1771625889.4632347,135,123,120
1771625889.4633856,135,123,120
1771625889.4635365,135,123,120
1771625889.4636898,135,123,120
1771625889.4638402,135,123,120
1771625889.4639914,135,123,120
1771625889.4641428,135,123,120
1771625889.464293,135,123,120
1771625889.4644434,135,123,120
1771625889.4645941,135,123,120
1771625889.464747,135,123,120
1771625889.4648979,135,123,120
1771625889.4650483,135,123,120
1771625889.4651985,135,123,120
1771625889.4653497,135,123,120
1771625889.4655051,135,123,120
1771625889.4656563,135,123,120
1771625889.4658065,135,123,120
1771625889.465958,135,123,120
1771625889.4661071,135,123,120
1771625889.4662569,135,123,120
1771625889.4681766,135,123,120
1771625889.468588,135,123,120
1771625889.4688876,135,123,120
1771625889.4691536,135,123,120
1771625889.4722545,135,123,120
1771625889.472489,135,123,120
1771625889.4727135,135,123,120
1771625889.4760935,135,123,120
1771625889.476487,135,123,120
1771625889.476875,135,123,120
1771625889.4773242,135,123,120
1771625889.4802947,135,123,120
1771625889.4807007,135,123,120
1771625889.4810998,135,123,120
1771625889.4814003,135,123,120
1771625889.4846525,135,123,120
1771625889.4850333,135,123,120
1771625889.4852006,135,123,120
1771625889.4883654,135,123,120
1771625889.488762,135,123,120
1771625889.4891648,135,123,120
1771625889.4896028,135,123,120
1771625889.4926207,135,123,120
1771625889.4930043,135,123,120
1771625889.493377,135,123,120
1771625889.4936004,135,123,120
1771625889.4967747,135,123,120
1771625889.497142,135,123,120
1771625889.4975085,135,123,120
1771625889.4979062,135,123,120
1771625889.5010111,135,123,120
1771625889.5014129,135,123,120
1771625889.5018039,135,123,120
1771625889.5047863,135,123,120
1771625889.505183,135,123,120
1771625889.505568,135,123,120
1771625889.505954,135,123,120
1771625889.5091038,135,123,120
1771625889.5095108,135,123,120
1771625889.509929,135,123,120
1771625889.5102606,135,123,120
1771625889.5133731,135,123,120
1771625889.5137796,135,123,120
1771625889.5139637,135,123,120
1771625889.517161,135,123,120
1771625889.5175896,135,123,120
1771625889.5179794,135,123,120
1771625889.5183928,135,123,120
1771625889.5215344,135,123,120
1771625889.5219436,135,123,120
1771625889.5222738,135,123,120
1771625889.5224319,135,123,120
1771625889.5265372,135,123,120
1771625889.5267456,135,123,120
1771625889.5269096,135,123,120
1771625889.5297256,135,123,120
1771625889.5299795,135,123,120
1771625889.530146,135,123,120
1771625889.530795,135,123,120
1771625889.5335069,135,123,120
1771625889.533745,135,123,120
1771625889.5339549,135,123,120
1771625889.5341632,135,123,120
1771625889.5376575,135,123,120
1771625889.5378652,135,123,120
1771625889.5380783,135,123,120
1771625889.538413,135,123,120
1771625889.5431366,135,123,120
1771625889.543335,135,123,120
1771625889.5435307,135,123,120
1771625889.5457473,135,123,120
1771625889.546112,135,123,120
1771625889.546609,135,123,120
1771625889.546843,135,123,120
1771625889.5499628,135,123,120
1771625889.5502243,135,123,120
1771625889.5504522,135,123,120
1771625889.5507054,135,123,120
1771625889.5541277,135,123,120
1771625889.5543535,135,123,120
1771625889.5545743,135,123,120
1771625889.5580387,135,123,120
1771625889.5582743,135,123,120
1771625889.558494,135,123,120
1771625889.5587149,135,123,120
1771625889.5621924,135,123,120
1771625889.5624099,135,123,120
1771625889.562618,135,123,120
1771625889.5628607,135,123,120
1771625889.5663548,135,123,120
1771625889.5665784,135,123,120
1771625889.566809,135,123,120
1771625889.5670254,135,123,120
1771625889.6111543,135,123,120
1771625889.6114385,135,123,120
1771625889.6115978,135,123,120
1771625889.6117618,135,123,120
1771625889.6119177,135,123,120
1771625889.6120737,135,123,120
1771625889.6122658,135,123,120
1771625889.6124203,135,123,120
1771625889.6125777,135,123,120
1771625889.6127372,135,123,120
1771625889.6128943,135,123,120
1771625889.6130505,135,123,120
1771625889.6132092,135,123,120
1771625889.6133652,135,123,120
1771625889.6135182,135,123,120
1771625889.6136744,135,123,120
1771625889.613826,135,123,120
1771625889.6139784,135,123,120
1771625889.614131,135,123,120
1771625889.6142833,135,123,120
1771625889.6144354,135,123,120
1771625889.6145873,135,123,120
1771625889.614742,135,123,120
1771625889.6148946,135,123,120
1771625889.6150465,135,123,120
1771625889.6152003,135,123,120
1771625889.6153758,135,123,120
1771625889.61553,135,123,120
1771625889.6156876,135,123,120
1771625889.6158397,135,123,120
1771625889.6159923,135,123,120
1771625889.6161454,135,123,120
1771625889.6162975,135,123,120
1771625889.6164496,135,123,120
1771625889.616601,135,123,120
1771625889.6167564,135,123,120
1771625889.6169083,135,123,120
1771625889.6170604,135,123,120
1771625889.6172137,135,123,120
1771625889.6173854,135,123,120
1771625889.6175373,135,123,120
1771625889.6176965,135,123,120
1771625889.617848,135,123,120
1771625889.6179996,135,123,120
1771625889.6197345,135,123,120
1771625889.6201317,135,123,120
1771625889.6205142,135,123,120
1771625889.6207795,135,123,120
1771625889.6239586,135,123,120
1771625889.6243298,135,123,120
1771625889.6244798,135,123,120
1771625889.6277761,135,123,120
1771625889.6281734,135,123,120
1771625889.628545,135,123,120
1771625889.6289146,135,123,120
1771625889.6320832,135,123,120
1771625889.6324914,135,123,120
1771625889.6327307,135,123,120
1771625889.6329062,135,123,120
1771625889.6361556,135,123,120
1771625889.6365669,135,123,120
1771625889.6369603,135,123,120
1771625889.639958,135,123,120
1771625889.640268,135,123,120
1771625889.640512,135,123,120
1771625889.6407366,135,123,120
1771625889.6441002,135,123,120
1771625889.6443777,135,123,120
1771625889.6446254,135,123,120
1771625889.6448483,135,123,120
1771625889.6484222,135,123,120
1771625889.6488507,135,123,120
1771625889.64924,135,123,120
1771625889.6495028,135,123,120
1771625889.701767,135,123,120
1771625889.702249,135,123,120
1771625889.7025325,135,123,120
1771625889.702723,135,123,120
1771625889.702885,135,123,120
1771625889.7030528,135,123,120
1771625889.7032115,135,123,120
1771625889.7033703,135,123,120
1771625889.7035284,135,123,120
1771625889.7037108,135,123,120
1771625889.7038667,135,123,120
1771625889.7040234,135,123,120
1771625889.70418,135,123,120
1771625889.704338,135,123,120
1771625889.7044933,135,123,120
1771625889.7046554,135,123,120
1771625889.704812,135,123,120
1771625889.7049692,135,123,120
1771625889.7051258,135,123,120
1771625889.705305,135,123,120
1771625889.7054965,135,123,120
1771625889.7056513,135,123,120
1771625889.7058043,135,123,120
1771625889.7059574,135,123,120
1771625889.7061093,135,123,120
1771625889.7062633,135,123,120
1771625889.706417,135,123,120
1771625889.7065754,135,123,120
1771625889.7067282,135,123,120
1771625889.706878,135,123,120
1771625889.7070334,135,123,120
1771625889.7071948,135,123,120
1771625889.7073612,135,123,120
1771625889.7078373,135,123,120
1771625889.708136,135,123,120
1771625889.7083604,135,123,120
1771625889.708533,135,123,120
1771625889.7086875,135,123,120
1771625889.708845,135,123,120
1771625889.7090063,135,123,120
1771625889.7092154,135,123,120
1771625889.709378,135,123,120
1771625889.7096536,135,123,120
1771625889.7098844,135,123,120
1771625889.7101128,135,123,120
1771625889.7103426,135,123,120
1771625889.7105708,135,123,120
1771625889.71075,135,123,120
1771625889.7109215,135,123,120
1771625889.7110722,135,123,120
1771625889.711223,135,123,120
1771625889.7113724,135,123,120
1771625889.7115233,135,123,120
1771625889.7116776,135,123,120
1771625889.71183,135,123,120
1771625889.71371,135,123,120
1771625889.713965,135,123,120
1771625889.7142184,135,123,120
1771625889.714445,135,123,120
1771625889.7178924,135,123,120
1771625889.718115,135,123,120
1771625889.7183292,135,123,120
1771625889.7218013,135,123,120
1771625889.7220519,135,123,120
1771625889.722271,135,123,120
1771625889.7224925,135,123,120
1771625889.7260516,135,123,120
1771625889.726394,135,123,120
1771625889.7266505,135,123,120
1771625889.7269025,135,123,120
1771625889.7303202,135,123,120
1771625889.730725,135,123,120
1771625889.7311532,135,123,120
1771625889.731386,135,123,120
1771625889.7697258,135,123,120
1771625889.7698941,135,123,120
1771625889.7700734,135,123,120
1771625889.7702355,135,123,120
1771625889.770387,135,123,120
1771625889.7705383,135,123,120
1771625889.7706885,135,123,120
1771625889.7708383,135,123,120
1771625889.7710505,135,123,120
1771625889.771203,135,123,120
1771625889.7713544,135,123,120
1771625889.7715054,135,123,120
1771625889.7716553,135,123,120
1771625889.7718344,135,123,120
1771625889.7719812,135,123,120
1771625889.772133,135,123,120
1771625889.7722836,135,123,120
1771625889.7724338,135,123,120
1771625889.772583,135,123,120
1771625889.7727313,135,123,120
1771625889.7728794,135,123,120
1771625889.7730267,135,123,120
1771625889.7731776,135,123,120
1771625889.7733247,135,123,120
1771625889.773472,135,123,120
1771625889.77362,135,123,120
1771625889.7737687,135,123,120
1771625889.7739167,135,123,120
1771625889.7741125,135,123,120
1771625889.7742636,135,123,120
1771625889.774411,135,123,120
1771625889.7745585,135,123,120
1771625889.7747083,135,123,120
1771625889.7748854,135,123,120
1771625889.775069,135,123,120
1771625889.775218,135,123,120
1771625889.7753654,135,123,120
1771625889.7755132,135,123,120
1771625889.7756612,135,123,120
1771625889.775809,135,123,120
1771625889.7794561,135,123,120
1771625889.779934,135,123,120
1771625889.780328,135,123,120
1771625889.780479,135,123,120
1771625889.7835405,135,123,120
1771625889.7839506,135,123,120
1771625889.7843578,135,123,120
1771625889.7847881,135,123,120
1771625889.7876778,135,123,120
1771625889.7880685,135,123,120
1771625889.788463,135,123,120
1771625889.792369,135,123,120
1771625889.7926114,135,123,120
1771625889.7928567,135,123,120
1771625889.7930195,135,123,120
1771625889.795733,135,123,120
1771625889.795996,135,123,120
1771625889.7962387,135,123,120
1771625889.796489,135,123,120
1771625889.80009,135,123,120
1771625889.8003476,135,123,120
1771625889.800577,135,123,120
1771625889.8007436,135,123,120
1771625889.8453596,135,123,120
1771625889.8455403,135,123,120
1771625889.8457124,135,123,120
1771625889.8458703,135,123,120
1771625889.8460293,135,123,120
1771625889.8461866,135,123,120
1771625889.8463445,135,123,120
1771625889.846518,135,123,120
1771625889.846673,135,123,120
1771625889.8468294,135,123,120
1771625889.8469849,135,123,120
1771625889.8471396,135,123,120
1771625889.8473043,135,123,120
1771625889.8474593,135,123,120
1771625889.8476334,135,123,120
1771625889.8477962,135,123,120
1771625889.847951,135,123,120
1771625889.8481038,135,123,120
1771625889.8482563,135,123,120
1771625889.848408,135,123,120
1771625889.848561,135,123,120
1771625889.8487139,135,123,120
1771625889.8488882,135,123,120
1771625889.8490407,135,123,120
1771625889.849194,135,123,120
1771625889.8493454,135,123,120
1771625889.849566,135,123,120
1771625889.849717,135,123,120
1771625889.8498714,135,123,120
1771625889.8500226,135,123,120
1771625889.8501742,135,123,120
1771625889.8503268,135,123,120
1771625889.8504798,135,123,120
1771625889.850632,135,123,120
1771625889.850798,135,123,120
1771625889.850948,135,123,120
1771625889.8511002,135,123,120
1771625889.851253,135,123,120
1771625889.851405,135,123,120
1771625889.8515599,135,123,120
1771625889.8517115,135,123,120
1771625889.8518634,135,123,120
1771625889.852014,135,123,120
1771625889.8521655,135,123,120
1771625889.8530915,135,123,120
1771625889.8533304,135,123,120
1771625889.8535795,135,123,120
1771625889.8538322,135,123,120
1771625889.8573833,135,123,120
1771625889.858081,135,123,120
1771625889.8584542,135,123,120
1771625889.8611517,135,123,120
1771625889.861422,135,123,120
1771625889.8616781,135,123,120
1771625889.8619177,135,123,120
1771625889.8652391,135,123,120
1771625889.8655503,135,123,120
1771625889.8659215,135,123,120
1771625889.8663924,135,123,120
1771625889.8696542,135,123,120
1771625889.8700798,135,123,120
1771625889.8703349,135,123,120
1771625889.8734202,135,123,120
1771625889.8741062,135,123,120
1771625889.8745744,135,123,120
1771625889.8749578,135,123,120
1771625889.877674,135,123,120
1771625889.8780842,135,123,120
1771625889.8784823,135,123,120
1771625889.8787477,135,123,120
1771625889.8818924,135,123,120
1771625889.882309,135,123,120
1771625889.8827055,135,123,120
1771625889.883095,135,123,120
1771625890.0062284,135,123,120
1771625890.0064058,135,123,120
1771625890.0065663,135,123,120
1771625890.0067253,135,123,120
1771625890.0068822,135,123,120
1771625890.007039,135,123,120
1771625890.0071955,135,123,120
1771625890.0073514,135,123,120
1771625890.0075164,135,123,120
1771625890.0076897,135,123,120
1771625890.0078466,135,123,120
1771625890.0080025,135,123,120
1771625890.0081584,135,123,120
1771625890.0083137,135,123,120
1771625890.0084722,135,123,120
1771625890.00865,135,123,120
1771625890.008806,135,123,120
1771625890.0089607,135,123,120
1771625890.0091143,135,123,120
1771625890.0092683,135,123,120
1771625890.0094275,135,123,120
1771625890.0096328,135,123,120
1771625890.0097845,135,123,120
1771625890.0099363,135,123,120
1771625890.0100882,135,123,120
1771625890.0102391,135,123,120
1771625890.0103936,135,123,120
1771625890.010546,135,123,120
1771625890.0106995,135,123,120
1771625890.010851,135,123,120
1771625890.0111234,135,123,120
1771625890.0112748,135,123,120
1771625890.0114307,135,123,120
1771625890.0115824,135,123,120
1771625890.011734,135,123,120
1771625890.0118861,135,123,120
1771625890.0120375,135,123,120
1771625890.0121891,135,123,120
1771625890.0123408,135,123,120
1771625890.0125148,135,123,120
1771625890.012688,135,123,120
1771625890.0128386,135,123,120
1771625890.0129912,135,123,120
1771625890.013144,135,123,120
1771625890.0132947,135,123,120
1771625890.0134478,135,123,120
1771625890.0135984,135,123,120
1771625890.01384,135,123,120
1771625890.0142083,135,123,120
1771625890.0144453,135,123,120
1771625890.0146918,135,123,120
1771625890.0150013,135,123,120
1771625890.0152318,135,123,120
1771625890.0154426,135,123,120
1771625890.0157366,135,123,120
1771625890.0159712,135,123,120
1771625890.0161946,135,123,120
1771625890.0164173,135,123,120
1771625890.0166252,135,123,120
1771625890.0168023,135,123,120
1771625890.0169504,135,123,120
1771625890.0170984,135,123,120
1771625890.0172532,135,123,120
1771625890.017399,135,123,120
1771625890.0175462,135,123,120
1771625890.0176983,135,123,120
1771625890.0178459,135,123,120
1771625890.0179935,135,123,120
1771625890.0181403,135,123,120
1771625890.0182884,135,123,120
1771625890.0184608,135,123,120
1771625890.0186653,135,123,120
1771625890.0188184,135,123,120
1771625890.0189686,135,123,120
1771625890.0191395,135,123,120
1771625890.019327,135,123,120
1771625890.0194829,135,123,120
1771625890.0196412,135,123,120
1771625890.019801,135,123,120
1771625890.019954,135,123,120
1771625890.0201101,135,123,120
1771625890.0202713,135,123,120
1771625890.0204544,135,123,120
1771625890.0206907,135,123,120
1771625890.0209196,135,123,120
1771625890.0211303,135,123,120
1771625890.021319,135,123,120
1771625890.0214732,135,123,120
1771625890.0216234,135,123,120
1771625890.0217738,135,123,120
1771625890.0219252,135,123,120
1771625890.0220766,135,123,120
1771625890.0222278,135,123,120
1771625890.0223842,135,123,120
1771625890.0225365,135,123,120
1771625890.0226886,135,123,120
1771625890.0228393,135,123,120
1771625890.022989,135,123,120
1771625890.0231392,135,123,120
1771625890.023296,135,123,120
1771625890.0234804,135,123,120
1771625890.0236695,135,123,120
1771625890.02383,135,123,120
1771625890.023978,135,123,120
1771625890.0241258,135,123,120
1771625890.024274,135,123,120
1771625890.0244234,135,123,120
1771625890.0245714,135,123,120
1771625890.0247211,135,123,120
1771625890.0248718,135,123,120
1771625890.0250473,135,123,120
1771625890.0252314,135,123,120
1771625890.025419,135,123,120
1771625890.025595,135,123,120
1771625890.0257614,135,123,120
1771625890.025945,135,123,120
1771625890.0261009,135,123,120
1771625890.0262523,135,123,120
1771625890.0264034,135,123,120
1771625890.0265546,135,123,120
1771625890.0267057,135,123,120
1771625890.0268657,135,123,120
1771625890.027016,135,123,120
1771625890.0271664,135,123,120
1771625890.0273223,135,123,120
1771625890.0274725,135,123,120
1771625890.0276222,135,123,120
1771625890.0277724,135,123,120
1771625890.027923,135,123,120
1771625890.0292222,135,123,120
1771625890.0298777,135,123,120
1771625890.030113,135,123,120
1771625890.030335,135,123,120
1771625890.0333436,135,123,120
1771625890.0336654,135,123,120
1771625890.0338833,135,123,120
1771625890.0372434,135,123,120
1771625890.037699,135,123,120
1771625890.038084,135,123,120
1771625890.0383177,135,123,120
1771625890.0414739,135,123,120
1771625890.041882,135,123,120
1771625890.04228,135,123,120
1771625890.042669,135,123,120
1771625890.045544,135,123,120
1771625890.045806,135,123,120
1771625890.0460632,135,123,120
1771625890.0463488,135,123,120
1771625890.0499682,135,123,120
1771625890.0503829,135,123,120
1771625890.050781,135,123,120
1771625890.0536585,135,123,120
1771625890.0539405,135,123,120
1771625890.0543325,135,123,120
1771625890.0547247,135,123,120
1771625890.058031,135,123,120
1771625890.0584443,135,123,120
1771625890.0587602,135,123,120
1771625890.0589242,135,123,120
1771625890.0619745,135,123,120
1771625890.0621986,135,123,120
1771625890.0624208,135,123,120
1771625890.065863,135,123,120
1771625890.0660844,135,123,120
1771625890.0663006,135,123,120
1771625890.0665154,135,123,120
1771625890.0700696,135,123,120
1771625890.070294,135,123,120
1771625890.0705101,135,123,120
1771625890.0707304,135,123,120
1771625890.0741706,135,123,120
1771625890.0743876,135,123,120
1771625890.074624,135,123,120
1771625890.074882,135,123,120
1771625890.1193085,135,123,120
1771625890.1194754,135,123,120
1771625890.1196284,135,123,120
1771625890.11985,135,123,120
1771625890.1200063,135,123,120
1771625890.1201587,135,123,120
1771625890.1203232,135,123,120
1771625890.1204808,135,123,120
1771625890.1206336,135,123,120
1771625890.1207945,135,123,120
1771625890.1209526,135,123,120
1771625890.1211035,135,123,120
1771625890.1212933,135,123,120
1771625890.1214476,135,123,120
1771625890.1215994,135,123,120
1771625890.12176,135,123,120
1771625890.121962,135,123,120
1771625890.1222117,135,123,120
1771625890.122438,135,123,120
1771625890.1226778,135,123,120
1771625890.1229079,135,123,120
1771625890.123073,135,123,120
1771625890.1232488,135,123,120
1771625890.123415,135,123,120
1771625890.123582,135,123,120
1771625890.1237516,135,123,120
1771625890.1239133,135,123,120
1771625890.124068,135,123,120
1771625890.1242208,135,123,120
1771625890.1243727,135,123,120
1771625890.1245258,135,123,120
1771625890.1246903,135,123,120
1771625890.1248546,135,123,120
1771625890.1250043,135,123,120
1771625890.1251545,135,123,120
1771625890.1253042,135,123,120
1771625890.1254559,135,123,120
1771625890.1256042,135,123,120
1771625890.1257572,135,123,120
1771625890.1259117,135,123,120
1771625890.1260617,135,123,120
1771625890.1262102,135,123,120
1771625890.1263664,135,123,120
1771625890.1265655,135,123,120
1771625890.1276898,135,123,120
1771625890.1280832,135,123,120
1771625890.1283288,135,123,120
1771625890.1284823,135,123,120
1771625890.1318214,135,123,120
1771625890.1322308,135,123,120
1771625890.1326518,135,123,120
1771625890.1356666,135,123,120
1771625890.1360788,135,123,120
1771625890.1364713,135,123,120
1771625890.1367657,135,123,120
1771625890.1397097,135,123,120
1771625890.1399534,135,123,120
1771625890.1401646,135,123,120
1771625890.140494,135,123,120
1771625890.1440148,135,123,120
1771625890.1444252,135,123,120
1771625890.1448174,135,123,120
1771625890.1478426,135,123,120
1771625890.1483095,135,123,120
1771625890.148681,135,123,120
1771625890.1488805,135,123,120
1771625890.1521566,135,123,120
1771625890.152579,135,123,120
1771625890.152983,135,123,120
1771625890.153369,135,123,120
1771625890.1563144,135,123,120
1771625890.1567192,135,123,120
1771625890.1570623,135,123,120
1771625890.1572225,135,123,120
1771625890.19798,135,123,120
1771625890.1981454,135,123,120
1771625890.198301,135,123,120
1771625890.1984632,135,123,120
1771625890.1986146,135,123,120
1771625890.1987643,135,123,120
1771625890.1989143,135,123,120
1771625890.1990654,135,123,120
1771625890.1992157,135,123,120
1771625890.1993668,135,123,120
1771625890.199518,135,123,120
1771625890.1996686,135,123,120
1771625890.1998208,135,123,120
1771625890.2004008,135,123,120
1771625890.2007306,135,123,120
1771625890.2011046,135,123,120
1771625890.2014184,135,123,120
1771625890.201635,135,123,120
1771625890.2018402,135,123,120
1771625890.201998,135,123,120
1771625890.2021532,135,123,120
1771625890.2023199,135,123,120
1771625890.2024748,135,123,120
1771625890.2026298,135,123,120
1771625890.2027879,135,123,120
1771625890.2029488,135,123,120
1771625890.203102,135,123,120
1771625890.2032547,135,123,120
1771625890.2034068,135,123,120
1771625890.203559,135,123,120
1771625890.2037165,135,123,120
1771625890.203874,135,123,120
1771625890.2040262,135,123,120
1771625890.2041774,135,123,120
1771625890.2043293,135,123,120
1771625890.2044828,135,123,120
1771625890.2046366,135,123,120
1771625890.2047904,135,123,120
1771625890.2049499,135,123,120
1771625890.205169,135,123,120
1771625890.2053232,135,123,120
1771625890.205478,135,123,120
1771625890.2056365,135,123,120
1771625890.2057903,135,123,120
1771625890.2093487,135,123,120
1771625890.2095768,135,123,120
1771625890.2097976,135,123,120
1771625890.2100327,135,123,120
1771625890.2135317,135,123,120
1771625890.2137675,135,123,120
1771625890.2139869,135,123,120
1771625890.2174737,135,123,120
1771625890.2178693,135,123,120
1771625890.2182493,135,123,120
1771625890.2184417,135,123,120
1771625890.2215984,135,123,120
1771625890.221885,135,123,120
1771625890.2222574,135,123,120
1771625890.222628,135,123,120
1771625890.2259755,135,123,120
1771625890.2263637,135,123,120
1771625890.2267132,135,123,120
1771625890.2297437,135,123,120
1771625890.2301958,135,123,120
1771625890.230606,135,123,120
1771625890.2315636,135,123,120
1771625890.2339065,135,123,120
1771625890.2341301,135,123,120
1771625890.2343438,135,123,120
1771625890.2345786,135,123,120
1771625890.238306,135,123,120
1771625890.2387145,135,123,120
1771625890.2391763,135,123,120
1771625890.2395663,135,123,120
1771625890.2422056,135,123,120
1771625890.2426207,135,123,120
1771625890.2430131,135,123,120
1771625890.2461715,135,123,120
1771625890.2465532,135,123,120
1771625890.2468283,135,123,120
1771625890.2470603,135,123,120
1771625890.2504637,135,123,120
1771625890.2508743,135,123,120
1771625890.2512739,135,123,120
1771625890.2516603,135,123,120
1771625890.2546513,135,123,120
1771625890.2550607,135,123,120
1771625890.255437,135,123,120
1771625890.2584908,135,123,120
1771625890.2589068,135,123,120
1771625890.2593,135,123,120
1771625890.2596972,135,123,120
1771625890.2626116,135,123,120
1771625890.262835,135,123,120
1771625890.2630467,135,123,120
1771625890.263254,135,123,120
1771625890.2670033,135,123,120
1771625890.2674074,135,123,120
1771625890.2675889,135,123,120
1771625890.2706997,135,123,120
1771625890.271162,135,123,120
1771625890.2715547,135,123,120
1771625890.2719452,135,123,120
1771625890.2749307,135,123,120
1771625890.2753334,135,123,120
1771625890.2757225,135,123,120
1771625890.2759566,135,123,120
1771625890.2791302,135,123,120
1771625890.2794626,135,123,120
1771625890.2796288,135,123,120
1771625890.2797892,135,123,120
1771625890.2833393,135,123,120
1771625890.283724,135,123,120
1771625890.2841573,135,123,120
1771625890.2872088,135,123,120
1771625890.287599,135,123,120
1771625890.2879007,135,123,120
1771625890.288058,135,123,120
1771625890.2914052,135,123,120
1771625890.2917895,135,123,120
1771625890.2921739,135,123,120
1771625890.2925394,135,123,120
1771625890.295739,135,123,120
1771625890.2961378,135,123,120
1771625890.2963612,135,123,120
1771625890.2997775,135,123,120
1771625890.3002172,135,123,120
1771625890.3005927,135,123,120
1771625890.3009777,135,123,120
1771625890.303617,135,123,120
1771625890.3040028,135,123,120
1771625890.3044102,135,123,120
1771625890.3047092,135,123,120
1771625890.3079762,135,123,120
1771625890.3083687,135,123,120
1771625890.3088202,135,123,120
1771625890.309474,135,123,120
1771625890.3494623,135,123,120
1771625890.3496358,135,123,120
1771625890.349803,135,123,120
1771625890.3499596,135,123,120
1771625890.3501184,135,123,120
1771625890.350278,135,123,120
1771625890.350449,135,123,120
1771625890.3506174,135,123,120
1771625890.350832,135,123,120
1771625890.3509974,135,123,120
1771625890.351157,135,123,120
1771625890.351316,135,123,120
1771625890.3514962,135,123,120
1771625890.3516693,135,123,120
1771625890.3518305,135,123,120
1771625890.3519862,135,123,120
1771625890.352143,135,123,120
1771625890.3523004,135,123,120
1771625890.3524594,135,123,120
1771625890.3526354,135,123,120
1771625890.3527977,135,123,120
1771625890.352955,135,123,120
1771625890.3531377,135,123,120
1771625890.3532917,135,123,120
1771625890.3534496,135,123,120
1771625890.3536043,135,123,120
1771625890.3537638,135,123,120
1771625890.3539176,135,123,120
1771625890.3540719,135,123,120
1771625890.3542297,135,123,120
1771625890.3544073,135,123,120
1771625890.3545616,135,123,120
1771625890.3547146,135,123,120
1771625890.3548753,135,123,120
1771625890.3550282,135,123,120
1771625890.3551822,135,123,120
1771625890.355339,135,123,120
1771625890.3554916,135,123,120
1771625890.355645,135,123,120
1771625890.3558037,135,123,120
1771625890.3568947,135,123,120
1771625890.3574505,135,123,120
1771625890.35761,135,123,120
1771625890.3578143,135,123,120
1771625890.3609765,135,123,120
1771625890.361211,135,123,120
1771625890.3614354,135,123,120
1771625890.3616576,135,123,120
1771625890.3650315,135,123,120
1771625890.365252,135,123,120
1771625890.3654678,135,123,120
1771625890.36913,135,123,120
1771625890.3695238,135,123,120
1771625890.3699071,135,123,120
1771625890.370285,135,123,120
1771625890.3733501,135,123,120
1771625890.3737564,135,123,120
1771625890.3741324,135,123,120
1771625890.3744283,135,123,120
1771625890.3774784,135,123,120
1771625890.3777082,135,123,120
1771625890.3779035,135,123,120
1771625890.381764,135,123,120
1771625890.3822594,135,123,120
1771625890.3826513,135,123,120
1771625890.382851,135,123,120
1771625890.3858483,135,123,120
1771625890.3860567,135,123,120
1771625890.3862195,135,123,120
1771625890.386384,135,123,120
1771625890.3898952,135,123,120
1771625890.3900754,135,123,120
1771625890.3902392,135,123,120
1771625890.3904023,135,123,120
1771625890.421132,135,123,120
1771625890.4213068,135,123,120
1771625890.4214797,135,123,120
1771625890.4216356,135,123,120
1771625890.4218423,135,123,120
1771625890.421994,135,123,120
1771625890.4221468,135,123,120
1771625890.4223018,135,123,120
1771625890.4224617,135,123,120
1771625890.4226165,135,123,120
1771625890.4227693,135,123,120
1771625890.4229228,135,123,120
1771625890.4230747,135,123,120
1771625890.4232266,135,123,120
1771625890.423425,135,123,120
1771625890.4236603,135,123,120
1771625890.4238865,135,123,120
1771625890.424095,135,123,120
1771625890.424335,135,123,120
1771625890.4245672,135,123,120
1771625890.424803,135,123,120
1771625890.4249675,135,123,120
1771625890.4251218,135,123,120
1771625890.425291,135,123,120
1771625890.4254444,135,123,120
1771625890.4255972,135,123,120
1771625890.4257715,135,123,120
1771625890.4259286,135,123,120
1771625890.4260802,135,123,120
1771625890.4263132,135,123,120
1771625890.4264662,135,123,120
1771625890.426621,135,123,120
1771625890.426773,135,123,120
1771625890.4307916,135,123,120
1771625890.4310637,135,123,120
1771625890.431296,135,123,120
1771625890.431535,135,123,120
1771625890.434638,135,123,120
1771625890.434794,135,123,120
1771625890.434945,135,123,120
1771625890.4386437,135,123,120
1771625890.4388676,135,123,120
1771625890.4391315,135,123,120
1771625890.4395063,135,123,120
1771625890.4429505,135,123,120
1771625890.4433615,135,123,120
1771625890.443756,135,123,120
1771625890.4440105,135,123,120
1771625890.4469445,135,123,120
1771625890.447169,135,123,120
1771625890.4473839,135,123,120
1771625890.451039,135,123,120
1771625890.4513154,135,123,120
1771625890.4515278,135,123,120
1771625890.451738,135,123,120
1771625890.4552076,135,123,120
1771625890.455617,135,123,120
1771625890.4559438,135,123,120
1771625890.456105,135,123,120
1771625890.4594111,135,123,120
1771625890.4598174,135,123,120
1771625890.460207,135,123,120
1771625890.4632027,135,123,120
1771625890.4636705,135,123,120
1771625890.4640732,135,123,120
1771625890.464391,135,123,120
1771625890.4674468,135,123,120
1771625890.4676847,135,123,120
1771625890.4679074,135,123,120
1771625890.4681246,135,123,120
1771625890.4715986,135,123,120
1771625890.4719095,135,123,120
1771625890.4721377,135,123,120
1771625890.4723501,135,123,120
1771625890.4757068,135,123,120
1771625890.4759812,135,123,120
1771625890.476238,135,123,120
1771625890.479756,135,123,120
1771625890.4802513,135,123,120
1771625890.4806921,135,123,120
1771625890.4811876,135,123,120
1771625890.483821,135,123,120
1771625890.4842305,135,123,120
1771625890.484623,135,123,120
1771625890.4849758,135,123,120
1771625890.4881134,135,123,120
1771625890.4885218,135,123,120
1771625890.488918,135,123,120
1771625890.4919121,135,123,120
1771625890.4923322,135,123,120
1771625890.4927313,135,123,120
1771625890.493119,135,123,120
1771625890.496234,135,123,120
1771625890.4966245,135,123,120
1771625890.497184,135,123,120
1771625890.4977856,135,123,120
1771625890.5001943,135,123,120
1771625890.5004156,135,123,120
1771625890.5006287,135,123,120
1771625890.5041037,135,123,120
1771625890.504481,135,123,120
1771625890.5048487,135,123,120
1771625890.5051646,135,123,120
1771625890.508489,135,123,120
1771625890.5088778,135,123,120
1771625890.5093193,135,123,120
1771625890.5096884,135,123,120
1771625890.51353,135,123,120
1771625890.5138018,135,123,120
1771625890.5139725,135,123,120
1771625890.5141346,135,123,120
1771625890.5172234,135,123,120
1771625890.5176358,135,123,120
1771625890.5180166,135,123,120
1771625890.5209887,135,123,120
1771625890.5212042,135,123,120
1771625890.521436,135,123,120
1771625890.5216472,135,123,120
1771625890.5257175,135,123,120
1771625890.5261319,135,123,120
1771625890.5265145,135,123,120
1771625890.5267491,135,123,120
1771625890.5290618,135,123,120
1771625890.529457,135,123,120
1771625890.5297093,135,123,120
1771625890.532943,135,123,120
1771625890.533376,135,123,120
1771625890.5337636,135,123,120
1771625890.5339258,135,123,120
1771625890.5371745,135,123,120
1771625890.5375986,135,123,120
1771625890.5379784,135,123,120
1771625890.538349,135,123,120
1771625890.5413249,135,123,120
1771625890.5417845,135,123,120
1771625890.5421946,135,123,120
1771625890.54238,135,123,120
1771625890.57896,135,123,120
1771625890.5791306,135,123,120
1771625890.5792887,135,123,120
1771625890.579456,135,123,120
1771625890.5796201,135,123,120
1771625890.579775,135,123,120
1771625890.5799296,135,123,120
1771625890.580103,135,123,120
1771625890.580255,135,123,120
1771625890.5804074,135,123,120
1771625890.580572,135,123,120
1771625890.5807269,135,123,120
1771625890.5808802,135,123,120
1771625890.5810316,135,123,120
1771625890.5811846,135,123,120
1771625890.5813386,135,123,120
1771625890.5814898,135,123,120
1771625890.581647,135,123,120
1771625890.581798,135,123,120
1771625890.5819488,135,123,120
1771625890.5821254,135,123,120
1771625890.5822742,135,123,120
1771625890.5824242,135,123,120
1771625890.5825818,135,123,120
1771625890.5827317,135,123,120
1771625890.5828826,135,123,120
1771625890.583034,135,123,120
1771625890.5831854,135,123,120
1771625890.583335,135,123,120
1771625890.5834851,135,123,120
1771625890.5836427,135,123,120
1771625890.5837922,135,123,120
1771625890.5839427,135,123,120
1771625890.5840974,135,123,120
1771625890.5842483,135,123,120
1771625890.5843978,135,123,120
1771625890.5845888,135,123,120
1771625890.586191,135,123,120
1771625890.5863428,135,123,120
1771625890.5864933,135,123,120
1771625890.5904205,135,123,120
1771625890.5908198,135,123,120
1771625890.591486,135,123,120
1771625890.591727,135,123,120
1771625890.5946038,135,123,120
1771625890.5950115,135,123,120
1771625890.5951843,135,123,120
1771625890.5953517,135,123,120
1771625890.599272,135,123,120
1771625890.5996735,135,123,120
1771625890.6000288,135,123,120
1771625890.602902,135,123,120
1771625890.6030858,135,123,120
1771625890.6032503,135,123,120
1771625890.6034157,135,123,120
1771625890.6071477,135,123,120
1771625890.6073272,135,123,120
1771625890.6074898,135,123,120
1771625890.607651,135,123,120
1771625890.6119084,135,123,120
1771625890.6121185,135,123,120
1771625890.612283,135,123,120
1771625890.6151223,135,123,120
1771625890.6154222,135,123,120
1771625890.6156356,135,123,120
1771625890.6157985,135,123,120
1771625890.6193264,135,123,120
1771625890.619508,135,123,120
1771625890.6196716,135,123,120
1771625890.619857,135,123,120
1771625890.6231556,135,123,120
1771625890.6233335,135,123,120
1771625890.6234968,135,123,120
1771625890.6236596,135,123,120
1771625890.6639993,135,123,120
1771625890.6641653,135,123,120
1771625890.6643178,135,123,120
1771625890.6644702,135,123,120
1771625890.6646218,135,123,120
1771625890.6647735,135,123,120
1771625890.6649244,135,123,120
1771625890.665074,135,123,120
1771625890.665225,135,123,120
1771625890.665386,135,123,120
1771625890.6655369,135,123,120
1771625890.6656876,135,123,120
1771625890.6658611,135,123,120
1771625890.6660132,135,123,120
1771625890.6661634,135,123,120
1771625890.6663136,135,123,120
1771625890.6664665,135,123,120
1771625890.666615,135,123,120
1771625890.666763,135,123,120
1771625890.6669116,135,123,120
1771625890.6670601,135,123,120
1771625890.6672087,135,123,120
1771625890.6673577,135,123,120
1771625890.6675117,135,123,120
1771625890.667662,135,123,120
1771625890.667813,135,123,120
1771625890.6679826,135,123,120
1771625890.6681316,135,123,120
1771625890.6682825,135,123,120
1771625890.668433,135,123,120
1771625890.6687295,135,123,120
1771625890.66895,135,123,120
1771625890.6691327,135,123,120
1771625890.6692915,135,123,120
1771625890.6695652,135,123,120
1771625890.6698034,135,123,120
1771625890.6700342,135,123,120
1771625890.670261,135,123,120
1771625890.6704879,135,123,120
1771625890.6706972,135,123,120
1771625890.6721444,135,123,120
1771625890.672422,135,123,120
1771625890.672672,135,123,120
1771625890.6729326,135,123,120
1771625890.6763983,135,123,120
1771625890.676819,135,123,120
1771625890.6772888,135,123,120
1771625890.6776774,135,123,120
1771625890.6805718,135,123,120
1771625890.680981,135,123,120
1771625890.681378,135,123,120
1771625890.6843917,135,123,120
1771625890.684762,135,123,120
1771625890.68501,135,123,120
1771625890.685208,135,123,120
1771625890.6886754,135,123,120
1771625890.6890862,135,123,120
1771625890.6895406,135,123,120
1771625890.6899145,135,123,120
1771625890.692872,135,123,120
1771625890.69328,135,123,120
1771625890.693535,135,123,120
1771625890.6966536,135,123,120
1771625890.6971228,135,123,120
1771625890.697532,135,123,120
1771625890.6979222,135,123,120
1771625890.700795,135,123,120
1771625890.7010193,135,123,120
1771625890.701233,135,123,120
1771625890.701442,135,123,120
1771625890.7051322,135,123,120
1771625890.7055383,135,123,120
1771625890.7059317,135,123,120
1771625890.7063189,135,123,120
1771625890.747635,135,123,120
1771625890.747804,135,123,120
1771625890.7479632,135,123,120
1771625890.7481186,135,123,120
1771625890.7482834,135,123,120
1771625890.748439,135,123,120
1771625890.7485952,135,123,120
1771625890.7487507,135,123,120
1771625890.7489083,135,123,120
1771625890.7490644,135,123,120
1771625890.7492197,135,123,120
1771625890.749377,135,123,120
1771625890.749531,135,123,120
1771625890.7497218,135,123,120
1771625890.7498758,135,123,120
1771625890.7500286,135,123,120
1771625890.7501802,135,123,120
1771625890.7503371,135,123,120
1771625890.750489,135,123,120
1771625890.7506402,135,123,120
1771625890.7507908,135,123,120
1771625890.7509415,135,123,120
1771625890.7510922,135,123,120
1771625890.7512443,135,123,120
1771625890.7513971,135,123,120
1771625890.7515495,135,123,120
1771625890.7517002,135,123,120
1771625890.7518518,135,123,120
1771625890.752002,135,123,120
1771625890.7521534,135,123,120
1771625890.7523093,135,123,120
1771625890.7524593,135,123,120
1771625890.7526102,135,123,120
1771625890.7527623,135,123,120
1771625890.752914,135,123,120
1771625890.7530663,135,123,120
1771625890.7532165,135,123,120
1771625890.7533672,135,123,120
1771625890.7535229,135,123,120
1771625890.7536726,135,123,120
1771625890.753967,135,123,120
1771625890.7541256,135,123,120
1771625890.7543218,135,123,120
1771625890.754475,135,123,120
1771625890.7583263,135,123,120
1771625890.7587163,135,123,120
1771625890.7590995,135,123,120
1771625890.759489,135,123,120
1771625890.7625432,135,123,120
1771625890.76294,135,123,120
1771625890.7632022,135,123,120
1771625890.7663603,135,123,120
1771625890.7667744,135,123,120
1771625890.7671492,135,123,120
1771625890.7675881,135,123,120
1771625890.7705908,135,123,120
1771625890.7710218,135,123,120
1771625890.771394,135,123,120
1771625890.7716084,135,123,120
1771625890.775081,135,123,120
1771625890.775344,135,123,120
1771625890.7755084,135,123,120
1771625890.7786589,135,123,120
1771625890.7790318,135,123,120
1771625890.7792525,135,123,120
1771625890.7794714,135,123,120
1771625890.7827764,135,123,120
1771625890.7831213,135,123,120
1771625890.7833877,135,123,120
1771625890.783569,135,123,120
1771625890.787379,135,123,120
1771625890.7876372,135,123,120
1771625890.7878504,135,123,120
1771625890.7880626,135,123,120
1771625890.7918277,135,123,120
1771625890.7920077,135,123,120
1771625890.792362,135,123,120
1771625890.7954738,135,123,120
1771625890.7956579,135,123,120
1771625890.7958217,135,123,120
1771625890.795984,135,123,120
1771625890.7996063,135,123,120
1771625890.799841,135,123,120
1771625890.8000574,135,123,120
1771625890.800275,135,123,120
1771625890.803694,135,123,120
1771625890.8038764,135,123,120
1771625890.8040397,135,123,120
1771625890.8076818,135,123,120
1771625890.8078861,135,123,120
1771625890.808053,135,123,120
1771625890.8082144,135,123,120
1771625890.8118412,135,123,120
1771625890.812257,135,123,120
1771625890.812684,135,123,120
1771625890.81289,135,123,120
1771625890.815885,135,123,120
1771625890.8160865,135,123,120
1771625890.8162546,135,123,120
1771625890.8164344,135,123,120
1771625890.8484802,135,123,120
1771625890.848784,135,123,120
1771625890.8490357,135,123,120
1771625890.8491955,135,123,120
1771625890.8493488,135,123,120
1771625890.849516,135,123,120
1771625890.8497114,135,123,120
1771625890.8498652,135,123,120
1771625890.8500183,135,123,120
1771625890.8501701,135,123,120
1771625890.8503227,135,123,120
1771625890.8504841,135,123,120
1771625890.8506505,135,123,120
1771625890.8507996,135,123,120
1771625890.8509493,135,123,120
1771625890.8510983,135,123,120
1771625890.8512468,135,123,120
1771625890.8513966,135,123,120
1771625890.8515449,135,123,120
1771625890.8516924,135,123,120
1771625890.85184,135,123,120
1771625890.8519866,135,123,120
1771625890.852136,135,123,120
1771625890.8522837,135,123,120
1771625890.852431,135,123,120
1771625890.8525777,135,123,120
1771625890.852731,135,123,120
1771625890.8528795,135,123,120
1771625890.8530319,135,123,120
1771625890.8531835,135,123,120
1771625890.8533468,135,123,120
1771625890.8535182,135,123,120
1771625890.8538246,135,123,120
1771625890.856477,135,123,120
1771625890.856648,135,123,120
1771625890.8568769,135,123,120
1771625890.8571038,135,123,120
1771625890.8605883,135,123,120
1771625890.8607435,135,123,120
1771625890.8608918,135,123,120
1771625890.8646016,135,123,120
1771625890.8647656,135,123,120
1771625890.864921,135,123,120
1771625890.8651297,135,123,120
1771625890.8688066,135,123,120
1771625890.8692026,135,123,120
1771625890.8696775,135,123,120
1771625890.8699925,135,123,120
1771625890.8732812,135,123,120
1771625890.8735325,135,123,120
1771625890.8736968,135,123,120
1771625890.8769026,135,123,120
1771625890.8772109,135,123,120
1771625890.8776407,135,123,120
1771625890.8781135,135,123,120
1771625890.8810012,135,123,120
1771625890.8811762,135,123,120
1771625890.881344,135,123,120
1771625890.8815124,135,123,120
1771625890.8851666,135,123,120
1771625890.885393,135,123,120
1771625890.8855958,135,123,120
1771625890.8891118,135,123,120
1771625890.8893826,135,123,120
1771625890.8895957,135,123,120
1771625890.889807,135,123,120
1771625890.893328,135,123,120
1771625890.8937232,135,123,120
1771625890.8941143,135,123,120
1771625890.894505,135,123,120
1771625890.8978102,135,123,120
1771625890.898327,135,123,120
1771625890.898798,135,123,120
1771625890.8989666,135,123,120
1771625890.9485028,135,123,120
1771625890.948756,135,123,120
1771625890.9489784,135,123,120
1771625890.9492958,135,123,120
1771625890.9495099,135,123,120
1771625890.9498138,135,123,120
1771625890.9501417,135,123,120
1771625890.950332,135,123,120
1771625890.9506104,135,123,120
1771625890.9508445,135,123,120
1771625890.951066,135,123,120
1771625890.9512951,135,123,120
1771625890.9516764,135,123,120
1771625890.951919,135,123,120
1771625890.9521503,135,123,120
1771625890.952377,135,123,120
1771625890.952611,135,123,120
1771625890.9527776,135,123,120
1771625890.952931,135,123,120
1771625890.953085,135,123,120
1771625890.953266,135,123,120
1771625890.9534156,135,123,120
1771625890.9535701,135,123,120
1771625890.9537303,135,123,120
1771625890.9538841,135,123,120
1771625890.9540362,135,123,120
1771625890.9541879,135,123,120
1771625890.9543388,135,123,120
1771625890.954489,135,123,120
1771625890.954661,135,123,120
1771625890.9548147,135,123,120
1771625890.9549656,135,123,120
1771625890.9551167,135,123,120
1771625890.9552884,135,123,120
1771625890.9554367,135,123,120
1771625890.955584,135,123,120
1771625890.95574,135,123,120
1771625890.9558904,135,123,120
1771625890.956037,135,123,120
1771625890.9561846,135,123,120
1771625890.956343,135,123,120
1771625890.9564943,135,123,120
1771625890.9566495,135,123,120
1771625890.956801,135,123,120
1771625890.956953,135,123,120
1771625890.957103,135,123,120
1771625890.9572582,135,123,120
1771625890.9574113,135,123,120
1771625890.957562,135,123,120
1771625890.9577248,135,123,120
1771625890.957874,135,123,120
1771625890.958773,135,123,120
1771625890.9591777,135,123,120
1771625890.9596512,135,123,120
1771625890.959975,135,123,120
1771625890.9629617,135,123,120
1771625890.9633756,135,123,120
1771625890.9637682,135,123,120
1771625890.9644074,135,123,120
1771625890.9671233,135,123,120
1771625890.967505,135,123,120
1771625890.9678817,135,123,120
1771625890.9710066,135,123,120
1771625890.9714012,135,123,120
1771625890.9717875,135,123,120
1771625890.9719799,135,123,120
1771625890.9752119,135,123,120
1771625890.975591,135,123,120
1771625890.975958,135,123,120
1771625890.9764218,135,123,120
1771625890.9795375,135,123,120
1771625890.9799364,135,123,120
1771625890.980309,135,123,120
1771625890.9804993,135,123,120
1771625890.9835126,135,123,120
1771625890.9837508,135,123,120
1771625890.9839516,135,123,120
1771625890.9875011,135,123,120
1771625890.9879184,135,123,120
1771625890.9882905,135,123,120
1771625890.9886575,135,123,120
1771625890.99171,135,123,120
1771625890.9921124,135,123,120
1771625890.992349,135,123,120
1771625890.9925096,135,123,120
1771625890.9959235,135,123,120
1771625890.9961731,135,123,120
1771625890.9964135,135,123,120
1771625890.9997308,135,123,120
1771625890.999956,135,123,120
1771625891.00019,135,123,120
1771625891.0004046,135,123,120
1771625891.00387,135,123,120
1771625891.0041356,135,123,120
1771625891.0043635,135,123,120
1771625891.0045776,135,123,120
1771625891.0080595,135,123,120
1771625891.0082738,135,123,120
1771625891.0084865,135,123,120
1771625891.0120077,135,123,120
1771625891.012226,135,123,120
1771625891.0123937,135,123,120
1771625891.012558,135,123,120
1771625891.016196,135,123,120
1771625891.016462,135,123,120
1771625891.0167115,135,123,120
1771625891.016959,135,123,120
1771625891.020317,135,123,120
1771625891.0205538,135,123,120
1771625891.0207868,135,123,120
1771625891.021021,135,123,120
1771625891.0246894,135,123,120
1771625891.025092,135,123,120
1771625891.0256205,135,123,120
1771625891.028425,135,123,120
1771625891.0286472,135,123,120
1771625891.0288603,135,123,120
1771625891.0290709,135,123,120
1771625891.0326674,135,123,120
1771625891.033048,135,123,120
1771625891.0334194,135,123,120
1771625891.0337887,135,123,120
1771625891.0374541,135,123,120
1771625891.0378711,135,123,120
1771625891.0380428,135,123,120
1771625891.040956,135,123,120
1771625891.0416625,135,123,120
1771625891.0419147,135,123,120
1771625891.042083,135,123,120
1771625891.0450094,135,123,120
1771625891.045429,135,123,120
1771625891.0458426,135,123,120
1771625891.046201,135,123,120
1771625891.0492396,135,123,120
1771625891.049662,135,123,120
1771625891.049943,135,123,120
1771625891.0501492,135,123,120
1771625891.0913196,135,123,120
1771625891.0914857,135,123,120
1771625891.0916393,135,123,120
1771625891.0918028,135,123,120
1771625891.0919552,135,123,120
1771625891.0921052,135,123,120
1771625891.0922573,135,123,120
1771625891.092409,135,123,120
1771625891.0925598,135,123,120
1771625891.0927114,135,123,120
1771625891.0928612,135,123,120
1771625891.0930142,135,123,120
1771625891.0931778,135,123,120
1771625891.0933287,135,123,120
1771625891.093478,135,123,120
1771625891.0936277,135,123,120
1771625891.0937808,135,123,120
1771625891.0939844,135,123,120
1771625891.0941343,135,123,120
1771625891.0942843,135,123,120
1771625891.094434,135,123,120
1771625891.094585,135,123,120
1771625891.0947351,135,123,120
1771625891.0948906,135,123,120
1771625891.0950387,135,123,120
1771625891.0951903,135,123,120
1771625891.0953379,135,123,120
1771625891.0954883,135,123,120
1771625891.0956368,135,123,120
1771625891.0957906,135,123,120
1771625891.0959396,135,123,120
1771625891.0960872,135,123,120
1771625891.0962534,135,123,120
1771625891.0964,135,123,120
1771625891.096548,135,123,120
1771625891.0966947,135,123,120
1771625891.0968409,135,123,120
1771625891.0969884,135,123,120
1771625891.0971348,135,123,120
1771625891.0972817,135,123,120
1771625891.0980766,135,123,120
1771625891.098287,135,123,120
1771625891.098493,135,123,120
1771625891.0986998,135,123,120
1771625891.1023908,135,123,120
1771625891.1027584,135,123,120
1771625891.1031241,135,123,120
1771625891.1037169,135,123,120
1771625891.10645,135,123,120
1771625891.1068294,135,123,120
1771625891.1072044,135,123,120
1771625891.1103628,135,123,120
1771625891.110732,135,123,120
1771625891.1110787,135,123,120
1771625891.111236,135,123,120
1771625891.1145465,135,123,120
1771625891.114914,135,123,120
1771625891.1152782,135,123,120
1771625891.1156406,135,123,120
1771625891.1191006,135,123,120
1771625891.119492,135,123,120
1771625891.119658,135,123,120
1771625891.1226456,135,123,120
1771625891.1230817,135,123,120
1771625891.1234555,135,123,120
1771625891.1238253,135,123,120
1771625891.1268334,135,123,120
1771625891.1272109,135,123,120
1771625891.1275759,135,123,120
1771625891.1279862,135,123,120
1771625891.1310651,135,123,120
1771625891.1314373,135,123,120
1771625891.1318076,135,123,120
1771625891.132178,135,123,120
1771625891.1731663,135,123,120
1771625891.173344,135,123,120
1771625891.1735015,135,123,120
1771625891.1737106,135,123,120
1771625891.1738656,135,123,120
1771625891.1740205,135,123,120
1771625891.1742077,135,123,120
1771625891.1743624,135,123,120
1771625891.1745174,135,123,120
1771625891.1746724,135,123,120
1771625891.174841,135,123,120
1771625891.1749918,135,123,120
1771625891.1751428,135,123,120
1771625891.1752934,135,123,120
1771625891.1754422,135,123,120
1771625891.1755915,135,123,120
1771625891.1757405,135,123,120
1771625891.1758893,135,123,120
1771625891.1760373,135,123,120
1771625891.176193,135,123,120
1771625891.1763425,135,123,120
1771625891.1764917,135,123,120
1771625891.1766405,135,123,120
1771625891.1767898,135,123,120
1771625891.176939,135,123,120
1771625891.1770887,135,123,120
1771625891.1772368,135,123,120
1771625891.1773865,135,123,120
1771625891.177535,135,123,120
1771625891.177691,135,123,120
1771625891.1778417,135,123,120
1771625891.1779902,135,123,120
1771625891.1781394,135,123,120
1771625891.1782882,135,123,120
1771625891.1784348,135,123,120
1771625891.178581,135,123,120
1771625891.1787274,135,123,120
1771625891.178874,135,123,120
1771625891.179021,135,123,120
1771625891.179167,135,123,120
1771625891.1799843,135,123,120
1771625891.1801424,135,123,120
1771625891.1802924,135,123,120
1771625891.180439,135,123,120
1771625891.1842878,135,123,120
1771625891.184687,135,123,120
1771625891.185141,135,123,120
1771625891.1855073,135,123,120
1771625891.1886418,135,123,120
1771625891.1890333,135,123,120
1771625891.1892593,135,123,120
1771625891.1923194,135,123,120
1771625891.1929471,135,123,120
1771625891.1932142,135,123,120
1771625891.1934755,135,123,120
