timestamp,target,current,pwm
1771717598.2388027,0,0,0
1771717598.2389436,0,0,0
1771717598.474277,0,0,0
1771717598.4744422,0,0,0
1771717598.4745946,0,0,0
1771717598.4747164,0,0,0
1771717598.474836,0,0,0
1771717598.4749558,0,0,0
1771717598.4750748,0,0,0
1771717598.4751933,0,0,0
1771717598.4753125,0,0,0
1771717598.4754376,0,0,0
1771717598.4755569,0,0,0
1771717598.4756753,0,0,0
1771717598.475796,0,0,0
1771717598.4759169,0,0,0
1771717598.4760365,0,0,0
1771717598.4761565,0,0,0
1771717598.4763184,0,0,0
1771717598.4764423,0,0,0
1771717598.4765606,0,0,0
1771717598.4766788,0,0,0
1771717598.4767985,0,0,0
1771717598.4769187,0,0,0
1771717598.4770367,0,0,0
1771717598.4771545,0,0,0
1771717598.4772716,0,0,0
1771717598.4773924,0,0,0
1771717598.477509,0,0,0
1771717598.4776266,0,0,0
1771717598.4777448,0,0,0
1771717598.4778626,0,0,0
1771717598.477979,0,0,0
1771717598.4780974,0,0,0
1771717598.478214,0,0,0
1771717598.478333,0,0,0
1771717598.4784534,0,0,0
1771717598.4785707,0,0,0
1771717598.478687,0,0,0
1771717598.478804,0,0,0
1771717598.478922,0,0,0
1771717598.4790382,0,0,0
1771717598.4791553,0,0,0
1771717598.4792726,0,0,0
1771717598.4794512,0,0,0
1771717598.4796526,0,0,0
1771717598.479862,0,0,0
1771717598.4800441,0,0,0
1771717598.4801903,0,0,0
1771717598.4803119,0,0,0
1771717598.4804838,0,0,0
1771717598.4806056,0,0,0
1771717598.4807265,0,0,0
1771717598.480845,0,0,0
1771717598.4809628,0,0,0
1771717598.48108,0,0,0
1771717598.4811976,0,0,0
1771717598.4813156,0,0,0
1771717598.4814377,0,0,0
1771717598.4815557,0,0,0
1771717598.4816728,0,0,0
1771717598.4817896,0,0,0
1771717598.4819062,0,0,0
1771717598.482023,0,0,0
1771717598.4821393,0,0,0
1771717598.482256,0,0,0
1771717598.4823768,0,0,0
1771717598.4825048,0,0,0
1771717598.4826238,0,0,0
1771717598.4827402,0,0,0
1771717598.4828603,0,0,0
1771717598.4829783,0,0,0
1771717598.4830954,0,0,0
1771717598.483212,0,0,0
1771717598.4833293,0,0,0
1771717598.4835289,0,0,0
1771717598.4836457,0,0,0
1771717598.483761,0,0,0
1771717598.483877,0,0,0
1771717598.4839954,0,0,0
1771717598.4841113,0,0,0
1771717598.4842277,0,0,0
1771717598.4843435,0,0,0
1771717598.4844997,0,0,0
1771717598.4846168,0,0,0
1771717598.4847345,0,0,0
1771717598.4848502,0,0,0
1771717598.484967,0,0,0
1771717598.4850826,0,0,0
1771717598.4851987,0,0,0
1771717598.4853148,0,0,0
1771717598.4854348,0,0,0
1771717598.4855502,0,0,0
1771717598.4856658,0,0,0
1771717598.4857843,0,0,0
1771717598.485901,0,0,0
1771717598.486017,0,0,0
1771717598.4861343,0,0,0
1771717598.4862504,0,0,0
1771717598.4863703,0,0,0
1771717598.4864864,0,0,0
1771717598.486602,0,0,0
1771717598.4867187,0,0,0
1771717598.4868343,0,0,0
1771717598.4869502,0,0,0
1771717598.4870663,0,0,0
1771717598.4871824,0,0,0
1771717598.4872978,0,0,0
1771717598.4874175,0,0,0
1771717598.4875338,0,0,0
1771717598.4876494,0,0,0
1771717598.4877667,0,0,0
1771717598.4878826,0,0,0
1771717598.4879987,0,0,0
1771717598.488114,0,0,0
1771717598.48823,0,0,0
1771717598.4883456,0,0,0
1771717598.488467,0,0,0
1771717598.4886103,0,0,0
1771717598.4887285,0,0,0
1771717598.4888458,0,0,0
1771717598.4889627,0,0,0
1771717598.4890788,0,0,0
1771717598.4891944,0,0,0
1771717598.4893105,0,0,0
1771717598.4894304,0,0,0
1771717598.4895473,0,0,0
1771717598.4896631,0,0,0
1771717598.4898393,0,0,0
1771717598.4900053,0,0,0
1771717598.4901264,0,0,0
1771717598.4902558,0,0,0
1771717598.4904258,0,0,0
1771717598.49055,0,0,0
1771717598.4906688,0,0,0
1771717598.4907877,0,0,0
1771717598.4909098,0,0,0
1771717598.49103,0,0,0
1771717598.4911504,0,0,0
1771717598.4912703,0,0,0
1771717598.491395,0,0,0
1771717598.491552,0,0,0
1771717598.491673,0,0,0
1771717598.4919765,0,0,0
1771717598.4920983,0,0,0
1771717598.4922159,0,0,0
1771717598.4923337,0,0,0
1771717598.4924595,0,0,0
1771717598.4925778,0,0,0
1771717598.492739,0,0,0
1771717598.49287,0,0,0
1771717598.4929898,0,0,0
1771717598.493108,0,0,0
1771717598.4932275,0,0,0
1771717598.4933453,0,0,0
1771717598.4934673,0,0,0
1771717598.4935853,0,0,0
1771717598.4937031,0,0,0
1771717598.4938207,0,0,0
1771717598.4939384,0,0,0
1771717598.494056,0,0,0
1771717598.4941745,0,0,0
1771717598.4942923,0,0,0
1771717598.4944203,0,0,0
1771717598.4945385,0,0,0
1771717598.4946587,0,0,0
1771717598.4947767,0,0,0
1771717598.4948947,0,0,0
1771717598.4950123,0,0,0
1771717598.4951317,0,0,0
1771717598.4952486,0,0,0
1771717598.4954624,0,0,0
1771717598.495702,0,0,0
1771717598.4959283,0,0,0
1771717598.4960988,0,0,0
1771717598.4962223,0,0,0
1771717598.49634,0,0,0
1771717598.4964688,0,0,0
1771717598.4965868,0,0,0
1771717598.4967039,0,0,0
1771717598.4968622,0,0,0
1771717598.4969792,0,0,0
1771717598.4970963,0,0,0
1771717598.4972131,0,0,0
1771717598.4973292,0,0,0
1771717598.4974513,0,0,0
1771717598.4975715,0,0,0
1771717598.4976888,0,0,0
1771717598.497809,0,0,0
1771717598.4979253,0,0,0
1771717598.4980416,0,0,0
1771717598.4981577,0,0,0
1771717598.4982748,0,0,0
1771717598.4983952,0,0,0
1771717598.4985118,0,0,0
1771717598.4986372,0,0,0
1771717598.4987547,0,0,0
1771717598.498872,0,0,0
1771717598.4989893,0,0,0
1771717598.4991057,0,0,0
1771717598.4992237,0,0,0
1771717598.4993405,0,0,0
1771717598.4994643,0,0,0
1771717598.4995832,0,0,0
1771717598.4996994,0,0,0
1771717598.4998162,0,0,0
1771717598.499933,0,0,0
1771717598.5000494,0,0,0
1771717598.5001667,0,0,0
1771717598.5002835,0,0,0
1771717598.500403,0,0,0
1771717598.5005198,0,0,0
1771717598.5006382,0,0,0
1771717598.5007546,0,0,0
1771717598.5008988,0,0,0
1771717598.5010166,0,0,0
1771717598.5011332,0,0,0
1771717598.5012498,0,0,0
1771717598.501371,0,0,0
1771717598.501488,0,0,0
1771717598.5016065,0,0,0
1771717598.5017233,0,0,0
1771717598.5018399,0,0,0
1771717598.5019572,0,0,0
1771717598.5020823,0,0,0
1771717598.5022013,0,0,0
1771717598.5023181,0,0,0
1771717598.5024393,0,0,0
1771717598.502556,0,0,0
1771717598.502673,0,0,0
1771717598.5027905,0,0,0
1771717598.5029066,0,0,0
1771717598.503023,0,0,0
1771717598.503139,0,0,0
1771717598.5032556,0,0,0
1771717598.5033765,0,0,0
1771717598.503495,0,0,0
1771717598.5036132,0,0,0
1771717598.5037308,0,0,0
1771717598.503847,0,0,0
1771717598.5039632,0,0,0
1771717598.5040798,0,0,0
1771717598.5041962,0,0,0
1771717598.5043123,0,0,0
1771717598.50444,0,0,0
1771717598.5045574,0,0,0
1771717598.5046735,0,0,0
1771717598.5047905,0,0,0
1771717598.504907,0,0,0
1771717598.5050497,0,0,0
1771717598.505167,0,0,0
1771717598.5052836,0,0,0
1771717598.5054047,0,0,0
1771717598.505522,0,0,0
1771717598.50564,0,0,0
1771717598.5057566,0,0,0
1771717598.5058727,0,0,0
1771717598.505989,0,0,0
1771717598.506109,0,0,0
1771717598.5062275,0,0,0
1771717598.506345,0,0,0
1771717598.5065541,0,0,0
1771717598.5066724,0,0,0
1771717598.50679,0,0,0
1771717598.5069072,0,0,0
1771717598.5070243,0,0,0
1771717598.5071414,0,0,0
1771717598.5072594,0,0,0
1771717598.5073814,0,0,0
1771717598.507517,0,0,0
1771717598.5076494,0,0,0
1771717598.507812,0,0,0
1771717598.5079887,0,0,0
1771717598.508251,0,0,0
1771717598.5083792,0,0,0
1771717598.5084984,0,0,0
1771717598.5086162,0,0,0
1771717598.5087337,0,0,0
1771717598.5088515,0,0,0
1771717598.5089693,0,0,0
1771717598.5091255,0,0,0
1771717598.5092435,0,0,0
1771717598.509362,0,0,0
1771717598.5094872,0,0,0
1771717598.5096052,0,0,0
1771717598.509723,0,0,0
1771717598.509841,0,0,0
1771717598.5099602,0,0,0
1771717598.5100782,0,0,0
1771717598.5101974,0,0,0
1771717598.5103176,0,0,0
1771717598.5104394,0,0,0
1771717598.5105572,0,0,0
1771717598.510675,0,0,0
1771717598.5107927,0,0,0
1771717598.5109098,0,0,0
1771717598.5110278,0,0,0
1771717598.5111463,0,0,0
1771717598.5112734,0,0,0
1771717598.5117354,0,0,0
1771717598.5118957,0,0,0
1771717598.512046,0,0,0
1771717598.5121944,0,0,0
1771717598.5123444,0,0,0
1771717598.512499,0,0,0
1771717598.5126457,0,0,0
1771717598.5127919,0,0,0
1771717598.512939,0,0,0
1771717598.5130882,0,0,0
1771717598.513255,0,0,0
1771717598.513456,0,0,0
1771717598.5135803,0,0,0
1771717598.513713,0,0,0
1771717598.5138323,0,0,0
1771717598.51395,0,0,0
1771717598.514067,0,0,0
1771717598.5141835,0,0,0
1771717598.514299,0,0,0
1771717598.514432,0,0,0
1771717598.514549,0,0,0
1771717598.5146663,0,0,0
1771717598.5148242,0,0,0
1771717598.514943,0,0,0
1771717598.51506,0,0,0
1771717598.5151856,0,0,0
1771717598.5153027,0,0,0
1771717598.515431,0,0,0
1771717598.5155487,0,0,0
1771717598.5156672,0,0,0
1771717598.5157847,0,0,0
1771717598.515901,0,0,0
1771717598.5160203,0,0,0
1771717598.5161538,0,0,0
1771717598.5162692,0,0,0
1771717598.516394,0,0,0
1771717598.5165133,0,0,0
1771717598.5166295,0,0,0
1771717598.5167453,0,0,0
1771717598.5168612,0,0,0
1771717598.516977,0,0,0
1771717598.5170944,0,0,0
1771717598.5172288,0,0,0
1771717598.5173564,0,0,0
1771717598.5174797,0,0,0
1771717598.517596,0,0,0
1771717598.5177119,0,0,0
1771717598.5178287,0,0,0
1771717598.5179446,0,0,0
1771717598.5180671,0,0,0
1771717598.5181844,0,0,0
1771717598.5183005,0,0,0
1771717598.5184283,0,0,0
1771717598.5185494,0,0,0
1771717598.5186658,0,0,0
1771717598.5187838,0,0,0
1771717598.5189023,0,0,0
1771717598.5190203,0,0,0
1771717598.5191386,0,0,0
1771717598.5192616,0,0,0
1771717598.5193827,0,0,0
1771717598.5195067,0,0,0
1771717598.5196238,0,0,0
1771717598.51974,0,0,0
1771717598.5198555,0,0,0
1771717598.519972,0,0,0
1771717598.520088,0,0,0
1771717598.5202034,0,0,0
1771717598.520319,0,0,0
1771717598.5204465,0,0,0
1771717598.5205715,0,0,0
1771717598.5206861,0,0,0
1771717598.520802,0,0,0
1771717598.5213907,0,0,0
1771717598.5216804,0,0,0
1771717598.5218992,0,0,0
1771717598.5221133,0,0,0
1771717598.5223212,0,0,0
1771717598.522532,0,0,0
1771717598.5256927,0,0,0
1771717598.5259333,0,0,0
1771717598.5261545,0,0,0
1771717598.5265992,0,0,0
1771717598.5268016,0,0,0
1771717598.5297675,0,0,0
1771717598.5300055,0,0,0
1771717598.5302265,0,0,0
1771717598.5304487,0,0,0
1771717598.5306628,0,0,0
1771717598.5308754,0,0,0
1771717598.578944,0,0,0
1771717598.5790913,0,0,0
1771717598.5792146,0,0,0
1771717598.5793362,0,0,0
1771717598.5794566,0,0,0
1771717598.579577,0,0,0
1771717598.5796967,0,0,0
1771717598.5798159,0,0,0
1771717598.579935,0,0,0
1771717598.5800545,0,0,0
1771717598.580176,0,0,0
1771717598.5802963,0,0,0
1771717598.5804167,0,0,0
1771717598.5805366,0,0,0
1771717598.580656,0,0,0
1771717598.5807757,0,0,0
1771717598.5808947,0,0,0
1771717598.5810175,0,0,0
1771717598.5811424,0,0,0
1771717598.5812624,0,0,0
1771717598.5813813,0,0,0
1771717598.5815005,0,0,0
1771717598.581621,0,0,0
1771717598.5817423,0,0,0
1771717598.581863,0,0,0
1771717598.5819826,0,0,0
1771717598.5821028,0,0,0
1771717598.5822253,0,0,0
1771717598.5823457,0,0,0
1771717598.5824647,0,0,0
1771717598.582582,0,0,0
1771717598.5826998,0,0,0
1771717598.5828192,0,0,0
1771717598.5829387,0,0,0
1771717598.5830574,0,0,0
1771717598.5831795,0,0,0
1771717598.5832968,0,0,0
1771717598.583416,0,0,0
1771717598.583534,0,0,0
1771717598.5836513,0,0,0
1771717598.583769,0,0,0
1771717598.5838876,0,0,0
1771717598.5840065,0,0,0
1771717598.584128,0,0,0
1771717598.5842443,0,0,0
1771717598.5843616,0,0,0
1771717598.5844781,0,0,0
1771717598.5845952,0,0,0
1771717598.5847125,0,0,0
1771717598.5848305,0,0,0
1771717598.5849478,0,0,0
1771717598.585065,0,0,0
1771717598.5851862,0,0,0
1771717598.5853038,0,0,0
1771717598.585421,0,0,0
1771717598.5855403,0,0,0
1771717598.58566,0,0,0
1771717598.5857775,0,0,0
1771717598.585895,0,0,0
1771717598.5860124,0,0,0
1771717598.5861294,0,0,0
1771717598.5862455,0,0,0
1771717598.5863624,0,0,0
1771717598.5864794,0,0,0
1771717598.5865972,0,0,0
1771717598.586715,0,0,0
1771717598.5868318,0,0,0
1771717598.5869498,0,0,0
1771717598.5870676,0,0,0
1771717598.587189,0,0,0
1771717598.5873058,0,0,0
1771717598.5874248,0,0,0
1771717598.587542,0,0,0
1771717598.5876582,0,0,0
1771717598.587775,0,0,0
1771717598.5878913,0,0,0
1771717598.5913703,0,0,0
1771717598.5915146,0,0,0
1771717598.5916364,0,0,0
1771717598.5918458,0,0,0
1771717598.5920565,0,0,0
1771717598.5922658,0,0,0
1771717598.6476636,0,0,0
1771717598.6478052,0,0,0
1771717598.6479301,0,0,0
1771717598.6480505,0,0,0
1771717598.648173,0,0,0
1771717598.64832,0,0,0
1771717598.648457,0,0,0
1771717598.6485767,0,0,0
1771717598.6486957,0,0,0
1771717598.6488154,0,0,0
1771717598.6489358,0,0,0
1771717598.6490548,0,0,0
1771717598.649176,0,0,0
1771717598.6492941,0,0,0
1771717598.649412,0,0,0
1771717598.6495304,0,0,0
1771717598.6496494,0,0,0
1771717598.649769,0,0,0
1771717598.649888,0,0,0
1771717598.6500072,0,0,0
1771717598.6501257,0,0,0
1771717598.650243,0,0,0
1771717598.650361,0,0,0
1771717598.650485,0,0,0
1771717598.6506205,0,0,0
1771717598.6507885,0,0,0
1771717598.6509638,0,0,0
1771717598.6510885,0,0,0
1771717598.6512058,0,0,0
1771717598.6513236,0,0,0
1771717598.6514401,0,0,0
1771717598.651558,0,0,0
1771717598.651675,0,0,0
1771717598.651793,0,0,0
1771717598.6519094,0,0,0
1771717598.6520262,0,0,0
1771717598.6521423,0,0,0
1771717598.6522584,0,0,0
1771717598.6523862,0,0,0
1771717598.6525335,0,0,0
1771717598.6526523,0,0,0
1771717598.6527698,0,0,0
1771717598.6528866,0,0,0
1771717598.6530023,0,0,0
1771717598.653119,0,0,0
1771717598.6532352,0,0,0
1771717598.6533513,0,0,0
1771717598.6534665,0,0,0
1771717598.6535823,0,0,0
1771717598.6537209,0,0,0
1771717598.653836,0,0,0
1771717598.6539512,0,0,0
1771717598.6540668,0,0,0
1771717598.6541824,0,0,0
1771717598.6542976,0,0,0
1771717598.6544123,0,0,0
1771717598.654534,0,0,0
1771717598.6546493,0,0,0
1771717598.6547647,0,0,0
1771717598.6548808,0,0,0
1771717598.6549964,0,0,0
1771717598.6551132,0,0,0
1771717598.6552281,0,0,0
1771717598.6553435,0,0,0
1771717598.6554594,0,0,0
1771717598.6555758,0,0,0
1771717598.6556997,0,0,0
1771717598.6558144,0,0,0
1771717598.655929,0,0,0
1771717598.6560438,0,0,0
1771717598.6561587,0,0,0
1771717598.6562738,0,0,0
1771717598.6564076,0,0,0
1771717598.6566002,0,0,0
1771717598.656768,0,0,0
1771717598.6569257,0,0,0
1771717598.6570826,0,0,0
1771717598.6572523,0,0,0
1771717598.6573746,0,0,0
1771717598.6574926,0,0,0
1771717598.6576118,0,0,0
1771717598.6577296,0,0,0
1771717598.6578467,0,0,0
1771717598.6579642,0,0,0
1771717598.6580818,0,0,0
1771717598.6581998,0,0,0
1771717598.6583183,0,0,0
1771717598.660764,0,0,0
1771717598.6609235,0,0,0
1771717598.661073,0,0,0
1771717598.661215,0,0,0
1771717598.6613386,0,0,0
1771717598.66505,0,0,0
1771717598.665306,0,0,0
1771717598.6655214,0,0,0
1771717598.6657357,0,0,0
1771717598.665944,0,0,0
1771717598.6661131,0,0,0
1771717598.6694067,0,0,0
1771717598.6696973,0,0,0
1771717598.6699488,0,0,0
1771717598.670154,0,0,0
1771717598.6702845,0,0,0
1771717598.6729586,0,0,0
1771717598.6731129,0,0,0
1771717598.673246,0,0,0
1771717598.6733663,0,0,0
1771717598.673486,0,0,0
1771717598.6736076,0,0,0
1771717598.6775708,0,0,0
1771717598.6778877,0,0,0
1771717598.678018,0,0,0
1771717598.678142,0,0,0
1771717598.6782627,0,0,0
1771717598.6812155,0,0,0
1771717598.6814103,0,0,0
1771717598.6815965,0,0,0
1771717598.6817286,0,0,0
1771717598.681865,0,0,0
1771717598.6819897,0,0,0
1771717598.685272,0,0,0
1771717598.6853933,0,0,0
1771717598.6855216,0,0,0
1771717598.6856415,0,0,0
1771717598.6857588,0,0,0
1771717598.6895087,0,0,0
1771717598.689742,0,0,0
1771717598.6899562,0,0,0
1771717598.6901798,0,0,0
1771717598.6904058,0,0,0
1771717598.693682,0,0,0
1771717598.693893,0,0,0
1771717598.6940172,0,0,0
1771717598.6941383,0,0,0
1771717598.6942587,0,0,0
1771717598.694377,0,0,0
1771717598.6976724,0,0,0
1771717598.6978927,0,0,0
1771717598.6980803,0,0,0
1771717598.6982715,0,0,0
1771717598.6984756,0,0,0
1771717598.7015865,0,0,0
1771717598.7017608,0,0,0
1771717598.7018886,0,0,0
1771717598.702063,0,0,0
1771717598.7022772,0,0,0
1771717598.7024868,0,0,0
1771717598.706044,0,0,0
1771717598.7062783,0,0,0
1771717598.7065077,0,0,0
1771717598.706732,0,0,0
1771717598.7068636,0,0,0
1771717598.709917,0,0,0
1771717598.7101626,0,0,0
1771717598.7103853,0,0,0
1771717598.7106023,0,0,0
1771717598.710819,0,0,0
1771717598.7110348,0,0,0
1771717598.7139456,0,0,0
1771717598.7140725,0,0,0
1771717598.7141917,0,0,0
1771717598.714308,0,0,0
1771717598.7144241,0,0,0
1771717598.7181668,0,0,0
1771717598.7184138,0,0,0
1771717598.71864,0,0,0
1771717598.7188215,0,0,0
1771717598.7189426,0,0,0
1771717598.7190642,0,0,0
1771717598.769149,0,0,0
1771717598.7692854,0,0,0
1771717598.7694063,0,0,0
1771717598.7695284,0,0,0
1771717598.7696466,0,0,0
1771717598.769778,0,0,0
1771717598.7699003,0,0,0
1771717598.770017,0,0,0
1771717598.7701354,0,0,0
1771717598.7702515,0,0,0
1771717598.770368,0,0,0
1771717598.7704844,0,0,0
1771717598.7706094,0,0,0
1771717598.7707272,0,0,0
1771717598.7708561,0,0,0
1771717598.7709737,0,0,0
1771717598.77109,0,0,0
1771717598.7712338,0,0,0
1771717598.7713513,0,0,0
1771717598.7714674,0,0,0
1771717598.7715845,0,0,0
1771717598.771701,0,0,0
1771717598.7718275,0,0,0
1771717598.7719436,0,0,0
1771717598.7720604,0,0,0
1771717598.772179,0,0,0
1771717598.7722955,0,0,0
1771717598.7724113,0,0,0
1771717598.7725286,0,0,0
1771717598.7726827,0,0,0
1771717598.7728088,0,0,0
1771717598.7729244,0,0,0
1771717598.7730505,0,0,0
1771717598.7732444,0,0,0
1771717598.7734153,0,0,0
1771717598.7735739,0,0,0
1771717598.7737448,0,0,0
1771717598.7739043,0,0,0
1771717598.7740579,0,0,0
1771717598.77423,0,0,0
1771717598.774357,0,0,0
1771717598.774475,0,0,0
1771717598.7746303,0,0,0
1771717598.7747595,0,0,0
1771717598.774954,0,0,0
1771717598.7752023,0,0,0
1771717598.7753913,0,0,0
1771717598.775551,0,0,0
1771717598.7756696,0,0,0
1771717598.7758334,0,0,0
1771717598.7759664,0,0,0
1771717598.7761486,0,0,0
1771717598.7763197,0,0,0
1771717598.7764487,0,0,0
1771717598.7766287,0,0,0
1771717598.7767794,0,0,0
1771717598.7768965,0,0,0
1771717598.7770126,0,0,0
1771717598.77713,0,0,0
1771717598.7772465,0,0,0
1771717598.7773619,0,0,0
1771717598.777477,0,0,0
1771717598.7775912,0,0,0
1771717598.7777076,0,0,0
1771717598.7778342,0,0,0
1771717598.7779539,0,0,0
1771717598.7780702,0,0,0
1771717598.7781866,0,0,0
1771717598.7783022,0,0,0
1771717598.7784169,0,0,0
1771717598.778531,0,0,0
1771717598.778653,0,0,0
1771717598.7787788,0,0,0
1771717598.7788959,0,0,0
1771717598.779011,0,0,0
1771717598.7791252,0,0,0
1771717598.7794933,0,0,0
1771717598.7796545,0,0,0
1771717598.7798007,0,0,0
1771717598.7799418,0,0,0
1771717598.7800837,0,0,0
1771717598.7834976,0,0,0
1771717598.7837894,0,0,0
1771717598.784012,0,0,0
1771717598.784228,0,0,0
1771717598.7844417,0,0,0
1771717598.7847497,0,0,0
1771717598.8343248,0,0,0
1771717598.8345146,0,0,0
1771717598.8346376,0,0,0
1771717598.8347583,0,0,0
1771717598.8348794,0,0,0
1771717598.8349996,0,0,0
1771717598.8351183,0,0,0
1771717598.835237,0,0,0
1771717598.8353577,0,0,0
1771717598.835482,0,0,0
1771717598.8356035,0,0,0
1771717598.8357232,0,0,0
1771717598.835842,0,0,0
1771717598.8359606,0,0,0
1771717598.8360796,0,0,0
1771717598.8361983,0,0,0
1771717598.8363178,0,0,0
1771717598.8364475,0,0,0
1771717598.836565,0,0,0
1771717598.8367116,0,0,0
1771717598.8368442,0,0,0
1771717598.8369627,0,0,0
1771717598.8370807,0,0,0
1771717598.8371994,0,0,0
1771717598.837321,0,0,0
1771717598.837739,0,0,0
1771717598.8380723,0,0,0
1771717598.838411,0,0,0
1771717598.838737,0,0,0
1771717598.8388906,0,0,0
1771717598.839011,0,0,0
1771717598.8391411,0,0,0
1771717598.8392692,0,0,0
1771717598.839385,0,0,0
1771717598.8395033,0,0,0
1771717598.8396182,0,0,0
1771717598.8397334,0,0,0
1771717598.8398507,0,0,0
1771717598.839966,0,0,0
1771717598.8400812,0,0,0
1771717598.8401966,0,0,0
1771717598.8403122,0,0,0
1771717598.8404279,0,0,0
1771717598.8405437,0,0,0
1771717598.8406587,0,0,0
1771717598.8407743,0,0,0
1771717598.8408904,0,0,0
1771717598.8410044,0,0,0
1771717598.841119,0,0,0
1771717598.8412392,0,0,0
1771717598.8413565,0,0,0
1771717598.8414717,0,0,0
1771717598.8415868,0,0,0
1771717598.8417034,0,0,0
1771717598.841819,0,0,0
1771717598.841935,0,0,0
1771717598.8420494,0,0,0
1771717598.8421643,0,0,0
1771717598.8422792,0,0,0
1771717598.8423953,0,0,0
1771717598.8425114,0,0,0
1771717598.842626,0,0,0
1771717598.8427417,0,0,0
1771717598.8428564,0,0,0
1771717598.8429706,0,0,0
1771717598.8430872,0,0,0
1771717598.843204,0,0,0
1771717598.8433259,0,0,0
1771717598.8435001,0,0,0
1771717598.843616,0,0,0
1771717598.8437304,0,0,0
1771717598.8438458,0,0,0
1771717598.8439605,0,0,0
1771717598.8440757,0,0,0
1771717598.8441932,0,0,0
1771717598.8443098,0,0,0
1771717598.8450518,0,0,0
1771717598.8451822,0,0,0
1771717598.8453004,0,0,0
1771717598.8454182,0,0,0
1771717598.8455334,0,0,0
1771717598.845649,0,0,0
1771717598.8956542,0,0,0
1771717598.8958137,0,0,0
1771717598.895934,0,0,0
1771717598.8960533,0,0,0
1771717598.8961716,0,0,0
1771717598.8962903,0,0,0
1771717598.896408,0,0,0
1771717598.8965275,0,0,0
1771717598.8966477,0,0,0
1771717598.8967655,0,0,0
1771717598.8968828,0,0,0
1771717598.8970006,0,0,0
1771717598.8971188,0,0,0
1771717598.8972373,0,0,0
1771717598.8973565,0,0,0
1771717598.8974748,0,0,0
1771717598.8975925,0,0,0
1771717598.8977106,0,0,0
1771717598.897834,0,0,0
1771717598.8979506,0,0,0
1771717598.8980672,0,0,0
1771717598.8982267,0,0,0
1771717598.8983476,0,0,0
1771717598.8984637,0,0,0
1771717598.8985803,0,0,0
1771717598.8986964,0,0,0
1771717598.8988128,0,0,0
1771717598.8989282,0,0,0
1771717598.8990443,0,0,0
1771717598.8991604,0,0,0
1771717598.8992763,0,0,0
1771717598.8993914,0,0,0
1771717598.8995075,0,0,0
1771717598.899623,0,0,0
1771717598.89974,0,0,0
1771717598.899862,0,0,0
1771717598.9000692,0,0,0
1771717598.9002528,0,0,0
1771717598.9004214,0,0,0
1771717598.9005802,0,0,0
1771717598.9009616,0,0,0
1771717598.9011984,0,0,0
1771717598.9013844,0,0,0
1771717598.9015691,0,0,0
1771717598.901756,0,0,0
1771717598.9019425,0,0,0
1771717598.9022424,0,0,0
1771717598.9024336,0,0,0
1771717598.902624,0,0,0
1771717598.902766,0,0,0
1771717598.9028869,0,0,0
1771717598.9030764,0,0,0
1771717598.9031994,0,0,0
1771717598.903319,0,0,0
1771717598.9034405,0,0,0
1771717598.903559,0,0,0
1771717598.90368,0,0,0
1771717598.903799,0,0,0
1771717598.9039178,0,0,0
1771717598.9040468,0,0,0
1771717598.9041665,0,0,0
1771717598.9042847,0,0,0
1771717598.9044037,0,0,0
1771717598.9045212,0,0,0
1771717598.9046395,0,0,0
1771717598.904759,0,0,0
1771717598.9048765,0,0,0
1771717598.9049993,0,0,0
1771717598.9051166,0,0,0
1771717598.9052346,0,0,0
1771717598.9053547,0,0,0
1771717598.9054728,0,0,0
1771717598.9055905,0,0,0
1771717598.9057078,0,0,0
1771717598.9058263,0,0,0
1771717598.905948,0,0,0
1771717598.9063854,0,0,0
1771717598.9065077,0,0,0
1771717598.9066522,0,0,0
1771717598.9067752,0,0,0
1771717598.9069211,0,0,0
1771717598.9070413,0,0,0
1771717598.954822,0,0,0
1771717598.9549556,0,0,0
1771717598.9550753,0,0,0
1771717598.955194,0,0,0
1771717598.9553108,0,0,0
1771717598.9554374,0,0,0
1771717598.9555538,0,0,0
1771717598.955669,0,0,0
1771717598.9557853,0,0,0
1771717598.955917,0,0,0
1771717598.956033,0,0,0
1771717598.9561486,0,0,0
1771717598.9562643,0,0,0
1771717598.956381,0,0,0
1771717598.9565003,0,0,0
1771717598.956618,0,0,0
1771717598.9567342,0,0,0
1771717598.9568512,0,0,0
1771717598.9569674,0,0,0
1771717598.9570825,0,0,0
1771717598.9571996,0,0,0
1771717598.957318,0,0,0
1771717598.957436,0,0,0
1771717598.9575517,0,0,0
1771717598.9576669,0,0,0
1771717598.957783,0,0,0
1771717598.957905,0,0,0
1771717598.9580207,0,0,0
1771717598.958136,0,0,0
1771717598.9582517,0,0,0
1771717598.9583673,0,0,0
1771717598.9584823,0,0,0
1771717598.9585974,0,0,0
1771717598.9587128,0,0,0
1771717598.9588284,0,0,0
1771717598.9589438,0,0,0
1771717598.9590592,0,0,0
1771717598.9591763,0,0,0
1771717598.9592938,0,0,0
1771717598.959409,0,0,0
1771717598.9595234,0,0,0
1771717598.9596393,0,0,0
1771717598.959755,0,0,0
1771717598.959876,0,0,0
1771717598.959991,0,0,0
1771717598.9601068,0,0,0
1771717598.9602225,0,0,0
1771717598.9603379,0,0,0
1771717598.960452,0,0,0
1771717598.9605675,0,0,0
1771717598.9606829,0,0,0
1771717598.9607975,0,0,0
1771717598.9609132,0,0,0
1771717598.961029,0,0,0
1771717598.9611456,0,0,0
1771717598.961263,0,0,0
1771717598.9613793,0,0,0
1771717598.9614956,0,0,0
1771717598.9616184,0,0,0
1771717598.961734,0,0,0
1771717598.961851,0,0,0
1771717598.9619665,0,0,0
1771717598.9620829,0,0,0
1771717598.962198,0,0,0
1771717598.9623132,0,0,0
1771717598.9624302,0,0,0
1771717598.9625456,0,0,0
1771717598.9626627,0,0,0
1771717598.9627779,0,0,0
1771717598.9628932,0,0,0
1771717598.9637868,0,0,0
1771717598.9639847,0,0,0
1771717598.9641316,0,0,0
1771717598.9642775,0,0,0
1771717598.9644384,0,0,0
1771717598.9645824,0,0,0
1771717599.01505,0,0,0
1771717599.015226,0,0,0
1771717599.0153563,0,0,0
1771717599.0154934,0,0,0
1771717599.0156136,0,0,0
1771717599.0157309,0,0,0
1771717599.0158496,0,0,0
1771717599.0159667,0,0,0
1771717599.0160832,0,0,0
1771717599.0161994,0,0,0
1771717599.0163195,0,0,0
1771717599.0164413,0,0,0
1771717599.016559,0,0,0
1771717599.0166776,0,0,0
1771717599.0167947,0,0,0
1771717599.0169547,0,0,0
1771717599.017073,0,0,0
1771717599.0171902,0,0,0
1771717599.01731,0,0,0
1771717599.017426,0,0,0
1771717599.0175424,0,0,0
1771717599.0176601,0,0,0
1771717599.017776,0,0,0
1771717599.017892,0,0,0
1771717599.0180066,0,0,0
1771717599.0181217,0,0,0
1771717599.01824,0,0,0
1771717599.0183659,0,0,0
1771717599.0184815,0,0,0
1771717599.0185962,0,0,0
1771717599.0187109,0,0,0
1771717599.0188258,0,0,0
1771717599.0189407,0,0,0
1771717599.0190563,0,0,0
1771717599.0191712,0,0,0
1771717599.019286,0,0,0
1771717599.0194058,0,0,0
1771717599.0195231,0,0,0
1771717599.019639,0,0,0
1771717599.0197551,0,0,0
1771717599.0198703,0,0,0
1771717599.0199878,0,0,0
1771717599.020104,0,0,0
1771717599.0202198,0,0,0
1771717599.020341,0,0,0
1771717599.0204573,0,0,0
1771717599.0205739,0,0,0
1771717599.0206902,0,0,0
1771717599.0208054,0,0,0
1771717599.0209217,0,0,0
1771717599.021066,0,0,0
1771717599.0211854,0,0,0
1771717599.0213082,0,0,0
1771717599.0214255,0,0,0
1771717599.021541,0,0,0
1771717599.0216565,0,0,0
1771717599.0217724,0,0,0
1771717599.0218878,0,0,0
1771717599.022004,0,0,0
1771717599.0221188,0,0,0
1771717599.0222363,0,0,0
1771717599.022356,0,0,0
1771717599.0224712,0,0,0
1771717599.022587,0,0,0
1771717599.0227017,0,0,0
1771717599.0228193,0,0,0
1771717599.0229347,0,0,0
1771717599.023152,0,0,0
1771717599.0232744,0,0,0
1771717599.0234628,0,0,0
1771717599.0235844,0,0,0
1771717599.0237894,0,0,0
1771717599.0239098,0,0,0
1771717599.0240302,0,0,0
1771717599.0241735,0,0,0
1771717599.0243134,0,0,0
1771717599.0252426,0,0,0
1771717599.025406,0,0,0
1771717599.0255415,0,0,0
1771717599.0256598,0,0,0
1771717599.025781,0,0,0
1771717599.0258977,0,0,0
1771717599.0742028,0,0,0
1771717599.0743933,0,0,0
1771717599.0745184,0,0,0
1771717599.0746417,0,0,0
1771717599.074763,0,0,0
1771717599.0748854,0,0,0
1771717599.0750093,0,0,0
1771717599.0751343,0,0,0
1771717599.0752661,0,0,0
1771717599.0753875,0,0,0
1771717599.0755076,0,0,0
1771717599.0756326,0,0,0
1771717599.0757523,0,0,0
1771717599.0758724,0,0,0
1771717599.0759923,0,0,0
1771717599.0761166,0,0,0
1771717599.0762367,0,0,0
1771717599.0763566,0,0,0
1771717599.0764759,0,0,0
1771717599.0765948,0,0,0
1771717599.0767145,0,0,0
1771717599.076836,0,0,0
1771717599.0769556,0,0,0
1771717599.077079,0,0,0
1771717599.077198,0,0,0
1771717599.0773175,0,0,0
1771717599.0774364,0,0,0
1771717599.077557,0,0,0
1771717599.0776768,0,0,0
1771717599.077795,0,0,0
1771717599.0779147,0,0,0
1771717599.0780325,0,0,0
1771717599.0781536,0,0,0
1771717599.0782738,0,0,0
1771717599.0784237,0,0,0
1771717599.0785484,0,0,0
1771717599.078668,0,0,0
1771717599.078786,0,0,0
1771717599.0789073,0,0,0
1771717599.0790262,0,0,0
1771717599.0791492,0,0,0
1771717599.0792685,0,0,0
1771717599.0793874,0,0,0
1771717599.0795074,0,0,0
1771717599.0796306,0,0,0
1771717599.079749,0,0,0
1771717599.079868,0,0,0
1771717599.0799873,0,0,0
1771717599.0801098,0,0,0
1771717599.0802295,0,0,0
1771717599.0803497,0,0,0
1771717599.08047,0,0,0
1771717599.0805893,0,0,0
1771717599.080709,0,0,0
1771717599.0808272,0,0,0
1771717599.0809457,0,0,0
1771717599.0810683,0,0,0
1771717599.0811872,0,0,0
1771717599.0813065,0,0,0
1771717599.0814254,0,0,0
1771717599.0815454,0,0,0
1771717599.0816643,0,0,0
1771717599.081783,0,0,0
1771717599.0819013,0,0,0
1771717599.08202,0,0,0
1771717599.082146,0,0,0
1771717599.0822651,0,0,0
1771717599.0823843,0,0,0
1771717599.082534,0,0,0
1771717599.0826526,0,0,0
1771717599.0827718,0,0,0
1771717599.0828903,0,0,0
1771717599.0830166,0,0,0
1771717599.0832288,0,0,0
1771717599.083348,0,0,0
1771717599.0834665,0,0,0
1771717599.0867517,0,0,0
1771717599.087001,0,0,0
1771717599.0872223,0,0,0
1771717599.0874405,0,0,0
1771717599.0877345,0,0,0
1771717599.088155,0,0,0
1771717599.136966,0,0,0
1771717599.1371036,0,0,0
1771717599.1372254,0,0,0
1771717599.1373446,0,0,0
1771717599.1374633,0,0,0
1771717599.1375818,0,0,0
1771717599.1376994,0,0,0
1771717599.1378152,0,0,0
1771717599.137932,0,0,0
1771717599.1380494,0,0,0
1771717599.138166,0,0,0
1771717599.1382854,0,0,0
1771717599.138415,0,0,0
1771717599.1385317,0,0,0
1771717599.1386473,0,0,0
1771717599.1388037,0,0,0
1771717599.1389194,0,0,0
1771717599.1390355,0,0,0
1771717599.139152,0,0,0
1771717599.1392682,0,0,0
1771717599.1393836,0,0,0
1771717599.139498,0,0,0
1771717599.1396132,0,0,0
1771717599.139731,0,0,0
1771717599.1398485,0,0,0
1771717599.1399653,0,0,0
1771717599.140082,0,0,0
1771717599.1401982,0,0,0
1771717599.1403136,0,0,0
1771717599.1404362,0,0,0
1771717599.1405528,0,0,0
1771717599.1406686,0,0,0
1771717599.1407845,0,0,0
1771717599.1408997,0,0,0
1771717599.1410146,0,0,0
1771717599.1411307,0,0,0
1771717599.141245,0,0,0
1771717599.141362,0,0,0
1771717599.141477,0,0,0
1771717599.1415923,0,0,0
1771717599.141707,0,0,0
1771717599.1418216,0,0,0
1771717599.1419375,0,0,0
1771717599.1420524,0,0,0
1771717599.1421692,0,0,0
1771717599.142284,0,0,0
1771717599.142405,0,0,0
1771717599.1425197,0,0,0
1771717599.1426356,0,0,0
1771717599.1427505,0,0,0
1771717599.1428668,0,0,0
1771717599.1429827,0,0,0
1771717599.1430979,0,0,0
1771717599.1432133,0,0,0
1771717599.1433294,0,0,0
1771717599.1434455,0,0,0
1771717599.1436212,0,0,0
1771717599.143737,0,0,0
1771717599.1438522,0,0,0
1771717599.1439674,0,0,0
1771717599.1440837,0,0,0
1771717599.1441984,0,0,0
1771717599.1443126,0,0,0
1771717599.1444335,0,0,0
1771717599.1445506,0,0,0
1771717599.1446683,0,0,0
1771717599.1447833,0,0,0
1771717599.1448984,0,0,0
1771717599.1450133,0,0,0
1771717599.145128,0,0,0
1771717599.1452427,0,0,0
1771717599.145358,0,0,0
1771717599.145475,0,0,0
1771717599.14559,0,0,0
1771717599.1457043,0,0,0
1771717599.1458194,0,0,0
1771717599.1954322,0,0,0
1771717599.1955793,0,0,0
1771717599.1957028,0,0,0
1771717599.1958253,0,0,0
1771717599.1959474,0,0,0
1771717599.1960769,0,0,0
1771717599.196196,0,0,0
1771717599.1963162,0,0,0
1771717599.196434,0,0,0
1771717599.1965516,0,0,0
1771717599.1966705,0,0,0
1771717599.196789,0,0,0
1771717599.196907,0,0,0
1771717599.1970243,0,0,0
1771717599.197252,0,0,0
1771717599.197436,0,0,0
1771717599.197625,0,0,0
1771717599.1977918,0,0,0
1771717599.19795,0,0,0
1771717599.1981125,0,0,0
1771717599.1982675,0,0,0
1771717599.198424,0,0,0
1771717599.1985767,0,0,0
1771717599.1986926,0,0,0
1771717599.1988091,0,0,0
1771717599.1989257,0,0,0
1771717599.199048,0,0,0
1771717599.1991634,0,0,0
1771717599.1992795,0,0,0
1771717599.1993935,0,0,0
1771717599.1995077,0,0,0
1771717599.199622,0,0,0
1771717599.199738,0,0,0
1771717599.199854,0,0,0
1771717599.1999702,0,0,0
1771717599.2000904,0,0,0
1771717599.2002068,0,0,0
1771717599.2003214,0,0,0
1771717599.2004366,0,0,0
1771717599.2005517,0,0,0
1771717599.2006671,0,0,0
1771717599.2007837,0,0,0
1771717599.2008998,0,0,0
1771717599.2010152,0,0,0
1771717599.2011352,0,0,0
1771717599.2012515,0,0,0
1771717599.2013664,0,0,0
1771717599.2014818,0,0,0
1771717599.2015967,0,0,0
1771717599.2017121,0,0,0
1771717599.2018273,0,0,0
1771717599.2019427,0,0,0
1771717599.2020605,0,0,0
1771717599.202176,0,0,0
1771717599.20229,0,0,0
1771717599.2024045,0,0,0
1771717599.2025197,0,0,0
1771717599.2026346,0,0,0
1771717599.202748,0,0,0
1771717599.2028637,0,0,0
1771717599.2029786,0,0,0
1771717599.203163,0,0,0
1771717599.2032797,0,0,0
1771717599.2033966,0,0,0
1771717599.2035103,0,0,0
1771717599.2036276,0,0,0
1771717599.2037451,0,0,0
1771717599.2038605,0,0,0
1771717599.2039752,0,0,0
1771717599.2041013,0,0,0
1771717599.2042172,0,0,0
1771717599.2043319,0,0,0
1771717599.2044466,0,0,0
1771717599.204587,0,0,0
1771717599.2047007,0,0,0
1771717599.2048147,0,0,0
1771717599.2058582,0,0,0
1771717599.2060058,0,0,0
1771717599.206128,0,0,0
1771717599.2062466,0,0,0
1771717599.2063649,0,0,0
1771717599.206481,0,0,0
1771717599.26583,0,0,0
1771717599.2659953,0,0,0
1771717599.2661197,0,0,0
1771717599.2662542,0,0,0
1771717599.2663815,0,0,0
1771717599.266512,0,0,0
1771717599.266637,0,0,0
1771717599.2667649,0,0,0
1771717599.2668884,0,0,0
1771717599.2670078,0,0,0
1771717599.2671473,0,0,0
1771717599.2672715,0,0,0
1771717599.2673957,0,0,0
1771717599.267536,0,0,0
1771717599.2676554,0,0,0
1771717599.2677832,0,0,0
1771717599.2679296,0,0,0
1771717599.2680545,0,0,0
1771717599.2681837,0,0,0
1771717599.2683227,0,0,0
1771717599.268454,0,0,0
1771717599.268578,0,0,0
1771717599.2687008,0,0,0
1771717599.2688274,0,0,0
1771717599.268958,0,0,0
1771717599.2690854,0,0,0
1771717599.269216,0,0,0
1771717599.2693455,0,0,0
1771717599.2694638,0,0,0
1771717599.269589,0,0,0
1771717599.2697139,0,0,0
1771717599.269841,0,0,0
1771717599.269974,0,0,0
1771717599.2701294,0,0,0
1771717599.27025,0,0,0
1771717599.2703686,0,0,0
1771717599.270497,0,0,0
1771717599.2706203,0,0,0
1771717599.2707398,0,0,0
1771717599.2708738,0,0,0
1771717599.2710137,0,0,0
1771717599.271145,0,0,0
1771717599.2712622,0,0,0
1771717599.2713792,0,0,0
1771717599.2714958,0,0,0
1771717599.2716136,0,0,0
1771717599.2717304,0,0,0
1771717599.2718773,0,0,0
1771717599.272024,0,0,0
1771717599.2721586,0,0,0
1771717599.2722797,0,0,0
1771717599.2724216,0,0,0
1771717599.2725391,0,0,0
1771717599.272663,0,0,0
1771717599.2727811,0,0,0
1771717599.2729104,0,0,0
1771717599.273058,0,0,0
1771717599.2732286,0,0,0
1771717599.273404,0,0,0
1771717599.2735877,0,0,0
1771717599.2737632,0,0,0
1771717599.2739553,0,0,0
1771717599.2741253,0,0,0
1771717599.2742565,0,0,0
1771717599.2743769,0,0,0
1771717599.2745078,0,0,0
1771717599.2746682,0,0,0
1771717599.2748175,0,0,0
1771717599.2749376,0,0,0
1771717599.2750726,0,0,0
1771717599.2752075,0,0,0
1771717599.2753575,0,0,0
1771717599.275497,0,0,0
1771717599.2756457,0,0,0
1771717599.2757654,0,0,0
1771717599.27588,0,0,0
1771717599.2759953,0,0,0
1771717599.2761128,0,0,0
1771717599.2762291,0,0,0
1771717599.2763534,0,0,0
1771717599.2764719,0,0,0
1771717599.2765977,0,0,0
1771717599.2767818,0,0,0
1771717599.2769647,0,0,0
1771717599.2771366,0,0,0
1771717599.2773197,0,0,0
1771717599.2774858,0,0,0
1771717599.2776356,0,0,0
1771717599.2777846,0,0,0
1771717599.277933,0,0,0
1771717599.2781274,0,0,0
1771717599.2783222,0,0,0
1771717599.2790804,0,0,0
1771717599.2792666,0,0,0
1771717599.2794163,0,0,0
1771717599.279572,0,0,0
1771717599.2797372,0,0,0
1771717599.2798946,0,0,0
1771717599.3398674,0,0,0
1771717599.3400233,0,0,0
1771717599.3401492,0,0,0
1771717599.3402805,0,0,0
1771717599.3404388,0,0,0
1771717599.340561,0,0,0
1771717599.340693,0,0,0
1771717599.3408234,0,0,0
1771717599.3409417,0,0,0
1771717599.341059,0,0,0
1771717599.3411758,0,0,0
1771717599.3412917,0,0,0
1771717599.341408,0,0,0
1771717599.341524,0,0,0
1771717599.3416522,0,0,0
1771717599.3417828,0,0,0
1771717599.3419988,0,0,0
1771717599.3421707,0,0,0
1771717599.342312,0,0,0
1771717599.342438,0,0,0
1771717599.3425646,0,0,0
1771717599.3426857,0,0,0
1771717599.342814,0,0,0
1771717599.3429422,0,0,0
1771717599.3430698,0,0,0
1771717599.3432128,0,0,0
1771717599.343333,0,0,0
1771717599.3434672,0,0,0
1771717599.3435884,0,0,0
1771717599.3437183,0,0,0
1771717599.343864,0,0,0
1771717599.3439882,0,0,0
1771717599.3441257,0,0,0
1771717599.344277,0,0,0
1771717599.3444166,0,0,0
1771717599.3445792,0,0,0
1771717599.3447177,0,0,0
1771717599.3448594,0,0,0
1771717599.3449886,0,0,0
1771717599.3451269,0,0,0
1771717599.345249,0,0,0
1771717599.3453975,0,0,0
1771717599.3455186,0,0,0
1771717599.3456473,0,0,0
1771717599.3457847,0,0,0
1771717599.3459094,0,0,0
1771717599.3460367,0,0,0
1771717599.3461578,0,0,0
1771717599.3462749,0,0,0
1771717599.3463945,0,0,0
1771717599.3465126,0,0,0
1771717599.3466318,0,0,0
1771717599.3467627,0,0,0
1771717599.346892,0,0,0
1771717599.3470395,0,0,0
1771717599.3471773,0,0,0
1771717599.3473003,0,0,0
1771717599.3474264,0,0,0
1771717599.3475513,0,0,0
1771717599.3476841,0,0,0
1771717599.3478034,0,0,0
1771717599.3479254,0,0,0
1771717599.3480506,0,0,0
1771717599.348185,0,0,0
1771717599.3483083,0,0,0
1771717599.3485641,0,0,0
1771717599.3487096,0,0,0
1771717599.3488572,0,0,0
1771717599.3489788,0,0,0
1771717599.3491194,0,0,0
1771717599.349241,0,0,0
1771717599.3493814,0,0,0
1771717599.3495157,0,0,0
1771717599.3496537,0,0,0
1771717599.349784,0,0,0
1771717599.3499017,0,0,0
1771717599.3500235,0,0,0
1771717599.3501668,0,0,0
1771717599.350284,0,0,0
1771717599.3504016,0,0,0
1771717599.3505185,0,0,0
1771717599.350649,0,0,0
1771717599.3507655,0,0,0
1771717599.35089,0,0,0
1771717599.3510094,0,0,0
1771717599.351131,0,0,0
1771717599.351248,0,0,0
1771717599.3513653,0,0,0
1771717599.3514986,0,0,0
1771717599.3516238,0,0,0
1771717599.3517447,0,0,0
1771717599.3518655,0,0,0
1771717599.3528032,0,0,0
1771717599.3532057,0,0,0
1771717599.3534946,0,0,0
1771717599.3536308,0,0,0
1771717599.3537695,0,0,0
1771717599.3539062,0,0,0
1771717599.356963,0,0,0
1771717599.3571825,0,0,0
1771717599.3573587,0,0,0
1771717599.3575125,0,0,0
1771717599.357666,0,0,0
1771717599.360969,0,0,0
1771717599.3611476,0,0,0
1771717599.36129,0,0,0
1771717599.3614292,0,0,0
1771717599.3615675,0,0,0
1771717599.361705,0,0,0
1771717599.3652148,0,0,0
1771717599.3654654,0,0,0
1771717599.3657186,0,0,0
1771717599.365963,0,0,0
1771717599.3661947,0,0,0
1771717599.3692682,0,0,0
1771717599.3695266,0,0,0
1771717599.3696837,0,0,0
1771717599.3698568,0,0,0
1771717599.370006,0,0,0
1771717599.3701768,0,0,0
1771717599.4262307,0,0,0
1771717599.4263659,0,0,0
1771717599.4265106,0,0,0
1771717599.4266293,0,0,0
1771717599.4267466,0,0,0
1771717599.4268625,0,0,0
1771717599.426978,0,0,0
1771717599.4270978,0,0,0
1771717599.4272184,0,0,0
1771717599.4273553,0,0,0
1771717599.427477,0,0,0
1771717599.427593,0,0,0
1771717599.427711,0,0,0
1771717599.4278438,0,0,0
1771717599.4279613,0,0,0
1771717599.4280796,0,0,0
1771717599.4282126,0,0,0
1771717599.4283302,0,0,0
1771717599.4284668,0,0,0
1771717599.4285872,0,0,0
1771717599.4287028,0,0,0
1771717599.4288232,0,0,0
1771717599.4289489,0,0,0
1771717599.4290652,0,0,0
1771717599.4291835,0,0,0
1771717599.4293103,0,0,0
1771717599.4294398,0,0,0
1771717599.4295542,0,0,0
1771717599.4296856,0,0,0
1771717599.4298089,0,0,0
1771717599.4299312,0,0,0
1771717599.430052,0,0,0
1771717599.430168,0,0,0
1771717599.4302874,0,0,0
1771717599.4304123,0,0,0
1771717599.430544,0,0,0
1771717599.4306717,0,0,0
1771717599.4307983,0,0,0
1771717599.4309165,0,0,0
1771717599.4310477,0,0,0
1771717599.431172,0,0,0
1771717599.4312944,0,0,0
1771717599.4314144,0,0,0
1771717599.4315293,0,0,0
1771717599.4316425,0,0,0
1771717599.4317582,0,0,0
1771717599.4318745,0,0,0
1771717599.4319894,0,0,0
1771717599.432121,0,0,0
1771717599.4323177,0,0,0
1771717599.432476,0,0,0
1771717599.4326062,0,0,0
1771717599.4327273,0,0,0
1771717599.4328506,0,0,0
1771717599.43297,0,0,0
1771717599.4330926,0,0,0
1771717599.4332144,0,0,0
1771717599.4333448,0,0,0
1771717599.433471,0,0,0
1771717599.4336238,0,0,0
1771717599.4337547,0,0,0
1771717599.4338832,0,0,0
1771717599.4340212,0,0,0
1771717599.4341497,0,0,0
1771717599.4342763,0,0,0
1771717599.4344046,0,0,0
1771717599.4345462,0,0,0
1771717599.4346766,0,0,0
1771717599.434818,0,0,0
1771717599.4349563,0,0,0
1771717599.4350786,0,0,0
1771717599.435197,0,0,0
1771717599.4353309,0,0,0
1771717599.4354584,0,0,0
1771717599.4355805,0,0,0
1771717599.4357004,0,0,0
1771717599.4358225,0,0,0
1771717599.4359496,0,0,0
1771717599.4360716,0,0,0
1771717599.4361947,0,0,0
1771717599.436328,0,0,0
1771717599.4364638,0,0,0
1771717599.4365957,0,0,0
1771717599.4367223,0,0,0
1771717599.4368625,0,0,0
1771717599.4369843,0,0,0
1771717599.4371226,0,0,0
1771717599.4388552,0,0,0
1771717599.4389806,0,0,0
1771717599.439119,0,0,0
1771717599.439247,0,0,0
1771717599.4393687,0,0,0
1771717599.442875,0,0,0
1771717599.443038,0,0,0
1771717599.4432647,0,0,0
1771717599.443419,0,0,0
1771717599.4435647,0,0,0
1771717599.4437325,0,0,0
1771717599.4470658,0,0,0
1771717599.4474287,0,0,0
1771717599.4476323,0,0,0
1771717599.4477885,0,0,0
1771717599.447951,0,0,0
1771717599.4511006,0,0,0
1771717599.4513059,0,0,0
1771717599.451452,0,0,0
1771717599.4515936,0,0,0
1771717599.4517465,0,0,0
1771717599.451885,0,0,0
1771717599.4553356,0,0,0
1771717599.4555666,0,0,0
1771717599.45581,0,0,0
1771717599.4560683,0,0,0
1771717599.4562917,0,0,0
1771717599.4593456,0,0,0
1771717599.4595103,0,0,0
1771717599.4596617,0,0,0
1771717599.459803,0,0,0
1771717599.4599454,0,0,0
1771717599.460085,0,0,0
1771717599.518574,0,0,0
1771717599.5187294,0,0,0
1771717599.518863,0,0,0
1771717599.5189812,0,0,0
1771717599.5191107,0,0,0
1771717599.5192406,0,0,0
1771717599.5193725,0,0,0
1771717599.5194948,0,0,0
1771717599.519616,0,0,0
1771717599.519751,0,0,0
1771717599.5198774,0,0,0
1771717599.5200098,0,0,0
1771717599.520143,0,0,0
1771717599.520289,0,0,0
1771717599.5204153,0,0,0
1771717599.5205421,0,0,0
1771717599.5206707,0,0,0
1771717599.5208478,0,0,0
1771717599.5209725,0,0,0
1771717599.5210948,0,0,0
1771717599.5212348,0,0,0
1771717599.521363,0,0,0
1771717599.521504,0,0,0
1771717599.5216339,0,0,0
1771717599.5217645,0,0,0
1771717599.5218828,0,0,0
1771717599.5220034,0,0,0
1771717599.5221343,0,0,0
1771717599.5222647,0,0,0
1771717599.5223937,0,0,0
1771717599.5225384,0,0,0
1771717599.5226576,0,0,0
1771717599.5227747,0,0,0
1771717599.522892,0,0,0
1771717599.5231247,0,0,0
1771717599.5232744,0,0,0
1771717599.5234044,0,0,0
1771717599.523533,0,0,0
1771717599.5236561,0,0,0
1771717599.523779,0,0,0
1771717599.5239022,0,0,0
1771717599.524041,0,0,0
1771717599.524177,0,0,0
1771717599.524306,0,0,0
1771717599.5244327,0,0,0
1771717599.524576,0,0,0
1771717599.5247073,0,0,0
1771717599.5248733,0,0,0
1771717599.5249994,0,0,0
1771717599.5252838,0,0,0
1771717599.525518,0,0,0
1771717599.5257013,0,0,0
1771717599.5258276,0,0,0
1771717599.5259519,0,0,0
1771717599.5260913,0,0,0
1771717599.526212,0,0,0
1771717599.5263493,0,0,0
1771717599.5264807,0,0,0
1771717599.5266001,0,0,0
1771717599.5267177,0,0,0
1771717599.5268397,0,0,0
1771717599.526957,0,0,0
1771717599.5270848,0,0,0
1771717599.5272024,0,0,0
1771717599.527341,0,0,0
1771717599.5274742,0,0,0
1771717599.5275924,0,0,0
1771717599.5277302,0,0,0
1771717599.5278587,0,0,0
1771717599.5279853,0,0,0
1771717599.5281203,0,0,0
1771717599.5282443,0,0,0
1771717599.528366,0,0,0
1771717599.5284946,0,0,0
1771717599.528624,0,0,0
1771717599.52875,0,0,0
1771717599.528946,0,0,0
1771717599.5290635,0,0,0
1771717599.5291843,0,0,0
1771717599.529299,0,0,0
1771717599.5294135,0,0,0
1771717599.5295286,0,0,0
1771717599.529643,0,0,0
1771717599.5297577,0,0,0
1771717599.5298717,0,0,0
1771717599.5299861,0,0,0
1771717599.5301082,0,0,0
1771717599.530223,0,0,0
1771717599.530337,0,0,0
1771717599.530452,0,0,0
1771717599.530566,0,0,0
1771717599.5306797,0,0,0
1771717599.5330594,0,0,0
1771717599.5333605,0,0,0
1771717599.5336804,0,0,0
1771717599.5339105,0,0,0
1771717599.5341365,0,0,0
1771717599.5343604,0,0,0
1771717599.5372977,0,0,0
1771717599.5375354,0,0,0
1771717599.5377553,0,0,0
1771717599.5379736,0,0,0
1771717599.5382044,0,0,0
1771717599.541301,0,0,0
1771717599.5415795,0,0,0
1771717599.5418067,0,0,0
1771717599.5419652,0,0,0
1771717599.5420835,0,0,0
1771717599.5422018,0,0,0
1771717599.545522,0,0,0
1771717599.5457492,0,0,0
1771717599.54597,0,0,0
1771717599.5461752,0,0,0
1771717599.5463781,0,0,0
1771717599.5495746,0,0,0
1771717599.5498724,0,0,0
1771717599.550084,0,0,0
1771717599.5502913,0,0,0
1771717599.5504375,0,0,0
1771717599.550561,0,0,0
1771717599.6014018,0,0,0
1771717599.6015368,0,0,0
1771717599.6016605,0,0,0
1771717599.601779,0,0,0
1771717599.6019053,0,0,0
1771717599.602022,0,0,0
1771717599.6021435,0,0,0
1771717599.6022606,0,0,0
1771717599.602383,0,0,0
1771717599.6024988,0,0,0
1771717599.6026158,0,0,0
1771717599.6027322,0,0,0
1771717599.6028512,0,0,0
1771717599.6030698,0,0,0
1771717599.6032755,0,0,0
1771717599.6034853,0,0,0
1771717599.6036603,0,0,0
1771717599.6038384,0,0,0
1771717599.604029,0,0,0
1771717599.6041534,0,0,0
1771717599.6043022,0,0,0
1771717599.604484,0,0,0
1771717599.6046157,0,0,0
1771717599.604737,0,0,0
1771717599.6048586,0,0,0
1771717599.604987,0,0,0
1771717599.6051059,0,0,0
1771717599.6052253,0,0,0
1771717599.6053445,0,0,0
1771717599.6054635,0,0,0
1771717599.6055808,0,0,0
1771717599.6056988,0,0,0
1771717599.6058161,0,0,0
1771717599.6059391,0,0,0
1771717599.6060574,0,0,0
1771717599.6061761,0,0,0
1771717599.6062946,0,0,0
1771717599.6064131,0,0,0
1771717599.6065326,0,0,0
1771717599.60665,0,0,0
1771717599.6067688,0,0,0
1771717599.6068912,0,0,0
1771717599.6070096,0,0,0
1771717599.6071293,0,0,0
1771717599.607247,0,0,0
1771717599.6073651,0,0,0
1771717599.607483,0,0,0
1771717599.607601,0,0,0
1771717599.60772,0,0,0
1771717599.6078384,0,0,0
1771717599.607961,0,0,0
1771717599.6080785,0,0,0
1771717599.608197,0,0,0
1771717599.6083155,0,0,0
1771717599.608433,0,0,0
1771717599.608551,0,0,0
1771717599.6086702,0,0,0
1771717599.6087894,0,0,0
1771717599.6089115,0,0,0
1771717599.6090298,0,0,0
1771717599.6091483,0,0,0
1771717599.6092656,0,0,0
1771717599.6093843,0,0,0
1771717599.6095014,0,0,0
1771717599.609619,0,0,0
1771717599.609739,0,0,0
1771717599.609857,0,0,0
1771717599.6099782,0,0,0
1771717599.6100962,0,0,0
1771717599.6102142,0,0,0
1771717599.610331,0,0,0
1771717599.6104488,0,0,0
1771717599.6105669,0,0,0
1771717599.6106863,0,0,0
1771717599.610806,0,0,0
1771717599.6109283,0,0,0
1771717599.6110463,0,0,0
1771717599.6111665,0,0,0
1771717599.6112869,0,0,0
1771717599.611405,0,0,0
1771717599.6115222,0,0,0
1771717599.6116416,0,0,0
1771717599.6591883,0,0,0
1771717599.6593368,0,0,0
1771717599.6594574,0,0,0
1771717599.6595786,0,0,0
1771717599.6596956,0,0,0
1771717599.6598132,0,0,0
1771717599.6599324,0,0,0
1771717599.6600502,0,0,0
1771717599.6601727,0,0,0
1771717599.6602886,0,0,0
1771717599.6604052,0,0,0
1771717599.6605213,0,0,0
1771717599.6606371,0,0,0
1771717599.6607544,0,0,0
1771717599.6608706,0,0,0
1771717599.6609874,0,0,0
1771717599.661104,0,0,0
1771717599.6612203,0,0,0
1771717599.6613452,0,0,0
1771717599.6614609,0,0,0
1771717599.6615767,0,0,0
1771717599.661692,0,0,0
1771717599.661807,0,0,0
1771717599.6619236,0,0,0
1771717599.6620402,0,0,0
1771717599.6621556,0,0,0
1771717599.6622708,0,0,0
1771717599.662386,0,0,0
1771717599.662503,0,0,0
1771717599.6626186,0,0,0
1771717599.662734,0,0,0
1771717599.6628504,0,0,0
1771717599.6629653,0,0,0
1771717599.6630812,0,0,0
1771717599.6631963,0,0,0
1771717599.663318,0,0,0
1771717599.663434,0,0,0
1771717599.6635523,0,0,0
1771717599.6636677,0,0,0
1771717599.6637952,0,0,0
1771717599.6639621,0,0,0
1771717599.664215,0,0,0
1771717599.6643445,0,0,0
1771717599.6644683,0,0,0
1771717599.6645875,0,0,0
1771717599.6647062,0,0,0
1771717599.664824,0,0,0
1771717599.6649437,0,0,0
1771717599.665063,0,0,0
1771717599.6651814,0,0,0
1771717599.6653004,0,0,0
1771717599.6654181,0,0,0
1771717599.6655478,0,0,0
1771717599.665666,0,0,0
1771717599.6657841,0,0,0
1771717599.6659026,0,0,0
1771717599.6660206,0,0,0
1771717599.6661394,0,0,0
1771717599.6662576,0,0,0
1771717599.6663744,0,0,0
1771717599.6664937,0,0,0
1771717599.6666107,0,0,0
1771717599.6667287,0,0,0
1771717599.666847,0,0,0
1771717599.6669638,0,0,0
1771717599.667083,0,0,0
1771717599.6672027,0,0,0
1771717599.667318,0,0,0
1771717599.6674333,0,0,0
1771717599.6675556,0,0,0
1771717599.6681623,0,0,0
1771717599.6682913,0,0,0
1771717599.6684082,0,0,0
1771717599.6685247,0,0,0
1771717599.6686394,0,0,0
1771717599.6687546,0,0,0
1771717599.6724274,0,0,0
1771717599.6726456,0,0,0
1771717599.6728604,0,0,0
1771717599.6730733,0,0,0
1771717599.6732876,0,0,0
1771717599.6763384,0,0,0
1771717599.6765523,0,0,0
1771717599.6767552,0,0,0
1771717599.6769588,0,0,0
1771717599.6771622,0,0,0
1771717599.677366,0,0,0
1771717599.6806247,0,0,0
1771717599.6807587,0,0,0
1771717599.680883,0,0,0
1771717599.6810045,0,0,0
1771717599.6811264,0,0,0
1771717599.684652,0,0,0
1771717599.6848965,0,0,0
1771717599.6851087,0,0,0
1771717599.6853209,0,0,0
1771717599.685528,0,0,0
1771717599.685735,0,0,0
1771717599.735285,0,0,0
1771717599.735424,0,0,0
1771717599.7355459,0,0,0
1771717599.7356648,0,0,0
1771717599.7357848,0,0,0
1771717599.7359211,0,0,0
1771717599.7360377,0,0,0
1771717599.736154,0,0,0
1771717599.7362707,0,0,0
1771717599.7363868,0,0,0
1771717599.7365036,0,0,0
1771717599.7366219,0,0,0
1771717599.7367392,0,0,0
1771717599.736856,0,0,0
1771717599.7369728,0,0,0
1771717599.7370882,0,0,0
1771717599.7372031,0,0,0
1771717599.737319,0,0,0
1771717599.737435,0,0,0
1771717599.7375524,0,0,0
1771717599.7376676,0,0,0
1771717599.7377832,0,0,0
1771717599.7379081,0,0,0
1771717599.7380233,0,0,0
1771717599.7381375,0,0,0
1771717599.7382538,0,0,0
1771717599.7383697,0,0,0
1771717599.738485,0,0,0
1771717599.7386,0,0,0
1771717599.7387145,0,0,0
1771717599.7388299,0,0,0
1771717599.7389443,0,0,0
1771717599.7390583,0,0,0
1771717599.7391744,0,0,0
1771717599.739291,0,0,0
1771717599.7394068,0,0,0
1771717599.7395215,0,0,0
1771717599.7396462,0,0,0
1771717599.739763,0,0,0
1771717599.7398794,0,0,0
1771717599.7399948,0,0,0
1771717599.7401114,0,0,0
1771717599.7402272,0,0,0
1771717599.7403443,0,0,0
1771717599.7404606,0,0,0
1771717599.7405763,0,0,0
1771717599.7406917,0,0,0
1771717599.7408063,0,0,0
1771717599.7409215,0,0,0
1771717599.7410386,0,0,0
1771717599.7411542,0,0,0
1771717599.7412705,0,0,0
1771717599.7413847,0,0,0
1771717599.7415004,0,0,0
1771717599.7417057,0,0,0
1771717599.7419171,0,0,0
1771717599.7420928,0,0,0
1771717599.7422597,0,0,0
1771717599.7423837,0,0,0
1771717599.7425056,0,0,0
1771717599.7426245,0,0,0
1771717599.7427433,0,0,0
1771717599.7428613,0,0,0
1771717599.74298,0,0,0
1771717599.743099,0,0,0
1771717599.7432187,0,0,0
1771717599.7433372,0,0,0
1771717599.7434566,0,0,0
1771717599.7436473,0,0,0
1771717599.7437663,0,0,0
1771717599.743885,0,0,0
1771717599.7440064,0,0,0
1771717599.7441242,0,0,0
1771717599.744241,0,0,0
1771717599.7443607,0,0,0
1771717599.7444792,0,0,0
1771717599.746052,0,0,0
1771717599.746188,0,0,0
1771717599.7463074,0,0,0
1771717599.7464254,0,0,0
1771717599.7465436,0,0,0
1771717599.7466624,0,0,0
1771717599.794991,0,0,0
1771717599.7951283,0,0,0
1771717599.7952516,0,0,0
1771717599.7953708,0,0,0
1771717599.79549,0,0,0
1771717599.795616,0,0,0
1771717599.795732,0,0,0
1771717599.795848,0,0,0
1771717599.7959673,0,0,0
1771717599.7960844,0,0,0
1771717599.796202,0,0,0
1771717599.7963297,0,0,0
1771717599.7964454,0,0,0
1771717599.796562,0,0,0
1771717599.7966783,0,0,0
1771717599.796795,0,0,0
1771717599.7969103,0,0,0
1771717599.7970262,0,0,0
1771717599.797142,0,0,0
1771717599.7972577,0,0,0
1771717599.7973735,0,0,0
1771717599.7974896,0,0,0
1771717599.797607,0,0,0
1771717599.7977226,0,0,0
1771717599.7978377,0,0,0
1771717599.7979527,0,0,0
1771717599.7980676,0,0,0
1771717599.798184,0,0,0
1771717599.798304,0,0,0
1771717599.7984197,0,0,0
1771717599.7985353,0,0,0
1771717599.798651,0,0,0
1771717599.7987657,0,0,0
1771717599.7988813,0,0,0
1771717599.7989962,0,0,0
1771717599.799146,0,0,0
1771717599.7992606,0,0,0
1771717599.799375,0,0,0
1771717599.7994912,0,0,0
1771717599.7996058,0,0,0
1771717599.7997203,0,0,0
1771717599.7998357,0,0,0
1771717599.79995,0,0,0
1771717599.800065,0,0,0
1771717599.8001797,0,0,0
1771717599.8003,0,0,0
1771717599.8004153,0,0,0
1771717599.8005311,0,0,0
1771717599.800647,0,0,0
1771717599.8007622,0,0,0
1771717599.800877,0,0,0
1771717599.800992,0,0,0
1771717599.8011065,0,0,0
1771717599.8012214,0,0,0
1771717599.8013358,0,0,0
1771717599.8014529,0,0,0
1771717599.801568,0,0,0
1771717599.8016822,0,0,0
1771717599.8017972,0,0,0
1771717599.8019114,0,0,0
1771717599.8020267,0,0,0
1771717599.8021412,0,0,0
1771717599.8022604,0,0,0
1771717599.802376,0,0,0
1771717599.802491,0,0,0
1771717599.8026085,0,0,0
1771717599.802724,0,0,0
1771717599.8028383,0,0,0
1771717599.8029528,0,0,0
1771717599.803068,0,0,0
1771717599.8035433,0,0,0
1771717599.8039312,0,0,0
1771717599.80428,0,0,0
1771717599.804621,0,0,0
1771717599.8048234,0,0,0
1771717599.8049443,0,0,0
1771717599.8078113,0,0,0
1771717599.8080702,0,0,0
1771717599.808304,0,0,0
1771717599.8084779,0,0,0
1771717599.808598,0,0,0
1771717599.8119173,0,0,0
1771717599.8121207,0,0,0
1771717599.8122466,0,0,0
1771717599.8123677,0,0,0
1771717599.8124897,0,0,0
1771717599.8126156,0,0,0
1771717599.8161244,0,0,0
1771717599.8162649,0,0,0
1771717599.816388,0,0,0
1771717599.8165245,0,0,0
1771717599.8166416,0,0,0
1771717599.8199582,0,0,0
1771717599.8202062,0,0,0
1771717599.820336,0,0,0
1771717599.8204596,0,0,0
1771717599.820581,0,0,0
1771717599.8207023,0,0,0
1771717599.8755646,0,0,0
1771717599.8756993,0,0,0
1771717599.8758225,0,0,0
1771717599.8759427,0,0,0
1771717599.8760633,0,0,0
1771717599.876181,0,0,0
1771717599.8762977,0,0,0
1771717599.876428,0,0,0
1771717599.8765442,0,0,0
1771717599.87666,0,0,0
1771717599.8767774,0,0,0
1771717599.8768933,0,0,0
1771717599.877032,0,0,0
1771717599.877167,0,0,0
1771717599.877285,0,0,0
1771717599.8774147,0,0,0
1771717599.8775325,0,0,0
1771717599.8776517,0,0,0
1771717599.8777692,0,0,0
1771717599.877886,0,0,0
1771717599.8780024,0,0,0
1771717599.8781178,0,0,0
1771717599.878235,0,0,0
1771717599.8783596,0,0,0
1771717599.8784792,0,0,0
1771717599.8785973,0,0,0
1771717599.8787148,0,0,0
1771717599.878832,0,0,0
1771717599.8789494,0,0,0
1771717599.879072,0,0,0
1771717599.8791878,0,0,0
1771717599.8793044,0,0,0
1771717599.8794327,0,0,0
1771717599.8795502,0,0,0
1771717599.8796678,0,0,0
1771717599.879784,0,0,0
1771717599.8799,0,0,0
1771717599.8800166,0,0,0
1771717599.880133,0,0,0
1771717599.880249,0,0,0
1771717599.8803763,0,0,0
1771717599.8804932,0,0,0
1771717599.8806098,0,0,0
1771717599.8807266,0,0,0
1771717599.8808434,0,0,0
1771717599.8809602,0,0,0
1771717599.881082,0,0,0
1771717599.881221,0,0,0
1771717599.8813407,0,0,0
1771717599.881501,0,0,0
1771717599.8816414,0,0,0
1771717599.881789,0,0,0
1771717599.8819358,0,0,0
1771717599.882082,0,0,0
1771717599.8822284,0,0,0
1771717599.8823767,0,0,0
1771717599.8825233,0,0,0
1771717599.8826694,0,0,0
1771717599.8828168,0,0,0
1771717599.8829792,0,0,0
1771717599.8831322,0,0,0
1771717599.8832784,0,0,0
1771717599.8835056,0,0,0
1771717599.8836813,0,0,0
1771717599.8838468,0,0,0
1771717599.8840194,0,0,0
1771717599.8842156,0,0,0
1771717599.8845427,0,0,0
1771717599.8847485,0,0,0
1771717599.8849351,0,0,0
1771717599.885107,0,0,0
1771717599.8852534,0,0,0
1771717599.885382,0,0,0
1771717599.8854985,0,0,0
1771717599.8856149,0,0,0
1771717599.8857322,0,0,0
1771717599.8858478,0,0,0
1771717599.885968,0,0,0
1771717599.8860843,0,0,0
1771717599.8861992,0,0,0
1771717599.8863142,0,0,0
1771717599.8864408,0,0,0
1771717599.8865561,0,0,0
1771717599.886672,0,0,0
1771717599.8867867,0,0,0
1771717599.8869011,0,0,0
1771717599.8870158,0,0,0
1771717599.8894062,0,0,0
1771717599.8895326,0,0,0
1771717599.889654,0,0,0
1771717599.889943,0,0,0
1771717599.8901167,0,0,0
1771717599.8935635,0,0,0
1771717599.8938193,0,0,0
1771717599.8940473,0,0,0
1771717599.89427,0,0,0
1771717599.8944945,0,0,0
1771717599.8947115,0,0,0
1771717599.8977947,0,0,0
1771717599.8980346,0,0,0
1771717599.8982575,0,0,0
1771717599.8984034,0,0,0
1771717599.898524,0,0,0
1771717599.9017546,0,0,0
1771717599.9020023,0,0,0
1771717599.9022248,0,0,0
1771717599.902446,0,0,0
1771717599.9026635,0,0,0
1771717599.9028778,0,0,0
1771717599.9059944,0,0,0
1771717599.9062314,0,0,0
1771717599.906453,0,0,0
1771717599.9066691,0,0,0
1771717599.9068093,0,0,0
1771717599.9099288,0,0,0
1771717599.910182,0,0,0
1771717599.9104033,0,0,0
1771717599.910621,0,0,0
1771717599.9108355,0,0,0
1771717599.9110503,0,0,0
1771717599.962098,0,0,0
1771717599.9622655,0,0,0
1771717599.9623878,0,0,0
1771717599.9625106,0,0,0
1771717599.9626281,0,0,0
1771717599.962744,0,0,0
1771717599.9628603,0,0,0
1771717599.962977,0,0,0
1771717599.9630938,0,0,0
1771717599.9632175,0,0,0
1771717599.9633331,0,0,0
1771717599.9634504,0,0,0
1771717599.963568,0,0,0
1771717599.9636838,0,0,0
1771717599.9638011,0,0,0
1771717599.9639168,0,0,0
1771717599.9640324,0,0,0
1771717599.9641485,0,0,0
1771717599.9642797,0,0,0
1771717599.9643958,0,0,0
1771717599.9645114,0,0,0
1771717599.964627,0,0,0
1771717599.9647424,0,0,0
1771717599.964913,0,0,0
1771717599.9650462,0,0,0
1771717599.965169,0,0,0
1771717599.9652848,0,0,0
1771717599.9654016,0,0,0
1771717599.9655168,0,0,0
1771717599.9656327,0,0,0
1771717599.9657483,0,0,0
1771717599.965864,0,0,0
1771717599.9659793,0,0,0
1771717599.9660945,0,0,0
1771717599.9662201,0,0,0
1771717599.9663367,0,0,0
1771717599.9664533,0,0,0
1771717599.9665697,0,0,0
1771717599.9666853,0,0,0
1771717599.9668016,0,0,0
1771717599.9669182,0,0,0
1771717599.9670348,0,0,0
1771717599.9671524,0,0,0
1771717599.9672675,0,0,0
1771717599.9673839,0,0,0
1771717599.9674997,0,0,0
1771717599.9676168,0,0,0
1771717599.9677327,0,0,0
1771717599.9678502,0,0,0
1771717599.967965,0,0,0
1771717599.9680798,0,0,0
1771717599.9682014,0,0,0
1771717599.9683173,0,0,0
1771717599.968434,0,0,0
1771717599.968549,0,0,0
1771717599.9686642,0,0,0
1771717599.968779,0,0,0
1771717599.9688933,0,0,0
1771717599.9690092,0,0,0
1771717599.9691243,0,0,0
1771717599.9692397,0,0,0
1771717599.9693553,0,0,0
1771717599.9694707,0,0,0
1771717599.969586,0,0,0
1771717599.9697013,0,0,0
1771717599.9698188,0,0,0
1771717599.9699404,0,0,0
1771717599.9700556,0,0,0
1771717599.9701707,0,0,0
1771717599.970287,0,0,0
1771717599.9704316,0,0,0
1771717599.9705453,0,0,0
1771717599.9706595,0,0,0
1771717599.970774,0,0,0
1771717599.9708877,0,0,0
1771717599.9710026,0,0,0
1771717599.9713733,0,0,0
1771717599.9715064,0,0,0
1771717599.9716256,0,0,0
1771717599.9717429,0,0,0
1771717599.9718604,0,0,0
1771717599.9719768,0,0,0
1771717600.0221543,0,0,0
1771717600.0224354,0,0,0
1771717600.0226011,0,0,0
1771717600.0227242,0,0,0
1771717600.0228438,0,0,0
1771717600.0229852,0,0,0
1771717600.0231645,0,0,0
1771717600.0232987,0,0,0
1771717600.0234182,0,0,0
1771717600.023536,0,0,0
1771717600.023653,0,0,0
1771717600.0237753,0,0,0
1771717600.023927,0,0,0
1771717600.0240452,0,0,0
1771717600.0241735,0,0,0
1771717600.0243037,0,0,0
1771717600.0244224,0,0,0
1771717600.0245674,0,0,0
1771717600.0246844,0,0,0
1771717600.0248017,0,0,0
1771717600.024918,0,0,0
1771717600.0250342,0,0,0
1771717600.025151,0,0,0
1771717600.0252745,0,0,0
1771717600.0253959,0,0,0
1771717600.025513,0,0,0
1771717600.0256302,0,0,0
1771717600.025746,0,0,0
1771717600.025863,0,0,0
1771717600.0259826,0,0,0
1771717600.026105,0,0,0
1771717600.0262213,0,0,0
1771717600.0263493,0,0,0
1771717600.0264664,0,0,0
1771717600.0265825,0,0,0
1771717600.0267,0,0,0
1771717600.0268166,0,0,0
1771717600.026934,0,0,0
1771717600.0270514,0,0,0
1771717600.0271676,0,0,0
1771717600.0272934,0,0,0
1771717600.0274124,0,0,0
1771717600.0275292,0,0,0
1771717600.027645,0,0,0
1771717600.027762,0,0,0
1771717600.0278769,0,0,0
1771717600.0280159,0,0,0
1771717600.0281365,0,0,0
1771717600.0282524,0,0,0
1771717600.028379,0,0,0
1771717600.0284946,0,0,0
1771717600.0286212,0,0,0
1771717600.0287483,0,0,0
1771717600.0288665,0,0,0
1771717600.029003,0,0,0
1771717600.02912,0,0,0
1771717600.0292351,0,0,0
1771717600.0293615,0,0,0
1771717600.0294766,0,0,0
1771717600.0295947,0,0,0
1771717600.0297112,0,0,0
1771717600.029828,0,0,0
1771717600.029945,0,0,0
1771717600.0300612,0,0,0
1771717600.030182,0,0,0
1771717600.030311,0,0,0
1771717600.030428,0,0,0
1771717600.030544,0,0,0
1771717600.0306609,0,0,0
1771717600.030777,0,0,0
1771717600.0308936,0,0,0
1771717600.0310109,0,0,0
1771717600.0311282,0,0,0
1771717600.0312428,0,0,0
1771717600.0313687,0,0,0
1771717600.0314844,0,0,0
1771717600.0329673,0,0,0
1771717600.033205,0,0,0
1771717600.0334222,0,0,0
1771717600.0336356,0,0,0
1771717600.033844,0,0,0
1771717600.0369205,0,0,0
1771717600.0371702,0,0,0
1771717600.0373995,0,0,0
1771717600.0376122,0,0,0
1771717600.0377276,0,0,0
1771717600.0379057,0,0,0
1771717600.0899706,0,0,0
1771717600.0901067,0,0,0
1771717600.0902271,0,0,0
1771717600.0903592,0,0,0
1771717600.0904775,0,0,0
1771717600.0905943,0,0,0
1771717600.0907094,0,0,0
1771717600.0908256,0,0,0
1771717600.0909426,0,0,0
1771717600.0910585,0,0,0
1771717600.0911741,0,0,0
1771717600.0912905,0,0,0
1771717600.0914078,0,0,0
1771717600.091528,0,0,0
1771717600.0916433,0,0,0
1771717600.0917616,0,0,0
1771717600.0918791,0,0,0
1771717600.0919948,0,0,0
1771717600.0921106,0,0,0
1771717600.0922258,0,0,0
1771717600.0923483,0,0,0
1771717600.0924642,0,0,0
1771717600.0925786,0,0,0
1771717600.092693,0,0,0
1771717600.0928068,0,0,0
1771717600.0929222,0,0,0
1771717600.0930371,0,0,0
1771717600.093152,0,0,0
1771717600.0932667,0,0,0
1771717600.0933814,0,0,0
1771717600.0934968,0,0,0
1771717600.0936108,0,0,0
1771717600.0937247,0,0,0
1771717600.0938413,0,0,0
1771717600.0939565,0,0,0
1771717600.0940716,0,0,0
1771717600.0941873,0,0,0
1771717600.094302,0,0,0
1771717600.094422,0,0,0
1771717600.0945363,0,0,0
1771717600.094651,0,0,0
1771717600.094767,0,0,0
1771717600.0948818,0,0,0
1771717600.0949965,0,0,0
1771717600.095111,0,0,0
1771717600.0952263,0,0,0
1771717600.0953422,0,0,0
1771717600.0954568,0,0,0
1771717600.0955718,0,0,0
1771717600.0956876,0,0,0
1771717600.0958025,0,0,0
1771717600.0959172,0,0,0
1771717600.0960314,0,0,0
1771717600.096147,0,0,0
1771717600.096261,0,0,0
1771717600.096381,0,0,0
1771717600.0964952,0,0,0
1771717600.0966105,0,0,0
1771717600.0967257,0,0,0
1771717600.0968406,0,0,0
1771717600.096956,0,0,0
1771717600.0970707,0,0,0
1771717600.0971868,0,0,0
1771717600.0973015,0,0,0
1771717600.0974164,0,0,0
1771717600.0975332,0,0,0
1771717600.0976474,0,0,0
1771717600.0977628,0,0,0
1771717600.0978775,0,0,0
1771717600.0979924,0,0,0
1771717600.0981078,0,0,0
1771717600.0982225,0,0,0
1771717600.098337,0,0,0
1771717600.0984561,0,0,0
1771717600.0985703,0,0,0
1771717600.0986857,0,0,0
1771717600.0988016,0,0,0
1771717600.0989196,0,0,0
1771717600.0990355,0,0,0
1771717600.0991514,0,0,0
1771717600.0992663,0,0,0
1771717600.0993814,0,0,0
1771717600.1482925,0,0,0
1771717600.1485403,0,0,0
1771717600.1487253,0,0,0
1771717600.1488874,0,0,0
1771717600.1490617,0,0,0
1771717600.1492007,0,0,0
1771717600.1493223,0,0,0
1771717600.1494408,0,0,0
1771717600.149558,0,0,0
1771717600.149677,0,0,0
1771717600.1497972,0,0,0
1771717600.1499147,0,0,0
1771717600.1500337,0,0,0
1771717600.1501706,0,0,0
1771717600.1502907,0,0,0
1771717600.1504068,0,0,0
1771717600.1505237,0,0,0
1771717600.15064,0,0,0
1771717600.1507585,0,0,0
1771717600.1508744,0,0,0
1771717600.15099,0,0,0
1771717600.151107,0,0,0
1771717600.1512344,0,0,0
1771717600.1513531,0,0,0
1771717600.1514964,0,0,0
1771717600.151621,0,0,0
1771717600.151737,0,0,0
1771717600.1518528,0,0,0
1771717600.1519682,0,0,0
1771717600.1520846,0,0,0
1771717600.1522214,0,0,0
1771717600.152339,0,0,0
1771717600.1524553,0,0,0
1771717600.1525724,0,0,0
1771717600.152689,0,0,0
1771717600.1528046,0,0,0
1771717600.1529222,0,0,0
1771717600.1530378,0,0,0
1771717600.1531613,0,0,0
1771717600.1533058,0,0,0
1771717600.1534224,0,0,0
1771717600.153538,0,0,0
1771717600.1536543,0,0,0
1771717600.1537697,0,0,0
1771717600.153885,0,0,0
1771717600.1540015,0,0,0
1771717600.1541226,0,0,0
1771717600.1542544,0,0,0
1771717600.1543734,0,0,0
1771717600.1544893,0,0,0
1771717600.154606,0,0,0
1771717600.154722,0,0,0
1771717600.1548603,0,0,0
1771717600.1549757,0,0,0
1771717600.1550915,0,0,0
1771717600.1552181,0,0,0
1771717600.155334,0,0,0
1771717600.1554492,0,0,0
1771717600.155585,0,0,0
1771717600.155702,0,0,0
1771717600.1558187,0,0,0
1771717600.1559348,0,0,0
1771717600.156051,0,0,0
1771717600.1561825,0,0,0
1771717600.1562996,0,0,0
1771717600.1564522,0,0,0
1771717600.1565733,0,0,0
1771717600.1566892,0,0,0
1771717600.1568053,0,0,0
1771717600.1569214,0,0,0
1771717600.1570375,0,0,0
1771717600.1571608,0,0,0
1771717600.157327,0,0,0
1771717600.1574485,0,0,0
1771717600.1575642,0,0,0
1771717600.1576793,0,0,0
1771717600.1598678,0,0,0
1771717600.1600144,0,0,0
1771717600.1602423,0,0,0
1771717600.1604643,0,0,0
1771717600.1606858,0,0,0
1771717600.164031,0,0,0
1771717600.1644723,0,0,0
1771717600.1648457,0,0,0
1771717600.1649938,0,0,0
1771717600.165119,0,0,0
1771717600.165242,0,0,0
1771717600.1681106,0,0,0
1771717600.1683502,0,0,0
1771717600.1685724,0,0,0
1771717600.1687937,0,0,0
1771717600.169009,0,0,0
1771717600.1720777,0,0,0
1771717600.1723204,0,0,0
1771717600.172533,0,0,0
1771717600.1727395,0,0,0
1771717600.1729443,0,0,0
1771717600.1731975,0,0,0
1771717600.2244287,0,0,0
1771717600.2245946,0,0,0
1771717600.224745,0,0,0
1771717600.2248716,0,0,0
1771717600.2250636,0,0,0
1771717600.2251859,0,0,0
1771717600.2253082,0,0,0
1771717600.2254753,0,0,0
1771717600.2256002,0,0,0
1771717600.2257206,0,0,0
1771717600.2258406,0,0,0
1771717600.225965,0,0,0
1771717600.2260847,0,0,0
1771717600.2262037,0,0,0
1771717600.2263253,0,0,0
1771717600.2264457,0,0,0
1771717600.2265658,0,0,0
1771717600.2266862,0,0,0
1771717600.2268057,0,0,0
1771717600.226925,0,0,0
1771717600.2270546,0,0,0
1771717600.2271743,0,0,0
1771717600.2272947,0,0,0
1771717600.2274141,0,0,0
1771717600.227535,0,0,0
1771717600.227655,0,0,0
1771717600.2277737,0,0,0
1771717600.2278924,0,0,0
1771717600.2280188,0,0,0
1771717600.2281375,0,0,0
1771717600.228258,0,0,0
1771717600.2283773,0,0,0
1771717600.2284963,0,0,0
1771717600.2286162,0,0,0
1771717600.2287354,0,0,0
1771717600.2288554,0,0,0
1771717600.2289813,0,0,0
1771717600.2291007,0,0,0
1771717600.2292197,0,0,0
1771717600.2293394,0,0,0
1771717600.2294598,0,0,0
1771717600.2295797,0,0,0
1771717600.2297115,0,0,0
1771717600.2298362,0,0,0
1771717600.2299786,0,0,0
1771717600.2300978,0,0,0
1771717600.2302184,0,0,0
1771717600.2303379,0,0,0
1771717600.230464,0,0,0
1771717600.2305832,0,0,0
1771717600.230703,0,0,0
1771717600.230822,0,0,0
1771717600.2309458,0,0,0
1771717600.2310712,0,0,0
1771717600.2311904,0,0,0
1771717600.2313094,0,0,0
1771717600.2314298,0,0,0
1771717600.2315512,0,0,0
1771717600.2316709,0,0,0
1771717600.23179,0,0,0
1771717600.2319093,0,0,0
1771717600.2320328,0,0,0
1771717600.2321525,0,0,0
1771717600.232272,0,0,0
1771717600.2323906,0,0,0
1771717600.2325122,0,0,0
1771717600.2326312,0,0,0
1771717600.2327487,0,0,0
1771717600.232868,0,0,0
1771717600.23299,0,0,0
1771717600.2331092,0,0,0
1771717600.2332277,0,0,0
1771717600.2333467,0,0,0
1771717600.2334676,0,0,0
1771717600.2335868,0,0,0
1771717600.233706,0,0,0
1771717600.233825,0,0,0
1771717600.2339468,0,0,0
1771717600.2340753,0,0,0
1771717600.2341948,0,0,0
1771717600.234314,0,0,0
1771717600.234433,0,0,0
1771717600.282835,0,0,0
1771717600.2829852,0,0,0
1771717600.283175,0,0,0
1771717600.283295,0,0,0
1771717600.2834141,0,0,0
1771717600.283533,0,0,0
1771717600.2836525,0,0,0
1771717600.2837834,0,0,0
1771717600.2839491,45,0,255
1771717600.2841296,45,0,255
1771717600.2842925,45,0,255
1771717600.2844563,45,0,255
1771717600.2846375,45,0,255
1771717600.2848074,45,0,255
1771717600.2849784,45,0,255
1771717600.2851446,45,0,255
1771717600.285308,45,0,255
1771717600.2854707,45,0,255
1771717600.285633,45,1,255
1771717600.2858026,45,1,255
1771717600.285971,45,1,255
1771717600.2861395,45,1,255
1771717600.2863016,45,1,255
1771717600.2864625,45,1,255
1771717600.286624,45,3,255
1771717600.2867901,45,3,255
1771717600.2869499,45,3,255
1771717600.2871768,45,3,255
1771717600.2874494,45,3,255
1771717600.2877016,45,4,255
1771717600.287874,45,4,255
1771717600.2880547,45,4,255
1771717600.28822,45,4,255
1771717600.2883854,45,4,255
1771717600.2885516,45,6,255
1771717600.2887204,45,6,255
1771717600.288895,45,6,255
1771717600.28907,45,6,255
1771717600.2892346,45,7,255
1771717600.2894015,45,7,255
1771717600.2895718,45,7,255
1771717600.2897372,45,7,255
1771717600.2899075,45,9,255
1771717600.290079,45,9,255
1771717600.2902446,45,9,255
1771717600.290425,45,10,255
1771717600.2906053,45,10,255
1771717600.2907927,45,10,255
1771717600.2909827,45,10,255
1771717600.2911668,45,12,255
1771717600.2913465,45,12,255
1771717600.2915268,45,12,255
1771717600.2917063,45,12,255
1771717600.291886,45,12,255
1771717600.292077,45,13,255
1771717600.292257,45,13,255
1771717600.2924387,45,13,255
1771717600.2926183,45,15,255
1771717600.2928061,45,15,255
1771717600.2929995,45,15,255
1771717600.2931802,45,16,255
1771717600.2933602,45,16,255
1771717600.2935414,45,16,255
1771717600.2937217,45,18,255
1771717600.2939022,45,18,255
1771717600.2940986,45,18,255
1771717600.3459113,45,19,255
1771717600.3461072,45,19,255
1771717600.34629,45,19,255
1771717600.3464684,45,21,255
1771717600.3466525,45,21,255
1771717600.346834,45,21,255
1771717600.3470082,45,22,255
1771717600.3471828,45,22,254
1771717600.347361,45,22,254
1771717600.3475401,45,24,255
1771717600.3477159,45,24,240
1771717600.3478918,45,24,240
1771717600.3480678,45,25,255
1771717600.3482442,45,25,225
1771717600.3484192,45,25,226
1771717600.3485992,45,27,226
1771717600.3487742,45,27,255
1771717600.348948,45,27,211
1771717600.3491223,45,28,255
1771717600.3492966,45,28,197
1771717600.3495064,45,28,197
1771717600.3497295,45,30,255
1771717600.3499057,45,30,183
1771717600.35008,45,30,183
1771717600.3502548,45,31,255
1771717600.35043,45,31,168
1771717600.3506134,45,31,168
1771717600.3507893,45,33,255
1771717600.3509648,45,33,154
1771717600.3511395,45,33,154
1771717600.3513157,45,33,154
1771717600.3514955,45,34,255
1771717600.3516707,45,34,139
1771717600.3518465,45,34,139
1771717600.3520212,45,34,140
1771717600.3521974,45,36,255
1771717600.3523736,45,36,125
1771717600.3525531,45,36,125
1771717600.3527265,45,36,125
1771717600.3529274,45,37,255
1771717600.3531013,45,37,110
1771717600.3532746,45,37,111
1771717600.3534486,45,37,111
1771717600.3536263,45,37,111
1771717600.3538005,45,39,255
1771717600.3539612,45,39,96
1771717600.3541207,45,39,96
1771717600.3542812,45,39,96
1771717600.3544424,45,39,96
1771717600.3546112,45,39,96
1771717600.3547864,45,40,255
1771717600.3549469,45,40,81
1771717600.355106,45,40,81
1771717600.3552659,45,40,81
1771717600.3554254,45,40,82
1771717600.3555892,45,40,82
1771717600.3557622,45,42,255
1771717600.355922,45,42,67
1771717600.3560812,45,42,67
1771717600.3562398,45,42,67
1771717600.3564012,45,42,67
1771717600.3566558,45,42,67
1771717600.356879,45,42,67
1771717600.3571265,45,43,255
1771717600.357329,45,43,52
1771717600.3575058,45,43,52
1771717600.3576686,45,43,52
1771717600.3578315,45,43,52
1771717600.357994,45,43,52
1771717600.358158,45,43,52
1771717600.3583207,45,43,52
1771717600.3585072,45,45,255
1771717600.3610828,45,45,37
1771717600.3613896,45,45,37
1771717600.3616698,45,45,37
1771717600.3618314,45,45,37
1771717600.3646564,45,45,37
1771717600.3652346,45,45,37
1771717600.3654165,45,45,37
1771717600.365582,45,45,37
1771717600.3657444,45,45,37
1771717600.3692305,45,45,37
1771717600.3695786,45,46,255
1771717600.369879,45,46,22
1771717600.3701031,45,46,22
1771717600.3702667,45,46,22
1771717600.3734508,45,46,22
1771717600.37377,45,46,22
1771717600.374195,45,46,22
1771717600.3745797,45,46,22
1771717600.3748116,45,46,22
1771717600.3774087,45,46,22
1771717600.3776035,45,46,22
1771717600.3777726,45,46,22
1771717600.3779347,45,46,22
1771717600.378096,45,46,22
1771717600.3813727,45,46,22
1771717600.3816943,45,46,22
1771717600.38195,45,46,22
1771717600.3821268,45,46,22
1771717600.3854067,45,46,22
1771717600.3856664,45,46,22
1771717600.3858438,45,46,22
1771717600.3860133,45,46,22
1771717600.3861794,45,46,22
1771717600.3898463,45,46,22
1771717600.3901865,45,46,22
1771717600.3904374,45,46,21
1771717600.3906171,45,46,21
1771717600.3908012,45,46,21
1771717600.3937807,45,46,21
1771717600.3939712,45,46,21
1771717600.3942041,45,46,21
1771717600.3945026,45,46,21
1771717600.3948004,45,46,21
1771717600.397594,45,46,21
1771717600.397778,45,46,21
1771717600.3979468,45,46,21
1771717600.398112,45,46,21
1771717600.39829,45,46,21
1771717600.4022212,45,46,21
1771717600.4025815,45,46,21
1771717600.4029953,45,46,21
1771717600.4032912,45,46,21
1771717600.405676,45,46,21
1771717600.4059637,45,46,21
1771717600.4062252,45,46,21
1771717600.4065273,45,46,21
1771717600.40683,45,46,21
1771717600.410094,45,46,21
1771717600.4102848,45,46,21
1771717600.4104505,45,46,21
1771717600.4106162,45,46,21
1771717600.4107788,45,46,21
1771717600.4141953,45,46,21
1771717600.4144268,45,46,21
1771717600.4145954,45,46,21
1771717600.4147613,45,46,21
1771717600.4150412,45,46,21
1771717600.4178822,45,46,21
1771717600.4180572,45,46,21
1771717600.4182234,45,46,21
1771717600.4183867,45,46,21
1771717600.418549,45,46,21
1771717600.4219701,45,46,21
1771717600.422142,45,46,21
1771717600.4223087,45,46,21
1771717600.4224753,45,46,21
1771717600.4226432,45,46,21
1771717600.478904,45,46,21
1771717600.479097,45,46,21
1771717600.4792633,45,46,21
1771717600.4794269,45,46,21
1771717600.47959,45,46,21
1771717600.479765,45,46,21
1771717600.4799275,45,46,21
1771717600.4800906,45,46,21
1771717600.4802516,45,46,21
1771717600.4804132,45,46,20
1771717600.4805768,45,46,20
1771717600.4807386,45,46,20
1771717600.4808998,45,46,20
1771717600.4810624,45,46,20
1771717600.4812212,45,46,20
1771717600.4813807,45,46,20
1771717600.481541,45,46,20
1771717600.4817224,45,45,255
1771717600.4818842,45,45,35
1771717600.482047,45,45,35
1771717600.482209,45,45,35
1771717600.4823687,45,45,35
1771717600.4825296,45,45,35
1771717600.4826894,45,45,35
1771717600.4828494,45,45,35
1771717600.4830108,45,45,35
1771717600.4831698,45,45,35
1771717600.4833305,45,45,35
1771717600.4834902,45,45,35
1771717600.4836547,45,45,35
1771717600.483817,45,45,35
1771717600.483979,45,45,35
1771717600.484139,45,45,35
1771717600.4842997,45,45,35
1771717600.484459,45,45,35
1771717600.4846194,45,45,35
1771717600.4847813,45,45,35
1771717600.4849415,45,45,35
1771717600.485102,45,45,35
1771717600.4852622,45,45,35
1771717600.485422,45,45,35
1771717600.4855824,45,45,35
1771717600.4857483,45,45,35
1771717600.4859092,45,45,35
1771717600.4860692,45,45,35
1771717600.4862294,45,45,35
1771717600.4863908,45,45,35
1771717600.4865537,45,45,35
1771717600.4867144,45,45,35
1771717600.4868739,45,45,35
1771717600.487033,45,45,35
1771717600.4871945,45,45,35
1771717600.4873545,45,45,35
1771717600.487514,45,45,35
1771717600.487681,45,45,35
1771717600.4878411,45,45,35
1771717600.4880002,45,45,35
1771717600.4881618,45,45,35
1771717600.4883223,45,45,35
1771717600.4884837,45,45,35
1771717600.488643,45,45,35
1771717600.4888043,45,45,35
1771717600.4889643,45,45,35
1771717600.4891243,45,45,35
1771717600.4892852,45,45,35
1771717600.4894543,45,45,35
1771717600.4896135,45,45,35
1771717600.489774,45,45,35
1771717600.4899356,45,45,35
1771717600.4901104,45,43,255
1771717600.490271,45,43,50
1771717600.490433,45,43,50
1771717600.4905946,45,43,50
1771717600.4907544,45,43,50
1771717600.4909148,45,43,50
1771717600.49114,45,43,50
1771717600.491566,45,43,51
1771717600.4917512,45,43,51
1771717600.491915,45,43,51
1771717600.4920769,45,43,51
1771717600.4922378,45,43,51
1771717600.495786,45,43,51
1771717600.496111,45,43,51
1771717600.496415,45,43,51
1771717600.4967277,45,43,51
1771717600.497028,45,43,51
1771717600.499977,45,43,51
1771717600.5003192,45,43,51
1771717600.5006115,45,43,51
1771717600.5008898,45,43,51
1771717600.5010495,45,43,51
1771717600.5045497,45,43,51
1771717600.504875,45,43,51
1771717600.5052044,45,43,51
1771717600.5054924,45,43,51
1771717600.505707,45,43,51
1771717600.508047,45,43,51
1771717600.508225,45,43,51
1771717600.5083954,45,43,51
1771717600.508562,45,43,51
1771717600.5119562,45,43,51
1771717600.512256,45,43,51
1771717600.5125449,45,43,51
1771717600.512815,45,43,51
1771717600.512981,45,43,51
1771717600.516224,45,43,51
1771717600.516551,45,43,51
1771717600.5168545,45,43,51
1771717600.5171561,45,43,51
1771717600.5174582,45,43,51
1771717600.5204496,45,43,51
1771717600.5207675,45,43,51
1771717600.5210745,45,43,51
1771717600.5212655,45,43,51
1771717600.5214286,45,43,51
1771717600.5244143,45,43,51
1771717600.5245905,45,43,51
1771717600.5247545,45,43,51
1771717600.5249176,45,43,51
1771717600.5250795,45,43,51
1771717600.5286958,45,43,51
1771717600.5290213,45,43,51
1771717600.5293248,45,43,51
1771717600.5295837,45,43,51
1771717600.5325675,45,43,51
1771717600.532936,45,43,51
1771717600.5332334,45,43,52
1771717600.53352,45,43,52
1771717600.5338087,45,43,52
1771717600.5366275,45,43,52
1771717600.5368674,45,43,52
1771717600.5371733,45,43,52
1771717600.537473,45,43,52
1771717600.5377712,45,43,52
1771717600.540799,45,43,52
1771717600.5411115,45,43,52
1771717600.5414085,45,43,52
1771717600.541622,45,43,52
1771717600.5417829,45,43,52
1771717600.5449872,45,43,52
1771717600.545315,45,43,52
1771717600.5456204,45,43,52
1771717600.5459218,45,43,52
1771717600.546219,45,43,52
1771717600.5491273,45,43,52
1771717600.5494537,45,43,52
1771717600.5497606,45,43,52
1771717600.5500066,45,43,52
1771717600.550168,45,43,52
1771717600.6035318,45,43,52
1771717600.6037161,45,43,52
1771717600.603903,45,43,52
1771717600.6040647,45,43,52
1771717600.6042266,45,43,52
1771717600.6043892,45,43,52
1771717600.6045518,45,43,52
1771717600.6047132,45,43,52
1771717600.604875,45,43,52
1771717600.6050353,45,43,52
1771717600.6051962,45,43,52
1771717600.605359,45,43,52
1771717600.6055205,45,43,52
1771717600.6056814,45,43,52
1771717600.605842,45,43,52
1771717600.6060104,45,43,52
1771717600.6061704,45,43,52
1771717600.6063313,45,43,52
1771717600.606494,45,43,52
1771717600.6066573,45,43,52
1771717600.6068177,45,43,52
1771717600.6069772,45,43,52
1771717600.6071386,45,43,52
1771717600.607299,45,43,52
1771717600.6074584,45,43,52
1771717600.60762,45,43,52
1771717600.6077795,45,43,52
1771717600.6079452,45,43,52
1771717600.608105,45,43,52
1771717600.608265,45,43,53
1771717600.608425,45,43,53
1771717600.6085835,45,43,53
1771717600.6087434,45,43,53
1771717600.6089034,45,43,53
1771717600.6090634,45,43,53
1771717600.609254,45,43,53
1771717600.6094134,45,43,53
1771717600.6095743,45,43,53
1771717600.6097333,45,43,53
1771717600.6098986,45,43,53
1771717600.6100566,45,43,53
1771717600.6102157,45,43,53
1771717600.6103756,45,43,53
1771717600.6105344,45,43,53
1771717600.6106935,45,43,53
1771717600.6108532,45,43,53
1771717600.6110125,45,43,53
1771717600.6111712,45,43,53
1771717600.6113317,45,43,53
1771717600.6114898,45,43,53
1771717600.6116488,45,43,53
1771717600.6118085,45,43,53
1771717600.611972,45,43,53
1771717600.612132,45,43,53
1771717600.6122918,45,43,53
1771717600.6124513,45,43,53
1771717600.6126103,45,43,53
1771717600.6128507,45,43,53
1771717600.6130135,45,43,53
1771717600.6131737,45,43,53
1771717600.613335,45,43,53
1771717600.613493,45,43,53
1771717600.6136522,45,43,53
1771717600.6138117,45,43,53
1771717600.6139762,45,43,53
1771717600.6141372,45,43,53
1771717600.614296,45,43,53
1771717600.6144567,45,43,53
1771717600.6146169,45,43,53
1771717600.6147943,45,43,53
1771717600.6150362,45,43,53
1771717600.6152658,45,43,53
1771717600.6154535,45,43,53
1771717600.6156156,45,43,53
1771717600.6157794,45,43,53
1771717600.6159482,45,43,53
1771717600.616108,45,43,53
1771717600.6666574,45,43,53
1771717600.6668642,45,43,53
1771717600.6670332,45,43,53
1771717600.6671984,45,43,54
1771717600.6673617,45,43,54
1771717600.6675246,45,43,54
1771717600.667722,45,43,54
1771717600.6678867,45,43,54
1771717600.6680496,45,43,54
1771717600.6682122,45,43,54
1771717600.6683745,45,43,54
1771717600.6685374,45,43,54
1771717600.6687057,45,43,54
1771717600.66888,45,43,54
1771717600.6690419,45,43,54
1771717600.6692038,45,43,54
1771717600.6693664,45,43,54
1771717600.6695285,45,43,54
1771717600.669691,45,43,54
1771717600.6698635,45,43,54
1771717600.670025,45,43,54
1771717600.670186,45,43,54
1771717600.6703477,45,43,54
1771717600.6705112,45,43,54
1771717600.670673,45,43,54
1771717600.6708555,45,43,54
1771717600.6710172,45,43,54
1771717600.671179,45,43,54
1771717600.6713405,45,43,54
1771717600.6715024,45,43,54
1771717600.6716642,45,43,54
1771717600.6718512,45,43,54
1771717600.672013,45,43,54
1771717600.6721838,45,43,54
1771717600.6723435,45,43,54
1771717600.6725025,45,43,54
1771717600.6726635,45,43,54
1771717600.6729047,45,43,54
1771717600.6730993,45,43,54
1771717600.673271,45,43,54
1771717600.6734319,45,43,54
1771717600.6735923,45,43,54
1771717600.6737742,45,43,54
1771717600.6739948,45,43,54
1771717600.674162,45,43,54
1771717600.6743236,45,43,54
1771717600.6744847,45,43,54
1771717600.6746478,45,43,54
1771717600.6748452,45,43,54
1771717600.6750078,45,43,54
1771717600.6751692,45,43,54
1771717600.675331,45,43,54
1771717600.6754916,45,43,54
1771717600.6756532,45,43,55
1771717600.6758528,45,43,55
1771717600.6760147,45,43,55
1771717600.676175,45,43,55
1771717600.6763349,45,43,55
1771717600.676494,45,43,55
1771717600.6766539,45,43,55
1771717600.6768298,45,43,55
1771717600.676989,45,43,55
1771717600.6771483,45,43,55
1771717600.6773076,45,43,55
1771717600.6774676,45,43,55
1771717600.677629,45,43,55
1771717600.6778312,45,43,55
1771717600.6781166,45,43,55
1771717600.678382,45,43,55
1771717600.6785493,45,43,55
1771717600.6787236,45,43,55
1771717600.6788957,45,43,55
1771717600.6801686,45,43,55
1771717600.6803455,45,43,55
1771717600.6805124,45,43,55
1771717600.6806774,45,43,55
1771717600.6808386,45,43,55
1771717600.7340024,45,43,55
1771717600.7341945,45,43,55
1771717600.734365,45,43,55
1771717600.7345312,45,43,55
1771717600.7346947,45,43,55
1771717600.7348568,45,43,55
1771717600.7350194,45,43,55
1771717600.7351809,45,43,55
1771717600.7353442,45,43,55
1771717600.7355044,45,43,55
1771717600.7356744,45,43,55
1771717600.7358375,45,43,55
1771717600.736,45,43,55
1771717600.7361622,45,43,55
1771717600.7363245,45,43,55
1771717600.7365284,45,43,55
1771717600.7366884,45,43,55
1771717600.736865,45,43,55
1771717600.7370284,45,43,55
1771717600.7371905,45,43,55
1771717600.737384,45,43,55
1771717600.737548,45,43,55
1771717600.7377152,45,43,55
1771717600.7378762,45,43,55
1771717600.7380385,45,43,55
1771717600.7382274,45,43,55
1771717600.7383895,45,43,55
1771717600.738552,45,43,56
1771717600.7387142,45,43,56
1771717600.7388825,45,43,56
1771717600.7391076,45,43,56
1771717600.7392802,45,43,56
1771717600.7394443,45,43,56
1771717600.7396202,45,43,56
1771717600.73984,45,43,56
1771717600.7400036,45,43,56
1771717600.7401671,45,43,56
1771717600.740329,45,43,56
1771717600.740491,45,43,56
1771717600.7406566,45,43,56
1771717600.740823,45,43,56
1771717600.740987,45,43,56
1771717600.7411506,45,43,56
1771717600.74134,45,43,56
1771717600.741515,45,43,56
1771717600.7416854,45,43,56
1771717600.741848,45,43,56
1771717600.7420132,45,43,56
1771717600.742176,45,43,56
1771717600.7423377,45,43,56
1771717600.7424996,45,43,56
1771717600.7426608,45,43,56
1771717600.7428377,45,43,56
1771717600.743003,45,43,56
1771717600.7431643,45,43,56
1771717600.7433279,45,43,56
1771717600.7434902,45,43,56
1771717600.7436523,45,43,56
1771717600.7438219,45,43,56
1771717600.743984,45,43,56
1771717600.7441483,45,43,56
1771717600.7443116,45,43,56
1771717600.744473,45,43,56
1771717600.7446349,45,43,56
1771717600.7447975,45,43,56
1771717600.744965,45,43,56
1771717600.7451322,45,43,56
1771717600.745294,45,43,56
1771717600.7454848,45,43,56
1771717600.7456727,45,43,56
1771717600.7458484,45,43,56
1771717600.746012,45,43,56
1771717600.7461758,45,43,56
1771717600.7463384,45,43,56
1771717600.7465153,45,43,56
1771717600.7466764,45,43,56
1771717600.7468388,45,43,56
1771717600.8079548,45,43,56
1771717600.808225,45,43,56
1771717600.8084073,45,43,57
1771717600.8085785,45,43,57
1771717600.8087585,45,43,57
1771717600.8089256,45,43,57
1771717600.8090918,45,43,57
1771717600.8092582,45,43,57
1771717600.8094249,45,43,57
1771717600.8096094,45,43,57
1771717600.8097787,45,43,57
1771717600.809948,45,43,57
1771717600.8101208,45,43,57
1771717600.8102956,45,43,57
1771717600.8104694,45,43,57
1771717600.810645,45,43,57
1771717600.810834,45,43,57
1771717600.8110778,45,43,57
1771717600.8112493,45,43,57
1771717600.8114202,45,43,57
1771717600.8115911,45,43,57
1771717600.8117619,45,43,57
1771717600.8119352,45,43,57
1771717600.812107,45,43,57
1771717600.8122792,45,43,57
1771717600.8124492,45,43,57
1771717600.8126156,45,43,57
1771717600.8127885,45,43,57
1771717600.8129537,45,43,57
1771717600.8131323,45,43,57
1771717600.8133032,45,43,57
1771717600.8134725,45,43,57
1771717600.8136437,45,43,57
1771717600.81382,45,43,57
1771717600.8139894,45,43,57
1771717600.8141618,45,43,57
1771717600.81433,45,43,57
1771717600.8144982,45,43,57
1771717600.8146653,45,43,57
1771717600.8148425,45,43,57
1771717600.8150532,45,43,57
1771717600.8152227,45,43,57
1771717600.8153894,45,43,57
1771717600.8155563,45,43,57
1771717600.8157465,45,43,57
1771717600.8159132,45,43,57
1771717600.8160808,45,43,57
1771717600.8162496,45,43,57
1771717600.8164148,45,43,57
1771717600.816581,45,43,57
1771717600.8167667,45,43,57
1771717600.8169577,45,43,57
1771717600.8172367,45,43,58
1771717600.8175192,45,43,58
1771717600.8177748,45,43,58
1771717600.8179502,45,43,58
1771717600.8181229,45,43,58
1771717600.8182924,45,43,58
1771717600.8184652,45,43,58
1771717600.8186336,45,43,58
1771717600.818815,45,43,58
1771717600.8189847,45,43,58
1771717600.819218,45,43,58
1771717600.8193893,45,43,58
1771717600.8195589,45,43,58
1771717600.819731,45,43,58
1771717600.8199027,45,43,58
1771717600.8201494,45,43,58
1771717600.8203194,45,43,58
1771717600.8204892,45,43,58
1771717600.8206558,45,43,58
1771717600.8208303,45,43,58
1771717600.8210084,45,43,58
1771717600.8211768,45,43,58
1771717600.8213644,45,43,58
1771717600.8216238,45,43,58
1771717600.8218794,45,43,58
1771717600.8221369,45,43,58
1771717600.8223917,45,43,58
1771717600.8226516,45,43,58
1771717600.822939,45,43,58
1771717600.8234565,45,43,58
1771717600.823741,45,43,58
1771717600.8240013,45,43,58
1771717600.8242524,45,43,58
1771717600.8245115,45,43,58
1771717600.8248022,45,43,58
1771717600.8250613,45,43,58
1771717600.8253224,45,43,58
1771717600.8255765,45,43,58
1771717600.8258421,45,43,58
1771717600.8275213,45,43,58
1771717600.8277435,45,43,58
1771717600.8279517,45,43,58
1771717600.8281524,45,43,58
1771717600.8283453,45,43,58
1771717600.831695,45,43,58
1771717600.8319087,45,43,58
1771717600.8321187,45,43,58
1771717600.832316,45,43,58
1771717600.8325112,45,43,58
1771717600.893199,45,43,58
1771717600.8934073,45,43,58
1771717600.8935802,45,43,59
1771717600.893748,45,43,59
1771717600.893934,45,43,59
1771717600.8941007,45,43,59
1771717600.894265,45,43,59
1771717600.8944318,45,43,59
1771717600.8946135,45,43,59
1771717600.8947787,45,43,59
1771717600.8951612,45,43,59
1771717600.8954365,45,43,59
1771717600.89578,45,43,59
1771717600.8960292,45,43,59
1771717600.8962932,45,43,59
1771717600.8964736,45,43,59
1771717600.8966467,45,43,59
1771717600.896818,45,43,59
1771717600.8970618,45,43,59
1771717600.89723,45,43,59
1771717600.8973982,45,43,59
1771717600.8975675,45,43,59
1771717600.897735,45,43,59
1771717600.8979123,45,43,59
1771717600.898079,45,43,59
1771717600.8982456,45,43,59
1771717600.8984115,45,43,59
1771717600.89858,45,43,59
1771717600.898746,45,43,59
1771717600.8989122,45,43,59
1771717600.8990781,45,43,59
1771717600.8992424,45,43,59
1771717600.8994086,45,43,59
1771717600.8995745,45,43,59
1771717600.8997395,45,43,59
1771717600.899912,45,43,59
1771717600.900077,45,43,59
1771717600.9002419,45,43,59
1771717600.900407,45,43,59
1771717600.9005716,45,43,59
1771717600.900735,45,43,59
1771717600.9008996,45,43,59
1771717600.9010963,45,43,59
1771717600.9012616,45,43,59
1771717600.9014273,45,43,59
1771717600.9015913,45,43,59
1771717600.9017606,45,43,59
1771717600.9019294,45,43,59
1771717600.9020936,45,43,59
1771717600.902258,45,43,59
1771717600.902422,45,43,59
1771717600.9025853,45,43,59
1771717600.9027507,45,43,60
1771717600.9029162,45,43,60
1771717600.9030802,45,43,60
1771717600.903245,45,43,60
1771717600.9034085,45,43,60
1771717600.9035728,45,43,60
1771717600.9037695,45,43,60
1771717600.9039714,45,43,60
1771717600.9043024,45,43,60
1771717600.904488,45,43,60
1771717600.904656,45,43,60
1771717600.904819,45,43,60
1771717600.9049842,45,43,60
1771717600.9051485,45,43,60
1771717600.9053109,45,43,60
1771717600.9054737,45,43,60
1771717600.9056382,45,43,60
1771717600.905801,45,43,60
1771717600.9060452,45,43,60
1771717600.906221,45,43,60
1771717600.9063869,45,43,60
1771717600.9065566,45,43,60
1771717600.9067183,45,43,60
1771717600.9069052,45,43,60
1771717600.9070675,45,43,60
1771717600.9072323,45,43,60
1771717600.9073951,45,43,60
1771717600.907559,45,43,60
1771717600.9077384,45,43,60
1771717600.9079118,45,43,60
1771717600.908072,45,43,60
1771717600.9082344,45,43,60
1771717600.9083962,45,43,60
1771717600.9085598,45,43,60
1771717600.9092994,45,43,60
1771717600.909465,45,43,60
1771717600.9096296,45,43,60
1771717600.9097943,45,43,60
1771717600.9100132,45,43,60
1771717600.9134698,45,43,60
1771717600.913662,45,43,60
1771717600.9138417,45,43,60
1771717600.914051,45,43,60
1771717600.914224,45,43,60
1771717600.9176328,45,43,60
1771717600.9179265,45,43,60
1771717600.918229,45,43,60
1771717600.9184623,45,43,60
1771717600.9186394,45,43,60
1771717600.92176,45,43,60
1771717600.922049,45,43,60
1771717600.922335,45,43,60
1771717600.9226265,45,43,61
1771717600.9257286,45,43,61
1771717600.9262443,45,43,61
1771717600.9266973,45,43,61
1771717600.9271553,45,43,61
1771717600.9274619,45,43,61
1771717600.9299235,45,43,61
1771717600.9302413,45,43,61
1771717600.9305367,45,43,61
1771717600.930845,45,43,61
1771717600.9311337,45,43,61
1771717600.933998,45,43,61
1771717600.9343073,45,43,61
1771717600.9345992,45,43,61
1771717600.9349136,45,43,61
1771717600.9351954,45,43,61
1771717600.9385426,45,43,61
1771717600.9387305,45,43,61
1771717600.9388983,45,43,61
1771717600.939075,45,43,61
1771717600.9392369,45,43,61
1771717600.9424968,45,43,61
1771717600.9426916,45,43,61
1771717600.9428604,45,43,61
1771717600.9430234,45,43,61
1771717600.9431884,45,43,61
1771717600.9947448,45,43,61
1771717600.99495,45,43,61
1771717600.9951193,45,43,61
1771717600.9952836,45,43,61
1771717600.995446,45,43,61
1771717600.9956205,45,43,61
1771717600.995785,45,43,61
1771717600.9959493,45,43,61
1771717600.9961283,45,43,61
1771717600.9962902,45,43,61
1771717600.9964528,45,43,61
1771717600.9966145,45,43,61
1771717600.9967792,45,43,61
1771717600.9969406,45,43,61
1771717600.9971018,45,43,61
1771717600.9972625,45,43,61
1771717600.9974241,45,43,61
1771717600.9975936,45,43,61
1771717600.9977536,45,43,61
1771717600.9979162,45,43,61
1771717600.9980776,45,43,61
1771717600.9982412,45,43,61
1771717600.998401,45,43,61
1771717600.9985604,45,43,61
1771717600.9987202,45,43,61
1771717600.9988806,45,43,62
1771717600.999042,45,43,62
1771717600.9992013,45,43,62
1771717600.999369,45,43,62
1771717600.9995282,45,43,62
1771717600.9996877,45,43,62
1771717600.9998472,45,43,62
1771717601.0000055,45,43,62
1771717601.0001655,45,43,62
1771717601.0003242,45,43,62
1771717601.0004838,45,43,62
1771717601.0006425,45,43,62
1771717601.0008016,45,43,62
1771717601.0009618,45,43,62
1771717601.0011241,45,43,62
1771717601.0012891,45,43,62
1771717601.001449,45,43,62
1771717601.001611,45,43,62
1771717601.0017705,45,43,62
1771717601.0019298,45,43,62
1771717601.0020885,45,43,62
1771717601.0022483,45,43,62
1771717601.002407,45,43,62
1771717601.0025668,45,43,62
1771717601.0027266,45,43,62
1771717601.0028868,45,43,62
1771717601.0030465,45,43,62
1771717601.0032053,45,43,62
1771717601.0034304,45,43,62
1771717601.003594,45,43,62
1771717601.0037527,45,43,62
1771717601.0039117,45,43,62
1771717601.0040703,45,43,62
1771717601.004229,45,43,62
1771717601.0043888,45,43,62
1771717601.0045476,45,43,62
1771717601.0047066,45,43,62
1771717601.0048652,45,43,62
1771717601.0050273,45,43,62
1771717601.005186,45,43,62
1771717601.0053785,45,43,62
1771717601.005556,45,43,62
1771717601.0057163,45,43,62
1771717601.0058753,45,43,62
1771717601.0060515,45,43,62
1771717601.0062113,45,43,62
1771717601.0063708,45,43,62
1771717601.0078166,45,43,62
1771717601.0079892,45,43,62
1771717601.0081527,45,43,62
1771717601.008314,45,43,63
1771717601.008475,45,43,63
1771717601.059676,45,43,63
1771717601.0598567,45,43,63
1771717601.0600352,45,43,63
1771717601.0602036,45,43,63
1771717601.0603657,45,43,63
1771717601.0605273,45,43,63
1771717601.0606909,45,43,63
1771717601.0608907,45,43,63
1771717601.061056,45,43,63
1771717601.0612192,45,43,63
1771717601.0613835,45,43,63
1771717601.0615447,45,43,63
1771717601.061707,45,43,63
1771717601.0618699,45,43,63
1771717601.0620382,45,43,63
1771717601.0622005,45,43,63
1771717601.062363,45,43,63
1771717601.062525,45,43,63
1771717601.0626867,45,43,63
1771717601.0628486,45,43,63
1771717601.0630095,45,43,63
1771717601.063229,45,43,63
1771717601.0633914,45,43,63
1771717601.0635533,45,43,63
1771717601.0637147,45,43,63
1771717601.0638769,45,43,63
1771717601.064046,45,43,63
1771717601.064207,45,43,63
1771717601.0643694,45,43,63
1771717601.0645332,45,43,63
1771717601.064695,45,43,63
1771717601.0648575,45,43,63
1771717601.0650463,45,43,63
1771717601.0652096,45,43,63
1771717601.0653718,45,43,63
1771717601.0655324,45,43,63
1771717601.0656931,45,43,63
1771717601.0658543,45,43,63
1771717601.0660217,45,43,63
1771717601.0661829,45,43,63
1771717601.0663438,45,43,63
1771717601.066505,45,43,63
1771717601.0666676,45,43,63
1771717601.06683,45,43,63
1771717601.0670063,45,43,63
1771717601.067167,45,43,63
1771717601.067338,45,43,63
1771717601.067498,45,43,63
1771717601.067658,45,43,63
1771717601.0678198,45,43,63
1771717601.0679867,45,43,64
1771717601.0681474,45,43,64
1771717601.0683773,45,43,64
1771717601.068686,45,43,64
1771717601.0689054,45,43,64
1771717601.0691094,45,43,64
1771717601.069273,45,43,64
1771717601.069434,45,43,64
1771717601.069594,45,43,64
1771717601.0697541,45,43,64
1771717601.0699146,45,43,64
1771717601.0700846,45,43,64
1771717601.070245,45,43,64
1771717601.070406,45,43,64
1771717601.070566,45,43,64
1771717601.0707285,45,43,64
1771717601.0708876,45,43,64
1771717601.0710466,45,43,64
1771717601.0712073,45,43,64
1771717601.0713673,45,43,64
1771717601.071527,45,43,64
1771717601.0716872,45,43,64
1771717601.0734863,45,43,64
1771717601.0739105,45,43,64
1771717601.0742712,45,43,64
1771717601.074502,45,43,64
1771717601.0746682,45,43,64
1771717601.1236389,45,43,64
1771717601.1238208,45,43,64
1771717601.1240017,45,43,64
1771717601.1241684,45,43,64
1771717601.1243346,45,43,64
1771717601.1245005,45,43,64
1771717601.124692,45,43,64
1771717601.1248546,45,43,64
1771717601.1250162,45,43,64
1771717601.12518,45,43,64
1771717601.125343,45,43,64
1771717601.1255057,45,43,64
1771717601.1256685,45,43,64
1771717601.1258314,45,43,64
1771717601.1260016,45,43,64
1771717601.1261628,45,43,64
1771717601.126325,45,43,64
1771717601.1264873,45,43,64
1771717601.1266494,45,43,64
1771717601.126814,45,43,64
1771717601.1269758,45,43,64
1771717601.1271362,45,43,64
1771717601.1272964,45,43,64
1771717601.1274621,45,43,64
1771717601.127621,45,43,65
1771717601.1277888,45,43,65
1771717601.1279488,45,43,65
1771717601.1281102,45,43,65
1771717601.1282701,45,43,65
1771717601.1284294,45,43,65
1771717601.128589,45,43,65
1771717601.1287482,45,43,65
1771717601.128908,45,43,65
1771717601.1290672,45,43,65
1771717601.1292279,45,43,65
1771717601.129387,45,43,65
1771717601.1296284,45,43,65
1771717601.1298082,45,43,65
1771717601.1299708,45,43,65
1771717601.1301315,45,43,65
1771717601.1302927,45,43,65
1771717601.1304538,45,43,65
1771717601.1306136,45,43,65
1771717601.1307743,45,43,65
1771717601.1309335,45,43,65
1771717601.131094,45,43,65
1771717601.1312537,45,43,65
1771717601.1314127,45,43,65
1771717601.131577,45,43,65
1771717601.131744,45,43,65
1771717601.1319036,45,43,65
1771717601.1320648,45,43,65
1771717601.1322246,45,43,65
1771717601.132384,45,43,65
1771717601.1325474,45,43,65
1771717601.1327066,45,43,65
1771717601.1328666,45,43,65
1771717601.133026,45,43,65
1771717601.1331844,45,43,65
1771717601.133343,45,43,65
1771717601.1335018,45,43,65
1771717601.1336617,45,43,65
1771717601.1338263,45,43,65
1771717601.1339872,45,43,65
1771717601.134147,45,43,65
1771717601.1343086,45,43,65
1771717601.134469,45,43,65
1771717601.1346657,45,43,65
1771717601.134829,45,43,65
1771717601.1349916,45,43,65
1771717601.1351507,45,43,65
1771717601.135311,45,43,65
1771717601.138866,45,43,65
1771717601.1391537,45,43,65
1771717601.139441,45,43,66
1771717601.1397226,45,43,66
1771717601.1400046,45,43,66
1771717601.1892536,45,43,66
1771717601.1894388,45,43,66
1771717601.1896098,45,43,66
1771717601.1897779,45,43,66
1771717601.1899545,45,43,66
1771717601.1901236,45,43,66
1771717601.1902916,45,43,66
1771717601.1904817,45,43,66
1771717601.1906614,45,43,66
1771717601.1910634,45,43,66
1771717601.191429,45,43,66
1771717601.1917467,45,43,66
1771717601.19192,45,43,66
1771717601.192088,45,43,66
1771717601.1922553,45,43,66
1771717601.192434,45,43,66
1771717601.192605,45,43,66
1771717601.1927707,45,43,66
1771717601.1929355,45,43,66
1771717601.1931014,45,43,66
1771717601.1932693,45,43,66
1771717601.1934345,45,43,66
1771717601.1936102,45,43,66
1771717601.1937747,45,43,66
1771717601.1939397,45,43,66
1771717601.1941044,45,43,66
1771717601.194269,45,43,66
1771717601.1944332,45,43,66
1771717601.194597,45,43,66
1771717601.1947613,45,43,66
1771717601.1949263,45,43,66
1771717601.1950934,45,43,66
1771717601.1952593,45,43,66
1771717601.1954243,45,43,66
1771717601.195593,45,43,66
1771717601.1957564,45,43,66
1771717601.1959229,45,43,66
1771717601.1960874,45,43,66
1771717601.1962507,45,43,66
1771717601.1964142,45,43,66
1771717601.1965804,45,43,66
1771717601.1967447,45,43,66
1771717601.1969078,45,43,66
1771717601.1970708,45,43,66
1771717601.1972408,45,43,66
1771717601.1974058,45,43,66
1771717601.1975708,45,43,66
1771717601.1977348,45,43,66
1771717601.1978989,45,43,67
1771717601.1980627,45,43,67
1771717601.1982262,45,43,67
1771717601.1983898,45,43,67
1771717601.198554,45,43,67
1771717601.1987183,45,43,67
1771717601.1989222,45,43,67
1771717601.1990883,45,43,67
1771717601.1992614,45,43,67
1771717601.1994255,45,43,67
1771717601.1995885,45,43,67
1771717601.199754,45,43,67
1771717601.1999176,45,43,67
1771717601.2000816,45,43,67
1771717601.2002459,45,43,67
1771717601.2004101,45,43,67
1771717601.2005742,45,43,67
1771717601.20074,45,43,67
1771717601.2009034,45,43,67
1771717601.201067,45,43,67
1771717601.2012362,45,43,67
1771717601.201399,45,43,67
1771717601.2015622,45,43,67
1771717601.2017295,45,43,67
1771717601.2043927,45,43,67
1771717601.2047012,45,43,67
1771717601.2050092,45,43,67
1771717601.2052765,45,43,67
1771717601.2054396,45,43,67
1771717601.2580519,45,43,67
1771717601.2582517,45,43,67
1771717601.2584202,45,43,67
1771717601.2585883,45,43,67
1771717601.2587507,45,43,67
1771717601.258914,45,43,67
1771717601.2590775,45,43,67
1771717601.259252,45,43,67
1771717601.2594156,45,43,67
1771717601.2595868,45,43,67
1771717601.2597487,45,43,67
1771717601.259912,45,43,67
1771717601.2600758,45,43,67
1771717601.26025,45,43,67
1771717601.2604148,45,43,67
1771717601.2605786,45,43,67
1771717601.2607434,45,43,67
1771717601.260906,45,43,67
1771717601.2610683,45,43,67
1771717601.2612412,45,43,67
1771717601.261405,45,43,67
1771717601.2615995,45,43,67
1771717601.2617888,45,43,67
1771717601.261951,45,43,68
1771717601.2621138,45,43,68
1771717601.2622876,45,43,68
1771717601.2624812,45,43,68
1771717601.2626421,45,43,68
1771717601.2628038,45,43,68
1771717601.2629642,45,43,68
1771717601.2631269,45,43,68
1771717601.2632976,45,43,68
1771717601.263465,45,43,68
1771717601.2636275,45,43,68
1771717601.263789,45,43,68
1771717601.2639494,45,43,68
1771717601.2641122,45,43,68
1771717601.2642903,45,43,68
1771717601.2644517,45,43,68
1771717601.2646124,45,43,68
1771717601.2647874,45,43,68
1771717601.2649481,45,43,68
1771717601.265112,45,43,68
1771717601.26528,45,43,68
1771717601.265441,45,43,68
1771717601.265614,45,43,68
1771717601.2657917,45,43,68
1771717601.2659547,45,43,68
1771717601.2661166,45,43,68
1771717601.266279,45,43,68
1771717601.2664404,45,43,68
1771717601.2666013,45,43,68
1771717601.266774,45,43,68
1771717601.2669358,45,43,68
1771717601.2670965,45,43,68
1771717601.2672634,45,43,68
1771717601.267424,45,43,68
1771717601.267586,45,43,68
1771717601.2677584,45,43,68
1771717601.2679195,45,43,68
1771717601.2680802,45,43,68
1771717601.2682405,45,43,68
1771717601.2684007,45,43,68
1771717601.2685618,45,43,68
1771717601.2687628,45,43,68
1771717601.2690067,45,43,68
1771717601.2692611,45,43,68
1771717601.2695026,45,43,68
1771717601.2697089,45,43,68
1771717601.2698815,45,43,68
1771717601.2700462,45,43,68
1771717601.2702348,45,43,68
1771717601.2704313,45,43,68
1771717601.270615,45,43,69
1771717601.2707858,45,43,69
1771717601.2709827,45,43,69
1771717601.2711456,45,43,69
1771717601.3219543,45,43,69
1771717601.3221362,45,43,69
1771717601.3223083,45,43,69
1771717601.3224711,45,43,69
1771717601.3226333,45,43,69
1771717601.3227963,45,43,69
1771717601.322959,45,43,69
1771717601.3231342,45,43,69
1771717601.3233016,45,43,69
1771717601.323463,45,43,69
1771717601.3236263,45,43,69
1771717601.323787,45,43,69
1771717601.3239484,45,43,69
1771717601.324111,45,43,69
1771717601.3242712,45,43,69
1771717601.3244317,45,43,69
1771717601.3245914,45,43,69
1771717601.3247526,45,43,69
1771717601.3249135,45,43,69
1771717601.3250806,45,43,69
1771717601.3252416,45,43,69
1771717601.325402,45,43,69
1771717601.325564,45,43,69
1771717601.3257606,45,43,69
1771717601.3259206,45,43,69
1771717601.3260803,45,43,69
1771717601.3262389,45,43,69
1771717601.3263984,45,43,69
1771717601.326558,45,43,69
1771717601.3267176,45,43,69
1771717601.3268766,45,43,69
1771717601.327042,45,43,69
1771717601.3272026,45,43,69
1771717601.3273635,45,43,69
1771717601.3275235,45,43,69
1771717601.3276823,45,43,69
1771717601.3278425,45,43,69
1771717601.328003,45,43,69
1771717601.3281622,45,43,69
1771717601.328321,45,43,69
1771717601.328481,45,43,69
1771717601.3286412,45,43,69
1771717601.328801,45,43,69
1771717601.3289614,45,43,69
1771717601.3291278,45,43,69
1771717601.3292885,45,43,69
1771717601.3294485,45,43,69
1771717601.329608,45,43,70
1771717601.3297684,45,43,70
1771717601.3299282,45,43,70
1771717601.330088,45,43,70
1771717601.3302472,45,43,70
1771717601.3304067,45,43,70
1771717601.330567,45,43,70
1771717601.3307269,45,43,70
1771717601.3308864,45,43,70
1771717601.331106,45,43,70
1771717601.3312712,45,43,70
1771717601.331434,45,43,70
1771717601.3315942,45,43,70
1771717601.3317544,45,43,70
1771717601.3319137,45,43,70
1771717601.3320742,45,43,70
1771717601.3322344,45,43,70
1771717601.3323946,45,43,70
1771717601.332556,45,43,70
1771717601.3327155,45,43,70
1771717601.332955,45,43,70
1771717601.333202,45,43,70
1771717601.333436,45,43,70
1771717601.333674,45,43,70
1771717601.333909,45,43,70
1771717601.3354135,45,43,70
1771717601.3355875,45,43,70
1771717601.3357558,45,43,70
1771717601.3359206,45,43,70
1771717601.3393207,45,43,70
1771717601.339639,45,43,70
1771717601.3399522,45,43,70
1771717601.340241,45,43,70
1771717601.34053,45,43,70
1771717601.3434415,45,43,70
1771717601.3437426,45,43,70
1771717601.3440511,45,43,70
1771717601.3443522,45,43,70
1771717601.3445556,45,43,70
1771717601.3476064,45,43,70
1771717601.3478954,45,43,70
1771717601.3481803,45,43,70
1771717601.348464,45,43,70
1771717601.3489048,45,43,70
1771717601.3517597,45,43,70
1771717601.351941,45,43,70
1771717601.352116,45,43,70
1771717601.3522804,45,43,70
1771717601.3524451,45,43,70
1771717601.355995,45,43,70
1771717601.3563085,45,43,71
1771717601.356656,45,43,71
1771717601.3569613,45,43,71
1771717601.3573568,45,43,71
1771717601.413387,45,43,71
1771717601.413583,45,43,71
1771717601.41375,45,43,71
1771717601.4139154,45,43,71
1771717601.414079,45,43,71
1771717601.414244,45,43,71
1771717601.4144077,45,43,71
1771717601.4145696,45,43,71
1771717601.4147327,45,43,71
1771717601.4149082,45,43,71
1771717601.415072,45,43,71
1771717601.4152346,45,43,71
1771717601.4153962,45,43,71
1771717601.4155579,45,43,71
1771717601.4157197,45,43,71
1771717601.4158847,45,43,71
1771717601.4160461,45,43,71
1771717601.4162126,45,43,71
1771717601.416373,45,43,71
1771717601.416534,45,43,71
1771717601.4166954,45,43,71
1771717601.41686,45,43,71
1771717601.4170203,45,43,71
1771717601.41718,45,43,71
1771717601.4173393,45,43,71
1771717601.4174993,45,43,71
1771717601.417659,45,43,71
1771717601.4178188,45,43,71
1771717601.4179795,45,43,71
1771717601.4181406,45,43,71
1771717601.418303,45,43,71
1771717601.418463,45,43,71
1771717601.4186218,45,43,71
1771717601.418791,45,43,71
1771717601.4189508,45,43,71
1771717601.41911,45,43,71
1771717601.4192693,45,43,71
1771717601.4194283,45,43,71
1771717601.4195902,45,43,71
1771717601.4197485,45,43,71
1771717601.4199076,45,43,71
1771717601.4200678,45,43,71
1771717601.4202268,45,43,71
1771717601.420388,45,43,71
1771717601.420547,45,43,71
1771717601.4207058,45,43,71
1771717601.42087,45,43,71
1771717601.4210289,45,43,71
1771717601.421188,45,43,72
1771717601.4213479,45,43,72
1771717601.4215071,45,43,72
1771717601.4216661,45,43,72
1771717601.4218247,45,43,72
1771717601.4219863,45,43,72
1771717601.422147,45,43,72
1771717601.4223068,45,43,72
1771717601.422466,45,43,72
1771717601.422699,45,43,72
1771717601.4228685,45,43,72
1771717601.4230316,45,43,72
1771717601.4231908,45,43,72
1771717601.423354,45,43,72
1771717601.4235146,45,43,72
1771717601.423674,45,43,72
1771717601.4238338,45,43,72
1771717601.4239974,45,43,72
1771717601.4241567,45,43,72
1771717601.4243164,45,43,72
1771717601.4244761,45,43,72
1771717601.4246361,45,43,72
1771717601.424802,45,43,72
1771717601.4249613,45,43,72
1771717601.4251225,45,43,72
1771717601.4252818,45,43,72
1771717601.4254417,45,43,72
1771717601.4256017,45,43,72
1771717601.4257605,45,43,72
1771717601.4259229,45,43,72
1771717601.4260833,45,43,72
1771717601.4262426,45,43,72
1771717601.426405,45,43,72
1771717601.429659,45,43,72
1771717601.429858,45,43,72
1771717601.4300318,45,43,72
1771717601.430202,45,43,72
1771717601.4303727,45,43,72
1771717601.4340022,45,43,72
1771717601.4341874,45,43,72
1771717601.4343565,45,43,72
1771717601.43462,45,43,72
1771717601.4349113,45,43,72
1771717601.4384046,45,43,72
1771717601.4387262,45,43,72
1771717601.4390295,45,43,72
1771717601.4392693,45,43,72
1771717601.4394512,45,43,72
1771717601.4426365,45,43,72
1771717601.4429657,45,43,72
1771717601.4433298,45,43,72
1771717601.443664,45,43,73
1771717601.4439592,45,43,73
1771717601.4464238,45,43,73
1771717601.4466095,45,43,73
1771717601.4467766,45,43,73
1771717601.4469404,45,43,73
1771717601.4504225,45,43,73
1771717601.450849,45,43,73
1771717601.4511557,45,43,73
1771717601.4513707,45,43,73
1771717601.4515514,45,43,73
1771717601.454529,45,43,73
1771717601.4547155,45,43,73
1771717601.4549537,45,43,73
1771717601.4552505,45,43,73
1771717601.4555457,45,43,73
1771717601.4583075,45,43,73
1771717601.458482,45,43,73
1771717601.4591138,45,43,73
1771717601.4595077,45,43,73
1771717601.459695,45,43,73
1771717601.4625235,45,43,73
1771717601.4628422,45,43,73
1771717601.4631464,45,43,73
1771717601.4633143,45,43,73
1771717601.463478,45,43,73
1771717601.4666202,45,43,73
1771717601.466941,45,43,73
1771717601.4672463,45,43,73
1771717601.4675467,45,43,73
1771717601.4704404,45,43,73
1771717601.470816,45,43,73
1771717601.4711232,45,43,73
1771717601.47143,45,43,73
1771717601.4716508,45,43,73
1771717601.4745798,45,43,73
1771717601.4748092,45,43,73
1771717601.475015,45,43,73
1771717601.4752073,45,43,73
1771717601.475372,45,43,73
1771717601.4786859,45,43,73
1771717601.4789755,45,43,73
1771717601.4792907,45,43,73
1771717601.4796178,45,43,73
1771717601.4799242,45,43,73
1771717601.4830577,45,43,73
1771717601.4833674,45,43,73
1771717601.4836335,45,43,73
1771717601.4837942,45,43,73
1771717601.4839995,45,43,73
1771717601.4874883,45,43,74
1771717601.4877453,45,43,74
1771717601.4879336,45,43,74
1771717601.4880967,45,43,74
1771717601.48826,45,43,74
1771717601.5404193,45,43,74
1771717601.5406694,45,43,74
1771717601.5408342,45,43,74
1771717601.540998,45,43,74
1771717601.5411603,45,43,74
1771717601.5413222,45,43,74
1771717601.5414886,45,43,74
1771717601.5416522,45,43,74
1771717601.5418146,45,43,74
1771717601.5419781,45,43,74
1771717601.5421417,45,43,74
1771717601.5423071,45,43,74
1771717601.5424724,45,43,74
1771717601.542634,45,43,74
1771717601.5427966,45,43,74
1771717601.542957,45,43,74
1771717601.543118,45,43,74
1771717601.5432801,45,43,74
1771717601.5435157,45,43,74
1771717601.5436764,45,43,74
1771717601.543837,45,43,74
1771717601.5439978,45,43,74
1771717601.5441628,45,43,74
1771717601.5443218,45,43,74
1771717601.5444942,45,43,74
1771717601.544657,45,43,74
1771717601.544816,45,43,74
1771717601.5449767,45,43,74
1771717601.5451365,45,43,74
1771717601.545296,45,43,74
1771717601.5454602,45,43,74
1771717601.5456204,45,43,74
1771717601.545784,45,43,74
1771717601.545944,45,43,74
1771717601.546103,45,43,74
1771717601.546262,45,43,74
1771717601.5464308,45,43,74
1771717601.5465918,45,43,74
1771717601.5467515,45,43,74
1771717601.5469124,45,43,74
1771717601.5470715,45,43,74
1771717601.5472314,45,43,74
1771717601.547391,45,43,74
1771717601.5475578,45,43,74
1771717601.5477173,45,43,74
1771717601.5478773,45,43,74
1771717601.5480368,45,43,75
1771717601.5481966,45,43,75
1771717601.548357,45,43,75
1771717601.5485196,45,43,75
1771717601.5486786,45,43,75
1771717601.5488389,45,43,75
1771717601.5489986,45,43,75
1771717601.5491614,45,43,75
1771717601.549321,45,43,75
1771717601.5494843,45,43,75
1771717601.5496438,45,43,75
1771717601.5498035,45,43,75
1771717601.549963,45,43,75
1771717601.550123,45,43,75
1771717601.5502827,45,43,75
1771717601.550446,45,43,75
1771717601.5506055,45,43,75
1771717601.5507712,45,43,75
1771717601.5509315,45,43,75
1771717601.5510926,45,43,75
1771717601.5512528,45,43,75
1771717601.5514174,45,43,75
1771717601.5515766,45,43,75
1771717601.551737,45,43,75
1771717601.5518963,45,43,75
1771717601.5520556,45,43,75
1771717601.5525079,45,43,75
1771717601.552747,45,43,75
1771717601.553046,45,43,75
1771717601.5532289,45,43,75
1771717601.5534582,45,43,75
1771717601.602158,45,43,75
1771717601.6023424,45,43,75
1771717601.602526,45,43,75
1771717601.602695,45,43,75
1771717601.6028757,45,43,75
1771717601.6030416,45,43,75
1771717601.6032073,45,43,75
1771717601.6033897,45,43,75
1771717601.603632,45,43,75
1771717601.6037986,45,43,75
1771717601.6039646,45,43,75
1771717601.6041307,45,43,75
1771717601.6042986,45,43,75
1771717601.6044776,45,43,75
1771717601.6046429,45,43,75
1771717601.6048076,45,43,75
1771717601.604984,45,43,75
1771717601.6051486,45,43,75
1771717601.6053166,45,43,75
1771717601.6054838,45,43,75
1771717601.6056478,45,43,75
1771717601.6058109,45,43,76
1771717601.6059747,45,43,76
1771717601.6061378,45,43,76
1771717601.6063004,45,43,76
1771717601.6064718,45,43,76
1771717601.6067,45,43,76
1771717601.6069162,45,43,76
1771717601.6071382,45,43,76
1771717601.6073651,45,43,76
1771717601.6075413,45,43,76
1771717601.607705,45,43,76
1771717601.6078725,45,43,76
1771717601.608036,45,43,76
1771717601.6081991,45,43,76
1771717601.608362,45,43,76
1771717601.6085277,45,43,76
1771717601.60869,45,43,76
1771717601.608853,45,43,76
1771717601.6090167,45,43,76
1771717601.609179,45,43,76
1771717601.6093419,45,43,76
1771717601.6095078,45,43,76
1771717601.6096704,45,43,76
1771717601.6098335,45,43,76
1771717601.6099956,45,43,76
1771717601.610159,45,43,76
1771717601.6103287,45,43,76
1771717601.610495,45,43,76
1771717601.6106613,45,43,76
1771717601.6108239,45,43,76
1771717601.6109862,45,43,76
1771717601.6111484,45,43,76
1771717601.6113114,45,43,76
1771717601.6114805,45,43,76
1771717601.6116443,45,43,76
1771717601.6118066,45,43,76
1771717601.6119695,45,43,76
1771717601.6121318,45,43,76
1771717601.6122944,45,43,76
1771717601.6124609,45,43,76
1771717601.6126258,45,43,76
1771717601.6127875,45,43,76
1771717601.6129491,45,43,76
1771717601.613111,45,43,76
1771717601.613276,45,43,76
1771717601.613438,45,43,76
1771717601.6138523,45,43,76
1771717601.614024,45,43,76
1771717601.6141865,45,43,76
1771717601.6143532,45,43,76
1771717601.614525,45,43,77
1771717601.618007,45,43,77
1771717601.6181853,45,43,77
1771717601.6183534,45,43,77
1771717601.6185253,45,43,77
1771717601.6186905,45,43,77
1771717601.6696863,45,43,77
1771717601.669886,45,43,77
1771717601.6700556,45,43,77
1771717601.6702216,45,43,77
1771717601.6703851,45,43,77
1771717601.670548,45,43,77
1771717601.6707087,45,43,77
1771717601.670882,45,43,77
1771717601.6710591,45,43,77
1771717601.6712418,45,43,77
1771717601.671404,45,43,77
1771717601.6715665,45,43,77
1771717601.6717277,45,43,77
1771717601.6718996,45,43,77
1771717601.6720622,45,43,77
1771717601.6722238,45,43,77
1771717601.6723847,45,43,77
1771717601.672546,45,43,77
1771717601.672708,45,43,77
1771717601.6728811,45,43,77
1771717601.6730733,45,43,77
1771717601.6732564,45,43,77
1771717601.6734185,45,43,77
1771717601.6735816,45,43,77
1771717601.6737442,45,43,77
1771717601.673987,45,43,77
1771717601.6741643,45,43,77
1771717601.6743276,45,43,77
1771717601.6744912,45,43,77
1771717601.6746542,45,43,77
1771717601.6748192,45,43,77
1771717601.6749945,45,43,77
1771717601.6752057,45,43,77
1771717601.6753693,45,43,77
1771717601.6755304,45,43,77
1771717601.6756926,45,43,77
1771717601.6758645,45,43,77
1771717601.676027,45,43,77
1771717601.6761882,45,43,77
1771717601.6763487,45,43,77
1771717601.676511,45,43,77
1771717601.6766717,45,43,77
1771717601.6768432,45,43,77
1771717601.6770225,45,43,77
1771717601.6771877,45,43,77
1771717601.6773474,45,43,78
1771717601.6775072,45,43,78
1771717601.6776662,45,43,78
1771717601.6778343,45,43,78
1771717601.678066,45,43,78
1771717601.6783519,45,43,78
1771717601.6786077,45,43,78
1771717601.6787798,45,43,78
1771717601.6789598,45,43,78
1771717601.679133,45,43,78
1771717601.6793237,45,43,78
1771717601.6794891,45,43,78
1771717601.6796527,45,43,78
1771717601.6798198,45,43,78
1771717601.6799896,45,43,78
1771717601.6801524,45,43,78
1771717601.6803164,45,43,78
1771717601.6804793,45,43,78
1771717601.680641,45,43,78
1771717601.6808035,45,43,78
1771717601.6809793,45,43,78
1771717601.6811492,45,43,78
1771717601.6813114,45,43,78
1771717601.6814735,45,43,78
1771717601.6816375,45,43,78
1771717601.6818013,45,43,78
1771717601.681975,45,43,78
1771717601.68368,45,43,78
1771717601.6840253,45,43,78
1771717601.684331,45,43,78
1771717601.68463,45,43,78
1771717601.6849368,45,43,78
1771717601.7377498,45,43,78
1771717601.737946,45,43,78
1771717601.7381148,45,43,78
1771717601.7382824,45,43,78
1771717601.738464,45,43,78
1771717601.7386513,45,43,78
1771717601.738844,45,43,78
1771717601.7390103,45,43,78
1771717601.7391744,45,43,78
1771717601.739382,45,43,78
1771717601.739551,45,43,78
1771717601.7397752,45,43,78
1771717601.7399576,45,43,78
1771717601.7401252,45,43,78
1771717601.7402894,45,43,78
1771717601.7405424,45,43,78
1771717601.7407758,45,43,78
1771717601.7409437,45,43,78
1771717601.7411077,45,43,78
1771717601.7412689,45,43,78
1771717601.7414436,45,43,79
1771717601.7416062,45,43,79
1771717601.7417676,45,43,79
1771717601.7419395,45,43,79
1771717601.7421017,45,43,79
1771717601.7422636,45,43,79
1771717601.7424684,45,43,79
1771717601.7426286,45,43,79
1771717601.7427883,45,43,79
1771717601.74295,45,43,79
1771717601.7431126,45,43,79
1771717601.7432735,45,43,79
1771717601.7434444,45,43,79
1771717601.7436056,45,43,79
1771717601.743766,45,43,79
1771717601.743934,45,43,79
1771717601.7440968,45,43,79
1771717601.7442575,45,43,79
1771717601.744432,45,43,79
1771717601.7445955,45,43,79
1771717601.7447574,45,43,79
1771717601.7449396,45,43,79
1771717601.7451,45,43,79
1771717601.7452614,45,43,79
1771717601.745433,45,43,79
1771717601.7455933,45,43,79
1771717601.7457535,45,43,79
1771717601.7459464,45,43,79
1771717601.7461336,45,43,79
1771717601.7462955,45,43,79
1771717601.7464674,45,43,79
1771717601.7466292,45,43,79
1771717601.746801,45,43,79
1771717601.7469807,45,43,79
1771717601.7471426,45,43,79
1771717601.7473073,45,43,79
1771717601.7474794,45,43,79
1771717601.7476392,45,43,79
1771717601.7478073,45,43,79
1771717601.7479732,45,43,79
1771717601.748134,45,43,79
1771717601.748294,45,43,79
1771717601.7484653,45,43,79
1771717601.7486258,45,43,79
1771717601.7487857,45,43,79
1771717601.7489686,45,43,79
1771717601.7491288,45,43,79
1771717601.7492893,45,43,79
1771717601.7494605,45,43,79
1771717601.7496202,45,43,79
1771717601.7497797,45,43,80
1771717601.7499447,45,43,80
1771717601.7501056,45,43,80
1771717601.750265,45,43,80
1771717601.7504358,45,43,80
1771717601.750595,45,43,80
1771717601.7507553,45,43,80
1771717601.8022933,45,43,80
1771717601.802493,45,43,80
1771717601.802666,45,43,80
1771717601.802836,45,43,80
1771717601.8030019,45,43,80
1771717601.8031754,45,43,80
1771717601.803347,45,43,80
1771717601.8037148,45,43,80
1771717601.8039937,45,43,80
1771717601.804215,45,43,80
1771717601.8043985,45,43,80
1771717601.804568,45,43,80
1771717601.8047338,45,43,80
1771717601.8049536,45,43,80
1771717601.8051345,45,43,80
1771717601.8052995,45,43,80
1771717601.8055182,45,43,80
1771717601.8056886,45,43,80
1771717601.8058686,45,43,80
1771717601.8060787,45,43,80
1771717601.8062856,45,43,80
1771717601.8065329,45,43,80
1771717601.806716,45,43,80
1771717601.8068836,45,43,80
1771717601.8070498,45,43,80
1771717601.8072162,45,43,80
1771717601.8073826,45,43,80
1771717601.807548,45,43,80
1771717601.8077168,45,43,80
1771717601.807887,45,43,80
1771717601.8080688,45,43,80
1771717601.8082323,45,43,80
1771717601.8083956,45,43,80
1771717601.80856,45,43,80
1771717601.8087294,45,43,80
1771717601.8088937,45,43,80
1771717601.809059,45,43,80
1771717601.8092222,45,43,80
1771717601.8093853,45,43,80
1771717601.809563,45,43,80
1771717601.8097253,45,43,80
1771717601.809888,45,43,80
1771717601.8100526,45,43,80
1771717601.810214,45,43,80
1771717601.8103783,45,43,81
1771717601.8105404,45,43,81
1771717601.8107026,45,43,81
1771717601.810866,45,43,81
1771717601.8110435,45,43,81
1771717601.8112054,45,43,81
1771717601.8113663,45,43,81
1771717601.8115277,45,43,81
1771717601.8116891,45,43,81
1771717601.811851,45,43,81
1771717601.8120134,45,43,81
1771717601.812175,45,43,81
1771717601.8123367,45,43,81
1771717601.812503,45,43,81
1771717601.8126926,45,43,81
1771717601.8128564,45,43,81
1771717601.8130188,45,43,81
1771717601.8131845,45,43,81
1771717601.8133464,45,43,81
1771717601.8135087,45,43,81
1771717601.8137028,45,43,81
1771717601.813868,45,43,81
1771717601.8140295,45,43,81
1771717601.8141916,45,43,81
1771717601.8143542,45,43,81
1771717601.8145242,45,43,81
1771717601.8146875,45,43,81
1771717601.814851,45,43,81
1771717601.8150127,45,43,81
1771717601.8151743,45,43,81
1771717601.8153396,45,43,81
1771717601.8155065,45,43,81
1771717601.8156765,45,43,81
1771717601.8702936,45,43,81
1771717601.8705878,45,43,81
1771717601.8707628,45,43,81
1771717601.870947,45,43,81
1771717601.8711145,45,43,81
1771717601.871282,45,43,81
1771717601.8714483,45,43,81
1771717601.871619,45,43,81
1771717601.8717973,45,43,81
1771717601.871965,45,43,81
1771717601.8721316,45,43,81
1771717601.872298,45,43,81
1771717601.8724668,45,43,81
1771717601.8726397,45,43,81
1771717601.8728073,45,43,81
1771717601.8729725,45,43,81
1771717601.8731382,45,43,81
1771717601.8733323,45,43,82
1771717601.8735113,45,43,82
1771717601.8737173,45,43,82
1771717601.8738804,45,43,82
1771717601.8740423,45,43,82
1771717601.874208,45,43,82
1771717601.8743684,45,43,82
1771717601.874538,45,43,82
1771717601.8746996,45,43,82
1771717601.8748598,45,43,82
1771717601.8750205,45,43,82
1771717601.875181,45,43,82
1771717601.8753417,45,43,82
1771717601.875502,45,43,82
1771717601.8756678,45,43,82
1771717601.8758283,45,43,82
1771717601.8759885,45,43,82
1771717601.876147,45,43,82
1771717601.8763058,45,43,82
1771717601.8764668,45,43,82
1771717601.8766303,45,43,82
1771717601.8767893,45,43,82
1771717601.8769476,45,43,82
1771717601.8771067,45,43,82
1771717601.8772917,45,43,82
1771717601.8775685,45,43,82
1771717601.8777595,45,43,82
1771717601.8779254,45,43,82
1771717601.8780901,45,43,82
1771717601.878254,45,43,82
1771717601.8784652,45,43,82
1771717601.8786404,45,43,82
1771717601.8788078,45,43,82
1771717601.8789709,45,43,82
1771717601.8791301,45,43,82
1771717601.8792906,45,43,82
1771717601.8794532,45,43,82
1771717601.8796165,45,43,82
1771717601.879775,45,43,82
1771717601.8799343,45,43,82
1771717601.8800943,45,43,82
1771717601.8802547,45,43,82
1771717601.8804142,45,43,82
1771717601.8805766,45,43,82
1771717601.8807366,45,43,82
1771717601.8808947,45,43,82
1771717601.881056,45,43,82
1771717601.8812172,45,43,82
1771717601.8813794,45,43,82
1771717601.8815432,45,43,82
1771717601.8817022,45,43,82
1771717601.881861,45,43,82
1771717601.882021,45,43,83
1771717601.8821797,45,43,83
1771717601.8823383,45,43,83
1771717601.882497,45,43,83
1771717601.8828092,45,43,83
1771717601.8830478,45,43,83
1771717601.8832755,45,43,83
1771717601.8835905,45,43,83
1771717601.9416265,45,43,83
1771717601.9418104,45,43,83
1771717601.9419818,45,43,83
1771717601.9421494,45,43,83
1771717601.9423316,45,43,83
1771717601.9425006,45,43,83
1771717601.9426677,45,43,83
1771717601.942836,45,43,83
1771717601.943003,45,43,83
1771717601.9431703,45,43,83
1771717601.9433427,45,43,83
1771717601.9435136,45,43,83
1771717601.943684,45,43,83
1771717601.9438546,45,43,83
1771717601.944023,45,43,83
1771717601.9441903,45,43,83
1771717601.9443655,45,43,83
1771717601.9445367,45,43,83
1771717601.9447072,45,43,83
1771717601.9448779,45,43,83
1771717601.9450483,45,43,83
1771717601.945219,45,43,83
1771717601.9453886,45,43,83
1771717601.9455593,45,43,83
1771717601.9457295,45,43,83
1771717601.9459026,45,43,83
1771717601.9460757,45,43,83
1771717601.9463136,45,43,83
1771717601.9465375,45,43,83
1771717601.946739,45,43,83
1771717601.9469726,45,43,83
1771717601.9471717,45,43,83
1771717601.9473698,45,43,83
1771717601.9475734,45,43,83
1771717601.9477723,45,43,83
1771717601.948,45,43,83
1771717601.948171,45,43,83
1771717601.9483373,45,43,83
1771717601.9485028,45,43,83
1771717601.9486728,45,43,83
1771717601.9488385,45,43,83
1771717601.9490051,45,43,83
1771717601.949173,45,43,83
1771717601.9493399,45,43,84
1771717601.9495144,45,43,84
1771717601.9497511,45,43,84
1771717601.949993,45,43,84
1771717601.950166,45,43,84
1771717601.9503293,45,43,84
1771717601.9504924,45,43,84
1771717601.95068,45,43,84
1771717601.9508438,45,43,84
1771717601.9510057,45,43,84
1771717601.9511669,45,43,84
1771717601.9513276,45,43,84
1771717601.9514885,45,43,84
1771717601.9516582,45,43,84
1771717601.9518225,45,43,84
1771717601.9519837,45,43,84
1771717601.9521449,45,43,84
1771717601.9523067,45,43,84
1771717601.9524715,45,43,84
1771717601.9526336,45,43,84
1771717601.9527917,45,43,84
1771717601.9529505,45,43,84
1771717601.9531121,45,43,84
1771717601.9532702,45,43,84
1771717601.9534285,45,43,84
1771717601.95359,45,43,84
1771717601.9537487,45,43,84
1771717601.953908,45,43,84
1771717601.9540684,45,43,84
1771717601.9542346,45,43,84
1771717601.9543924,45,43,84
1771717601.9545615,45,43,84
1771717601.9547207,45,43,84
1771717601.9548802,45,43,84
1771717601.9550447,45,43,84
1771717601.9552035,45,43,84
1771717601.9553616,45,43,84
1771717601.9555254,45,43,84
1771717601.955684,45,43,84
1771717601.9558418,45,43,84
1771717601.9560003,45,43,84
1771717601.9561589,45,43,84
1771717601.9563198,45,43,84
1771717601.9578722,45,43,84
1771717601.9580429,45,43,84
1771717601.9582052,45,43,84
1771717601.9583662,45,43,84
1771717601.9585257,45,43,84
1771717601.9620066,45,43,84
1771717601.9621778,45,43,84
1771717601.962344,45,43,85
1771717601.9625213,45,43,85
1771717601.9627142,45,43,85
1771717601.9661362,45,43,85
1771717601.9663389,45,43,85
1771717601.9665403,45,43,85
1771717601.9667368,45,43,85
1771717601.9669287,45,43,85
1771717602.0229247,45,43,85
1771717602.023388,45,43,85
1771717602.023615,45,43,85
1771717602.0238354,45,43,85
1771717602.0240586,45,43,85
1771717602.0242262,45,43,85
1771717602.0243907,45,43,85
1771717602.0245535,45,43,85
1771717602.0247242,45,43,85
1771717602.0248864,45,43,85
1771717602.0250666,45,43,85
1771717602.025232,45,43,85
1771717602.0253966,45,43,85
1771717602.025562,45,43,85
1771717602.025727,45,43,85
1771717602.0258908,45,43,85
1771717602.0260596,45,43,85
1771717602.0262349,45,43,85
1771717602.0263965,45,43,85
1771717602.0265582,45,43,85
1771717602.0267184,45,43,85
1771717602.0268784,45,43,85
1771717602.0270483,45,43,85
1771717602.027209,45,43,85
1771717602.0273921,45,43,85
1771717602.0275707,45,43,85
1771717602.0277324,45,43,85
1771717602.0278943,45,43,85
1771717602.0280585,45,43,85
1771717602.0282195,45,43,85
1771717602.0283804,45,43,85
1771717602.0286,45,43,85
1771717602.028821,45,43,85
1771717602.0289867,45,43,85
1771717602.0291476,45,43,85
1771717602.029309,45,43,85
1771717602.0295753,45,43,85
1771717602.0297768,45,43,85
1771717602.0299437,45,43,85
1771717602.030116,45,43,85
1771717602.0302818,45,43,85
1771717602.0304477,45,43,85
1771717602.0306163,45,43,85
1771717602.0307858,45,43,86
1771717602.0309553,45,43,86
1771717602.0311208,45,43,86
1771717602.031286,45,43,86
1771717602.0314515,45,43,86
1771717602.0316541,45,43,86
1771717602.03182,45,43,86
1771717602.031989,45,43,86
1771717602.0321672,45,43,86
1771717602.0323317,45,43,86
1771717602.032497,45,43,86
1771717602.0326622,45,43,86
1771717602.0328276,45,43,86
1771717602.0329978,45,43,86
1771717602.0331643,45,43,86
1771717602.0333295,45,43,86
1771717602.0334935,45,43,86
1771717602.0336592,45,43,86
1771717602.033823,45,43,86
1771717602.0340238,45,43,86
1771717602.0341907,45,43,86
1771717602.0343552,45,43,86
1771717602.034528,45,43,86
1771717602.034694,45,43,86
1771717602.034858,45,43,86
1771717602.035022,45,43,86
1771717602.0351853,45,43,86
1771717602.0353496,45,43,86
1771717602.0355172,45,43,86
1771717602.03571,45,43,86
1771717602.035993,45,43,86
1771717602.0361574,45,43,86
1771717602.036321,45,43,86
1771717602.036489,45,43,86
1771717602.0366597,45,43,86
1771717602.0369568,45,43,86
1771717602.0371292,45,43,86
1771717602.0372932,45,43,86
1771717602.039941,45,43,86
1771717602.0402763,45,43,86
1771717602.040585,45,43,86
1771717602.040885,45,43,86
1771717602.0411832,45,43,86
1771717602.0439854,45,43,86
1771717602.0442667,45,43,86
1771717602.0444424,45,43,86
1771717602.0446131,45,43,86
1771717602.044779,45,43,86
1771717602.0480072,45,43,86
1771717602.0481825,45,43,86
1771717602.0483522,45,43,86
1771717602.0485198,45,43,86
1771717602.048686,45,43,87
1771717602.0521483,45,43,87
1771717602.0523238,45,43,87
1771717602.0524912,45,43,87
1771717602.0526578,45,43,87
1771717602.0528197,45,43,87
1771717602.0562606,45,43,87
1771717602.0564883,45,43,87
1771717602.0566573,45,43,87
1771717602.0568364,45,43,87
1771717602.0602207,45,43,87
1771717602.060418,45,43,87
1771717602.0605817,45,43,87
1771717602.0607429,45,43,87
1771717602.0609157,45,43,87
1771717602.064341,45,43,87
1771717602.0645149,45,43,87
1771717602.0646834,45,43,87
1771717602.064972,45,43,87
1771717602.06515,45,43,87
1771717602.068489,45,43,87
1771717602.0686615,45,43,87
1771717602.068833,45,43,87
1771717602.0689974,45,43,87
1771717602.069252,45,43,87
1771717602.072604,45,43,87
1771717602.072779,45,43,87
1771717602.0731711,45,43,87
1771717602.0733478,45,43,87
1771717602.0735867,45,43,87
1771717602.0767174,45,43,87
1771717602.076888,45,43,87
1771717602.0770538,45,43,87
1771717602.0772185,45,43,87
1771717602.0773845,45,43,87
1771717602.1306753,45,43,87
1771717602.1308806,45,43,87
1771717602.131091,45,43,87
1771717602.1312606,45,43,87
1771717602.1316063,45,43,87
1771717602.1318934,45,43,87
1771717602.1321163,45,43,87
1771717602.132284,45,43,87
1771717602.1324599,45,43,87
1771717602.1326869,45,43,87
1771717602.1328535,45,43,87
1771717602.1330268,45,43,87
1771717602.1331882,45,43,87
1771717602.1333573,45,43,87
1771717602.1335182,45,43,87
1771717602.1336792,45,43,88
1771717602.133842,45,43,88
1771717602.1340055,45,43,88
1771717602.1341667,45,43,88
1771717602.1343374,45,43,88
1771717602.1345,45,43,88
1771717602.1346614,45,43,88
1771717602.1348221,45,43,88
1771717602.134982,45,43,88
1771717602.1351433,45,43,88
1771717602.1353054,45,43,88
1771717602.1354709,45,43,88
1771717602.135631,45,43,88
1771717602.135793,45,43,88
1771717602.1359537,45,43,88
1771717602.1361148,45,43,88
1771717602.1362762,45,43,88
1771717602.1364403,45,43,88
1771717602.1366005,45,43,88
1771717602.1367598,45,43,88
1771717602.1369202,45,43,88
1771717602.1370869,45,43,88
1771717602.1372554,45,43,88
1771717602.1374195,45,43,88
1771717602.1375782,45,43,88
1771717602.1377385,45,43,88
1771717602.137899,45,43,88
1771717602.1380847,45,43,88
1771717602.1384094,45,43,88
1771717602.1386397,45,43,88
1771717602.1388075,45,43,88
1771717602.1389694,45,43,88
1771717602.1391313,45,43,88
1771717602.1392925,45,43,88
1771717602.1394603,45,43,88
1771717602.139622,45,43,88
1771717602.139812,45,43,88
1771717602.1400335,45,43,88
1771717602.1402593,45,43,88
1771717602.1404786,45,43,88
1771717602.1406996,45,43,88
1771717602.1408758,45,43,88
1771717602.1410367,45,43,88
1771717602.1411958,45,43,88
1771717602.1413631,45,43,88
1771717602.141538,45,43,88
1771717602.1416984,45,43,88
1771717602.141859,45,43,88
1771717602.1420207,45,43,88
1771717602.1421807,45,43,88
1771717602.142348,45,43,88
1771717602.1425083,45,43,89
1771717602.1426678,45,43,89
1771717602.1428275,45,43,89
1771717602.1429899,45,43,89
1771717602.14315,45,43,89
1771717602.1433103,45,43,89
1771717602.1435437,45,43,89
1771717602.1437047,45,43,89
1771717602.1438644,45,43,89
1771717602.144026,45,43,89
1771717602.1441863,45,43,89
1771717602.206129,45,43,89
1771717602.2064621,45,43,89
1771717602.206702,45,43,89
1771717602.2068722,45,43,89
1771717602.207037,45,43,89
1771717602.2071996,45,43,89
1771717602.2073627,45,43,89
1771717602.2075822,45,43,89
1771717602.2077851,45,43,89
1771717602.207953,45,43,89
1771717602.2081187,45,43,89
1771717602.208287,45,43,89
1771717602.2084875,45,43,89
1771717602.2087567,45,43,89
1771717602.2089963,45,43,89
1771717602.2092297,45,43,89
1771717602.209482,45,43,89
1771717602.2096677,45,43,89
1771717602.2098367,45,43,89
1771717602.210003,45,43,89
1771717602.2101736,45,43,89
1771717602.2103777,45,43,89
1771717602.2105944,45,43,89
1771717602.210954,45,43,89
1771717602.211132,45,43,89
1771717602.2113042,45,43,89
1771717602.2114718,45,43,89
1771717602.2116685,45,43,89
1771717602.211899,45,43,89
1771717602.2120657,45,43,89
1771717602.2122414,45,43,89
1771717602.2124074,45,43,89
1771717602.2125793,45,43,89
1771717602.2127435,45,43,89
1771717602.2129118,45,43,89
1771717602.2130787,45,43,89
1771717602.213244,45,43,89
1771717602.2134085,45,43,89
1771717602.2135732,45,43,89
1771717602.2137382,45,43,90
1771717602.213902,45,43,90
1771717602.2140665,45,43,90
1771717602.2142336,45,43,90
1771717602.2143948,45,43,90
1771717602.2145596,45,43,90
1771717602.2147207,45,43,90
1771717602.2148826,45,43,90
1771717602.2150435,45,43,90
1771717602.2152054,45,43,90
1771717602.2153668,45,43,90
1771717602.2155278,45,43,90
1771717602.21569,45,43,90
1771717602.2158787,45,43,90
1771717602.216042,45,43,90
1771717602.21621,45,43,90
1771717602.2164092,45,43,90
1771717602.2166984,45,43,90
1771717602.2168612,45,43,90
1771717602.217025,45,43,90
1771717602.2171876,45,43,90
1771717602.2173529,45,43,90
1771717602.2176182,45,43,90
1771717602.218063,45,43,90
1771717602.218293,45,43,90
1771717602.2185063,45,43,90
1771717602.2188072,45,43,90
1771717602.2190003,45,43,90
1771717602.219193,45,43,90
1771717602.2193573,45,43,90
1771717602.219517,45,43,90
1771717602.2196765,45,43,90
1771717602.2198372,45,43,90
1771717602.2199988,45,43,90
1771717602.2201605,45,43,90
1771717602.2203224,45,43,90
1771717602.2204874,45,43,90
1771717602.220661,45,43,90
1771717602.2208238,45,43,90
1771717602.220984,45,43,90
1771717602.221146,45,43,90
1771717602.2213066,45,43,90
1771717602.2214696,45,43,90
1771717602.22163,45,43,90
1771717602.2217891,45,43,90
1771717602.2219503,45,43,90
1771717602.2221103,45,43,90
1771717602.2222703,45,43,90
1771717602.2224336,45,43,90
1771717602.222593,45,43,90
1771717602.2227533,45,43,90
1771717602.222916,45,43,90
1771717602.2241223,45,43,91
1771717602.2242968,45,43,91
1771717602.2244854,45,43,91
1771717602.2246497,45,43,91
1771717602.2248304,45,43,91
1771717602.2282543,45,43,91
1771717602.2284334,45,43,91
1771717602.2286036,45,43,91
1771717602.2287717,45,43,91
1771717602.228957,45,43,91
1771717602.2325115,45,43,91
1771717602.232685,45,43,91
1771717602.2328558,45,43,91
1771717602.2330189,45,43,91
1771717602.236347,45,43,91
1771717602.2365322,45,43,91
1771717602.2367032,45,43,91
1771717602.2368824,45,43,91
1771717602.2370508,45,43,91
1771717602.2405176,45,43,91
1771717602.240719,45,43,91
1771717602.2409742,45,43,91
1771717602.241146,45,43,91
1771717602.2413301,45,43,91
1771717602.2445939,45,43,91
1771717602.2447705,45,43,91
1771717602.2449362,45,43,91
1771717602.2451296,45,43,91
1771717602.245294,45,43,91
1771717602.248722,45,43,91
1771717602.2489028,45,43,91
1771717602.2490962,45,43,91
1771717602.2492669,45,43,91
1771717602.249434,45,43,91
1771717602.2529047,45,43,91
1771717602.2532175,45,43,91
1771717602.2535267,45,43,91
1771717602.253933,45,43,91
1771717602.256804,45,43,91
1771717602.2570233,45,43,91
1771717602.2572012,45,43,91
1771717602.257373,45,43,91
1771717602.2575448,45,43,91
1771717602.2609274,45,43,91
1771717602.2615092,45,43,91
1771717602.261823,45,43,91
1771717602.2621171,45,43,91
1771717602.262417,45,43,91
1771717602.2651544,45,43,91
1771717602.2654724,45,43,91
1771717602.2657845,45,43,91
1771717602.2660756,45,43,92
1771717602.2662394,45,43,92
1771717602.269327,45,43,92
1771717602.2696455,45,43,92
1771717602.2698221,45,43,92
1771717602.2699866,45,43,92
1771717602.2701514,45,43,92
1771717602.2733889,45,43,92
1771717602.2735682,45,43,92
1771717602.2737405,45,43,92
1771717602.273909,45,43,92
1771717602.2740812,45,43,92
1771717602.2773993,45,43,92
1771717602.2775674,45,43,92
1771717602.2777295,45,43,92
1771717602.2778897,45,43,92
1771717602.2813737,45,43,92
1771717602.2816737,45,43,92
1771717602.2819705,45,43,92
1771717602.2822661,45,43,92
1771717602.2825673,45,43,92
1771717602.2856169,45,43,92
1771717602.2858977,45,43,92
1771717602.2860777,45,43,92
1771717602.286248,45,43,92
1771717602.2864182,45,43,92
1771717602.2896311,45,43,92
1771717602.2898948,45,43,92
1771717602.2901425,45,43,92
1771717602.2904925,45,43,92
1771717602.2907207,45,43,92
1771717602.2940142,45,43,92
1771717602.2943292,45,43,92
1771717602.2946289,45,43,92
1771717602.2949126,45,43,92
1771717602.295073,45,43,92
1771717602.2986069,45,43,92
1771717602.2987795,45,43,92
1771717602.298944,45,43,92
1771717602.2991073,45,43,92
1771717602.3018901,45,43,92
1771717602.302085,45,43,92
1771717602.3022609,45,43,92
1771717602.3024225,45,43,92
1771717602.3025832,45,43,92
1771717602.3060021,45,43,92
1771717602.3061755,45,43,92
1771717602.3063388,45,43,92
1771717602.3065007,45,43,92
1771717602.3066697,45,43,92
1771717602.3106294,45,43,93
1771717602.3108568,45,43,93
1771717602.3110542,45,43,93
1771717602.3112533,45,43,93
1771717602.311448,45,43,93
1771717602.3142495,45,43,93
1771717602.3144293,45,43,93
1771717602.3146021,45,43,93
1771717602.314771,45,43,93
1771717602.3149383,45,43,93
1771717602.3183637,45,43,93
1771717602.3185382,45,43,93
1771717602.3187044,45,43,93
1771717602.3188818,45,43,93
1771717602.3223135,45,43,93
1771717602.3225195,45,43,93
1771717602.3226902,45,43,93
1771717602.3228593,45,43,93
1771717602.3230267,45,43,93
1771717602.3265052,45,43,93
1771717602.3266852,45,43,93
1771717602.326863,45,43,93
1771717602.3270319,45,43,93
1771717602.3271985,45,43,93
1771717602.3306143,45,43,93
1771717602.3309133,45,43,93
1771717602.331211,45,43,93
1771717602.3315105,45,43,93
1771717602.3318093,45,43,93
1771717602.33481,45,43,255
1771717602.3349915,45,43,15
1771717602.3351572,45,43,15
1771717602.3353229,45,43,15
1771717602.335497,45,43,15
1771717602.3388343,45,43,15
1771717602.338997,45,43,15
1771717602.3391564,45,43,15
1771717602.3393164,45,43,15
1771717602.3428319,45,43,15
1771717602.3432016,45,43,15
1771717602.343506,45,43,15
1771717602.3438094,45,43,15
1771717602.3440888,45,43,15
1771717602.3469634,45,43,15
1771717602.347174,45,43,15
1771717602.347355,45,43,15
1771717602.3475273,45,43,15
1771717602.3476968,45,43,15
1771717602.3511317,45,43,15
1771717602.3514118,45,43,15
1771717602.3517177,45,43,15
1771717602.3520222,45,43,15
1771717602.3523235,45,43,15
1771717602.3553174,45,43,15
1771717602.3556695,45,43,15
1771717602.3559642,45,43,15
1771717602.3561337,45,43,15
1771717602.356295,45,43,15
1771717602.3595183,45,43,15
1771717602.3598502,45,43,15
1771717602.3601606,45,43,15
1771717602.3604696,45,43,15
1771717602.363359,45,43,15
1771717602.3636448,45,43,15
1771717602.3638854,45,43,15
1771717602.3641338,45,43,15
1771717602.3643594,45,43,15
1771717602.3674545,45,43,15
1771717602.3676667,45,43,15
1771717602.3678823,45,43,15
1771717602.3681378,45,43,15
1771717602.3684373,45,43,15
1771717602.371708,45,43,15
1771717602.3720372,45,43,15
1771717602.3723466,45,43,15
1771717602.3726735,45,43,15
1771717602.3728883,45,43,15
1771717602.3758357,45,43,15
1771717602.3761866,45,42,255
1771717602.376448,45,42,31
1771717602.3766184,45,42,31
1771717602.3768375,45,42,31
1771717602.3800128,45,42,31
1771717602.3801892,45,42,31
1771717602.380357,45,42,31
1771717602.3805203,45,42,31
1771717602.3837323,45,42,31
1771717602.3839421,45,42,31
1771717602.3841708,45,42,31
1771717602.3843446,45,42,31
1771717602.3845143,45,42,31
1771717602.3878586,45,42,31
1771717602.3880265,45,42,31
1771717602.3881922,45,42,31
1771717602.3883576,45,42,31
1771717602.3885431,45,42,31
1771717602.392049,45,42,31
1771717602.3922672,45,42,31
1771717602.3924618,45,42,31
1771717602.3926592,45,42,31
1771717602.3928626,45,42,31
1771717602.3961637,45,42,31
1771717602.3963366,45,42,31
1771717602.3965,45,42,31
1771717602.3966608,45,42,32
1771717602.3968244,45,42,32
1771717602.4002697,45,42,32
1771717602.4004948,45,42,32
1771717602.400804,45,42,32
1771717602.4011016,45,42,32
1771717602.4043412,45,42,32
1771717602.4047215,45,42,32
1771717602.4050274,45,42,32
1771717602.4052663,45,42,32
1771717602.4054255,45,42,32
1771717602.408448,45,42,32
1771717602.4087944,45,42,32
1771717602.4090984,45,42,32
1771717602.4094653,45,42,32
1771717602.409905,45,42,32
1771717602.4126027,45,42,32
1771717602.4129808,45,42,32
1771717602.4133294,45,42,32
1771717602.4137087,45,42,32
1771717602.4138832,45,42,32
1771717602.4166312,45,42,32
1771717602.4168115,45,42,32
1771717602.416989,45,42,32
1771717602.4171581,45,42,33
1771717602.4173276,45,42,33
1771717602.420751,45,42,33
1771717602.4209301,45,42,33
1771717602.4210942,45,42,33
1771717602.4212563,45,42,33
1771717602.4214184,45,42,33
1771717602.482882,45,42,33
1771717602.4830766,45,42,33
1771717602.4832551,45,42,33
1771717602.4834292,45,42,33
1771717602.4836113,45,42,33
1771717602.4837916,45,42,33
1771717602.483961,45,42,33
1771717602.4841316,45,42,33
1771717602.484359,45,42,33
1771717602.4845307,45,42,33
1771717602.4847207,45,42,33
1771717602.484891,45,42,33
1771717602.4850662,45,42,33
1771717602.485316,45,42,33
1771717602.4855013,45,42,33
1771717602.4856858,45,42,33
1771717602.4858654,45,42,33
1771717602.486037,45,42,33
1771717602.4862342,45,42,33
1771717602.4864051,45,42,34
1771717602.486582,45,42,34
1771717602.4867573,45,42,34
1771717602.4869275,45,42,34
1771717602.4870965,45,42,34
1771717602.4872653,45,42,34
1771717602.4874358,45,42,34
1771717602.4876235,45,42,34
1771717602.4879014,45,42,34
1771717602.4881315,45,42,34
1771717602.4884057,45,42,34
1771717602.488678,45,42,34
1771717602.4888873,45,42,34
1771717602.489055,45,42,34
1771717602.4892237,45,42,34
1771717602.4893901,45,42,34
1771717602.4895651,45,42,34
1771717602.489795,45,42,34
1771717602.4900193,45,42,34
1771717602.4902458,45,42,34
1771717602.4904635,45,42,34
1771717602.4906971,45,42,34
1771717602.4909115,45,42,34
1771717602.4910765,45,42,34
1771717602.49124,45,42,34
1771717602.4914167,45,42,34
1771717602.4916346,45,42,35
1771717602.4918118,45,42,35
1771717602.4919758,45,42,35
1771717602.492139,45,42,35
1771717602.4923143,45,42,35
1771717602.492575,45,42,35
1771717602.492748,45,42,35
1771717602.4929109,45,42,35
1771717602.493074,45,42,35
1771717602.49325,45,42,35
1771717602.4934094,45,42,35
1771717602.4935715,45,42,35
1771717602.4937406,45,42,35
1771717602.4939094,45,42,35
1771717602.4940698,45,42,35
1771717602.4942296,45,42,35
1771717602.4944167,45,42,35
1771717602.494592,45,42,35
1771717602.4947803,45,42,35
1771717602.494944,45,42,35
1771717602.4951057,45,42,35
1771717602.4952674,45,42,35
1771717602.4954276,45,42,35
1771717602.4955988,45,42,35
1771717602.4957707,45,42,35
1771717602.4959302,45,42,36
1771717602.4960918,45,42,36
1771717602.4962518,45,42,36
1771717602.4964118,45,42,36
1771717602.4965796,45,42,36
1771717602.496747,45,42,36
1771717602.4969072,45,42,36
1771717602.4970694,45,42,36
1771717602.4972284,45,42,36
1771717602.4973888,45,42,36
1771717602.497558,45,42,36
1771717602.4977286,45,42,36
1771717602.4978933,45,42,36
1771717602.4980528,45,42,36
1771717602.498213,45,42,36
1771717602.4983733,45,42,36
1771717602.498559,45,42,36
1771717602.4987814,45,42,36
1771717602.4989426,45,42,36
1771717602.499103,45,42,36
1771717602.4992633,45,42,36
1771717602.502627,45,42,36
1771717602.5028117,45,42,36
1771717602.5029833,45,42,36
1771717602.5031493,45,42,36
1771717602.503316,45,42,36
1771717602.5070274,45,42,37
1771717602.5072026,45,42,37
1771717602.5073793,45,42,37
1771717602.5075405,45,42,37
1771717602.5077043,45,42,37
1771717602.510853,45,42,37
1771717602.511022,45,42,37
1771717602.5111878,45,42,37
1771717602.5113542,45,42,37
1771717602.5148182,45,42,37
1771717602.5150318,45,42,37
1771717602.5152054,45,42,37
1771717602.5153751,45,42,37
1771717602.5155628,45,42,37
1771717602.519043,45,42,37
1771717602.5193722,45,42,37
1771717602.5196764,45,42,37
1771717602.5199797,45,42,37
1771717602.5202782,45,42,37
1771717602.5232315,45,42,37
1771717602.5234797,45,42,37
1771717602.523696,45,42,37
1771717602.523878,45,42,37
1771717602.524043,45,42,37
1771717602.5272336,45,42,37
1771717602.527412,45,42,37
1771717602.5275838,45,42,38
1771717602.5278103,45,42,38
1771717602.5279775,45,42,38
1771717602.5313632,45,42,38
1771717602.5315442,45,42,38
1771717602.5317147,45,42,38
1771717602.531883,45,42,38
1771717602.5353253,45,42,38
1771717602.5355315,45,42,38
1771717602.5357952,45,42,38
1771717602.5360327,45,42,38
1771717602.5362031,45,42,38
1771717602.5394397,45,42,38
1771717602.539752,45,42,38
1771717602.5400617,45,42,38
1771717602.5404856,45,42,38
1771717602.5407856,45,42,38
1771717602.5435936,45,42,38
1771717602.543772,45,42,38
1771717602.5439563,45,42,38
1771717602.5441267,45,42,38
1771717602.5442932,45,42,38
1771717602.5476549,45,42,38
1771717602.5478241,45,42,38
1771717602.5479898,45,42,39
1771717602.548173,45,42,39
1771717602.548339,45,42,39
1771717602.5518546,45,42,39
1771717602.5520256,45,42,39
1771717602.552193,45,42,39
1771717602.5523612,45,42,39
1771717602.5525286,45,42,39
1771717602.6086905,45,42,39
1771717602.6088705,45,42,39
1771717602.6090367,45,42,39
1771717602.6092005,45,42,39
1771717602.609361,45,42,39
1771717602.6095235,45,42,39
1771717602.6096878,45,42,39
1771717602.6098514,45,42,39
1771717602.6100311,45,42,39
1771717602.6101923,45,42,39
1771717602.6103535,45,42,39
1771717602.6105149,45,42,39
1771717602.610676,45,42,39
1771717602.610836,45,42,39
1771717602.6109965,45,42,39
1771717602.611156,45,42,39
1771717602.611316,45,42,39
1771717602.611476,45,42,39
1771717602.6116357,45,42,40
1771717602.6117957,45,42,40
1771717602.6119561,45,42,40
1771717602.6121213,45,42,40
1771717602.6122825,45,42,40
1771717602.6125295,45,42,40
1771717602.6128047,45,42,40
1771717602.6130598,45,42,40
1771717602.6132984,45,42,40
1771717602.6135614,45,42,40
1771717602.613796,45,42,40
1771717602.613969,45,42,40
1771717602.6141381,45,42,40
1771717602.61433,45,42,40
1771717602.6145236,45,42,40
1771717602.614691,45,42,40
1771717602.614857,45,42,40
1771717602.6150265,45,42,40
1771717602.6151924,45,42,40
1771717602.6153765,45,42,40
1771717602.6156228,45,42,40
1771717602.6157951,45,42,40
1771717602.6159647,45,42,40
1771717602.6161304,45,42,40
1771717602.6163032,45,42,40
1771717602.6164687,45,42,41
1771717602.6166341,45,42,41
1771717602.616801,45,42,41
1771717602.6169627,45,42,41
1771717602.6171248,45,42,41
1771717602.617285,45,42,41
1771717602.6174448,45,42,41
1771717602.617607,45,42,41
1771717602.617769,45,42,41
1771717602.6179314,45,42,41
1771717602.6180923,45,42,41
1771717602.6182616,45,42,41
1771717602.618421,45,42,41
1771717602.6185799,45,42,41
1771717602.6187391,45,42,41
1771717602.6188984,45,42,41
1771717602.6190617,45,42,41
1771717602.6192205,45,42,41
1771717602.6193795,45,42,41
1771717602.6195376,45,42,41
1771717602.6196961,45,42,41
1771717602.6198554,45,42,41
1771717602.6200163,45,42,41
1771717602.6201756,45,42,41
1771717602.62034,45,42,41
1771717602.6204991,45,42,41
1771717602.620659,45,42,42
1771717602.6208177,45,42,42
1771717602.6209764,45,42,42
1771717602.621135,45,42,42
1771717602.6212957,45,42,42
1771717602.621455,45,42,42
1771717602.621614,45,42,42
1771717602.6217735,45,42,42
1771717602.6219351,45,42,42
1771717602.6220942,45,42,42
1771717602.6222577,45,42,42
1771717602.6224186,45,42,42
1771717602.6255405,45,42,42
1771717602.6258583,45,42,42
1771717602.626164,45,42,42
1771717602.6264622,45,42,42
1771717602.62677,45,42,42
1771717602.629607,45,42,42
1771717602.6297894,45,42,42
1771717602.6300309,45,42,42
1771717602.6302037,45,42,42
1771717602.630368,45,42,42
1771717602.633933,45,42,42
1771717602.6342547,45,42,42
1771717602.6344879,45,42,42
1771717602.6346478,45,42,42
1771717602.6348085,45,42,43
1771717602.6380172,45,42,43
1771717602.6383302,45,42,43
1771717602.6386228,45,42,43
1771717602.6389089,45,42,43
1771717602.6391919,45,42,43
1771717602.642117,45,42,43
1771717602.6424274,45,42,43
1771717602.642721,45,42,43
1771717602.64291,45,42,43
1771717602.645904,45,42,43
1771717602.64611,45,42,43
1771717602.6462767,45,42,43
1771717602.6464884,45,42,43
1771717602.646789,45,42,43
1771717602.6501377,45,42,43
1771717602.6504614,45,42,43
1771717602.6507654,45,42,43
1771717602.651066,45,42,43
1771717602.6513119,45,42,43
1771717602.6543336,45,42,43
1771717602.6546514,45,42,43
1771717602.6548817,45,42,43
1771717602.655044,45,42,43
1771717602.6552036,45,42,44
1771717602.65844,45,42,44
1771717602.6587596,45,42,44
1771717602.6590738,45,42,44
1771717602.6593654,45,42,44
1771717602.6596227,45,42,44
1771717602.662494,45,42,44
1771717602.6626792,45,42,44
1771717602.662845,45,42,44
1771717602.6630077,45,42,44
1771717602.6664147,45,42,44
1771717602.6667893,45,42,44
1771717602.6670895,45,42,44
1771717602.667379,45,42,44
1771717602.6676695,45,42,44
1771717602.6706142,45,42,44
1771717602.6709359,45,42,44
1771717602.6712415,45,42,44
1771717602.6715412,45,42,44
1771717602.6717308,45,42,44
1771717602.6747937,45,42,44
1771717602.6751053,45,42,44
1771717602.6753087,45,42,44
1771717602.6754754,45,42,44
1771717602.6756341,45,42,44
1771717602.678841,45,42,44
1771717602.6790204,45,42,45
1771717602.6791995,45,42,45
1771717602.6793644,45,42,45
1771717602.6795459,45,42,45
1771717602.6828575,45,42,45
1771717602.6830304,45,42,45
1771717602.6831996,45,42,45
1771717602.683369,45,42,45
1771717602.6835377,45,42,45
1771717602.735966,45,42,45
1771717602.7361586,45,42,45
1771717602.7363327,45,42,45
1771717602.7365057,45,42,45
1771717602.7366989,45,42,45
1771717602.7368908,45,42,45
1771717602.7370613,45,42,45
1771717602.7372327,45,42,45
1771717602.7374032,45,42,45
1771717602.7375994,45,42,45
1771717602.7377691,45,42,45
1771717602.7379951,45,42,45
1771717602.738232,45,42,45
1771717602.73846,45,42,45
1771717602.7387018,45,42,45
1771717602.7388957,45,42,45
1771717602.7390733,45,42,45
1771717602.7392395,45,42,46
1771717602.7394097,45,42,46
1771717602.7395732,45,42,46
1771717602.739737,45,42,46
1771717602.7399158,45,42,46
1771717602.7400908,45,42,46
1771717602.7402513,45,42,46
1771717602.740411,45,42,46
1771717602.7405717,45,42,46
1771717602.740732,45,42,46
1771717602.7409,45,42,46
1771717602.7410624,45,42,46
1771717602.7412217,45,42,46
1771717602.7413864,45,42,46
1771717602.7415478,45,42,46
1771717602.741712,45,42,46
1771717602.741872,45,42,46
1771717602.7420316,45,42,46
1771717602.7421904,45,42,46
1771717602.742349,45,42,46
1771717602.7425082,45,42,46
1771717602.7426672,45,42,46
1771717602.7428324,45,42,46
1771717602.7430737,45,42,46
1771717602.743233,45,42,46
1771717602.743393,45,42,47
1771717602.7435515,45,42,47
1771717602.74371,45,42,47
1771717602.7438686,45,42,47
1771717602.7440293,45,42,47
1771717602.7441893,45,42,47
1771717602.7443478,45,42,47
1771717602.7445066,45,42,47
1771717602.7446654,45,42,47
1771717602.7448318,45,42,47
1771717602.7449913,45,42,47
1771717602.745154,45,42,47
1771717602.745312,45,42,47
1771717602.7454703,45,42,47
1771717602.7456288,45,42,47
1771717602.745788,45,42,47
1771717602.745947,45,42,47
1771717602.7461047,45,42,47
1771717602.7462654,45,42,47
1771717602.7464237,45,42,47
1771717602.746582,45,42,47
1771717602.7467415,45,42,47
1771717602.7469049,45,42,47
1771717602.7470655,45,42,47
1771717602.7472243,45,42,47
1771717602.747383,45,42,47
1771717602.7475429,45,42,48
1771717602.7477016,45,42,48
1771717602.74786,45,42,48
1771717602.7480183,45,42,48
1771717602.7483706,45,42,48
1771717602.748534,45,42,48
1771717602.748695,45,42,48
1771717602.748854,45,42,48
1771717602.749014,45,42,48
1771717602.802821,45,42,48
1771717602.8030107,45,42,48
1771717602.8031769,45,42,48
1771717602.8034039,45,42,48
1771717602.8035681,45,42,48
1771717602.803731,45,42,48
1771717602.8039143,45,42,48
1771717602.8041105,45,42,48
1771717602.8042874,45,42,48
1771717602.804453,45,42,48
1771717602.8046167,45,42,48
1771717602.8047886,45,42,48
1771717602.804954,45,42,48
1771717602.8051183,45,42,48
1771717602.8052812,45,42,48
1771717602.8054442,45,42,48
1771717602.8056178,45,42,48
1771717602.8057806,45,42,49
1771717602.8059447,45,42,49
1771717602.8061054,45,42,49
1771717602.8062816,45,42,49
1771717602.8064568,45,42,49
1771717602.8066816,45,42,49
1771717602.8068974,45,42,49
1771717602.8071117,45,42,49
1771717602.8073328,45,42,49
1771717602.807498,45,42,49
1771717602.8076603,45,42,49
1771717602.8078206,45,42,49
1771717602.8079813,45,42,49
1771717602.80815,45,42,49
1771717602.808309,45,42,49
1771717602.8084688,45,42,49
1771717602.8086288,45,42,49
1771717602.8087883,45,42,49
1771717602.808949,45,42,49
1771717602.8091147,45,42,49
1771717602.80928,45,42,49
1771717602.8094394,45,42,49
1771717602.8096006,45,42,49
1771717602.8097608,45,42,49
1771717602.8099215,45,42,50
1771717602.8100805,45,42,50
1771717602.8102465,45,42,50
1771717602.8104064,45,42,50
1771717602.810566,45,42,50
1771717602.8107243,45,42,50
1771717602.8108835,45,42,50
1771717602.8110452,45,42,50
1771717602.8112044,45,42,50
1771717602.8113637,45,42,50
1771717602.811524,45,42,50
1771717602.8116834,45,42,50
1771717602.8118439,45,42,50
1771717602.8120048,45,42,50
1771717602.8121686,45,42,50
1771717602.812328,45,42,50
1771717602.81249,45,42,50
1771717602.8126493,45,42,50
1771717602.8128092,45,42,50
1771717602.812969,45,42,50
1771717602.8131282,45,42,50
1771717602.8132873,45,42,50
1771717602.813446,45,42,50
1771717602.8136058,45,42,50
1771717602.813767,45,42,50
1771717602.8139265,45,42,50
1771717602.8140857,45,42,51
1771717602.8142562,45,42,51
1771717602.814417,45,42,51
1771717602.814576,45,42,51
1771717602.8147357,45,42,51
1771717602.8148956,45,42,51
1771717602.8150558,45,42,51
1771717602.8152158,45,42,51
1771717602.8153756,45,42,51
1771717602.8155355,45,42,51
1771717602.8685389,45,42,51
1771717602.8687215,45,42,51
1771717602.868914,45,42,51
1771717602.8690774,45,42,51
1771717602.8692403,45,42,51
1771717602.8694026,45,42,51
1771717602.8695736,45,42,51
1771717602.8697362,45,42,51
1771717602.8699121,45,42,51
1771717602.8700733,45,42,51
1771717602.8702366,45,42,51
1771717602.8703995,45,42,51
1771717602.8705602,45,42,51
1771717602.870721,45,42,51
1771717602.8708916,45,42,51
1771717602.871051,45,42,52
1771717602.871213,45,42,52
1771717602.8713753,45,42,52
1771717602.8715425,45,42,52
1771717602.8717043,45,42,52
1771717602.8718753,45,42,52
1771717602.8720381,45,42,52
1771717602.8722022,45,42,52
1771717602.872363,45,42,52
1771717602.8725243,45,42,52
1771717602.8726852,45,42,52
1771717602.8728564,45,42,52
1771717602.8730175,45,42,52
1771717602.873179,45,42,52
1771717602.87334,45,42,52
1771717602.8735044,45,42,52
1771717602.8736668,45,42,52
1771717602.8738387,45,42,52
1771717602.874003,45,42,52
1771717602.8741622,45,42,52
1771717602.8743358,45,42,52
1771717602.8744953,45,42,52
1771717602.8746545,45,42,52
1771717602.874824,45,42,52
1771717602.8749847,45,42,52
1771717602.8751469,45,42,52
1771717602.8753076,45,42,53
1771717602.8754756,45,42,53
1771717602.8756351,45,42,53
1771717602.875801,45,42,53
1771717602.875962,45,42,53
1771717602.8761227,45,42,53
1771717602.8762827,45,42,53
1771717602.876444,45,42,53
1771717602.876605,45,42,53
1771717602.8767643,45,42,53
1771717602.8769355,45,42,53
1771717602.877097,45,42,53
1771717602.8772635,45,42,53
1771717602.8774266,45,42,53
1771717602.877588,45,42,53
1771717602.8777483,45,42,53
1771717602.8780124,45,42,53
1771717602.8783028,45,42,53
1771717602.8785722,45,42,53
1771717602.878902,45,42,53
1771717602.8791556,45,42,53
1771717602.8793418,45,42,53
1771717602.8795116,45,42,53
1771717602.8796794,45,42,53
1771717602.8798602,45,42,53
1771717602.8800285,45,42,53
1771717602.8801935,45,42,54
1771717602.8803582,45,42,54
1771717602.8805215,45,42,54
1771717602.8806856,45,42,54
1771717602.8808596,45,42,54
1771717602.881023,45,42,54
1771717602.8811882,45,42,54
1771717602.8813553,45,42,54
1771717602.881519,45,42,54
1771717602.8816826,45,42,54
1771717602.935439,45,42,54
1771717602.935674,45,42,54
1771717602.935853,45,42,54
1771717602.9360237,45,42,54
1771717602.9361923,45,42,54
1771717602.936379,45,42,54
1771717602.9365466,45,42,54
1771717602.9367151,45,42,54
1771717602.9368896,45,42,54
1771717602.937059,45,42,54
1771717602.937225,45,42,54
1771717602.937393,45,42,54
1771717602.9375591,45,42,54
1771717602.9377272,45,42,54
1771717602.9379008,45,42,55
1771717602.9380658,45,42,55
1771717602.9382434,45,42,55
1771717602.9384062,45,42,55
1771717602.938568,45,42,55
1771717602.938734,45,42,55
1771717602.9389014,45,42,55
1771717602.9390728,45,42,55
1771717602.9392362,45,42,55
1771717602.9393961,45,42,55
1771717602.9395578,45,42,55
1771717602.939719,45,42,55
1771717602.9398828,45,42,55
1771717602.9400427,45,42,55
1771717602.9402041,45,42,55
1771717602.9403648,45,42,55
1771717602.9405253,45,42,55
1771717602.940686,45,42,55
1771717602.9409308,45,42,55
1771717602.9411016,45,42,55
1771717602.941263,45,42,55
1771717602.9414256,45,42,55
1771717602.9415877,45,42,55
1771717602.941749,45,42,55
1771717602.941917,45,42,55
1771717602.942077,45,42,55
1771717602.9422367,45,42,56
1771717602.9423964,45,42,56
1771717602.9425564,45,42,56
1771717602.9427197,45,42,56
1771717602.9428844,45,42,56
1771717602.943045,45,42,56
1771717602.9432049,45,42,56
1771717602.943367,45,42,56
1771717602.9435265,45,42,56
1771717602.9436848,45,42,56
1771717602.9438481,45,42,56
1771717602.9440079,45,42,56
1771717602.9441707,45,42,56
1771717602.9443305,45,42,56
1771717602.94449,45,42,56
1771717602.94465,45,42,56
1771717602.9448183,45,42,56
1771717602.944978,45,42,56
1771717602.9451375,45,42,56
1771717602.945299,45,42,56
1771717602.945459,45,42,56
1771717602.945621,45,42,56
1771717602.9457989,45,42,56
1771717602.9459589,45,42,56
1771717602.9461217,45,42,56
1771717602.946284,45,42,56
1771717602.9464462,45,42,57
1771717602.9466057,45,42,57
1771717602.9467654,45,42,57
1771717602.9469285,45,42,57
1771717602.9470875,45,42,57
1771717602.9472475,45,42,57
1771717602.9474068,45,42,57
1771717602.9475665,45,42,57
1771717602.9477262,45,42,57
1771717602.9478922,45,42,57
1771717602.9480522,45,42,57
1771717602.9985454,45,42,57
1771717602.9987366,45,42,57
1771717602.9989069,45,42,57
1771717602.9990797,45,42,57
1771717602.9992507,45,42,57
1771717602.9994187,45,42,57
1771717602.9996252,45,42,57
1771717602.999805,45,42,57
1771717602.9999971,45,42,57
1771717603.000161,45,42,57
1771717603.0003273,45,42,57
1771717603.0004964,45,42,57
1771717603.0006678,45,42,57
1771717603.000832,45,42,57
1771717603.0009983,45,42,58
1771717603.0011623,45,42,58
1771717603.001326,45,42,58
1771717603.001492,45,42,58
1771717603.0016553,45,42,58
1771717603.0018246,45,42,58
1771717603.0019908,45,42,58
1771717603.0021548,45,42,58
1771717603.0023158,45,42,58
1771717603.0024762,45,42,58
1771717603.0026484,45,42,58
1771717603.00311,45,42,58
1771717603.0035548,45,42,58
1771717603.003791,45,42,58
1771717603.003996,45,42,58
1771717603.0041769,45,42,58
1771717603.0043497,45,42,58
1771717603.0045161,45,42,58
1771717603.0046911,45,42,58
1771717603.0048635,45,42,58
1771717603.0050557,45,42,58
1771717603.0053349,45,42,58
1771717603.0054991,45,42,58
1771717603.005663,45,42,58
1771717603.0058362,45,42,58
1771717603.006033,45,42,58
1771717603.0062006,45,42,59
1771717603.0064073,45,42,59
1771717603.0066574,45,42,59
1771717603.0068316,45,42,59
1771717603.0069957,45,42,59
1771717603.0071669,45,42,59
1771717603.0073318,45,42,59
1771717603.0074983,45,42,59
1771717603.0076632,45,42,59
1771717603.0078418,45,42,59
1771717603.0080156,45,42,59
1771717603.008181,45,42,59
1771717603.0083442,45,42,59
1771717603.0085077,45,42,59
1771717603.008672,45,42,59
1771717603.0088449,45,42,59
1771717603.009008,45,42,59
1771717603.0091763,45,42,59
1771717603.0093386,45,42,59
1771717603.0095017,45,42,59
1771717603.009668,45,42,59
1771717603.0098429,45,42,59
1771717603.010031,45,42,59
1771717603.0101933,45,42,59
1771717603.0103583,45,42,59
1771717603.0105429,45,42,60
1771717603.010718,45,42,60
1771717603.010883,45,42,60
1771717603.011047,45,42,60
1771717603.0112162,45,42,60
1771717603.0113795,45,42,60
1771717603.0115433,45,42,60
1771717603.0117176,45,42,60
1771717603.0118818,45,42,60
1771717603.012045,45,42,60
1771717603.0122275,45,42,60
1771717603.012419,45,42,60
1771717603.062029,45,42,60
1771717603.062227,45,42,60
1771717603.0623937,45,42,60
1771717603.0625587,45,42,60
1771717603.0627527,45,42,60
1771717603.0629163,45,42,60
1771717603.0630786,45,42,60
1771717603.0632415,45,42,60
1771717603.0634038,45,42,60
1771717603.0635667,45,42,60
1771717603.0637298,45,42,60
1771717603.0639086,45,42,60
1771717603.0640705,45,42,60
1771717603.0642323,45,42,61
1771717603.0643928,45,42,61
1771717603.0645554,45,42,61
1771717603.0647213,45,42,61
1771717603.0648818,45,42,61
1771717603.0650427,45,42,61
1771717603.0652034,45,42,61
1771717603.065367,45,42,61
1771717603.0655293,45,42,61
1771717603.065689,45,42,61
1771717603.065859,45,42,61
1771717603.0661228,45,42,61
1771717603.0663178,45,42,61
1771717603.0664852,45,42,61
1771717603.0666554,45,42,61
1771717603.066814,45,42,61
1771717603.0669768,45,42,61
1771717603.0671368,45,42,61
1771717603.0672972,45,42,61
1771717603.0674555,45,42,61
1771717603.0676138,45,42,61
1771717603.0677726,45,42,61
1771717603.0679326,45,42,61
1771717603.0680919,45,42,61
1771717603.0682516,45,42,61
1771717603.0684106,45,42,61
1771717603.0685692,45,42,62
1771717603.0687332,45,42,62
1771717603.0688975,45,42,62
1771717603.0690572,45,42,62
1771717603.069216,45,42,62
1771717603.069377,45,42,62
1771717603.069536,45,42,62
1771717603.0696964,45,42,62
1771717603.0698574,45,42,62
1771717603.0700157,45,42,62
1771717603.0701745,45,42,62
1771717603.070333,45,42,62
1771717603.0704908,45,42,62
1771717603.070656,45,42,62
1771717603.070815,45,42,62
1771717603.0709739,45,42,62
1771717603.0711322,45,42,62
1771717603.0712907,45,42,62
1771717603.07145,45,42,62
1771717603.0716121,45,42,62
1771717603.0717707,45,42,62
1771717603.071929,45,42,62
1771717603.0720868,45,42,62
1771717603.0722463,45,42,62
1771717603.0724044,45,42,62
1771717603.072563,45,42,63
1771717603.0727293,45,42,63
1771717603.072969,45,42,63
1771717603.0731318,45,42,63
1771717603.0732915,45,42,63
1771717603.0734491,45,42,63
1771717603.0736077,45,42,63
1771717603.0737655,45,42,63
1771717603.0760822,45,42,63
1771717603.076401,45,42,63
1771717603.0767016,45,42,63
1771717603.0769963,45,42,63
1771717603.077287,45,42,63
1771717603.1285727,45,42,63
1771717603.1288064,45,42,63
1771717603.128991,45,42,63
1771717603.1291652,45,42,63
1771717603.1293383,45,42,63
1771717603.1295102,45,42,63
1771717603.1296804,45,42,63
1771717603.129863,45,42,63
1771717603.1300318,45,42,63
1771717603.1302001,45,42,63
1771717603.130367,45,42,63
1771717603.130535,45,42,63
1771717603.1307013,45,42,63
1771717603.1308663,45,42,64
1771717603.131031,45,42,64
1771717603.1311963,45,42,64
1771717603.1313622,45,42,64
1771717603.1315286,45,42,64
1771717603.1316926,45,42,64
1771717603.1318636,45,42,64
1771717603.132028,45,42,64
1771717603.132193,45,42,64
1771717603.132359,45,42,64
1771717603.1325245,45,42,64
1771717603.13269,45,42,64
1771717603.1329436,45,42,64
1771717603.133108,45,42,64
1771717603.133274,45,42,64
1771717603.1334395,45,42,64
1771717603.1336048,45,42,64
1771717603.1337695,45,42,64
1771717603.1342144,45,42,64
1771717603.1345344,45,42,64
1771717603.1348324,45,42,64
1771717603.1350193,45,42,64
1771717603.135184,45,42,64
1771717603.1353502,45,42,64
1771717603.1355176,45,42,64
1771717603.1356976,45,42,64
1771717603.1358643,45,42,65
1771717603.13603,45,42,65
1771717603.1362045,45,42,65
1771717603.13639,45,42,65
1771717603.1365547,45,42,65
1771717603.136718,45,42,65
1771717603.1368833,45,42,65
1771717603.137047,45,42,65
1771717603.1372116,45,42,65
1771717603.137375,45,42,65
1771717603.13754,45,42,65
1771717603.137711,45,42,65
1771717603.1378734,45,42,65
1771717603.1380353,45,42,65
1771717603.138198,45,42,65
1771717603.1383586,45,42,65
1771717603.1385205,45,42,65
1771717603.1386817,45,42,65
1771717603.1388476,45,42,65
1771717603.1390076,45,42,65
1771717603.139167,45,42,65
1771717603.1393254,45,42,65
1771717603.1394858,45,42,65
1771717603.1396508,45,42,65
1771717603.1398182,45,42,66
1771717603.1399806,45,42,66
1771717603.140142,45,42,66
1771717603.1402998,45,42,66
1771717603.1404583,45,42,66
1771717603.1406164,45,42,66
1771717603.1407788,45,42,66
1771717603.1409373,45,42,66
1771717603.1410954,45,42,66
1771717603.141668,45,42,66
1771717603.141839,45,42,66
1771717603.1420035,45,42,66
1771717603.1421657,45,42,66
1771717603.1423254,45,42,66
1771717603.194908,45,42,66
1771717603.1951034,45,42,66
1771717603.1952803,45,42,66
1771717603.195452,45,42,66
1771717603.1956236,45,42,66
1771717603.195795,45,42,66
1771717603.1959848,45,42,66
1771717603.1961982,45,42,66
1771717603.1963665,45,42,66
1771717603.196537,45,42,66
1771717603.1967363,45,42,66
1771717603.1969035,45,42,66
1771717603.1970718,45,42,67
1771717603.1972394,45,42,67
1771717603.197408,45,42,67
1771717603.197579,45,42,67
1771717603.1977468,45,42,67
1771717603.1979148,45,42,67
1771717603.1980848,45,42,67
1771717603.1982582,45,42,67
1771717603.198425,45,42,67
1771717603.1985922,45,42,67
1771717603.1987567,45,42,67
1771717603.1989207,45,42,67
1771717603.1990852,45,42,67
1771717603.1992507,45,42,67
1771717603.1994152,45,42,67
1771717603.1995795,45,42,67
1771717603.1997468,45,42,67
1771717603.1999128,45,42,67
1771717603.200076,45,42,67
1771717603.2002447,45,42,67
1771717603.2004092,45,42,67
1771717603.2005734,45,42,67
1771717603.2007387,45,42,67
1771717603.2009041,45,42,67
1771717603.201068,45,42,67
1771717603.2012298,45,42,67
1771717603.2013938,45,42,68
1771717603.201557,45,42,68
1771717603.20172,45,42,68
1771717603.2018857,45,42,68
1771717603.2020485,45,42,68
1771717603.202216,45,42,68
1771717603.20238,45,42,68
1771717603.202544,45,42,68
1771717603.2027092,45,42,68
1771717603.2028718,45,42,68
1771717603.2030346,45,42,68
1771717603.203202,45,42,68
1771717603.2033646,45,42,68
1771717603.203527,45,42,68
1771717603.2036889,45,42,68
1771717603.2038517,45,42,68
1771717603.2040153,45,42,68
1771717603.2041836,45,42,68
1771717603.2043462,45,42,68
1771717603.2045088,45,42,68
1771717603.2046714,45,42,68
1771717603.204834,45,42,68
1771717603.204997,45,42,68
1771717603.2051592,45,42,68
1771717603.2053213,45,42,68
1771717603.2054949,45,42,69
1771717603.2056837,45,42,69
1771717603.2058513,45,42,69
1771717603.206017,45,42,69
1771717603.2061908,45,42,69
1771717603.2063541,45,42,69
1771717603.2065222,45,42,69
1771717603.2066946,45,42,69
1771717603.2068572,45,42,69
1771717603.2071283,45,42,69
1771717603.2072933,45,42,69
1771717603.2074566,45,42,69
1771717603.2076197,45,42,69
1771717603.2077813,45,42,69
1771717603.261201,45,42,69
1771717603.2614377,45,42,69
1771717603.2616086,45,42,69
1771717603.2617822,45,42,69
1771717603.2619529,45,42,69
1771717603.2621222,45,42,69
1771717603.2622926,45,42,69
1771717603.262464,45,42,69
1771717603.2626348,45,42,69
1771717603.2628045,45,42,69
1771717603.2629745,45,42,69
1771717603.263144,45,42,69
1771717603.2633176,45,42,70
1771717603.2635033,45,42,70
1771717603.2636685,45,42,70
1771717603.2638364,45,42,70
1771717603.2640035,45,42,70
1771717603.2641692,45,42,70
1771717603.2643373,45,42,70
1771717603.264504,45,42,70
1771717603.2646706,45,42,70
1771717603.264836,45,42,70
1771717603.2650013,45,42,70
1771717603.265166,45,42,70
1771717603.2653356,45,42,70
1771717603.2655103,45,42,70
1771717603.2656739,45,42,70
1771717603.2658386,45,42,70
1771717603.2660024,45,42,70
1771717603.2661688,45,42,70
1771717603.2663314,45,42,70
1771717603.2664943,45,42,70
1771717603.266657,45,42,70
1771717603.2668207,45,42,70
1771717603.266986,45,42,70
1771717603.2672763,45,42,70
1771717603.2674856,45,42,70
1771717603.2676592,45,42,71
1771717603.2678273,45,42,71
1771717603.26801,45,42,71
1771717603.268175,45,42,71
1771717603.268341,45,42,71
1771717603.26856,45,42,71
1771717603.2687283,45,42,71
1771717603.2689083,45,42,71
1771717603.2691305,45,42,71
1771717603.2692971,45,42,71
1771717603.2694638,45,42,71
1771717603.2696302,45,42,71
1771717603.2697937,45,42,71
1771717603.2699661,45,42,71
1771717603.2701373,45,42,71
1771717603.2703,45,42,71
1771717603.2704647,45,42,71
1771717603.2706268,45,42,71
1771717603.2707894,45,42,71
1771717603.2709565,45,42,71
1771717603.2711182,45,42,71
1771717603.2712798,45,42,71
1771717603.2714415,45,42,71
1771717603.2716043,45,42,71
1771717603.2717662,45,42,71
1771717603.2719283,45,42,72
1771717603.2720916,45,42,72
1771717603.2722545,45,42,72
1771717603.2724192,45,42,72
1771717603.2727418,45,42,72
1771717603.2729156,45,42,72
1771717603.273201,45,42,72
1771717603.2733688,45,42,72
1771717603.2736292,45,42,72
1771717603.2737963,45,42,72
1771717603.2739654,45,42,72
1771717603.2741337,45,42,72
1771717603.2743027,45,42,72
1771717603.274469,45,42,72
1771717603.2746356,45,42,72
1771717603.3253148,45,42,72
1771717603.3254995,45,42,72
1771717603.3256705,45,42,72
1771717603.325867,45,42,72
1771717603.3260398,45,42,72
1771717603.326208,45,42,72
1771717603.3263772,45,42,72
1771717603.3265498,45,42,72
1771717603.3267353,45,42,72
1771717603.3269045,45,42,72
1771717603.3270884,45,42,72
1771717603.3272543,45,42,73
1771717603.3274202,45,42,73
1771717603.3275855,45,42,73
1771717603.3277524,45,42,73
1771717603.3279226,45,42,73
1771717603.328087,45,42,73
1771717603.3282678,45,42,73
1771717603.3284328,45,42,73
1771717603.328599,45,42,73
1771717603.3288336,45,42,73
1771717603.329002,45,42,73
1771717603.3291705,45,42,73
1771717603.3293364,45,42,73
1771717603.329511,45,42,73
1771717603.3296754,45,42,73
1771717603.3298452,45,42,73
1771717603.3300087,45,42,73
1771717603.3301718,45,42,73
1771717603.3303342,45,42,73
1771717603.330498,45,42,73
1771717603.3306613,45,42,73
1771717603.3308237,45,42,73
1771717603.330987,45,42,73
1771717603.3311493,45,42,73
1771717603.3313117,45,42,73
1771717603.3314767,45,42,74
1771717603.3316398,45,42,74
1771717603.3318012,45,42,74
1771717603.3319702,45,42,74
1771717603.332133,45,42,74
1771717603.3322985,45,42,74
1771717603.3324606,45,42,74
1771717603.332623,45,42,74
1771717603.3327858,45,42,74
1771717603.3329482,45,42,74
1771717603.3331113,45,42,74
1771717603.333274,45,42,74
1771717603.333436,45,42,74
1771717603.3336039,45,42,74
1771717603.333767,45,42,74
1771717603.333935,45,42,74
1771717603.3340986,45,42,74
1771717603.3342621,45,42,74
1771717603.3344247,45,42,74
1771717603.3345866,45,42,74
1771717603.3347487,45,42,74
1771717603.3349104,45,42,74
1771717603.3350728,45,42,74
1771717603.3352358,45,42,74
1771717603.335398,45,42,74
1771717603.3355665,45,42,74
1771717603.3357315,45,42,75
1771717603.3358939,45,42,75
1771717603.3360558,45,42,75
1771717603.3362236,45,42,75
1771717603.3363862,45,42,75
1771717603.3365483,45,42,75
1771717603.3367105,45,42,75
1771717603.336873,45,42,75
1771717603.3370364,45,42,75
1771717603.3371983,45,42,75
1771717603.338279,45,42,75
1771717603.3384514,45,42,75
1771717603.3386152,45,42,75
1771717603.3387759,45,42,75
1771717603.3389359,45,42,75
1771717603.3913713,45,42,75
1771717603.3915834,45,42,75
1771717603.3917806,45,42,75
1771717603.39195,45,42,75
1771717603.3923163,45,42,75
1771717603.3925622,45,42,75
1771717603.392874,45,42,75
1771717603.3930469,45,42,75
1771717603.393224,45,42,75
1771717603.3933911,45,42,75
1771717603.3935637,45,42,75
1771717603.3937309,45,42,76
1771717603.3939006,45,42,76
1771717603.3940678,45,42,76
1771717603.394246,45,42,76
1771717603.394412,45,42,76
1771717603.3945796,45,42,76
1771717603.3947427,45,42,76
1771717603.394908,45,42,76
1771717603.395074,45,42,76
1771717603.395243,45,42,76
1771717603.3954096,45,42,76
1771717603.3955715,45,42,76
1771717603.3957322,45,42,76
1771717603.3958945,45,42,76
1771717603.396057,45,42,76
1771717603.3962219,45,42,76
1771717603.3963861,45,42,76
1771717603.3965483,45,42,76
1771717603.3967083,45,42,76
1771717603.3968675,45,42,76
1771717603.3970294,45,42,76
1771717603.3971932,45,42,76
1771717603.3973536,45,42,76
1771717603.3975139,45,42,76
1771717603.3976774,45,42,77
1771717603.397836,45,42,77
1771717603.397995,45,42,77
1771717603.3981578,45,42,77
1771717603.3983161,45,42,77
1771717603.3984745,45,42,77
1771717603.398634,45,42,77
1771717603.3987942,45,42,77
1771717603.3989532,45,42,77
1771717603.3991277,45,42,77
1771717603.3992898,45,42,77
1771717603.3994508,45,42,77
1771717603.3996115,45,42,77
1771717603.399773,45,42,77
1771717603.3999317,45,42,77
1771717603.4000912,45,42,77
1771717603.4002542,45,42,77
1771717603.4004138,45,42,77
1771717603.4005733,45,42,77
1771717603.4007323,45,42,77
1771717603.4008906,45,42,77
1771717603.4010494,45,42,77
1771717603.4012122,45,42,77
1771717603.4013717,45,42,77
1771717603.4015324,45,42,77
1771717603.4016907,45,42,77
1771717603.4018502,45,42,78
1771717603.40201,45,42,78
1771717603.4021719,45,42,78
1771717603.4023304,45,42,78
1771717603.402492,45,42,78
1771717603.4026542,45,42,78
1771717603.4028137,45,42,78
1771717603.4029722,45,42,78
1771717603.4032412,45,42,78
1771717603.4034002,45,42,78
1771717603.4035585,45,42,78
1771717603.4037163,45,42,78
1771717603.4038777,45,42,78
1771717603.4040363,45,42,78
1771717603.4042044,45,42,78
1771717603.4077206,45,42,78
1771717603.4079902,45,42,78
1771717603.4081953,45,42,78
1771717603.40841,45,42,78
1771717603.4085896,45,42,78
1771717603.411835,45,42,78
1771717603.4120212,45,42,78
1771717603.4122148,45,42,78
1771717603.4124079,45,42,78
1771717603.4126005,45,42,78
1771717603.415997,45,42,78
1771717603.4162967,45,42,79
1771717603.416594,45,42,79
1771717603.4168892,45,42,79
1771717603.4170532,45,42,79
1771717603.4202273,45,42,79
1771717603.4205468,45,42,79
1771717603.4208632,45,42,79
1771717603.4211695,45,42,79
1771717603.421469,45,42,79
1771717603.4242218,45,42,79
1771717603.4243953,45,42,79
1771717603.424559,45,42,79
1771717603.4247222,45,42,79
1771717603.4248836,45,42,79
1771717603.4810042,45,42,79
1771717603.481202,45,42,79
1771717603.4813738,45,42,79
1771717603.4815466,45,42,79
1771717603.4817154,45,42,79
1771717603.4818914,45,42,79
1771717603.4820592,45,42,79
1771717603.4822247,45,42,79
1771717603.482391,45,42,79
1771717603.4825573,45,42,79
1771717603.4827225,45,42,79
1771717603.4828887,45,42,80
1771717603.483048,45,42,80
1771717603.4832075,45,42,80
1771717603.4833674,45,42,80
1771717603.4835494,45,42,80
1771717603.4837675,45,42,80
1771717603.4839447,45,42,80
1771717603.4841094,45,42,80
1771717603.4842713,45,42,80
1771717603.4844322,45,42,80
1771717603.4845908,45,42,80
1771717603.4847488,45,42,80
1771717603.4849198,45,42,80
1771717603.4850795,45,42,80
1771717603.485239,45,42,80
1771717603.4853985,45,42,80
1771717603.485557,45,42,80
1771717603.4857152,45,42,80
1771717603.4859548,45,42,80
1771717603.4861882,45,42,80
1771717603.4863544,45,42,80
1771717603.486519,45,42,80
1771717603.4866798,45,42,80
1771717603.4869359,45,42,80
1771717603.4871624,45,42,80
1771717603.487366,45,42,80
1771717603.4875667,45,42,81
1771717603.487755,45,42,81
1771717603.4879365,45,42,81
1771717603.4881036,45,42,81
1771717603.4882708,45,42,81
1771717603.4884381,45,42,81
1771717603.488605,45,42,81
1771717603.4887733,45,42,81
1771717603.488945,45,42,81
1771717603.4891129,45,42,81
1771717603.4892812,45,42,81
1771717603.4894495,45,42,81
1771717603.4896193,45,42,81
1771717603.4897833,45,42,81
1771717603.4899879,45,42,81
1771717603.4901502,45,42,81
1771717603.4903147,45,42,81
1771717603.4904788,45,42,81
1771717603.4906409,45,42,81
1771717603.4908018,45,42,81
1771717603.4910152,45,42,81
1771717603.4912632,45,42,81
1771717603.4914706,45,42,81
1771717603.491658,45,42,81
1771717603.491834,45,42,81
1771717603.492042,45,42,82
1771717603.4922225,45,42,82
1771717603.4923937,45,42,82
1771717603.4925954,45,42,82
1771717603.4927604,45,42,82
1771717603.4929874,45,42,82
1771717603.4931521,45,42,82
1771717603.4933171,45,42,82
1771717603.49349,45,42,82
1771717603.4936535,45,42,82
1771717603.4938164,45,42,82
1771717603.493985,45,42,82
1771717603.4941483,45,42,82
1771717603.494308,45,42,82
1771717603.4944694,45,42,82
1771717603.494636,45,42,82
1771717603.494796,45,42,82
1771717603.4949667,45,42,82
1771717603.4951267,45,42,82
1771717603.497901,45,42,82
1771717603.498183,45,42,82
1771717603.4984958,45,42,82
1771717603.498761,45,42,82
1771717603.4989414,45,42,82
1771717603.5020697,45,42,82
1771717603.502326,45,42,83
1771717603.502512,45,42,83
1771717603.5026875,45,42,83
1771717603.5028753,45,42,83
1771717603.5061505,45,42,83
1771717603.5063624,45,42,83
1771717603.506582,45,42,83
1771717603.5067792,45,42,83
1771717603.506962,45,42,83
1771717603.510214,45,42,83
1771717603.5103889,45,42,83
1771717603.5105686,45,42,83
1771717603.5107653,45,42,83
1771717603.5109587,45,42,83
1771717603.5143442,45,42,83
1771717603.5145204,45,42,83
1771717603.5146856,45,42,83
1771717603.5148487,45,42,83
1771717603.5182867,45,42,83
1771717603.518492,45,42,83
1771717603.5186567,45,42,83
1771717603.5188215,45,42,83
1771717603.5190108,45,42,83
1771717603.5224504,45,42,83
1771717603.5226307,45,42,83
1771717603.5228007,45,42,83
1771717603.5229666,45,42,84
1771717603.5231338,45,42,84
1771717603.5265577,45,42,84
1771717603.5267334,45,42,84
1771717603.5269234,45,42,84
1771717603.5272076,45,42,84
1771717603.5273845,45,42,84
1771717603.530704,45,42,84
1771717603.5308812,45,42,84
1771717603.5310526,45,42,84
1771717603.5312192,45,42,84
1771717603.5313873,45,42,84
1771717603.5350018,45,42,84
1771717603.5352654,45,42,84
1771717603.5354798,45,42,84
1771717603.535654,45,42,84
1771717603.5387783,45,42,84
1771717603.5390224,45,42,84
1771717603.5392323,45,42,84
1771717603.5394113,45,42,84
1771717603.53958,45,42,84
1771717603.5429513,45,42,84
1771717603.5431252,45,42,84
1771717603.5432894,45,42,84
1771717603.5434556,45,42,84
1771717603.543621,45,42,85
1771717603.5470362,45,42,85
1771717603.5473385,45,42,85
1771717603.547639,45,42,85
1771717603.547827,45,42,85
1771717603.548034,45,42,85
1771717603.5511565,45,42,85
1771717603.5513365,45,42,85
1771717603.5515318,45,42,85
1771717603.5516965,45,42,85
1771717603.5518615,45,42,85
1771717603.5554554,45,42,85
1771717603.555809,45,42,85
1771717603.556075,45,42,85
1771717603.5562353,45,42,85
1771717603.5563958,45,42,85
1771717603.6176364,45,42,85
1771717603.6178174,45,42,85
1771717603.6179836,45,42,85
1771717603.6181493,45,42,85
1771717603.6183143,45,42,85
1771717603.6184797,45,42,85
1771717603.6186445,45,42,85
1771717603.61881,45,42,85
1771717603.6189737,45,42,85
1771717603.6191373,45,42,85
1771717603.6193001,45,42,86
1771717603.619464,45,42,86
1771717603.6196358,45,42,86
1771717603.619814,45,42,86
1771717603.619978,45,42,86
1771717603.6201444,45,42,86
1771717603.6203077,45,42,86
1771717603.6204724,45,42,86
1771717603.6206422,45,42,86
1771717603.6208036,45,42,86
1771717603.6209671,45,42,86
1771717603.6211374,45,42,86
1771717603.6213062,45,42,86
1771717603.6214666,45,42,86
1771717603.6216338,45,42,86
1771717603.621794,45,42,86
1771717603.6219542,45,42,86
1771717603.6221163,45,42,86
1771717603.622276,45,42,86
1771717603.6224368,45,42,86
1771717603.622596,45,42,86
1771717603.6227555,45,42,86
1771717603.622916,45,42,86
1771717603.6230779,45,42,86
1771717603.6232378,45,42,86
1771717603.6234014,45,42,86
1771717603.6235626,45,42,87
1771717603.6237233,45,42,87
1771717603.623967,45,42,87
1771717603.6241515,45,42,87
1771717603.6243134,45,42,87
1771717603.6244802,45,42,87
1771717603.6246405,45,42,87
1771717603.6248,45,42,87
1771717603.6249592,45,42,87
1771717603.6251314,45,42,87
1771717603.6252918,45,42,87
1771717603.6254508,45,42,87
1771717603.6256094,45,42,87
1771717603.625769,45,42,87
1771717603.6259277,45,42,87
1771717603.6260874,45,42,87
1771717603.6262474,45,42,87
1771717603.6264112,45,42,87
1771717603.626632,45,42,87
1771717603.6268141,45,42,87
1771717603.6269767,45,42,87
1771717603.627147,45,42,87
1771717603.6273057,45,42,87
1771717603.6274648,45,42,87
1771717603.6276276,45,42,88
1771717603.6277878,45,42,88
1771717603.6279483,45,42,88
1771717603.6281068,45,42,88
1771717603.6282666,45,42,88
1771717603.6284277,45,42,88
1771717603.628586,45,42,88
1771717603.6287453,45,42,88
1771717603.628905,45,42,88
1771717603.6290708,45,42,88
1771717603.6292293,45,42,88
1771717603.629388,45,42,88
1771717603.6295466,45,42,88
1771717603.629706,45,42,88
1771717603.6298642,45,42,88
1771717603.630022,45,42,88
1771717603.6301808,45,42,88
1771717603.6303425,45,42,88
1771717603.6305025,45,42,88
1771717603.630662,45,42,88
1771717603.6308205,45,42,88
1771717603.6309814,45,42,88
1771717603.6311462,45,42,88
1771717603.6313112,45,42,88
1771717603.63147,45,42,88
1771717603.6316288,45,42,88
1771717603.6330788,45,42,89
1771717603.6332514,45,42,89
1771717603.6334174,45,42,89
1771717603.6335785,45,42,89
1771717603.6337378,45,42,89
1771717603.6373158,45,42,89
1771717603.6376355,45,42,89
1771717603.6379461,45,42,89
1771717603.6382446,45,42,89
1771717603.6385422,45,42,89
1771717603.64144,45,42,89
1771717603.6417732,45,42,89
1771717603.6422205,45,42,89
1771717603.6424913,45,42,89
1771717603.6426542,45,42,89
1771717603.64564,45,42,89
1771717603.6459866,45,42,89
1771717603.6461694,45,42,89
1771717603.6463315,45,42,89
1771717603.6495023,45,42,89
1771717603.6498983,45,42,89
1771717603.6501908,45,42,89
1771717603.6504767,45,42,89
1771717603.6507807,45,42,89
1771717603.654514,45,42,89
1771717603.65484,45,42,90
1771717603.655146,45,42,90
1771717603.6554375,45,42,90
1771717603.6556807,45,42,90
1771717603.6581225,45,42,90
1771717603.6584604,45,42,90
1771717603.6587734,45,42,90
1771717603.6590655,45,42,90
1771717603.659297,45,42,90
1771717603.6623,45,42,90
1771717603.6625054,45,42,90
1771717603.6626782,45,42,90
1771717603.6628463,45,42,90
1771717603.663035,45,42,90
1771717603.666352,45,42,90
1771717603.6665373,45,42,90
1771717603.6667814,45,42,90
1771717603.6670737,45,42,90
1771717603.6702757,45,42,90
1771717603.6705508,45,42,90
1771717603.6707244,45,42,90
1771717603.6708937,45,42,90
1771717603.6710844,45,42,90
1771717603.6741593,45,42,90
1771717603.6744168,45,42,90
1771717603.674666,45,42,90
1771717603.674897,45,42,91
1771717603.675079,45,42,91
1771717603.6787705,45,42,91
1771717603.6790936,45,42,91
1771717603.6793869,45,42,91
1771717603.6796753,45,42,91
1771717603.6798542,45,42,91
1771717603.682692,45,42,91
1771717603.6828787,45,42,91
1771717603.683047,45,42,91
1771717603.6832132,45,42,91
1771717603.6833758,45,42,91
1771717603.6868181,45,42,91
1771717603.687005,45,42,91
1771717603.6872356,45,42,91
1771717603.6875296,45,42,91
1771717603.6878192,45,42,91
1771717603.7375689,45,42,91
1771717603.7377498,45,42,91
1771717603.7379193,45,42,91
1771717603.7380838,45,42,91
1771717603.7382812,45,42,91
1771717603.7384624,45,42,91
1771717603.7386239,45,42,91
1771717603.738788,45,42,91
1771717603.7389495,45,42,91
1771717603.7391121,45,42,92
1771717603.7392743,45,42,92
1771717603.7394426,45,42,92
1771717603.7396057,45,42,92
1771717603.739767,45,42,92
1771717603.7399378,45,42,92
1771717603.7400975,45,42,92
1771717603.7402582,45,42,92
1771717603.7404196,45,42,92
1771717603.7405813,45,42,92
1771717603.740743,45,42,92
1771717603.7409043,45,42,92
1771717603.7410653,45,42,92
1771717603.741226,45,42,92
1771717603.7413855,45,42,92
1771717603.7415514,45,42,92
1771717603.7417152,45,42,92
1771717603.7418752,45,42,92
1771717603.7420354,45,42,92
1771717603.7421978,45,42,92
1771717603.7423573,45,42,92
1771717603.7425172,45,42,92
1771717603.7426763,45,42,92
1771717603.7428353,45,42,92
1771717603.742996,45,42,92
1771717603.743156,45,42,93
1771717603.7433157,45,42,93
1771717603.7434835,45,42,93
1771717603.7436442,45,42,93
1771717603.7438052,45,42,93
1771717603.743964,45,42,93
1771717603.744123,45,42,93
1771717603.7442842,45,42,93
1771717603.7444487,45,42,93
1771717603.744613,45,42,93
1771717603.744773,45,42,93
1771717603.7449358,45,42,93
1771717603.7450976,45,42,93
1771717603.745257,45,42,93
1771717603.7454169,45,42,93
1771717603.7455826,45,42,93
1771717603.7457426,45,42,93
1771717603.7459047,45,42,93
1771717603.7460642,45,42,93
1771717603.746226,45,42,93
1771717603.7463887,45,42,93
1771717603.7465477,45,42,93
1771717603.7467096,45,42,93
1771717603.7468698,45,42,93
1771717603.747088,45,42,93
1771717603.747259,45,42,94
1771717603.7474215,45,42,94
1771717603.7475915,45,42,94
1771717603.747751,45,42,94
1771717603.747911,45,42,94
1771717603.7480717,45,42,94
1771717603.7482367,45,42,94
1771717603.7484028,45,42,94
1771717603.7485673,45,42,94
1771717603.7487264,45,42,94
1771717603.7488866,45,42,94
1771717603.749048,45,42,94
1771717603.7492075,45,42,94
1771717603.752019,45,42,94
1771717603.7523239,45,42,94
1771717603.7526193,45,42,94
1771717603.7529008,45,42,94
1771717603.75306,45,42,94
1771717603.8033931,45,42,94
1771717603.8035765,45,42,94
1771717603.8037486,45,42,94
1771717603.8039186,45,42,94
1771717603.8040857,45,42,94
1771717603.8042533,45,42,94
1771717603.8044198,45,42,94
1771717603.8045952,45,42,94
1771717603.8047612,45,42,95
1771717603.8049278,45,42,95
1771717603.8050957,45,42,95
1771717603.8052747,45,42,95
1771717603.8054464,45,42,95
1771717603.8056138,45,42,95
1771717603.8057814,45,42,95
1771717603.8059468,45,42,95
1771717603.8061125,45,42,95
1771717603.8062775,45,42,95
1771717603.8064427,45,42,95
1771717603.80661,45,42,95
1771717603.8067822,45,42,95
1771717603.806947,45,42,95
1771717603.8071103,45,42,95
1771717603.8072746,45,42,95
1771717603.8074434,45,42,95
1771717603.807608,45,42,95
1771717603.8077714,45,42,95
1771717603.8079345,45,42,95
1771717603.8080983,45,42,95
1771717603.8082616,45,42,95
1771717603.8084242,45,42,95
1771717603.8085866,45,42,95
1771717603.8087518,45,42,95
1771717603.8089159,45,42,96
1771717603.8090794,45,42,96
1771717603.809244,45,42,96
1771717603.8094115,45,42,96
1771717603.8095734,45,42,96
1771717603.8097365,45,42,96
1771717603.8098996,45,42,96
1771717603.8100612,45,42,96
1771717603.810225,45,42,96
1771717603.8103876,45,42,96
1771717603.8105502,45,42,96
1771717603.8107135,45,42,96
1771717603.810876,45,42,96
1771717603.8110383,45,42,96
1771717603.8112006,45,42,96
1771717603.8113678,45,42,96
1771717603.8115327,45,42,96
1771717603.8116982,45,42,96
1771717603.8118606,45,42,96
1771717603.8120227,45,42,96
1771717603.812189,45,42,96
1771717603.8123524,45,42,96
1771717603.8125162,45,42,96
1771717603.8126786,45,42,96
1771717603.8128908,45,42,96
1771717603.813068,45,42,96
1771717603.813232,45,42,97
1771717603.813401,45,42,97
1771717603.8135653,45,42,97
1771717603.813728,45,42,97
1771717603.8138905,45,42,97
1771717603.8140557,45,42,97
1771717603.814221,45,42,97
1771717603.8143828,45,42,97
1771717603.8145452,45,42,97
1771717603.8147078,45,42,97
1771717603.8148713,45,42,97
1771717603.8150342,45,42,97
1771717603.8151968,45,42,97
1771717603.817383,45,42,97
1771717603.8175507,45,42,97
1771717603.8178146,45,42,97
1771717603.81811,45,42,97
1771717603.818403,45,42,97
1771717603.8700173,45,42,97
1771717603.8702085,45,42,97
1771717603.870376,45,42,97
1771717603.8705704,45,42,97
1771717603.8707643,45,42,97
1771717603.8709393,45,42,97
1771717603.87111,45,42,97
1771717603.871273,45,42,97
1771717603.8714364,45,42,98
1771717603.8716002,45,42,98
1771717603.8717635,45,42,98
1771717603.871956,45,42,98
1771717603.8721218,45,42,98
1771717603.8722866,45,42,98
1771717603.872451,45,42,98
1771717603.8726165,45,42,98
1771717603.8727815,45,42,98
1771717603.8729565,45,42,98
1771717603.8731928,45,42,98
1771717603.8733585,45,42,98
1771717603.8735406,45,42,98
1771717603.8737316,45,42,98
1771717603.873908,45,42,98
1771717603.8740735,45,42,98
1771717603.8742392,45,42,98
1771717603.8744023,45,42,98
1771717603.874596,45,42,98
1771717603.8747983,45,42,98
1771717603.8750107,45,42,98
1771717603.8752155,45,42,98
1771717603.8753815,45,42,98
1771717603.875543,45,42,98
1771717603.8757043,45,42,99
1771717603.8758724,45,42,99
1771717603.876041,45,42,99
1771717603.8762445,45,42,99
1771717603.876437,45,42,99
1771717603.8765998,45,42,99
1771717603.876762,45,42,99
1771717603.876935,45,42,99
1771717603.877103,45,42,99
1771717603.8772655,45,42,99
1771717603.8774278,45,42,99
1771717603.8776033,45,42,99
1771717603.8777635,45,42,99
1771717603.877937,45,42,99
1771717603.878099,45,42,99
1771717603.8782604,45,42,99
1771717603.8784215,45,42,99
1771717603.8785818,45,42,99
1771717603.878768,45,42,99
1771717603.8789392,45,42,99
1771717603.8791058,45,42,99
1771717603.8792665,45,42,99
1771717603.8794281,45,42,99
1771717603.8795881,45,42,99
1771717603.8797488,45,42,99
1771717603.8799195,45,42,99
1771717603.8800955,45,42,100
1771717603.8802712,45,42,100
1771717603.8804462,45,42,100
1771717603.8806205,45,42,100
1771717603.8808198,45,42,100
1771717603.8810267,45,42,100
1771717603.8812063,45,42,100
1771717603.8813827,45,42,100
1771717603.8815582,45,42,100
1771717603.881748,45,42,100
1771717603.881948,45,42,100
1771717603.882126,45,42,100
1771717603.8828306,45,42,100
1771717603.8832326,45,42,100
1771717603.883577,45,42,100
1771717603.8838127,45,42,100
1771717603.8840714,45,42,100
1771717603.8871071,45,42,100
1771717603.887436,45,42,100
1771717603.887768,45,42,100
1771717603.888097,45,42,100
1771717603.8911774,45,42,100
1771717603.8914154,45,42,100
1771717603.8915987,45,42,101
1771717603.8917923,45,42,101
1771717603.8919709,45,42,101
1771717603.9499378,45,42,101
1771717603.9501648,45,42,101
1771717603.9503727,45,42,101
1771717603.9505548,45,42,101
1771717603.950738,45,42,101
1771717603.9509215,45,42,101
1771717603.9511032,45,42,101
1771717603.9512827,45,42,101
1771717603.9514663,45,42,101
1771717603.951644,45,42,101
1771717603.951821,45,42,101
1771717603.9519985,45,42,101
1771717603.952172,45,42,101
1771717603.9523504,45,42,101
1771717603.9525254,45,42,101
1771717603.9526992,45,42,101
1771717603.9528737,45,42,101
1771717603.95305,45,42,101
1771717603.953248,45,42,101
1771717603.9534595,45,42,101
1771717603.9536877,45,42,102
1771717603.9538703,45,42,102
1771717603.9540477,45,42,102
1771717603.9542458,45,42,102
1771717603.9544663,45,42,102
1771717603.9546716,45,42,102
1771717603.9549253,45,42,102
1771717603.9551082,45,42,102
1771717603.9552863,45,42,102
1771717603.9554622,45,42,102
1771717603.9556382,45,42,102
1771717603.9558117,45,42,102
1771717603.9559882,45,42,102
1771717603.9561636,45,42,102
1771717603.956419,45,42,102
1771717603.9566505,45,42,102
1771717603.9568388,45,42,102
1771717603.957025,45,42,102
1771717603.95721,45,42,102
1771717603.9573967,45,42,102
1771717603.957603,45,42,102
1771717603.95779,45,42,102
1771717603.9580042,45,42,102
1771717603.9581997,45,42,102
1771717603.9583852,45,42,103
1771717603.9585702,45,42,103
1771717603.9587557,45,42,103
1771717603.9589407,45,42,103
1771717603.9591253,45,42,103
1771717603.9593105,45,42,103
1771717603.9594948,45,42,103
1771717603.959679,45,42,103
1771717603.9598637,45,42,103
1771717603.96005,45,42,103
1771717603.9602375,45,42,103
1771717603.9604187,45,42,103
1771717603.9605987,45,42,103
1771717603.9607875,45,42,103
1771717603.9609644,45,42,103
1771717603.9611413,45,42,103
1771717603.9613194,45,42,103
1771717603.961498,45,42,103
1771717603.961719,45,42,103
1771717603.961919,45,42,103
1771717603.9621038,45,42,103
1771717603.9622822,45,42,103
1771717603.962463,45,42,104
1771717603.9626367,45,42,104
1771717603.9628112,45,42,104
1771717603.9629848,45,42,104
1771717603.9631586,45,42,104
1771717603.9633343,45,42,104
1771717603.9635084,45,42,104
1771717603.9636812,45,42,104
1771717603.9648123,45,42,104
1771717603.964987,45,42,104
1771717603.9651616,45,42,104
1771717603.9653387,45,42,104
1771717603.968998,45,42,104
1771717603.9693525,45,42,104
1771717603.9696994,45,42,104
1771717603.9700258,45,42,104
1771717603.9702063,45,42,104
1771717603.9733872,45,42,104
1771717603.9737337,45,42,104
1771717603.9741747,45,42,104
1771717603.9745,45,42,104
1771717603.9771917,45,42,104
1771717603.9773908,45,42,104
1771717603.9775703,45,42,104
1771717603.9777482,45,42,105
1771717603.9811277,45,42,105
1771717603.9813962,45,42,105
1771717603.9816208,45,42,105
1771717603.9818354,45,42,105
1771717603.9820423,45,42,105
1771717603.985381,45,42,105
1771717603.985575,45,42,105
1771717603.9857843,45,42,105
1771717603.9859667,45,42,105
1771717603.9894464,45,42,105
1771717603.9897916,45,42,105
1771717603.9901319,45,42,105
1771717603.9904506,45,42,105
1771717603.990633,45,42,105
1771717604.0435014,45,42,105
1771717604.0437098,45,42,105
1771717604.0438986,45,42,105
1771717604.0440824,45,42,105
1771717604.044287,45,42,105
1771717604.0444872,45,42,105
1771717604.0446708,45,42,105
1771717604.044854,45,42,105
1771717604.0450363,45,42,106
1771717604.045221,45,42,106
1771717604.0454452,45,42,106
1771717604.0456278,45,42,106
1771717604.0458527,45,42,106
1771717604.0460587,45,42,106
1771717604.046241,45,42,106
1771717604.0464318,45,42,106
1771717604.0466108,45,42,106
1771717604.0467932,45,42,106
1771717604.0469713,45,42,106
1771717604.04715,45,42,106
1771717604.0473266,45,42,106
1771717604.047503,45,42,106
1771717604.047679,45,42,106
1771717604.047856,45,42,106
1771717604.0480332,45,42,106
1771717604.0482187,45,42,106
1771717604.048433,45,42,106
1771717604.0486479,45,42,106
1771717604.0488303,45,42,106
1771717604.0490062,45,42,106
1771717604.049184,45,42,106
1771717604.0493577,45,42,107
1771717604.0495398,45,42,107
1771717604.0497148,45,42,107
1771717604.0498898,45,42,107
1771717604.050064,45,42,107
1771717604.0502372,45,42,107
1771717604.0504212,45,42,107
1771717604.0505958,45,42,107
1771717604.0507703,45,42,107
1771717604.0509431,45,42,107
1771717604.0511181,45,42,107
1771717604.0512924,45,42,107
1771717604.0514684,45,42,107
1771717604.051641,45,42,107
1771717604.0518162,45,42,107
1771717604.05199,45,42,107
1771717604.0521636,45,42,107
1771717604.052337,45,42,107
1771717604.0525165,45,42,107
1771717604.052689,45,42,107
1771717604.0528653,45,42,107
1771717604.0530384,45,42,107
1771717604.053216,45,42,107
1771717604.0533893,45,42,108
1771717604.0535634,45,42,108
1771717604.053739,45,42,108
1771717604.0539134,45,42,108
1771717604.0540872,45,42,108
1771717604.0542605,45,42,108
1771717604.0544405,45,42,108
1771717604.054615,45,42,108
1771717604.0547884,45,42,108
1771717604.0549622,45,42,108
1771717604.055135,45,42,108
1771717604.0553117,45,42,108
1771717604.0554845,45,42,108
1771717604.0556583,45,42,108
1771717604.0558438,45,42,108
1771717604.0560331,45,42,108
1771717604.1126673,45,42,108
1771717604.1128836,45,42,108
1771717604.1130705,45,42,108
1771717604.1132894,45,42,108
1771717604.113476,45,42,108
1771717604.1136568,45,42,108
1771717604.1138375,45,42,108
1771717604.1141458,45,42,109
1771717604.114367,45,42,109
1771717604.1145563,45,42,109
1771717604.1147351,45,42,109
1771717604.1149147,45,42,109
1771717604.1150959,45,42,109
1771717604.115282,45,42,109
1771717604.115463,45,42,109
1771717604.1156418,45,42,109
1771717604.1158228,45,42,109
1771717604.1160033,45,42,109
1771717604.1162665,45,42,109
1771717604.1164603,45,42,109
1771717604.1166394,45,42,109
1771717604.1168187,45,42,109
1771717604.116998,45,42,109
1771717604.117177,45,42,109
1771717604.1173701,45,42,109
1771717604.1175504,45,42,109
1771717604.1177304,45,42,109
1771717604.117911,45,42,109
1771717604.1180904,45,42,109
1771717604.1182694,45,42,109
1771717604.1184547,45,42,110
1771717604.1186345,45,42,110
1771717604.118835,45,42,110
1771717604.1190186,45,42,110
1771717604.1191971,45,42,110
1771717604.119399,45,42,110
1771717604.119618,45,42,110
1771717604.1197965,45,42,110
1771717604.1199768,45,42,110
1771717604.1201558,45,42,110
1771717604.1203537,45,42,110
1771717604.1205935,45,42,110
1771717604.1207755,45,42,110
1771717604.1209564,45,42,110
1771717604.121134,45,42,110
1771717604.1213129,45,42,110
1771717604.1215029,45,42,110
1771717604.1216831,45,42,110
1771717604.1218698,45,42,110
1771717604.122048,45,42,110
1771717604.1222346,45,42,110
1771717604.1224263,45,42,110
1771717604.1226056,45,42,110
1771717604.122785,45,42,110
1771717604.1229632,45,42,111
1771717604.1232004,45,42,111
1771717604.1234744,45,42,111
1771717604.1237695,45,42,111
1771717604.1240551,45,42,111
1771717604.124346,45,42,111
1771717604.1246414,45,42,111
1771717604.1248505,45,42,111
1771717604.1250713,45,42,111
1771717604.1252499,45,42,111
1771717604.1254263,45,42,111
1771717604.125605,45,42,111
1771717604.1257958,45,42,111
1771717604.125975,45,42,111
1771717604.126153,45,42,111
1771717604.126333,45,42,111
1771717604.126519,45,42,111
1771717604.1267283,45,42,111
1771717604.126929,45,42,111
1771717604.1271074,45,42,111
1771717604.128741,45,42,111
1771717604.1290185,45,42,111
1771717604.129244,45,42,112
1771717604.1294703,45,42,112
1771717604.1327474,45,42,112
1771717604.1330826,45,42,112
1771717604.1334507,45,42,112
1771717604.133785,45,42,112
1771717604.134153,45,42,112
1771717604.1369162,45,42,112
1771717604.1372633,45,42,112
1771717604.1376133,45,42,112
1771717604.1379466,45,42,112
1771717604.1409585,45,42,112
1771717604.1411655,45,42,112
1771717604.1413522,45,42,112
1771717604.1415374,45,42,112
1771717604.1449437,45,42,112
1771717604.1451616,45,42,112
1771717604.1453574,45,42,112
1771717604.1455486,45,42,112
1771717604.1457324,45,42,112
1771717604.1492221,45,42,112
1771717604.1498678,45,42,112
1771717604.150213,45,42,112
1771717604.1504467,45,42,112
1771717604.1532102,45,42,113
1771717604.153404,45,42,113
1771717604.1535883,45,42,113
1771717604.1537702,45,42,113
1771717604.153953,45,42,113
1771717604.2170758,45,42,113
1771717604.2174354,45,42,113
1771717604.2177083,45,42,113
1771717604.2179658,45,42,113
1771717604.2182364,45,42,113
1771717604.2184265,45,42,113
1771717604.21867,45,42,113
1771717604.2188747,45,42,113
1771717604.2190733,45,42,113
1771717604.2193394,45,42,113
1771717604.2195182,45,42,113
1771717604.2196982,45,42,113
1771717604.2198792,45,42,113
1771717604.2200608,45,42,113
1771717604.2202475,45,42,113
1771717604.220426,45,42,113
1771717604.2206044,45,42,113
1771717604.220783,45,42,113
1771717604.2209623,45,42,114
1771717604.2211456,45,42,114
1771717604.2213266,45,42,114
1771717604.2215037,45,42,114
1771717604.2216802,45,42,114
1771717604.221867,45,42,114
1771717604.2221308,45,42,114
1771717604.2223766,45,42,114
1771717604.222573,45,42,114
1771717604.2227502,45,42,114
1771717604.2229745,45,42,114
1771717604.2232535,45,42,114
1771717604.223489,45,42,114
1771717604.2237184,45,42,114
1771717604.223948,45,42,114
1771717604.2241929,45,42,114
1771717604.2244189,45,42,114
1771717604.2246623,45,42,114
1771717604.224847,45,42,114
1771717604.2250295,45,42,114
1771717604.2252102,45,42,114
1771717604.2253847,45,42,114
1771717604.2255592,45,43,255
1771717604.2257202,45,43,99
1771717604.22588,45,43,99
1771717604.226054,45,43,100
1771717604.2262416,45,43,100
1771717604.2264163,45,43,100
1771717604.2265909,45,43,100
1771717604.2267666,45,43,100
1771717604.2269475,45,43,100
1771717604.2271261,45,43,100
1771717604.2272997,45,43,100
1771717604.2274725,45,43,100
1771717604.2276454,45,43,100
1771717604.2278194,45,43,100
1771717604.227992,45,43,100
1771717604.22817,45,43,100
1771717604.2283437,45,43,100
1771717604.228516,45,43,100
1771717604.2286892,45,43,100
1771717604.2288628,45,43,100
1771717604.2290862,45,43,100
1771717604.229445,45,43,100
1771717604.2296746,45,43,100
1771717604.2299097,45,43,100
1771717604.230128,45,43,100
1771717604.230335,45,43,100
1771717604.23051,45,43,100
1771717604.2307012,45,43,100
1771717604.2308817,45,43,100
1771717604.2310748,45,43,100
1771717604.2312562,45,43,100
1771717604.2314293,45,43,100
1771717604.2316024,45,43,100
1771717604.2317808,45,43,100
1771717604.2319603,45,43,100
1771717604.2321405,45,43,100
1771717604.2323143,45,43,100
1771717604.2324913,45,43,100
1771717604.232667,45,43,100
1771717604.2328393,45,43,100
1771717604.2330143,45,43,100
1771717604.2332706,45,43,100
1771717604.2334492,45,43,100
1771717604.2351563,45,43,100
1771717604.235341,45,43,100
1771717604.2355204,45,43,100
1771717604.2357037,45,43,100
1771717604.239226,45,43,100
1771717604.2394185,45,43,100
1771717604.2396038,45,43,101
1771717604.239786,45,43,101
1771717604.2399673,45,43,101
1771717604.2974956,45,43,101
1771717604.2978077,45,43,101
1771717604.2979991,45,43,101
1771717604.2981837,45,43,101
1771717604.2983754,45,43,101
1771717604.2985582,45,43,101
1771717604.2987404,45,43,101
1771717604.298949,45,43,101
1771717604.2991323,45,43,101
1771717604.299319,45,43,101
1771717604.2995126,45,43,101
1771717604.2997036,45,43,101
1771717604.2998917,45,43,101
1771717604.3000906,45,43,101
1771717604.3002746,45,43,101
1771717604.300459,45,43,101
1771717604.3006434,45,43,101
1771717604.3008356,45,43,101
1771717604.3010187,45,43,101
1771717604.3012018,45,43,101
1771717604.3013992,45,43,101
1771717604.3016417,45,43,101
1771717604.3018267,45,43,101
1771717604.3020093,45,43,101
1771717604.3021908,45,43,101
1771717604.3023734,45,43,101
1771717604.3025541,45,43,101
1771717604.3027358,45,43,101
1771717604.302923,45,43,101
1771717604.303107,45,43,101
1771717604.3033698,45,43,101
1771717604.3035636,45,43,101
1771717604.303755,45,43,101
1771717604.3039434,45,43,101
1771717604.304122,45,43,101
1771717604.304302,45,43,101
1771717604.3044808,45,43,101
1771717604.3046587,45,43,101
1771717604.3048437,45,43,101
1771717604.3050215,45,43,101
1771717604.3052003,45,43,101
1771717604.3053796,45,43,101
1771717604.3055582,45,43,101
1771717604.305737,45,43,101
1771717604.3059168,45,43,102
1771717604.3060954,45,43,102
1771717604.3062756,45,43,102
1771717604.3065028,45,43,102
1771717604.3067598,45,43,102
1771717604.3070045,45,43,102
1771717604.3072329,45,43,102
1771717604.3074613,45,43,102
1771717604.3076935,45,43,102
1771717604.3079264,45,43,102
1771717604.308166,45,43,102
1771717604.3084137,45,43,102
1771717604.3086703,45,43,102
1771717604.3089468,45,43,102
1771717604.3092253,45,43,102
1771717604.309469,45,43,102
1771717604.3097198,45,43,102
1771717604.3099732,45,43,102
1771717604.3102295,45,43,102
1771717604.3104906,45,43,102
1771717604.3106754,45,43,102
1771717604.310875,45,43,102
1771717604.3110554,45,43,102
1771717604.3112364,45,43,102
1771717604.3114161,45,43,102
1771717604.3115938,45,43,102
1771717604.3117719,45,43,102
1771717604.3119564,45,43,102
1771717604.3121455,45,43,102
1771717604.3124487,45,43,102
1771717604.3131762,45,43,102
1771717604.3134286,45,43,102
1771717604.313697,45,43,102
1771717604.3139575,45,43,102
1771717604.3170545,45,43,102
1771717604.3173587,45,43,102
1771717604.317552,45,43,102
1771717604.3177419,45,43,102
1771717604.3179307,45,43,102
1771717604.3212814,45,43,102
1771717604.3215082,45,43,102
1771717604.3217235,45,43,102
1771717604.3219357,45,43,102
1771717604.3252888,45,43,102
1771717604.3254807,45,43,102
1771717604.3256989,45,43,102
1771717604.3258867,45,43,103
1771717604.3292937,45,43,103
1771717604.3295376,45,43,103
1771717604.3297267,45,43,103
1771717604.3299177,45,43,103
1771717604.3301158,45,43,103
1771717604.3334587,45,43,103
1771717604.333646,45,43,103
1771717604.333832,45,43,103
1771717604.3340254,45,43,103
1771717604.3375373,45,43,255
1771717604.3377385,45,43,15
1771717604.3380365,45,43,15
1771717604.3382235,45,43,15
1771717604.3383977,45,43,15
1771717604.341714,45,43,15
1771717604.3419282,45,43,15
1771717604.3421357,45,43,15
1771717604.3423316,45,43,15
1771717604.342531,45,43,15
1771717604.3458273,45,43,15
1771717604.346002,45,43,15
1771717604.3461668,45,43,15
1771717604.3463295,45,43,15
1771717604.346493,45,43,15
1771717604.3499346,45,43,15
1771717604.350234,45,43,15
1771717604.350531,45,43,15
1771717604.350714,45,43,15
1771717604.3538275,45,43,15
1771717604.3540366,45,43,15
1771717604.3542345,45,43,15
1771717604.3544059,45,43,15
1771717604.3545828,45,43,15
1771717604.3580077,45,43,15
1771717604.358307,45,43,15
1771717604.3586316,45,43,15
1771717604.3590558,45,43,15
1771717604.359941,45,43,15
1771717604.3621418,45,43,15
1771717604.3623405,45,43,15
1771717604.3625085,45,43,15
1771717604.3627064,45,43,15
1771717604.3629029,45,43,15
1771717604.3662446,45,43,15
1771717604.3664246,45,43,15
1771717604.366646,45,43,15
1771717604.36695,45,43,15
1771717604.367129,45,43,15
1771717604.3703363,45,43,15
1771717604.3705075,45,43,15
1771717604.370678,45,43,15
1771717604.370852,45,43,15
1771717604.3744173,45,43,15
1771717604.3749008,45,43,15
1771717604.3753417,45,43,15
1771717604.3757417,45,43,15
1771717604.3759234,45,43,15
1771717604.378557,45,43,15
1771717604.378898,45,43,15
1771717604.3792071,45,43,16
1771717604.379422,45,43,16
1771717604.3795896,45,42,16
1771717604.3826292,45,42,255
1771717604.3828413,45,42,31
1771717604.3830326,45,42,31
1771717604.3832066,45,42,31
1771717604.3834026,45,42,31
1771717604.3868856,45,42,31
1771717604.387211,45,42,31
1771717604.387519,45,42,31
1771717604.3877878,45,42,31
1771717604.3879528,45,42,31
1771717604.3909166,45,42,31
1771717604.3911552,45,42,31
1771717604.3913743,45,42,31
1771717604.3915443,45,42,31
1771717604.3948238,45,42,31
1771717604.3950593,45,42,31
1771717604.3952334,45,42,31
1771717604.3954208,45,42,31
1771717604.395591,45,42,31
1771717604.3989532,45,42,31
1771717604.3992658,45,42,31
1771717604.399598,45,42,31
1771717604.3998184,45,42,31
1771717604.399983,45,42,32
1771717604.4031856,45,42,32
1771717604.4034317,45,42,32
1771717604.403606,45,42,32
1771717604.403773,45,42,32
1771717604.4039378,45,42,32
1771717604.4073722,45,42,32
1771717604.4076915,45,42,32
1771717604.4079964,45,42,32
1771717604.4082136,45,42,32
1771717604.4083796,45,42,32
1771717604.41151,45,42,32
1771717604.4118314,45,42,32
1771717604.4121516,45,42,32
1771717604.41247,45,42,32
1771717604.4127703,45,42,32
1771717604.4804306,45,42,32
1771717604.4806368,45,42,32
1771717604.4808075,45,42,32
1771717604.4809752,45,42,32
1771717604.4811413,45,42,32
1771717604.4813063,45,42,32
1771717604.4814715,45,42,32
1771717604.4816487,45,42,32
1771717604.4818242,45,42,32
1771717604.4819899,45,42,32
1771717604.482156,45,42,33
1771717604.4823234,45,42,33
1771717604.482487,45,42,33
1771717604.4827602,45,42,33
1771717604.4830234,45,42,33
1771717604.4832904,45,42,33
1771717604.4835262,45,42,33
1771717604.483737,45,42,33
1771717604.4839087,45,42,33
1771717604.484072,45,42,33
1771717604.484234,45,42,33
1771717604.484398,45,42,33
1771717604.4845717,45,42,33
1771717604.4847379,45,42,33
1771717604.484901,45,42,33
1771717604.4850647,45,42,33
1771717604.4852276,45,42,33
1771717604.485389,45,42,33
1771717604.4855611,45,42,33
1771717604.4857235,45,42,33
1771717604.4858909,45,42,33
1771717604.4860544,45,42,33
1771717604.4862165,45,42,33
1771717604.4863791,45,42,33
1771717604.4865522,45,42,33
1771717604.4867153,45,42,33
1771717604.4868782,45,42,34
1771717604.4870408,45,42,34
1771717604.4872043,45,42,34
1771717604.4873676,45,42,34
1771717604.4875398,45,42,34
1771717604.4877064,45,42,34
1771717604.4878733,45,42,34
1771717604.4880373,45,42,34
1771717604.4882004,45,42,34
1771717604.4883618,45,42,34
1771717604.4885314,45,42,34
1771717604.4886966,45,42,34
1771717604.4888575,45,42,34
1771717604.4890194,45,42,34
1771717604.4891806,45,42,34
1771717604.4893425,45,42,34
1771717604.4895034,45,42,34
1771717604.4896727,45,42,34
1771717604.4898582,45,42,34
1771717604.4900208,45,42,34
1771717604.4901834,45,42,34
1771717604.4903455,45,42,34
1771717604.4905064,45,42,34
1771717604.4906788,45,42,34
1771717604.4908404,45,42,34
1771717604.4910026,45,42,35
1771717604.4911644,45,42,35
1771717604.491326,45,42,35
1771717604.491487,45,42,35
1771717604.4916584,45,42,35
1771717604.4918277,45,42,35
1771717604.4919891,45,42,35
1771717604.4921534,45,42,35
1771717604.4923193,45,42,35
1771717604.492482,45,42,35
1771717604.4926512,45,42,35
1771717604.4928136,45,42,35
1771717604.4929764,45,42,35
1771717604.4931383,45,42,35
1771717604.4933038,45,42,35
1771717604.4934654,45,42,35
1771717604.4936426,45,42,35
1771717604.49381,45,42,35
1771717604.493973,45,42,35
1771717604.4941363,45,42,35
1771717604.4943004,45,42,35
1771717604.4944625,45,42,35
1771717604.4946392,45,42,35
1771717604.4948032,45,42,35
1771717604.4949653,45,42,35
1771717604.4951303,45,42,36
1771717604.495294,45,42,36
1771717604.495457,45,42,36
1771717604.495626,45,42,36
1771717604.495795,45,42,36
1771717604.4959571,45,42,36
1771717604.496121,45,42,36
1771717604.4962852,45,42,36
1771717604.4964473,45,42,36
1771717604.496635,45,42,36
1771717604.4973164,45,42,36
1771717604.4974885,45,42,36
1771717604.497657,45,42,36
1771717604.4978242,45,42,36
1771717604.4979928,45,42,36
1771717604.553432,45,42,36
1771717604.553628,45,42,36
1771717604.5538192,45,42,36
1771717604.5539918,45,42,36
1771717604.5541615,45,42,36
1771717604.55433,45,42,36
1771717604.5544991,45,42,36
1771717604.5546856,45,42,36
1771717604.5548685,45,42,36
1771717604.555039,45,42,36
1771717604.5552065,45,42,37
1771717604.5553741,45,42,37
1771717604.55554,45,42,37
1771717604.5557058,45,42,37
1771717604.5558805,45,42,37
1771717604.5560446,45,42,37
1771717604.5562084,45,42,37
1771717604.5563717,45,42,37
1771717604.556538,45,42,37
1771717604.5567164,45,42,37
1771717604.5568926,45,42,37
1771717604.5570583,45,42,37
1771717604.557222,45,42,37
1771717604.5573857,45,42,37
1771717604.5575488,45,42,37
1771717604.5577135,45,42,37
1771717604.5578883,45,42,37
1771717604.5580535,45,42,37
1771717604.5582175,45,42,37
1771717604.5583804,45,42,37
1771717604.558545,45,42,37
1771717604.5588007,45,42,37
1771717604.5589867,45,42,37
1771717604.5591586,45,42,37
1771717604.559328,45,42,37
1771717604.5595098,45,42,37
1771717604.5596764,45,42,38
1771717604.5598476,45,42,38
1771717604.5600116,45,42,38
1771717604.5601766,45,42,38
1771717604.5603395,45,42,38
1771717604.5605142,45,42,38
1771717604.560677,45,42,38
1771717604.5609045,45,42,38
1771717604.5611637,45,42,38
1771717604.5613499,45,42,38
1771717604.5615547,45,42,38
1771717604.5618086,45,42,38
1771717604.5620668,45,42,38
1771717604.5623212,45,42,38
1771717604.5625923,45,42,38
1771717604.5628598,45,42,38
1771717604.563126,45,42,38
1771717604.5633883,45,42,38
1771717604.5635977,45,42,38
1771717604.5637627,45,42,38
1771717604.5639265,45,42,38
1771717604.5640886,45,42,38
1771717604.5642521,45,42,38
1771717604.5644143,45,42,38
1771717604.564587,45,42,38
1771717604.5647478,45,42,38
1771717604.5649085,45,42,39
1771717604.5650709,45,42,39
1771717604.5652392,45,42,39
1771717604.5654042,45,42,39
1771717604.565566,45,42,39
1771717604.565727,45,42,39
1771717604.5658891,45,42,39
1771717604.5660493,45,42,39
1771717604.5662103,45,42,39
1771717604.5663702,45,42,39
1771717604.566538,45,42,39
1771717604.5667005,45,42,39
1771717604.5668633,45,42,39
1771717604.5670433,45,42,39
1771717604.567203,45,42,39
1771717604.5673668,45,42,39
1771717604.5675278,45,42,39
1771717604.5676932,45,42,39
1771717604.5678544,45,42,39
1771717604.570994,45,42,39
1771717604.5711813,45,42,39
1771717604.5713546,45,42,39
1771717604.5715258,45,42,39
1771717604.5716946,45,42,39
1771717604.575125,45,42,39
1771717604.5753076,45,42,40
1771717604.575486,45,42,40
1771717604.5756607,45,42,40
1771717604.5759544,45,42,40
1771717604.5792131,45,42,40
1771717604.5793915,45,42,40
1771717604.5795615,45,42,40
1771717604.5797272,45,42,40
1771717604.5798898,45,42,40
1771717604.5832925,45,42,40
1771717604.5834646,45,42,40
1771717604.5836406,45,42,40
1771717604.5838106,45,42,40
1771717604.583994,45,42,40
1771717604.587462,45,42,40
1771717604.5876362,45,42,40
1771717604.5878015,45,42,40
1771717604.587967,45,42,40
1771717604.591418,45,42,40
1771717604.59172,45,42,40
1771717604.5918906,45,42,40
1771717604.5920553,45,42,40
1771717604.5922232,45,42,40
1771717604.5955453,45,42,40
1771717604.595726,45,42,40
1771717604.5958982,45,42,41
1771717604.5960677,45,42,41
1771717604.5962622,45,42,41
1771717604.5996523,45,42,41
1771717604.5998223,45,42,41
1771717604.5999906,45,42,41
1771717604.6001594,45,42,41
1771717604.600325,45,42,41
1771717604.6038585,45,42,41
1771717604.6041448,45,42,41
1771717604.6044295,45,42,41
1771717604.604725,45,42,41
1771717604.604964,45,42,41
1771717604.6081321,45,42,41
1771717604.6084425,45,42,41
1771717604.608633,45,42,41
1771717604.6088047,45,42,41
1771717604.6089802,45,42,41
1771717604.6689873,45,42,41
1771717604.669429,45,42,41
1771717604.669721,45,42,41
1771717604.6699061,45,42,41
1771717604.6700754,45,42,41
1771717604.6702397,45,42,41
1771717604.6704068,45,42,41
1771717604.6705728,45,42,41
1771717604.6707408,45,42,42
1771717604.6709101,45,42,42
1771717604.6710749,45,42,42
1771717604.6712408,45,42,42
1771717604.6714041,45,42,42
1771717604.6715689,45,42,42
1771717604.6717348,45,42,42
1771717604.6719055,45,42,42
1771717604.6720695,45,42,42
1771717604.672234,45,42,42
1771717604.672399,45,42,42
1771717604.6725614,45,42,42
1771717604.6727233,45,42,42
1771717604.6728876,45,42,42
1771717604.6730487,45,42,42
1771717604.6732185,45,42,42
1771717604.673383,45,42,42
1771717604.6735487,45,42,42
1771717604.6737106,45,42,42
1771717604.674012,45,42,42
1771717604.674203,45,42,42
1771717604.674372,45,42,42
1771717604.6745362,45,42,42
1771717604.6747003,45,42,42
1771717604.674863,45,42,42
1771717604.675026,45,42,43
1771717604.6751888,45,42,43
1771717604.6753497,45,42,43
1771717604.6755116,45,42,43
1771717604.6756866,45,42,43
1771717604.6758478,45,42,43
1771717604.676009,45,42,43
1771717604.6761706,45,42,43
1771717604.6763628,45,42,43
1771717604.6765924,45,42,43
1771717604.6767576,45,42,43
1771717604.6769238,45,42,43
1771717604.67709,45,42,43
1771717604.677353,45,42,43
1771717604.677551,45,42,43
1771717604.6777174,45,42,43
1771717604.6778853,45,42,43
1771717604.6780598,45,42,43
1771717604.6782334,45,42,43
1771717604.678398,45,42,43
1771717604.678565,45,42,43
1771717604.67873,45,42,43
1771717604.6788955,45,42,43
1771717604.6790614,45,42,43
1771717604.6792276,45,42,43
1771717604.6793954,45,42,43
1771717604.6795683,45,42,44
1771717604.6797342,45,42,44
1771717604.6799006,45,42,44
1771717604.6800668,45,42,44
1771717604.680236,45,42,44
1771717604.6804028,45,42,44
1771717604.6805725,45,42,44
1771717604.68074,45,42,44
1771717604.6809065,45,42,44
1771717604.6810732,45,42,44
1771717604.6812406,45,42,44
1771717604.6814075,45,42,44
1771717604.6816075,45,42,44
1771717604.6817725,45,42,44
1771717604.68194,45,42,44
1771717604.6821055,45,42,44
1771717604.6822712,45,42,44
1771717604.6824389,45,42,44
1771717604.6826084,45,42,44
1771717604.6827743,45,42,44
1771717604.6829388,45,42,44
1771717604.6831024,45,42,44
1771717604.6832685,45,42,44
1771717604.6834328,45,42,44
1771717604.68369,45,42,44
1771717604.683855,45,42,45
1771717604.6840203,45,42,45
1771717604.6857352,45,42,45
1771717604.6859615,45,42,45
1771717604.6862195,45,42,45
1771717604.6865103,45,42,45
1771717604.6867251,45,42,45
1771717604.689954,45,42,45
1771717604.690149,45,42,45
1771717604.6903245,45,42,45
1771717604.6905022,45,42,45
1771717604.6906703,45,42,45
1771717604.6942353,45,42,45
1771717604.69458,45,42,45
1771717604.6948705,45,42,45
1771717604.695041,45,42,45
1771717604.695209,45,42,45
1771717604.749726,45,42,45
1771717604.7499232,45,42,45
1771717604.7500982,45,42,45
1771717604.750272,45,42,45
1771717604.7504435,45,42,45
1771717604.7506132,45,42,45
1771717604.750783,45,42,45
1771717604.7509518,45,42,45
1771717604.7511353,45,42,45
1771717604.7513046,45,42,46
1771717604.7514749,45,42,46
1771717604.7516448,45,42,46
1771717604.7518158,45,42,46
1771717604.7519853,45,42,46
1771717604.752157,45,42,46
1771717604.7523255,45,42,46
1771717604.7524967,45,42,46
1771717604.7526681,45,42,46
1771717604.7528381,45,42,46
1771717604.7530901,45,42,46
1771717604.7532604,45,42,46
1771717604.75345,45,42,46
1771717604.7536187,45,42,46
1771717604.7537901,45,42,46
1771717604.7539604,45,42,46
1771717604.7541304,45,42,46
1771717604.7543018,45,42,46
1771717604.7544723,45,42,46
1771717604.7546408,45,42,46
1771717604.7548075,45,42,46
1771717604.7550468,45,42,46
1771717604.7554789,45,42,46
1771717604.7558131,45,42,46
1771717604.7561111,45,42,46
1771717604.756282,45,42,47
1771717604.75645,45,42,47
1771717604.7566485,45,42,47
1771717604.7568257,45,42,47
1771717604.7569897,45,42,47
1771717604.7571547,45,42,47
1771717604.7573192,45,42,47
1771717604.757485,45,42,47
1771717604.7576494,45,42,47
1771717604.7578156,45,42,47
1771717604.7579806,45,42,47
1771717604.7581472,45,42,47
1771717604.7583132,45,42,47
1771717604.7584972,45,42,47
1771717604.7586596,45,42,47
1771717604.7588263,45,42,47
1771717604.7589874,45,42,47
1771717604.7591486,45,42,47
1771717604.759312,45,42,47
1771717604.7594721,45,42,47
1771717604.7596319,45,42,47
1771717604.759795,45,42,47
1771717604.7599545,45,42,47
1771717604.7601147,45,42,47
1771717604.7602763,45,42,47
1771717604.7604358,45,42,48
1771717604.760598,45,42,48
1771717604.760765,45,42,48
1771717604.7609255,45,42,48
1771717604.7610867,45,42,48
1771717604.7612467,45,42,48
1771717604.7614102,45,42,48
1771717604.7615716,45,42,48
1771717604.7617297,45,42,48
1771717604.7618883,45,42,48
1771717604.7621121,45,42,48
1771717604.762361,45,42,48
1771717604.7625294,45,42,48
1771717604.7626894,45,42,48
1771717604.762866,45,42,48
1771717604.7630262,45,42,48
1771717604.7631898,45,42,48
1771717604.7633493,45,42,48
1771717604.815693,45,42,48
1771717604.8158734,45,42,48
1771717604.8160408,45,42,48
1771717604.8162184,45,42,48
1771717604.816388,45,42,48
1771717604.816555,45,42,48
1771717604.8167694,45,42,48
1771717604.8169477,45,42,48
1771717604.8171144,45,42,49
1771717604.817281,45,42,49
1771717604.8174484,45,42,49
1771717604.8176143,45,42,49
1771717604.8177788,45,42,49
1771717604.8179438,45,42,49
1771717604.818119,45,42,49
1771717604.8182847,45,42,49
1771717604.8184502,45,42,49
1771717604.8186178,45,42,49
1771717604.8187819,45,42,49
1771717604.8189504,45,42,49
1771717604.819114,45,42,49
1771717604.8192759,45,42,49
1771717604.8194373,45,42,49
1771717604.8195987,45,42,49
1771717604.8197596,45,42,49
1771717604.8199232,45,42,49
1771717604.820086,45,42,49
1771717604.8202481,45,42,49
1771717604.8204095,45,42,49
1771717604.8205733,45,42,49
1771717604.8207598,45,42,49
1771717604.8210044,45,42,49
1771717604.8212006,45,42,49
1771717604.8213618,45,42,49
1771717604.8215222,45,42,50
1771717604.8216827,45,42,50
1771717604.8218493,45,42,50
1771717604.8220434,45,42,50
1771717604.8222044,45,42,50
1771717604.822384,45,42,50
1771717604.822549,45,42,50
1771717604.8227136,45,42,50
1771717604.8228757,45,42,50
1771717604.8232071,45,42,50
1771717604.8233974,45,42,50
1771717604.8235593,45,42,50
1771717604.8237207,45,42,50
1771717604.8238807,45,42,50
1771717604.8240912,45,42,50
1771717604.824299,45,42,50
1771717604.8244636,45,42,50
1771717604.8246267,45,42,50
1771717604.8247993,45,42,50
1771717604.8250825,45,42,50
1771717604.8254216,45,42,50
1771717604.8256269,45,42,50
1771717604.8258023,45,42,50
1771717604.8259706,45,42,50
1771717604.826136,45,42,50
1771717604.8263018,45,42,51
1771717604.8264675,45,42,51
1771717604.8266327,45,42,51
1771717604.8268082,45,42,51
1771717604.8269727,45,42,51
1771717604.8271372,45,42,51
1771717604.8273041,45,42,51
1771717604.8274689,45,42,51
1771717604.8276684,45,42,51
1771717604.8278325,45,42,51
1771717604.8279967,45,42,51
1771717604.8281765,45,42,51
1771717604.8284585,45,42,51
1771717604.828626,45,42,51
1771717604.828797,45,42,51
1771717604.829003,45,42,51
1771717604.8292572,45,42,51
1771717604.8294246,45,42,51
1771717604.8295975,45,42,51
1771717604.8297632,45,42,51
1771717604.8299286,45,42,51
1771717604.8300955,45,42,51
1771717604.8331995,45,42,51
1771717604.8335667,45,42,51
1771717604.8338685,45,42,51
1771717604.8341684,45,42,52
1771717604.8343458,45,42,52
1771717604.837335,45,42,52
1771717604.8376553,45,42,52
1771717604.8379602,45,42,52
1771717604.8382523,45,42,52
1771717604.8385456,45,42,52
1771717604.841395,45,42,52
1771717604.8415692,45,42,52
1771717604.8417473,45,42,52
1771717604.8419104,45,42,52
1771717604.8420718,45,42,52
1771717604.8456402,45,42,52
1771717604.8459513,45,42,52
1771717604.8461862,45,42,52
1771717604.846382,45,42,52
1771717604.846544,45,42,52
1771717604.84975,45,42,52
1771717604.8500698,45,42,52
1771717604.850381,45,42,52
1771717604.8506806,45,42,52
1771717604.8536239,45,42,52
1771717604.854002,45,42,52
1771717604.8543155,45,42,52
1771717604.8545508,45,42,52
1771717604.8547146,45,42,52
1771717604.857806,45,42,53
1771717604.8580892,45,42,53
1771717604.8583295,45,42,53
1771717604.8584983,45,42,53
1771717604.858673,45,42,53
1771717604.861941,45,42,53
1771717604.8622458,45,42,53
1771717604.862535,45,42,53
1771717604.8628194,45,42,53
1771717604.863019,45,42,53
1771717604.8660703,45,42,53
1771717604.8663876,45,42,53
1771717604.866579,45,42,53
1771717604.8667407,45,42,53
1771717604.866908,45,42,53
1771717604.870238,45,42,53
1771717604.8705416,45,42,53
1771717604.8708432,45,42,53
1771717604.8711274,45,42,53
1771717604.8740094,45,42,53
1771717604.8742156,45,42,53
1771717604.8743815,45,42,53
1771717604.8745437,45,42,53
1771717604.8747041,45,42,53
1771717604.8780951,45,42,53
1771717604.8782673,45,42,54
1771717604.878432,45,42,54
1771717604.8785973,45,42,54
1771717604.878768,45,42,54
1771717604.8822262,45,42,54
1771717604.882401,45,42,54
1771717604.8825653,45,42,54
1771717604.88273,45,42,54
1771717604.8829005,45,42,54
1771717604.886472,45,42,54
1771717604.8867905,45,42,54
1771717604.886985,45,42,54
1771717604.8872929,45,42,54
1771717604.8874779,45,42,54
1771717604.890651,45,42,54
1771717604.8909583,45,42,54
1771717604.891247,45,42,54
1771717604.8915339,45,42,54
1771717604.8917422,45,42,54
1771717604.9460912,45,42,54
1771717604.9462857,45,42,54
1771717604.9464734,45,42,54
1771717604.9466426,45,42,54
1771717604.9468114,45,42,54
1771717604.9469807,45,42,54
1771717604.9471636,45,42,54
1771717604.9473314,45,42,55
1771717604.9475098,45,42,55
1771717604.9477289,45,42,55
1771717604.947895,45,42,55
1771717604.9480593,45,42,55
1771717604.9482257,45,42,55
1771717604.9484143,45,42,55
1771717604.948581,45,42,55
1771717604.9487453,45,42,55
1771717604.9489088,45,42,55
1771717604.9490752,45,42,55
1771717604.949245,45,42,55
1771717604.9494195,45,42,55
1771717604.949582,45,42,55
1771717604.9497468,45,42,55
1771717604.9499106,45,42,55
1771717604.9500723,45,42,55
1771717604.9502347,45,42,55
1771717604.9504998,45,42,55
1771717604.950766,45,42,55
1771717604.950963,45,42,55
1771717604.951147,45,42,55
1771717604.951379,45,42,55
1771717604.9515467,45,42,55
1771717604.9517128,45,42,55
1771717604.9519243,45,42,56
1771717604.952115,45,42,56
1771717604.9522924,45,42,56
1771717604.9524643,45,42,56
1771717604.9526334,45,42,56
1771717604.9527993,45,42,56
1771717604.952966,45,42,56
1771717604.9531488,45,42,56
1771717604.9533167,45,42,56
1771717604.9534898,45,42,56
1771717604.9536572,45,42,56
1771717604.9538255,45,42,56
1771717604.9539926,45,42,56
1771717604.95416,45,42,56
1771717604.9543276,45,42,56
1771717604.9545062,45,42,56
1771717604.9546747,45,42,56
1771717604.9548411,45,42,56
1771717604.955008,45,42,56
1771717604.9551756,45,42,56
1771717604.9553463,45,42,56
1771717604.9555125,45,42,56
1771717604.9556794,45,42,56
1771717604.9558475,45,42,56
1771717604.9560432,45,42,56
1771717604.9562097,45,42,56
1771717604.9564183,45,42,57
1771717604.9566507,45,42,57
1771717604.9568307,45,42,57
1771717604.956994,45,42,57
1771717604.9571574,45,42,57
1771717604.957364,45,42,57
1771717604.9575315,45,42,57
1771717604.9576986,45,42,57
1771717604.957866,45,42,57
1771717604.9580312,45,42,57
1771717604.9581969,45,42,57
1771717604.958415,45,42,57
1771717604.9586124,45,42,57
1771717604.9587765,45,42,57
1771717604.9589403,45,42,57
1771717604.9591148,45,42,57
1771717604.9592779,45,42,57
1771717604.9594862,45,42,57
1771717604.9596503,45,42,57
1771717605.016849,45,42,57
1771717605.01704,45,42,57
1771717605.0173786,45,42,57
1771717605.0175557,45,42,57
1771717605.0177295,45,42,57
1771717605.0179281,45,42,57
1771717605.018122,45,42,58
1771717605.0182936,45,42,58
1771717605.018477,45,42,58
1771717605.01865,45,42,58
1771717605.0188236,45,42,58
1771717605.018998,45,42,58
1771717605.019168,45,42,58
1771717605.0193408,45,42,58
1771717605.0195215,45,42,58
1771717605.0196917,45,42,58
1771717605.0198615,45,42,58
1771717605.0200884,45,42,58
1771717605.0202565,45,42,58
1771717605.020437,45,42,58
1771717605.020605,45,42,58
1771717605.0207732,45,42,58
1771717605.0209432,45,42,58
1771717605.0211108,45,42,58
1771717605.0212767,45,42,58
1771717605.0214875,45,42,58
1771717605.021656,45,42,58
1771717605.0218232,45,42,58
1771717605.0219915,45,42,58
1771717605.022166,45,42,58
1771717605.022333,45,42,58
1771717605.0225108,45,42,59
1771717605.0226774,45,42,59
1771717605.0228465,45,42,59
1771717605.023167,45,42,59
1771717605.0233557,45,42,59
1771717605.0236802,45,42,59
1771717605.0238473,45,42,59
1771717605.0240307,45,42,59
1771717605.024198,45,42,59
1771717605.024401,45,42,59
1771717605.0246377,45,42,59
1771717605.0248048,45,42,59
1771717605.024971,45,42,59
1771717605.025138,45,42,59
1771717605.025303,45,42,59
1771717605.0254805,45,42,59
1771717605.02568,45,42,59
1771717605.0258462,45,42,59
1771717605.0260136,45,42,59
1771717605.0261858,45,42,59
1771717605.0263572,45,42,59
1771717605.0265298,45,42,59
1771717605.0266962,45,42,59
1771717605.0268617,45,42,59
1771717605.0270262,45,42,59
1771717605.0271904,45,42,59
1771717605.0273619,45,42,60
1771717605.0275335,45,42,60
1771717605.0276988,45,42,60
1771717605.0278637,45,42,60
1771717605.0280333,45,42,60
1771717605.0281985,45,42,60
1771717605.028374,45,42,60
1771717605.0285408,45,42,60
1771717605.0287077,45,42,60
1771717605.0288727,45,42,60
1771717605.0290382,45,42,60
1771717605.029203,45,42,60
1771717605.0293841,45,42,60
1771717605.0296202,45,42,60
1771717605.0298536,45,42,60
1771717605.030014,45,42,60
1771717605.0301862,45,42,60
1771717605.03035,45,42,60
1771717605.0305266,45,42,60
1771717605.0307436,45,42,60
1771717605.0309803,45,42,60
1771717605.0311425,45,42,60
1771717605.0313036,45,42,60
1771717605.0314775,45,42,60
1771717605.0317247,45,42,60
1771717605.0318902,45,42,60
1771717605.0320635,45,42,61
1771717605.032228,45,42,61
1771717605.032404,45,42,61
1771717605.033943,45,42,61
1771717605.0342572,45,42,61
1771717605.0345457,45,42,61
1771717605.03471,45,42,61
1771717605.0348716,45,42,61
1771717605.038086,45,42,61
1771717605.038409,45,42,61
1771717605.0387187,45,42,61
1771717605.03904,45,42,61
1771717605.039307,45,42,61
1771717605.0422492,45,42,61
1771717605.042559,45,42,61
1771717605.0428536,45,42,61
1771717605.043016,45,42,61
1771717605.0431774,45,42,61
1771717605.0463767,45,42,61
1771717605.0465949,45,42,61
1771717605.046759,45,42,61
1771717605.0469203,45,42,61
1771717605.050163,45,42,61
1771717605.0505598,45,42,61
1771717605.0508683,45,42,61
1771717605.0511725,45,42,62
1771717605.0513802,45,42,62
1771717605.054404,45,42,62
1771717605.0547183,45,42,62
1771717605.054943,45,42,62
1771717605.055104,45,42,62
1771717605.055264,45,42,62
1771717605.0585425,45,42,62
1771717605.0588667,45,42,62
1771717605.0591729,45,42,62
1771717605.0594847,45,42,62
1771717605.0597525,45,42,62
1771717605.0626097,45,42,62
1771717605.0627825,45,42,62
1771717605.0629473,45,42,62
1771717605.0631073,45,42,62
1771717605.0632718,45,42,62
1771717605.0668466,45,42,62
1771717605.0671544,45,42,62
1771717605.0674465,45,42,62
1771717605.0677402,45,42,62
1771717605.0706527,45,42,62
1771717605.0710273,45,42,62
1771717605.0713344,45,42,62
1771717605.0716531,45,42,62
1771717605.071819,45,42,63
1771717605.074832,45,42,63
1771717605.0751421,45,42,63
1771717605.0753658,45,42,63
1771717605.07554,45,42,63
1771717605.0757022,45,42,63
1771717605.0788693,45,42,63
1771717605.0790422,45,42,63
1771717605.0792065,45,42,63
1771717605.079367,45,42,63
1771717605.0795293,45,42,63
1771717605.0829477,45,42,63
1771717605.0831168,45,42,63
1771717605.0833297,45,42,63
1771717605.0834947,45,42,63
1771717605.083659,45,42,63
1771717605.0871675,45,42,63
1771717605.087464,45,42,63
1771717605.0877624,45,42,63
1771717605.088065,45,42,63
1771717605.0883632,45,42,63
1771717605.140748,45,42,63
1771717605.140931,45,42,63
1771717605.1410973,45,42,63
1771717605.1412594,45,42,63
1771717605.1414235,45,42,63
1771717605.1415868,45,42,64
1771717605.141748,45,42,64
1771717605.1419098,45,42,64
1771717605.1420727,45,42,64
1771717605.14225,45,42,64
1771717605.1424112,45,42,64
1771717605.1425738,45,42,64
1771717605.142735,45,42,64
1771717605.1428964,45,42,64
1771717605.1430569,45,42,64
1771717605.1432192,45,42,64
1771717605.1433785,45,42,64
1771717605.1435397,45,42,64
1771717605.1437616,45,42,64
1771717605.1439219,45,42,64
1771717605.144083,45,42,64
1771717605.1442502,45,42,64
1771717605.1444118,45,42,64
1771717605.1445735,45,42,64
1771717605.1447344,45,42,64
1771717605.1448958,45,42,64
1771717605.1450565,45,42,64
1771717605.1452165,45,42,64
1771717605.1453764,45,42,64
1771717605.1455379,45,42,64
1771717605.145699,45,42,65
1771717605.1458585,45,42,65
1771717605.1460202,45,42,65
1771717605.1461856,45,42,65
1771717605.1463473,45,42,65
1771717605.1465073,45,42,65
1771717605.146667,45,42,65
1771717605.146828,45,42,65
1771717605.1469893,45,42,65
1771717605.1471498,45,42,65
1771717605.1473107,45,42,65
1771717605.1474714,45,42,65
1771717605.147633,45,42,65
1771717605.1477964,45,42,65
1771717605.1479578,45,42,65
1771717605.1481254,45,42,65
1771717605.148287,45,42,65
1771717605.1484478,45,42,65
1771717605.1486084,45,42,65
1771717605.1487694,45,42,65
1771717605.1489296,45,42,65
1771717605.14909,45,42,65
1771717605.1492503,45,42,65
1771717605.1494107,45,42,65
1771717605.1495717,45,42,65
1771717605.1497326,45,42,65
1771717605.1498969,45,42,66
1771717605.150058,45,42,66
1771717605.150224,45,42,66
1771717605.1503859,45,42,66
1771717605.1505482,45,42,66
1771717605.1507115,45,42,66
1771717605.150873,45,42,66
1771717605.1510327,45,42,66
1771717605.1511924,45,42,66
1771717605.151355,45,42,66
1771717605.1515172,45,42,66
1771717605.1516788,45,42,66
1771717605.1518404,45,42,66
1771717605.1520026,45,42,66
1771717605.1521678,45,42,66
1771717605.1523283,45,42,66
1771717605.152669,45,42,66
1771717605.1528459,45,42,66
1771717605.153014,45,42,66
1771717605.153198,45,42,66
1771717605.1533597,45,42,66
1771717605.207131,45,42,66
1771717605.2073216,45,42,66
1771717605.2074902,45,42,66
1771717605.2076592,45,42,66
1771717605.2078261,45,42,67
1771717605.2079952,45,42,67
1771717605.2081997,45,42,67
1771717605.2083735,45,42,67
1771717605.2085388,45,42,67
1771717605.2087064,45,42,67
1771717605.2088735,45,42,67
1771717605.20904,45,42,67
1771717605.209207,45,42,67
1771717605.2093713,45,42,67
1771717605.2095351,45,42,67
1771717605.2097,45,42,67
1771717605.2099195,45,42,67
1771717605.2100933,45,42,67
1771717605.210258,45,42,67
1771717605.2104204,45,42,67
1771717605.2105834,45,42,67
1771717605.2107475,45,42,67
1771717605.2109094,45,42,67
1771717605.2110784,45,42,67
1771717605.2112405,45,42,67
1771717605.2114604,45,42,67
1771717605.2116857,45,42,67
1771717605.2118506,45,42,67
1771717605.2120159,45,42,67
1771717605.2121856,45,42,67
1771717605.2124405,45,42,68
1771717605.2126067,45,42,68
1771717605.2127762,45,42,68
1771717605.2129421,45,42,68
1771717605.2131078,45,42,68
1771717605.2132726,45,42,68
1771717605.2134671,45,42,68
1771717605.2136307,45,42,68
1771717605.2137938,45,42,68
1771717605.2139907,45,42,68
1771717605.2141633,45,42,68
1771717605.2143333,45,42,68
1771717605.2145002,45,42,68
1771717605.214668,45,42,68
1771717605.2148356,45,42,68
1771717605.2150028,45,42,68
1771717605.2151709,45,42,68
1771717605.2153409,45,42,68
1771717605.2155082,45,42,68
1771717605.215674,45,42,68
1771717605.2158406,45,42,68
1771717605.2160227,45,42,68
1771717605.2161942,45,42,68
1771717605.2163596,45,42,68
1771717605.2165246,45,42,68
1771717605.2166884,45,42,69
1771717605.2168512,45,42,69
1771717605.2172263,45,42,69
1771717605.2175434,45,42,69
1771717605.217839,45,42,69
1771717605.218129,45,42,69
1771717605.2182915,45,42,69
1771717605.218457,45,42,69
1771717605.2186208,45,42,69
1771717605.2188804,45,42,69
1771717605.2190652,45,42,69
1771717605.2192333,45,42,69
1771717605.2194152,45,42,69
1771717605.2196114,45,42,69
1771717605.2198052,45,42,69
1771717605.220004,45,42,69
1771717605.2201984,45,42,69
1771717605.2204032,45,42,69
1771717605.2206035,45,42,69
1771717605.220766,45,42,69
1771717605.2209322,45,42,69
1771717605.2210946,45,42,69
1771717605.2733183,45,42,69
1771717605.2735217,45,42,69
1771717605.273693,45,42,69
1771717605.2738645,45,42,70
1771717605.2740521,45,42,70
1771717605.2742217,45,42,70
1771717605.2744,45,42,70
1771717605.2745812,45,42,70
1771717605.2747493,45,42,70
1771717605.2749252,45,42,70
1771717605.2750957,45,42,70
1771717605.2752645,45,42,70
1771717605.2754319,45,42,70
1771717605.2756,45,42,70
1771717605.2757666,45,42,70
1771717605.2759435,45,42,70
1771717605.2761102,45,42,70
1771717605.2762787,45,42,70
1771717605.276447,45,42,70
1771717605.2766216,45,42,70
1771717605.2767885,45,42,70
1771717605.2770321,45,42,70
1771717605.277197,45,42,70
1771717605.2773614,45,42,70
1771717605.2775245,45,42,70
1771717605.277688,45,42,70
1771717605.277853,45,42,70
1771717605.2780306,45,42,70
1771717605.2781973,45,42,70
1771717605.2783656,45,42,71
1771717605.2785385,45,42,71
1771717605.2787027,45,42,71
1771717605.2788703,45,42,71
1771717605.2791178,45,42,71
1771717605.2793577,45,42,71
1771717605.2795968,45,42,71
1771717605.279833,45,42,71
1771717605.2800412,45,42,71
1771717605.2802038,45,42,71
1771717605.2803655,45,42,71
1771717605.2805374,45,42,71
1771717605.2806978,45,42,71
1771717605.2808583,45,42,71
1771717605.281032,45,42,71
1771717605.2811933,45,42,71
1771717605.2813537,45,42,71
1771717605.2815146,45,42,71
1771717605.2816765,45,42,71
1771717605.2818372,45,42,71
1771717605.2820094,45,42,71
1771717605.28217,45,42,71
1771717605.282331,45,42,71
1771717605.2824996,45,42,71
1771717605.2826624,45,42,71
1771717605.2828243,45,42,71
1771717605.2829967,45,42,72
1771717605.283158,45,42,72
1771717605.2833204,45,42,72
1771717605.2834818,45,42,72
1771717605.2836432,45,42,72
1771717605.2838025,45,42,72
1771717605.2839756,45,42,72
1771717605.2841387,45,42,72
1771717605.2843137,45,42,72
1771717605.2844756,45,42,72
1771717605.284641,45,42,72
1771717605.284802,45,42,72
1771717605.284972,45,42,72
1771717605.2851338,45,42,72
1771717605.2852964,45,42,72
1771717605.2854583,45,42,72
1771717605.2856212,45,42,72
1771717605.2857811,45,42,72
1771717605.2859528,45,42,72
1771717605.2861173,45,42,72
1771717605.2862859,45,42,72
1771717605.2864468,45,42,72
1771717605.3425229,45,42,72
1771717605.3427505,45,42,72
1771717605.3429205,45,42,72
1771717605.3430855,45,42,73
1771717605.343251,45,42,73
1771717605.343415,45,42,73
1771717605.3435967,45,42,73
1771717605.3437662,45,42,73
1771717605.343937,45,42,73
1771717605.3441024,45,42,73
1771717605.344265,45,42,73
1771717605.3444283,45,42,73
1771717605.3445914,45,42,73
1771717605.3447645,45,42,73
1771717605.3449254,45,42,73
1771717605.3450868,45,42,73
1771717605.3452485,45,42,73
1771717605.34541,45,42,73
1771717605.3455734,45,42,73
1771717605.345738,45,42,73
1771717605.3458998,45,42,73
1771717605.3460603,45,42,73
1771717605.3462224,45,42,73
1771717605.3463826,45,42,73
1771717605.3465426,45,42,73
1771717605.3467054,45,42,73
1771717605.3468657,45,42,73
1771717605.3470328,45,42,73
1771717605.3471923,45,42,74
1771717605.3473516,45,42,74
1771717605.347511,45,42,74
1771717605.3476744,45,42,74
1771717605.3478336,45,42,74
1771717605.3479936,45,42,74
1771717605.348153,45,42,74
1771717605.3483112,45,42,74
1771717605.3484724,45,42,74
1771717605.3486316,45,42,74
1771717605.3487942,45,42,74
1771717605.3489528,45,42,74
1771717605.349113,45,42,74
1771717605.3492725,45,42,74
1771717605.3494318,45,42,74
1771717605.3495905,45,42,74
1771717605.3497539,45,42,74
1771717605.3499246,45,42,74
1771717605.3501298,45,42,74
1771717605.350297,45,42,74
1771717605.350467,45,42,74
1771717605.3506317,45,42,74
1771717605.3508058,45,42,74
1771717605.350969,45,42,74
1771717605.351133,45,42,74
1771717605.3512983,45,42,75
1771717605.3514633,45,42,75
1771717605.3516264,45,42,75
1771717605.3517942,45,42,75
1771717605.3519626,45,42,75
1771717605.3521254,45,42,75
1771717605.3522897,45,42,75
1771717605.3524532,45,42,75
1771717605.3526163,45,42,75
1771717605.3528507,45,42,75
1771717605.3530147,45,42,75
1771717605.3531823,45,42,75
1771717605.353348,45,42,75
1771717605.353512,45,42,75
1771717605.3536801,45,42,75
1771717605.3538442,45,42,75
1771717605.354012,45,42,75
1771717605.3541768,45,42,75
1771717605.3543413,45,42,75
1771717605.3545055,45,42,75
1771717605.3546789,45,42,75
1771717605.3548431,45,42,75
1771717605.3550074,45,42,75
1771717605.355171,45,42,75
1771717605.3553371,45,42,75
1771717605.3555026,45,42,75
1771717605.3556695,45,42,76
1771717605.3558345,45,42,76
1771717605.3573954,45,42,76
1771717605.3575792,45,42,76
1771717605.357746,45,42,76
1771717605.3579106,45,42,76
1771717605.3580773,45,42,76
1771717605.361498,45,42,76
1771717605.3616755,45,42,76
1771717605.361841,45,42,76
1771717605.362006,45,42,76
1771717605.362172,45,42,76
1771717605.3656764,45,42,76
1771717605.3659968,45,42,76
1771717605.3663018,45,42,76
1771717605.3665984,45,42,76
1771717605.367033,45,42,76
1771717605.3698025,45,42,76
1771717605.3701046,45,42,76
1771717605.3704,45,42,76
1771717605.3705974,45,42,76
1771717605.3707564,45,42,76
1771717605.4259148,45,42,76
1771717605.4261408,45,42,76
1771717605.4263103,45,42,76
1771717605.4264803,45,42,76
1771717605.426655,45,42,77
1771717605.4268236,45,42,77
1771717605.427042,45,42,77
1771717605.4272091,45,42,77
1771717605.427375,45,42,77
1771717605.427546,45,42,77
1771717605.4277148,45,42,77
1771717605.4278796,45,42,77
1771717605.428046,45,42,77
1771717605.4282122,45,42,77
1771717605.428378,45,42,77
1771717605.4286816,45,42,77
1771717605.4288523,45,42,77
1771717605.429023,45,42,77
1771717605.4291933,45,42,77
1771717605.4294605,45,42,77
1771717605.4296362,45,42,77
1771717605.4298022,45,42,77
1771717605.4299674,45,42,77
1771717605.4301322,45,42,77
1771717605.430297,45,42,77
1771717605.4304628,45,42,77
1771717605.4306326,45,42,77
1771717605.430809,45,42,77
1771717605.430975,45,42,77
1771717605.4311783,45,42,78
1771717605.431345,45,42,78
1771717605.431511,45,42,78
1771717605.431713,45,42,78
1771717605.4318762,45,42,78
1771717605.4320395,45,42,78
1771717605.432205,45,42,78
1771717605.432374,45,42,78
1771717605.4325414,45,42,78
1771717605.4327118,45,42,78
1771717605.4328773,45,42,78
1771717605.4330428,45,42,78
1771717605.4332101,45,42,78
1771717605.4333775,45,42,78
1771717605.433545,45,42,78
1771717605.4337163,45,42,78
1771717605.433884,45,42,78
1771717605.4340525,45,42,78
1771717605.4342196,45,42,78
1771717605.4343853,45,42,78
1771717605.4346824,45,42,78
1771717605.4352057,45,42,78
1771717605.435529,45,42,78
1771717605.4358544,45,42,78
1771717605.4361515,45,42,78
1771717605.4364622,45,42,78
1771717605.436665,45,42,79
1771717605.436897,45,42,79
1771717605.437073,45,42,79
1771717605.4372401,45,42,79
1771717605.4374146,45,42,79
1771717605.4375796,45,42,79
1771717605.4377449,45,42,79
1771717605.4379096,45,42,79
1771717605.4380765,45,42,79
1771717605.4382439,45,42,79
1771717605.4384327,45,42,79
1771717605.438598,45,42,79
1771717605.4387636,45,42,79
1771717605.4389286,45,42,79
1771717605.439092,45,42,79
1771717605.4392555,45,42,79
1771717605.4394176,45,42,79
1771717605.4395893,45,42,79
1771717605.4397857,45,42,79
1771717605.440005,45,42,79
1771717605.440221,45,42,79
1771717605.4404511,45,42,79
1771717605.44062,45,42,79
1771717605.4407835,45,42,79
1771717605.4409466,45,42,79
1771717605.4411101,45,42,80
1771717605.4433897,45,42,80
1771717605.4435701,45,42,80
1771717605.4437363,45,42,80
1771717605.4440615,45,42,80
1771717605.4444554,45,42,80
1771717605.44757,45,42,80
1771717605.4478972,45,42,80
1771717605.4482052,45,42,80
1771717605.448503,45,42,80
1771717605.4486876,45,42,80
1771717605.4524386,45,42,80
1771717605.4526424,45,42,80
1771717605.4528189,45,42,80
1771717605.4529939,45,42,80
1771717605.4531758,45,42,80
1771717605.455733,45,42,80
1771717605.4559147,45,42,80
1771717605.4560866,45,42,80
1771717605.4562576,45,42,80
1771717605.4564703,45,42,80
1771717605.4598584,45,42,80
1771717605.4600608,45,42,80
1771717605.4602563,45,42,80
1771717605.4604533,45,42,80
1771717605.4638386,45,42,81
1771717605.4642208,45,42,81
1771717605.4645374,45,42,81
1771717605.464835,45,42,81
1771717605.465138,45,42,81
1771717605.4679585,45,42,81
1771717605.4681447,45,42,81
1771717605.468312,45,42,81
1771717605.468477,45,42,81
1771717605.4686418,45,42,81
1771717605.4722648,45,42,81
1771717605.4725854,45,42,81
1771717605.4729323,45,42,81
1771717605.473397,45,42,81
1771717605.473698,45,42,81
1771717605.4763947,45,42,81
1771717605.4767132,45,42,81
1771717605.4770176,45,42,81
1771717605.4773014,45,42,81
1771717605.477461,45,42,81
1771717605.4803226,45,42,81
1771717605.480508,45,42,81
1771717605.48068,45,42,81
1771717605.480852,45,42,81
1771717605.4814482,45,42,81
1771717605.5393412,45,42,81
1771717605.5395486,45,42,82
1771717605.5397527,45,42,82
1771717605.5399828,45,42,82
1771717605.5401485,45,42,82
1771717605.5403135,45,42,82
1771717605.540486,45,42,82
1771717605.5406659,45,42,82
1771717605.540885,45,42,82
1771717605.5410717,45,42,82
1771717605.5412521,45,42,82
1771717605.541415,45,42,82
1771717605.541593,45,42,82
1771717605.541791,45,42,82
1771717605.5419543,45,42,82
1771717605.5421174,45,42,82
1771717605.5422802,45,42,82
1771717605.5424411,45,42,82
1771717605.5426226,45,42,82
1771717605.5427842,45,42,82
1771717605.5429463,45,42,82
1771717605.5431077,45,42,82
1771717605.543269,45,42,82
1771717605.543432,45,42,82
1771717605.5436723,45,42,82
1771717605.543949,45,42,82
1771717605.5441282,45,42,82
1771717605.5443332,45,42,83
1771717605.5445185,45,42,83
1771717605.54469,45,42,83
1771717605.5448523,45,42,83
1771717605.5450144,45,42,83
1771717605.5452147,45,42,83
1771717605.5453763,45,42,83
1771717605.545548,45,42,83
1771717605.5457342,45,42,83
1771717605.5458999,45,42,83
1771717605.5460618,45,42,83
1771717605.5462236,45,42,83
1771717605.5463843,45,42,83
1771717605.5465577,45,42,83
1771717605.5467267,45,42,83
1771717605.5468874,45,42,83
1771717605.5470474,45,42,83
1771717605.5472088,45,42,83
1771717605.54737,45,42,83
1771717605.547542,45,42,83
1771717605.547705,45,42,83
1771717605.5478764,45,42,83
1771717605.5480366,45,42,83
1771717605.5481963,45,42,83
1771717605.5483563,45,42,83
1771717605.5485313,45,42,84
1771717605.548705,45,42,84
1771717605.5488658,45,42,84
1771717605.549025,45,42,84
1771717605.549184,45,42,84
1771717605.5493433,45,42,84
1771717605.5495136,45,42,84
1771717605.5496738,45,42,84
1771717605.549856,45,42,84
1771717605.5500157,45,42,84
1771717605.550176,45,42,84
1771717605.5503347,45,42,84
1771717605.5505056,45,42,84
1771717605.5506725,45,42,84
1771717605.5508323,45,42,84
1771717605.5509927,45,42,84
1771717605.551153,45,42,84
1771717605.5513122,45,42,84
1771717605.5515077,45,42,84
1771717605.5516832,45,42,84
1771717605.551843,45,42,84
1771717605.5520027,45,42,84
1771717605.5521612,45,42,84
1771717605.552337,45,42,84
1771717605.552516,45,42,84
1771717605.5526848,45,42,85
1771717605.5528443,45,42,85
1771717605.553003,45,42,85
1771717605.5531626,45,42,85
1771717605.5540266,45,42,85
1771717605.5542283,45,42,85
1771717605.5543964,45,42,85
1771717605.5545614,45,42,85
1771717605.5547247,45,42,85
1771717605.5582552,45,42,85
1771717605.5585651,45,42,85
1771717605.5588672,45,42,85
1771717605.5591342,45,42,85
1771717605.5594149,45,42,85
1771717605.5622392,45,42,85
1771717605.562414,45,42,85
1771717605.562688,45,42,85
1771717605.5629816,45,42,85
1771717605.5633786,45,42,85
1771717605.5665004,45,42,85
1771717605.566807,45,42,85
1771717605.567196,45,42,85
1771717605.5674222,45,42,85
1771717605.5675888,45,42,85
1771717605.6250608,45,42,85
1771717605.6252553,45,42,86
1771717605.625427,45,42,86
1771717605.6255987,45,42,86
1771717605.625767,45,42,86
1771717605.6259358,45,42,86
1771717605.6261034,45,42,86
1771717605.6262872,45,42,86
1771717605.626457,45,42,86
1771717605.626626,45,42,86
1771717605.626796,45,42,86
1771717605.6269631,45,42,86
1771717605.6271305,45,42,86
1771717605.6272979,45,42,86
1771717605.6274633,45,42,86
1771717605.62763,45,42,86
1771717605.6277976,45,42,86
1771717605.627966,45,42,86
1771717605.628135,45,42,86
1771717605.6283088,45,42,86
1771717605.6284769,45,42,86
1771717605.6286461,45,42,86
1771717605.628828,45,42,86
1771717605.6289916,45,42,86
1771717605.6291554,45,42,86
1771717605.6293194,45,42,86
1771717605.6294816,45,42,86
1771717605.629645,45,42,87
1771717605.6298118,45,42,87
1771717605.6299903,45,42,87
1771717605.6301546,45,42,87
1771717605.6305196,45,42,87
1771717605.6308393,45,42,87
1771717605.631158,45,42,87
1771717605.6314716,45,42,87
1771717605.6317904,45,42,87
1771717605.632094,45,42,87
1771717605.6322908,45,42,87
1771717605.6324637,45,42,87
1771717605.6326299,45,42,87
1771717605.6327968,45,42,87
1771717605.6329613,45,42,87
1771717605.633127,45,42,87
1771717605.6332922,45,42,87
1771717605.6334834,45,42,87
1771717605.633647,45,42,87
1771717605.6338077,45,42,87
1771717605.6339686,45,42,87
1771717605.6341314,45,42,87
1771717605.6342943,45,42,87
1771717605.6344755,45,42,87
1771717605.6346378,45,42,87
1771717605.6347997,45,42,87
1771717605.6349642,45,42,88
1771717605.6351254,45,42,88
1771717605.6352866,45,42,88
1771717605.6354544,45,42,88
1771717605.6356146,45,42,88
1771717605.635774,45,42,88
1771717605.635943,45,42,88
1771717605.636103,45,42,88
1771717605.6362627,45,42,88
1771717605.6364381,45,42,88
1771717605.6365983,45,42,88
1771717605.6367621,45,42,88
1771717605.6369345,45,42,88
1771717605.6370933,45,42,88
1771717605.6372523,45,42,88
1771717605.6374114,45,42,88
1771717605.6375694,45,42,88
1771717605.6377287,45,42,88
1771717605.6379857,45,42,88
1771717605.6382253,45,42,88
1771717605.6384244,45,42,88
1771717605.6385896,45,42,88
1771717605.6387594,45,42,88
1771717605.6389313,45,42,88
1771717605.6391025,45,42,88
1771717605.6393619,45,42,89
1771717605.6395278,45,42,89
1771717605.6396887,45,42,89
1771717605.6399195,45,42,89
1771717605.6400812,45,42,89
1771717605.640241,45,42,89
1771717605.6404006,45,42,89
1771717605.6405604,45,42,89
1771717605.644052,45,42,89
1771717605.6443472,45,42,89
1771717605.6446445,45,42,89
1771717605.6449406,45,42,89
1771717605.6452365,45,42,89
1771717605.6481845,45,42,89
1771717605.6483595,45,42,89
1771717605.6485264,45,42,89
1771717605.6486874,45,42,89
1771717605.6488464,45,42,89
1771717605.6523623,45,42,89
1771717605.6526697,45,42,89
1771717605.652967,45,42,89
1771717605.6532688,45,42,89
1771717605.653674,45,42,89
1771717605.6566389,45,42,89
1771717605.6569588,45,42,89
1771717605.6572611,45,42,89
1771717605.65743,45,42,90
1771717605.660442,45,42,90
1771717605.6608183,45,42,90
1771717605.661133,45,42,90
1771717605.6614237,45,42,90
1771717605.6617174,45,42,90
1771717605.6646612,45,42,90
1771717605.6649842,45,42,90
1771717605.6652923,45,42,90
1771717605.6656065,45,42,90
1771717605.6658053,45,42,90
1771717605.6688037,45,42,90
1771717605.6693094,45,42,90
1771717605.6695592,45,42,90
1771717605.6698253,45,42,90
1771717605.6700795,45,42,90
1771717605.672978,45,42,90
1771717605.6732993,45,42,90
1771717605.6736014,45,42,90
1771717605.673895,45,42,90
1771717605.6741266,45,42,90
1771717605.6770718,45,42,90
1771717605.6773906,45,42,90
1771717605.6776822,45,42,90
1771717605.6778486,45,42,90
1771717605.678011,45,42,91
1771717605.73038,45,42,91
1771717605.7306285,45,42,91
1771717605.7307982,45,42,91
1771717605.7309685,45,42,91
1771717605.7311347,45,42,91
1771717605.7313025,45,42,91
1771717605.731586,45,42,91
1771717605.731808,45,42,91
1771717605.732235,45,42,91
1771717605.7327542,45,42,91
1771717605.7330728,45,42,91
1771717605.7332609,45,42,91
1771717605.733432,45,42,91
1771717605.7336242,45,42,91
1771717605.7338395,45,42,91
1771717605.7340462,45,42,91
1771717605.7342288,45,42,91
1771717605.7344282,45,42,91
1771717605.7345989,45,42,91
1771717605.734769,45,42,91
1771717605.7349567,45,42,91
1771717605.7351332,45,42,91
1771717605.7353,45,42,91
1771717605.7354667,45,42,91
1771717605.7356331,45,42,92
1771717605.735801,45,42,92
1771717605.7359686,45,42,92
1771717605.736136,45,42,92
1771717605.7363007,45,42,92
1771717605.736465,45,42,92
1771717605.736633,45,42,92
1771717605.736795,45,42,92
1771717605.736959,45,42,92
1771717605.7371237,45,42,92
1771717605.737293,45,42,92
1771717605.7374563,45,42,92
1771717605.7376223,45,42,92
1771717605.737786,45,42,92
1771717605.7379482,45,42,92
1771717605.7381103,45,42,92
1771717605.738272,45,42,92
1771717605.7384372,45,42,92
1771717605.7385986,45,42,92
1771717605.7387605,45,42,92
1771717605.7389245,45,42,92
1771717605.7390864,45,42,92
1771717605.7392552,45,42,92
1771717605.739421,45,42,92
1771717605.739583,45,42,92
1771717605.7397451,45,42,92
1771717605.7399073,45,42,93
1771717605.7400703,45,42,93
1771717605.7402418,45,42,93
1771717605.7404053,45,42,93
1771717605.7406647,45,42,93
1771717605.7408543,45,42,93
1771717605.7410166,45,42,93
1771717605.7411876,45,42,93
1771717605.7413528,45,42,93
1771717605.7415128,45,42,93
1771717605.7416744,45,42,93
1771717605.741835,45,42,93
1771717605.7419984,45,42,93
1771717605.742158,45,42,93
1771717605.7423165,45,42,93
1771717605.7424798,45,42,93
1771717605.7426395,45,42,93
1771717605.742799,45,42,93
1771717605.742958,45,42,93
1771717605.7431786,45,42,93
1771717605.7433383,45,42,93
1771717605.7434971,45,42,93
1771717605.743658,45,42,93
1771717605.7438164,45,42,93
1771717605.743975,45,42,93
1771717605.744134,45,42,94
1771717605.7442932,45,42,94
1771717605.9265113,45,42,94
1771717605.9267507,45,42,94
1771717605.9269214,45,42,94
1771717605.9270906,45,42,94
1771717605.9272616,45,42,94
1771717605.9274294,45,42,94
1771717605.9276283,45,42,94
1771717605.9278092,45,42,94
1771717605.927976,45,42,94
1771717605.9281538,45,42,94
1771717605.9283175,45,42,94
1771717605.9285703,45,42,94
1771717605.9287493,45,42,94
1771717605.928917,45,42,94
1771717605.929087,45,42,94
1771717605.9292538,45,42,94
1771717605.9294174,45,42,94
1771717605.9295816,45,42,94
1771717605.9297557,45,42,94
1771717605.9299192,45,42,94
1771717605.9300838,45,42,94
1771717605.930247,45,42,94
1771717605.9304092,45,42,94
1771717605.9305727,45,42,94
1771717605.9307349,45,42,95
1771717605.930898,45,42,95
1771717605.9310586,45,42,95
1771717605.931224,45,42,95
1771717605.9313846,45,42,95
1771717605.9315448,45,42,95
1771717605.9317133,45,42,95
1771717605.9318767,45,42,95
1771717605.9320362,45,42,95
1771717605.932197,45,42,95
1771717605.9323564,45,42,95
1771717605.9325154,45,42,95
1771717605.9326746,45,42,95
1771717605.9328353,45,42,95
1771717605.9329948,45,42,95
1771717605.9331543,45,42,95
1771717605.9333134,45,42,95
1771717605.9334724,45,42,95
1771717605.9336305,45,42,95
1771717605.9337943,45,42,95
1771717605.9339528,45,42,95
1771717605.9341123,45,42,95
1771717605.9342713,45,42,95
1771717605.934432,45,42,95
1771717605.9345927,45,42,95
1771717605.9347525,45,42,96
1771717605.934912,45,42,96
1771717605.935178,45,42,96
1771717605.9353626,45,42,96
1771717605.9355254,45,42,96
1771717605.9357574,45,42,96
1771717605.9359243,45,42,96
1771717605.9360962,45,42,96
1771717605.9362586,45,42,96
1771717605.9364207,45,42,96
1771717605.9365823,45,42,96
1771717605.9367437,45,42,96
1771717605.9369066,45,42,96
1771717605.9371321,45,42,96
1771717605.9373844,45,42,96
1771717605.9375732,45,42,96
1771717605.9377522,45,42,96
1771717605.9379146,45,42,96
1771717605.9380736,45,42,96
1771717605.9382324,45,42,96
1771717605.9383972,45,42,96
1771717605.9385555,45,42,96
1771717605.938714,45,42,96
1771717605.9388733,45,42,96
1771717605.939033,45,42,96
1771717605.9391923,45,42,97
1771717605.9393508,45,42,97
1771717605.9395094,45,42,97
1771717605.9396713,45,42,97
1771717605.9399004,45,42,97
1771717605.9405172,45,42,97
1771717605.9407597,45,42,97
1771717605.941065,45,42,97
1771717605.941312,45,42,97
1771717605.9415674,45,42,97
1771717605.9418378,45,42,97
1771717605.9420946,45,42,97
1771717605.9423342,45,42,97
1771717605.9425418,45,42,97
1771717605.9427087,45,42,97
1771717605.9429264,45,42,97
1771717605.9431276,45,42,97
1771717605.9432979,45,42,97
1771717605.943467,45,42,97
1771717605.9436393,45,42,97
1771717605.9438612,45,42,97
1771717605.944039,45,42,97
1771717605.944206,45,42,97
1771717605.9443731,45,42,97
1771717605.9445398,45,42,97
1771717605.944706,45,42,97
1771717605.9448738,45,42,98
1771717605.9450474,45,42,98
1771717605.945215,45,42,98
1771717605.9453816,45,42,98
1771717605.9455495,45,42,98
1771717605.9457164,45,42,98
1771717605.9458833,45,42,98
1771717605.946054,45,42,98
1771717605.9462225,45,42,98
1771717605.9463923,45,42,98
1771717605.94656,45,42,98
1771717605.9467268,45,42,98
1771717605.9468944,45,42,98
1771717605.9470806,45,42,98
1771717605.947262,45,42,98
1771717605.9474297,45,42,98
1771717605.9475973,45,42,98
1771717605.9477649,45,42,98
1771717605.9479532,45,42,98
1771717605.9481187,45,42,98
1771717605.9482841,45,42,98
1771717605.9484518,45,42,98
1771717605.9486182,45,42,98
1771717605.9487839,45,42,98
1771717605.9489534,45,42,98
1771717605.9491496,45,42,98
1771717605.9493434,45,42,99
1771717605.9495108,45,42,99
1771717605.9496787,45,42,99
1771717605.9498484,45,42,99
1771717605.950023,45,42,99
1771717605.9502237,45,42,99
1771717605.9504056,45,42,99
1771717605.9505713,45,42,99
1771717605.9507396,45,42,99
1771717605.9509175,45,42,99
1771717605.9510815,45,42,99
1771717605.9512727,45,42,99
1771717605.9514368,45,42,99
1771717605.9516008,45,42,99
1771717605.9517658,45,42,99
1771717605.9519339,45,42,99
1771717605.952107,45,42,99
1771717605.9522705,45,42,99
1771717605.9524362,45,42,99
1771717605.9525998,45,42,99
1771717605.9527645,45,42,99
1771717605.9530892,45,42,99
1771717605.9533386,45,42,99
1771717605.9536,45,42,99
1771717605.9537668,45,42,99
1771717605.9540021,45,42,100
1771717605.9542587,45,42,100
1771717605.9544542,45,42,100
1771717605.9547033,45,42,100
1771717605.954922,45,42,100
1771717605.9551027,45,42,100
1771717605.955308,45,42,100
1771717605.9554958,45,42,100
1771717605.9556766,45,42,100
1771717605.9558558,45,42,100
1771717605.9560394,45,42,100
1771717605.956217,45,42,100
1771717605.9564743,45,42,100
1771717605.9567165,45,42,100
1771717605.9568965,45,42,100
1771717605.9570842,45,42,100
1771717605.9572656,45,42,100
1771717605.9574826,45,42,100
1771717605.9577742,45,42,100
1771717605.9581096,45,42,100
1771717605.9583251,45,42,100
1771717605.9585707,45,42,100
1771717605.9587717,45,42,100
1771717605.9589572,45,42,101
1771717605.9591346,45,42,101
1771717605.959311,45,42,101
1771717605.959524,45,42,101
1771717605.9597006,45,42,101
1771717605.9598768,45,42,101
1771717605.9600565,45,42,101
1771717605.9602334,45,42,101
1771717605.96041,45,42,101
1771717605.9605865,45,42,101
1771717605.9607615,45,42,101
1771717605.9609413,45,42,101
1771717605.9611282,45,42,101
1771717605.9613128,45,42,101
1771717605.9614868,45,42,101
1771717605.961661,45,42,101
1771717605.9618351,45,42,101
1771717605.9620135,45,42,101
1771717605.9621882,45,42,101
1771717605.962362,45,42,101
1771717605.9625359,45,42,101
1771717605.9627106,45,42,101
1771717605.9628847,45,42,101
1771717605.9630623,45,42,101
1771717605.9632366,45,42,102
1771717605.9634142,45,42,102
1771717605.9636643,45,42,102
1771717605.9638495,45,42,102
1771717605.9640346,45,42,102
1771717605.9642088,45,42,102
1771717605.9643824,45,42,102
1771717605.9645934,45,42,102
1771717605.9647675,45,42,102
1771717605.964946,45,42,102
1771717605.9651191,45,42,102
1771717605.9652936,45,42,102
1771717605.9654672,45,42,102
1771717605.9656417,45,42,102
1771717605.9658165,45,42,102
1771717605.9659934,45,42,102
1771717605.9661686,45,42,102
1771717605.9663424,45,42,102
1771717605.9665165,45,42,102
1771717605.9666898,45,42,102
1771717605.9668643,45,42,102
1771717605.9670408,45,42,102
1771717605.9672158,45,42,103
1771717605.9673896,45,42,103
1771717605.9675806,45,42,103
1771717605.9677696,45,42,103
1771717605.9679477,45,42,103
1771717605.9681232,45,42,103
1771717605.9682968,45,42,103
1771717605.9684708,45,42,103
1771717605.9686449,45,42,103
1771717605.9688284,45,42,103
1771717605.9690921,45,42,103
1771717605.9693415,45,42,103
1771717605.9695294,45,42,103
1771717605.9697075,45,42,103
1771717605.9698846,45,42,103
1771717605.9700813,45,42,103
1771717605.9702559,45,42,103
1771717605.9704304,45,42,103
1771717605.9706042,45,42,103
1771717605.9708078,45,42,103
1771717605.9710233,45,42,103
1771717605.9711988,45,42,103
1771717605.9713736,45,42,103
1771717605.9715483,45,42,103
1771717605.971759,45,42,104
1771717605.9719555,45,42,104
1771717605.9721315,45,42,104
1771717605.9723063,45,42,104
1771717605.9724803,45,42,104
1771717605.9726548,45,42,104
1771717605.9728289,45,42,104
1771717605.9730375,45,42,104
1771717605.9732225,45,42,104
1771717605.973398,45,42,104
1771717605.9736118,45,42,104
1771717605.973787,45,42,104
1771717605.9739752,45,42,104
1771717605.9741495,45,42,104
1771717605.976036,45,42,104
1771717605.9763873,45,42,104
1771717605.9767203,45,42,104
1771717605.9770646,45,42,104
1771717605.9773896,45,42,104
1771717605.980078,45,42,104
1771717605.980367,45,42,104
1771717605.9806883,45,42,104
1771717605.9810064,45,42,105
1771717605.9843872,45,42,105
1771717605.9850035,45,42,105
1771717605.9852333,45,42,105
1771717605.9854293,45,42,105
1771717605.9880743,45,42,105
1771717605.9883018,45,42,105
1771717605.988517,45,42,105
1771717605.9887266,45,42,105
1771717605.9889123,45,42,105
1771717605.9923143,45,42,105
1771717605.9925086,45,42,105
1771717605.9926925,45,42,105
1771717605.9928756,45,42,105
1771717605.9963412,45,42,105
1771717605.996532,45,42,105
1771717605.9967167,45,42,105
1771717605.9968996,45,42,105
1771717606.0003805,45,42,105
1771717606.0006855,45,42,105
1771717606.0009317,45,42,105
1771717606.0011156,45,42,105
1771717606.0012972,45,42,105
1771717606.004687,45,42,105
1771717606.005042,45,42,106
1771717606.0053315,45,42,106
1771717606.0055065,45,42,106
1771717606.008628,45,42,106
1771717606.0088499,45,42,106
1771717606.0090466,45,42,106
1771717606.0092294,45,42,106
1771717606.0094104,45,42,106
1771717606.0128248,45,42,106
1771717606.013062,45,42,106
1771717606.0132427,45,42,106
1771717606.0134242,45,42,106
1771717606.0168571,45,42,106
1771717606.0170572,45,42,106
1771717606.0172343,45,42,106
1771717606.017413,45,42,106
1771717606.0208256,45,42,106
1771717606.0210147,45,42,106
1771717606.021194,45,42,106
1771717606.0213726,45,42,106
1771717606.0215535,45,42,106
1771717606.0251043,45,42,106
1771717606.0253258,45,42,106
1771717606.0255396,45,42,107
1771717606.0257387,45,42,107
1771717606.0292275,45,42,107
1771717606.0295782,45,42,107
1771717606.0300453,45,42,107
1771717606.0303934,45,42,107
1771717606.0331116,45,42,107
1771717606.0333369,45,42,107
1771717606.0335171,45,42,107
1771717606.033693,45,42,107
1771717606.0338697,45,42,107
1771717606.0373614,45,42,107
1771717606.037586,45,42,107
1771717606.0378132,45,42,107
1771717606.0380237,45,42,107
1771717606.0414977,45,42,107
1771717606.0418365,45,42,107
1771717606.0421572,45,42,107
1771717606.0424721,45,42,107
1771717606.0426521,45,42,107
1771717606.0986252,45,42,107
1771717606.0988648,45,42,107
1771717606.0990565,45,42,107
1771717606.0992463,45,42,108
1771717606.0994368,45,42,108
1771717606.099617,45,42,108
1771717606.0997963,45,42,108
1771717606.099984,45,42,108
1771717606.1001637,45,42,108
1771717606.100353,45,42,108
1771717606.1005323,45,42,108
1771717606.10071,45,42,108
1771717606.1009128,45,42,108
1771717606.1011143,45,42,108
1771717606.101293,45,42,108
1771717606.101483,45,42,108
1771717606.1016972,45,42,108
1771717606.1019135,45,42,108
1771717606.1020906,45,42,108
1771717606.1022685,45,42,108
1771717606.1024575,45,42,108
1771717606.1026356,45,42,108
1771717606.102835,45,42,108
1771717606.1030133,45,42,108
1771717606.103191,45,42,108
1771717606.1034381,45,42,108
1771717606.1036475,45,42,109
1771717606.103824,45,42,109
1771717606.1040072,45,42,109
1771717606.1041858,45,42,109
1771717606.1043775,45,42,109
1771717606.1045558,45,42,109
1771717606.1047318,45,42,109
1771717606.1049101,45,42,109
1771717606.1050892,45,42,109
1771717606.1052678,45,42,109
1771717606.105456,45,42,109
1771717606.1056333,45,42,109
1771717606.1058125,45,42,109
1771717606.1059964,45,42,109
1771717606.1061735,45,42,109
1771717606.1063795,45,42,109
1771717606.1065736,45,42,109
1771717606.1067507,45,42,109
1771717606.1069524,45,42,109
1771717606.1071293,45,42,109
1771717606.1073143,45,42,109
1771717606.107493,45,42,109
1771717606.1076767,45,42,109
1771717606.1078541,45,42,109
1771717606.1080296,45,42,110
1771717606.1082494,45,42,110
1771717606.1085515,45,42,110
1771717606.1088204,45,42,110
1771717606.1090267,45,42,110
1771717606.109218,45,42,110
1771717606.1094055,45,42,110
1771717606.1095822,45,42,110
1771717606.109768,45,42,110
1771717606.1099596,45,42,110
1771717606.1101475,45,42,110
1771717606.1103349,45,42,110
1771717606.110511,45,42,110
1771717606.1106992,45,42,110
1771717606.110874,45,42,110
1771717606.1110797,45,42,110
1771717606.111256,45,42,110
1771717606.1114438,45,42,110
1771717606.1116276,45,42,110
1771717606.1118026,45,42,110
1771717606.1119778,45,42,110
1771717606.112153,45,42,110
1771717606.1123397,45,42,111
1771717606.1125162,45,42,111
1771717606.1152549,45,42,111
1771717606.1156127,45,42,111
1771717606.1158962,45,42,111
1771717606.1160867,45,42,111
1771717606.1191516,45,42,111
1771717606.1194937,45,42,111
1771717606.11982,45,42,111
1771717606.1201487,45,42,111
1771717606.1204748,45,42,111
1771717606.1234329,45,42,111
1771717606.1239371,45,42,111
1771717606.1241956,45,42,111
1771717606.1243782,45,42,111
1771717606.1274416,45,42,111
1771717606.1277745,45,42,111
1771717606.1280882,45,42,111
1771717606.1283994,45,42,111
1771717606.1313992,45,42,111
1771717606.1317315,45,42,111
1771717606.1320505,45,42,111
1771717606.1323645,45,42,111
1771717606.1326067,45,42,111
1771717606.1356874,45,42,112
1771717606.136014,45,42,112
1771717606.136337,45,42,112
1771717606.1366615,45,42,112
1771717606.139701,45,42,112
1771717606.1402328,45,42,112
1771717606.1406596,45,42,112
1771717606.1409538,45,42,112
1771717606.1411357,45,42,112
1771717606.195569,45,42,112
1771717606.1959238,45,42,112
1771717606.1962159,45,42,112
1771717606.1963992,45,42,112
1771717606.1965964,45,42,112
1771717606.1967778,45,42,112
1771717606.1969576,45,42,112
1771717606.1971388,45,42,112
1771717606.1973193,45,42,112
1771717606.197501,45,42,112
1771717606.1976805,45,42,112
1771717606.1978614,45,42,112
1771717606.1980453,45,42,112
1771717606.1982276,45,42,113
1771717606.1984096,45,42,113
1771717606.1985974,45,42,113
1771717606.1988015,45,42,113
1771717606.1989794,45,42,113
1771717606.1991594,45,42,113
1771717606.1993413,45,42,113
1771717606.1995218,45,42,113
1771717606.1997,45,42,113
1771717606.1998773,45,42,113
1771717606.2000573,45,42,113
1771717606.2002401,45,43,255
1771717606.2004063,45,43,98
1771717606.2006888,45,43,98
1771717606.2009494,45,43,98
1771717606.2011511,45,43,98
1771717606.2013514,45,43,98
1771717606.2015502,45,43,98
1771717606.2017546,45,43,98
1771717606.2019522,45,43,98
1771717606.202151,45,43,98
1771717606.2023203,45,43,98
1771717606.202488,45,43,98
1771717606.2027273,45,43,98
1771717606.2029467,45,43,98
1771717606.2031627,45,43,98
1771717606.2034457,45,43,98
1771717606.203691,45,43,98
1771717606.2039223,45,43,98
1771717606.2041535,45,43,98
1771717606.2043822,45,43,98
1771717606.2045987,45,43,98
1771717606.2047656,45,43,98
1771717606.204929,45,43,98
1771717606.2051098,45,43,98
1771717606.2052767,45,43,98
1771717606.2054362,45,43,98
1771717606.2055995,45,43,98
1771717606.20576,45,43,98
1771717606.2059197,45,43,98
1771717606.2060835,45,43,99
1771717606.206244,45,43,99
1771717606.2064068,45,43,99
1771717606.2065759,45,43,99
1771717606.2067454,45,43,99
1771717606.2069056,45,43,99
1771717606.2070649,45,43,99
1771717606.2072246,45,43,99
1771717606.2073846,45,43,99
1771717606.207545,45,43,99
1771717606.2077086,45,43,99
1771717606.2078686,45,43,99
1771717606.208031,45,43,99
1771717606.2081907,45,43,99
1771717606.2083519,45,43,99
1771717606.2085106,45,43,99
1771717606.2086766,45,43,99
1771717606.2088351,45,43,99
1771717606.2089944,45,43,99
1771717606.2091522,45,43,99
1771717606.2093122,45,43,99
1771717606.2094703,45,43,99
1771717606.2096336,45,43,99
1771717606.209793,45,43,99
1771717606.209959,45,43,99
1771717606.210118,45,43,99
1771717606.2134805,45,43,99
1771717606.2137804,45,43,99
1771717606.2140837,45,43,99
1771717606.2142859,45,43,99
1771717606.2144542,45,43,99
1771717606.2178829,45,43,99
1771717606.2183568,45,43,99
1771717606.218827,45,43,99
1771717606.219134,45,43,99
1771717606.219386,45,43,99
1771717606.2767615,45,43,99
1771717606.2769444,45,43,99
1771717606.2771134,45,43,99
1771717606.2772794,45,43,99
1771717606.2774436,45,43,99
1771717606.277605,45,43,99
1771717606.2777817,45,43,99
1771717606.2779465,45,43,99
1771717606.2781098,45,43,99
1771717606.278303,45,43,99
1771717606.2784653,45,43,99
1771717606.2786283,45,43,99
1771717606.2787914,45,43,99
1771717606.2789533,45,43,99
1771717606.279114,45,43,99
1771717606.2793064,45,43,100
1771717606.2794864,45,43,100
1771717606.2796648,45,43,100
1771717606.279847,45,43,100
1771717606.2800229,45,43,100
1771717606.2801988,45,43,100
1771717606.2803757,45,43,100
1771717606.2805524,45,43,100
1771717606.280729,45,43,100
1771717606.280907,45,43,100
1771717606.2810833,45,43,100
1771717606.2812603,45,43,100
1771717606.2814367,45,43,100
1771717606.2816126,45,43,100
1771717606.2819598,45,43,100
1771717606.2821574,45,43,100
1771717606.2823565,45,43,100
1771717606.2825344,45,43,100
1771717606.2828295,45,43,100
1771717606.2831197,45,43,100
1771717606.283335,45,43,100
1771717606.2835486,45,43,100
1771717606.2837267,45,43,100
1771717606.283902,45,43,100
1771717606.28408,45,43,100
1771717606.284256,45,43,100
1771717606.2844338,45,43,100
1771717606.2846084,45,43,100
1771717606.2847826,45,43,100
1771717606.2849581,45,43,100
1771717606.285132,45,43,100
1771717606.2853076,45,43,100
1771717606.2855623,45,43,100
1771717606.2857857,45,43,100
1771717606.2859676,45,43,100
1771717606.2861502,45,43,100
1771717606.286329,45,43,100
1771717606.286508,45,43,100
1771717606.2866998,45,43,100
1771717606.286879,45,43,100
1771717606.2870576,45,43,100
1771717606.2872362,45,43,100
1771717606.287414,45,43,100
1771717606.2875907,45,43,100
1771717606.2877715,45,43,100
1771717606.2879488,45,43,100
1771717606.2881267,45,43,101
1771717606.2883036,45,43,101
1771717606.28848,45,43,101
1771717606.288671,45,43,101
1771717606.2888515,45,43,101
1771717606.2890294,45,43,101
1771717606.2892067,45,43,101
1771717606.289382,45,43,101
1771717606.2895567,45,43,101
1771717606.2897348,45,43,101
1771717606.28991,45,43,101
1771717606.2901585,45,43,101
1771717606.290345,45,43,101
1771717606.2905245,45,43,101
1771717606.2911754,45,43,101
1771717606.2913537,45,43,101
1771717606.2915316,45,43,101
1771717606.29171,45,43,101
1771717606.2918859,45,43,101
1771717606.2954795,45,43,101
1771717606.2958057,45,43,101
1771717606.2961297,45,43,101
1771717606.2964551,45,43,101
1771717606.299472,45,43,101
1771717606.2996628,45,43,101
1771717606.2998464,45,43,101
1771717606.3000257,45,43,101
1771717606.3036165,45,43,101
1771717606.3039782,45,43,101
1771717606.3043296,45,43,101
1771717606.3046632,45,43,101
1771717606.3049908,45,43,101
1771717606.3078742,45,43,101
1771717606.3082106,45,43,101
1771717606.308545,45,43,101
1771717606.3088632,45,43,101
1771717606.3118176,45,43,101
1771717606.3120193,45,43,101
1771717606.3122098,45,43,101
1771717606.3123937,45,43,101
1771717606.3126762,45,43,101
1771717606.3696365,45,43,101
1771717606.3698323,45,43,101
1771717606.3700166,45,43,101
1771717606.3701956,45,43,101
1771717606.3703735,45,43,101
1771717606.3705523,45,43,101
1771717606.3707318,45,43,102
1771717606.3709464,45,43,102
1771717606.3711224,45,43,102
1771717606.3713,45,43,102
1771717606.371478,45,43,102
1771717606.3716552,45,43,102
1771717606.3718307,45,43,102
1771717606.3720074,45,43,102
1771717606.3721857,45,43,102
1771717606.3723629,45,43,102
1771717606.3725407,45,43,102
1771717606.3727174,45,43,102
1771717606.3729615,45,43,102
1771717606.373148,45,43,102
1771717606.3733258,45,43,102
1771717606.373503,45,43,102
1771717606.37368,45,43,102
1771717606.3738575,45,43,102
1771717606.3740387,45,43,102
1771717606.3742158,45,43,255
1771717606.374378,45,43,15
1771717606.374539,45,43,15
1771717606.374699,45,43,15
1771717606.3749137,45,43,15
1771717606.3751762,45,43,15
1771717606.3753495,45,43,15
1771717606.3755143,45,43,15
1771717606.3756788,45,43,15
1771717606.3758469,45,43,15
1771717606.3760083,45,43,15
1771717606.3761759,45,43,15
1771717606.3763378,45,43,15
1771717606.3764973,45,43,15
1771717606.3767717,45,43,15
1771717606.3770344,45,43,15
1771717606.3772101,45,43,15
1771717606.377416,45,43,15
1771717606.3775828,45,43,15
1771717606.3777492,45,43,15
1771717606.3779159,45,43,15
1771717606.3780813,45,43,15
1771717606.378247,45,43,15
1771717606.3784237,45,43,15
1771717606.3785918,45,43,15
1771717606.3787715,45,43,15
1771717606.378938,45,43,15
1771717606.3791053,45,43,15
1771717606.3792732,45,43,15
1771717606.3794386,45,43,15
1771717606.3796053,45,43,15
1771717606.3797731,45,43,15
1771717606.3799593,45,43,15
1771717606.380123,45,43,15
1771717606.3802876,45,43,15
1771717606.38046,45,43,15
1771717606.3806233,45,43,15
1771717606.3807867,45,43,15
1771717606.3809514,45,43,15
1771717606.381115,45,43,15
1771717606.3812802,45,43,15
1771717606.381443,45,43,15
1771717606.3816059,45,43,15
1771717606.3817692,45,43,15
1771717606.3819325,45,43,15
1771717606.3820949,45,43,15
1771717606.3822603,45,43,15
1771717606.3824303,45,43,15
1771717606.3825963,45,43,15
1771717606.3827593,45,43,15
1771717606.3829238,45,42,15
1771717606.3831043,45,42,255
1771717606.3832717,45,42,31
1771717606.383439,45,42,31
1771717606.3855455,45,42,31
1771717606.3857565,45,42,31
1771717606.3860588,45,42,31
1771717606.3863547,45,42,31
1771717606.3895063,45,42,31
1771717606.390041,45,42,31
1771717606.3904626,45,42,31
1771717606.3907092,45,42,31
1771717606.3909898,45,42,31
1771717606.393627,45,42,31
1771717606.3938174,45,42,31
1771717606.3939831,45,42,31
1771717606.394163,45,42,31
1771717606.3943574,45,42,31
1771717606.3978448,45,42,31
1771717606.398155,45,42,31
1771717606.3984742,45,42,31
1771717606.3988457,45,42,31
1771717606.3990393,45,42,31
1771717606.4020283,45,42,31
1771717606.4023433,45,42,31
1771717606.4025774,45,42,32
1771717606.4027412,45,42,32
1771717606.402954,45,42,32
1771717606.405992,45,42,32
1771717606.4061928,45,42,32
1771717606.4063623,45,42,32
1771717606.4065907,45,42,32
1771717606.4099796,45,42,32
1771717606.4102323,45,42,32
1771717606.4104111,45,42,32
1771717606.4105809,45,42,32
1771717606.4107497,45,42,32
1771717606.4141016,45,42,32
1771717606.414422,45,42,32
1771717606.4146264,45,42,32
1771717606.4147959,45,42,32
1771717606.4150019,45,42,32
1771717606.4183285,45,42,32
1771717606.418655,45,42,32
1771717606.4189515,45,42,32
1771717606.4192948,45,42,32
1771717606.4194608,45,42,32
1771717606.4223778,45,42,32
1771717606.4226444,45,42,32
1771717606.4228783,45,42,32
1771717606.423156,45,42,32
1771717606.4234023,45,42,33
1771717606.4266322,45,42,33
1771717606.426848,45,42,33
1771717606.4270556,45,42,33
1771717606.4273677,45,42,33
1771717606.427665,45,42,33
1771717606.487616,45,42,33
1771717606.4878702,45,42,33
1771717606.4880462,45,42,33
1771717606.48821,45,42,33
1771717606.4883735,45,42,33
1771717606.4885354,45,42,33
1771717606.488699,45,42,33
1771717606.4888716,45,42,33
1771717606.489034,45,42,33
1771717606.4891963,45,42,33
1771717606.4893584,45,42,33
1771717606.4895291,45,42,33
1771717606.489851,45,42,33
1771717606.4900205,45,42,33
1771717606.49019,45,42,33
1771717606.490357,45,42,33
1771717606.4905238,45,42,33
1771717606.490756,45,42,33
1771717606.490936,45,42,33
1771717606.4910994,45,42,33
1771717606.4912598,45,42,34
1771717606.4914875,45,42,34
1771717606.4917142,45,42,34
1771717606.491928,45,42,34
1771717606.4920943,45,42,34
1771717606.4922616,45,42,34
1771717606.4925752,45,42,34
1771717606.4928415,45,42,34
1771717606.4930089,45,42,34
1771717606.4931765,45,42,34
1771717606.4933374,45,42,34
1771717606.4934986,45,42,34
1771717606.493659,45,42,34
1771717606.4938195,45,42,34
1771717606.4939792,45,42,34
1771717606.4941387,45,42,34
1771717606.4943001,45,42,34
1771717606.4944613,45,42,34
1771717606.494621,45,42,34
1771717606.494781,45,42,34
1771717606.494951,45,42,34
1771717606.4951115,45,42,34
1771717606.4952714,45,42,34
1771717606.4954321,45,42,34
1771717606.4955919,45,42,34
1771717606.495752,45,42,35
1771717606.4959576,45,42,35
1771717606.4961176,45,42,35
1771717606.49628,45,42,35
1771717606.4964404,45,42,35
1771717606.4966004,45,42,35
1771717606.4967597,45,42,35
1771717606.4969246,45,42,35
1771717606.497085,45,42,35
1771717606.497245,45,42,35
1771717606.4974053,45,42,35
1771717606.497565,45,42,35
1771717606.4977267,45,42,35
1771717606.497886,45,42,35
1771717606.498046,45,42,35
1771717606.4982057,45,42,35
1771717606.498366,45,42,35
1771717606.4985244,45,42,35
1771717606.4987476,45,42,35
1771717606.4989865,45,42,35
1771717606.4991498,45,42,35
1771717606.4993105,45,42,35
1771717606.4994714,45,42,35
1771717606.4997234,45,42,35
1771717606.4998903,45,42,35
1771717606.5000947,45,42,35
1771717606.500261,45,42,36
1771717606.5004258,45,42,36
1771717606.50059,45,42,36
1771717606.5007555,45,42,36
1771717606.5010376,45,42,36
1771717606.5012572,45,42,36
1771717606.501435,45,42,36
1771717606.5016067,45,42,36
1771717606.501775,45,42,36
1771717606.5019581,45,42,36
1771717606.502125,45,42,36
1771717606.5022936,45,42,36
1771717606.502465,45,42,36
1771717606.5026379,45,42,36
1771717606.5028076,45,42,36
1771717606.5042477,45,42,36
1771717606.5044277,45,42,36
1771717606.5045965,45,42,36
1771717606.5047743,45,42,36
1771717606.504945,45,42,36
1771717606.508371,45,42,36
1771717606.5085852,45,42,36
1771717606.5088072,45,42,36
1771717606.5090103,45,42,36
1771717606.5092156,45,42,37
1771717606.5124705,45,42,37
1771717606.5126748,45,42,37
1771717606.5128896,45,42,37
1771717606.5130913,45,42,37
1771717606.513294,45,42,37
1771717606.5166173,45,42,37
1771717606.5168698,45,42,37
1771717606.517211,45,42,37
1771717606.5174744,45,42,37
1771717606.5205915,45,42,37
1771717606.5208757,45,42,37
1771717606.5211275,45,42,37
1771717606.5213175,45,42,37
1771717606.5215726,45,42,37
1771717606.5246842,45,42,37
1771717606.5249083,45,42,37
1771717606.5251083,45,42,37
1771717606.525308,45,42,37
1771717606.5255094,45,42,37
1771717606.5287979,45,42,37
1771717606.5290046,45,42,37
1771717606.5292041,45,42,37
1771717606.5294046,45,42,37
1771717606.5296032,45,42,37
1771717606.5329888,45,42,37
1771717606.5332723,45,42,38
1771717606.533475,45,42,38
1771717606.5336747,45,42,38
1771717606.5338907,45,42,38
1771717606.537102,45,42,38
1771717606.5373275,45,42,38
1771717606.5375285,45,42,38
1771717606.5377421,45,42,38
1771717606.540999,45,42,38
1771717606.5412183,45,42,38
1771717606.5414293,45,42,38
1771717606.541625,45,42,38
1771717606.5418108,45,42,38
1771717606.545199,45,42,38
1771717606.5454283,45,42,38
1771717606.5456288,45,42,38
1771717606.5458274,45,42,38
1771717606.5460339,45,42,38
1771717606.5499415,45,42,38
1771717606.5501864,45,42,38
1771717606.5503576,45,42,38
1771717606.5505245,45,42,38
1771717606.550729,45,42,38
1771717606.5534444,45,42,38
1771717606.5536602,45,42,38
1771717606.5538633,45,42,38
1771717606.5540664,45,42,39
1771717606.5542698,45,42,39
1771717606.5575678,45,42,39
1771717606.5578525,45,42,39
1771717606.5580556,45,42,39
1771717606.5582566,45,42,39
1771717606.5584676,45,42,39
1771717606.6182284,45,42,39
1771717606.618431,45,42,39
1771717606.6185994,45,42,39
1771717606.6187675,45,42,39
1771717606.6189444,45,42,39
1771717606.619107,45,42,39
1771717606.6192691,45,42,39
1771717606.619458,45,42,39
1771717606.6196241,45,42,39
1771717606.6197886,45,42,39
1771717606.619954,45,42,39
1771717606.620118,45,42,39
1771717606.620281,45,42,39
1771717606.6204567,45,42,39
1771717606.6206203,45,42,39
1771717606.6207864,45,42,39
1771717606.6209488,45,42,39
1771717606.6211123,45,42,39
1771717606.6212754,45,42,40
1771717606.621446,45,42,40
1771717606.6216083,45,42,40
1771717606.6217697,45,42,40
1771717606.6219313,45,42,40
1771717606.622094,45,42,40
1771717606.622257,45,42,40
1771717606.6224272,45,42,40
1771717606.6225905,45,42,40
1771717606.6227539,45,42,40
1771717606.6229165,45,42,40
1771717606.6230814,45,42,40
1771717606.6233191,45,42,40
1771717606.623538,45,42,40
1771717606.623749,45,42,40
1771717606.6239593,45,42,40
1771717606.6241734,45,42,40
1771717606.6244059,45,42,40
1771717606.6246166,45,42,40
1771717606.6248598,45,42,40
1771717606.6250353,45,42,40
1771717606.6251962,45,42,40
1771717606.625366,45,42,40
1771717606.6255279,45,42,40
1771717606.6256883,45,42,40
1771717606.6258504,45,42,40
1771717606.6260123,45,42,41
1771717606.6261735,45,42,41
1771717606.6263406,45,42,41
1771717606.6265025,45,42,41
1771717606.6266663,45,42,41
1771717606.6268282,45,42,41
1771717606.6269896,45,42,41
1771717606.627151,45,42,41
1771717606.627399,45,42,41
1771717606.6276565,45,42,41
1771717606.6278331,45,42,41
1771717606.6280022,45,42,41
1771717606.6281655,45,42,41
1771717606.628338,45,42,41
1771717606.6284997,45,42,41
1771717606.6286602,45,42,41
1771717606.628823,45,42,41
1771717606.6289861,45,42,41
1771717606.6291506,45,42,41
1771717606.629319,45,42,41
1771717606.6294806,45,42,41
1771717606.6296504,45,42,41
1771717606.6298127,45,42,41
1771717606.6299741,45,42,41
1771717606.6301372,45,42,41
1771717606.6303058,45,42,41
1771717606.6304674,45,42,42
1771717606.6307197,45,42,42
1771717606.6308987,45,42,42
1771717606.6310687,45,42,42
1771717606.6312366,45,42,42
1771717606.6314154,45,42,42
1771717606.6315842,45,42,42
1771717606.6317544,45,42,42
1771717606.6319196,45,42,42
1771717606.632087,45,42,42
1771717606.6322541,45,42,42
1771717606.6324275,45,42,42
1771717606.632593,45,42,42
1771717606.6327612,45,42,42
1771717606.6329274,45,42,42
1771717606.6330917,45,42,42
1771717606.6354456,45,42,42
1771717606.6357634,45,42,42
1771717606.636064,45,42,42
1771717606.6363585,45,42,42
1771717606.6365855,45,42,42
1771717606.63943,45,42,42
1771717606.6396086,45,42,42
1771717606.6399047,45,42,42
1771717606.6400766,45,42,43
1771717606.6402524,45,42,43
1771717606.6437924,45,42,43
1771717606.644127,45,42,43
1771717606.6444361,45,42,43
1771717606.6447368,45,42,43
1771717606.6449742,45,42,43
1771717606.647729,45,42,43
1771717606.6479592,45,42,43
1771717606.6481586,45,42,43
1771717606.6483548,45,42,43
1771717606.6516204,45,42,43
1771717606.65187,45,42,43
1771717606.6520965,45,42,43
1771717606.6522844,45,42,43
1771717606.652452,45,42,43
1771717606.6558485,45,42,43
1771717606.6561558,45,42,43
1771717606.6566098,45,42,43
1771717606.6569092,45,42,43
1771717606.6570787,45,42,43
1771717606.6599264,45,42,43
1771717606.660106,45,42,43
1771717606.6602798,45,42,43
1771717606.6604447,45,42,43
1771717606.6606166,45,42,43
1771717606.664019,45,42,44
1771717606.664288,45,42,44
1771717606.6645792,45,42,44
1771717606.6648738,45,42,44
1771717606.6651647,45,42,44
1771717606.6681392,45,42,44
1771717606.6683145,45,42,44
1771717606.6684794,45,42,44
1771717606.6686509,45,42,44
1771717606.672101,45,42,44
1771717606.6724148,45,42,44
1771717606.6727076,45,42,44
1771717606.6732342,45,42,44
1771717606.6735482,45,42,44
1771717606.6763275,45,42,44
1771717606.6765153,45,42,44
1771717606.6766865,45,42,44
1771717606.6768725,45,42,44
1771717606.6771042,45,42,44
1771717606.6804218,45,42,44
1771717606.6807446,45,42,44
1771717606.6809847,45,42,44
1771717606.6811497,45,42,44
1771717606.6813998,45,42,44
1771717606.6844878,45,42,44
1771717606.6847901,45,42,45
1771717606.6850822,45,42,45
1771717606.6853714,45,42,45
1771717606.6856606,45,42,45
1771717606.6886795,45,42,45
1771717606.6889799,45,42,45
1771717606.689279,45,42,45
1771717606.689455,45,42,45
1771717606.6901114,45,42,45
1771717606.749333,45,42,45
1771717606.7495277,45,42,45
1771717606.7496998,45,42,45
1771717606.7498662,45,42,45
1771717606.750033,45,42,45
1771717606.7501988,45,42,45
1771717606.7503796,45,42,45
1771717606.7505465,45,42,45
1771717606.7507193,45,42,45
1771717606.7508836,45,42,45
1771717606.7510476,45,42,45
1771717606.751211,45,42,45
1771717606.7513764,45,42,45
1771717606.751541,45,42,45
1771717606.7517037,45,42,45
1771717606.7518687,45,42,45
1771717606.7520437,45,42,45
1771717606.752207,45,42,46
1771717606.7523763,45,42,46
1771717606.7525365,45,42,46
1771717606.7527034,45,42,46
1771717606.7529137,45,42,46
1771717606.7530782,45,42,46
1771717606.7532403,45,42,46
1771717606.7534044,45,42,46
1771717606.753567,45,42,46
1771717606.7537298,45,42,46
1771717606.7538943,45,42,46
1771717606.7540615,45,42,46
1771717606.7542229,45,42,46
1771717606.7545307,45,42,46
1771717606.754717,45,42,46
1771717606.7548864,45,42,46
1771717606.755149,45,42,46
1771717606.755314,45,42,46
1771717606.755479,45,42,46
1771717606.7556455,45,42,46
1771717606.7558098,45,42,46
1771717606.7559714,45,42,46
1771717606.7561543,45,42,46
1771717606.7563224,45,42,46
1771717606.7565043,45,42,46
1771717606.756685,45,42,46
1771717606.756865,45,42,47
1771717606.7570357,45,42,47
1771717606.7572088,45,42,47
1771717606.757386,45,42,47
1771717606.7575579,45,42,47
1771717606.7577264,45,42,47
1771717606.7579093,45,42,47
1771717606.7580779,45,42,47
1771717606.7582564,45,42,47
1771717606.7584243,45,42,47
1771717606.7585948,45,42,47
1771717606.758768,45,42,47
1771717606.7589333,45,42,47
1771717606.7590966,45,42,47
1771717606.759268,45,42,47
1771717606.759432,45,42,47
1771717606.7595966,45,42,47
1771717606.7597654,45,42,47
1771717606.7599292,45,42,47
1771717606.7600935,45,42,47
1771717606.7602644,45,42,47
1771717606.760427,45,42,47
1771717606.7605944,45,42,47
1771717606.7607574,45,42,47
1771717606.760923,45,42,48
1771717606.7610867,45,42,48
1771717606.7612486,45,42,48
1771717606.76141,45,42,48
1771717606.7615728,45,42,48
1771717606.7617347,45,42,48
1771717606.7618976,45,42,48
1771717606.7620597,45,42,48
1771717606.762228,45,42,48
1771717606.7623913,45,42,48
1771717606.7625582,45,42,48
1771717606.762901,45,42,48
1771717606.7630677,45,42,48
1771717606.7632325,45,42,48
1771717606.763396,45,42,48
1771717606.763558,45,42,48
1771717606.763723,45,42,48
1771717606.763883,45,42,48
1771717606.764044,45,42,48
1771717606.7665043,45,42,48
1771717606.7668235,45,42,48
1771717606.7671313,45,42,48
1771717606.7673993,45,42,48
1771717606.7675622,45,42,48
1771717606.770558,45,42,48
1771717606.7707517,45,42,48
1771717606.7709289,45,42,49
1771717606.7711303,45,42,49
1771717606.7712932,45,42,49
1771717606.7747936,45,42,49
1771717606.775114,45,42,49
1771717606.7754138,45,42,49
1771717606.7757108,45,42,49
1771717606.7758734,45,42,49
1771717606.8324099,45,42,49
1771717606.832672,45,42,49
1771717606.8328643,45,42,49
1771717606.833053,45,42,49
1771717606.833237,45,42,49
1771717606.8334026,45,42,49
1771717606.8335652,45,42,49
1771717606.8337288,45,42,49
1771717606.8338926,45,42,49
1771717606.8340564,45,42,49
1771717606.8342202,45,42,49
1771717606.8343828,45,42,49
1771717606.8345451,45,42,49
1771717606.8347077,45,42,49
1771717606.8348708,45,42,49
1771717606.8350325,45,42,49
1771717606.8351948,45,42,49
1771717606.8353655,45,42,49
1771717606.8355272,45,42,50
1771717606.835688,45,42,50
1771717606.8358493,45,42,50
1771717606.8360105,45,42,50
1771717606.836172,45,42,50
1771717606.8363326,45,42,50
1771717606.8364923,45,42,50
1771717606.8366542,45,42,50
1771717606.8368146,45,42,50
1771717606.836976,45,42,50
1771717606.837146,45,42,50
1771717606.8373125,45,42,50
1771717606.8374717,45,42,50
1771717606.8376312,45,42,50
1771717606.8377914,45,42,50
1771717606.8379521,45,42,50
1771717606.8381138,45,42,50
1771717606.8382733,45,42,50
1771717606.8384333,45,42,50
1771717606.838625,45,42,50
1771717606.8387845,45,42,50
1771717606.838945,45,42,50
1771717606.839104,45,42,50
1771717606.8392704,45,42,50
1771717606.83943,45,42,50
1771717606.8395932,45,42,51
1771717606.839753,45,42,51
1771717606.839923,45,42,51
1771717606.8401487,45,42,51
1771717606.8403697,45,42,51
1771717606.8405893,45,42,51
1771717606.8408139,45,42,51
1771717606.8410044,45,42,51
1771717606.8411741,45,42,51
1771717606.8413491,45,42,51
1771717606.8415136,45,42,51
1771717606.841677,45,42,51
1771717606.8418412,45,42,51
1771717606.842005,45,42,51
1771717606.8421688,45,42,51
1771717606.842334,45,42,51
1771717606.842501,45,42,51
1771717606.842666,45,42,51
1771717606.8428314,45,42,51
1771717606.8429954,45,42,51
1771717606.8431587,45,42,51
1771717606.843331,45,42,51
1771717606.843498,45,42,51
1771717606.8436623,45,42,51
1771717606.84383,45,42,51
1771717606.8439946,45,42,51
1771717606.84416,45,42,52
1771717606.844327,45,42,52
1771717606.8444898,45,42,52
1771717606.8446531,45,42,52
1771717606.8448174,45,42,52
1771717606.844981,45,42,52
1771717606.8451445,45,42,52
1771717606.8453147,45,42,52
1771717606.8454804,45,42,52
1771717606.8456435,45,42,52
1771717606.845806,45,42,52
1771717606.8459687,45,42,52
1771717606.848247,45,42,52
1771717606.848516,45,42,52
1771717606.8487163,45,42,52
1771717606.8489134,45,42,52
1771717606.8490827,45,42,52
1771717606.8523853,45,42,52
1771717606.8527853,45,42,52
1771717606.8530807,45,42,52
1771717606.8533757,45,42,52
1771717606.853672,45,42,52
1771717606.8567355,45,42,52
1771717606.8571677,45,42,52
1771717606.8574698,45,42,52
1771717606.857669,45,42,52
1771717606.8578365,45,42,53
1771717606.8607783,45,42,53
1771717606.8610957,45,42,53
1771717606.861398,45,42,53
1771717606.8616936,45,42,53
1771717606.861988,45,42,53
1771717606.864811,45,42,53
1771717606.8649955,45,42,53
1771717606.8651657,45,42,53
1771717606.865339,45,42,53
1771717606.8687563,45,42,53
1771717606.8691857,45,42,53
1771717606.8694975,45,42,53
1771717606.8697958,45,42,53
1771717606.8700964,45,42,53
1771717606.8728645,45,42,53
1771717606.8731787,45,42,53
1771717606.8735013,45,42,53
1771717606.8738074,45,42,53
1771717606.8741026,45,42,53
1771717606.8771062,45,42,53
1771717606.8774369,45,42,53
1771717606.877725,45,42,53
1771717606.8778944,45,42,53
1771717606.878063,45,42,54
1771717606.881124,45,42,54
1771717606.881311,45,42,54
1771717606.881484,45,42,54
1771717606.8816528,45,42,54
1771717606.881822,45,42,54
1771717606.8853526,45,42,54
1771717606.8856707,45,42,54
1771717606.8859766,45,42,54
1771717606.886193,45,42,54
1771717606.8863697,45,42,54
1771717606.9428291,45,42,54
1771717606.9430137,45,42,54
1771717606.9431803,45,42,54
1771717606.943347,45,42,54
1771717606.943511,45,42,54
1771717606.9436886,45,42,54
1771717606.943852,45,42,54
1771717606.9441216,45,42,54
1771717606.9443169,45,42,54
1771717606.9444926,45,42,54
1771717606.9446654,45,42,54
1771717606.9448364,45,42,54
1771717606.9450061,45,42,54
1771717606.9451919,45,42,54
1771717606.945358,45,42,54
1771717606.9455235,45,42,55
1771717606.9456894,45,42,55
1771717606.9458656,45,42,55
1771717606.946033,45,42,55
1771717606.9462001,45,42,55
1771717606.9463723,45,42,55
1771717606.9465683,45,42,55
1771717606.9467337,45,42,55
1771717606.9468985,45,42,55
1771717606.947065,45,42,55
1771717606.947231,45,42,55
1771717606.9473996,45,42,55
1771717606.9475658,45,42,55
1771717606.9478035,45,42,55
1771717606.947983,45,42,55
1771717606.9481475,45,42,55
1771717606.948314,45,42,55
1771717606.948478,45,42,55
1771717606.948666,45,42,55
1771717606.9488409,45,42,55
1771717606.949007,45,42,55
1771717606.9491727,45,42,55
1771717606.9493372,45,42,55
1771717606.9495049,45,42,55
1771717606.9496942,45,42,55
1771717606.9498644,45,42,56
1771717606.9500275,45,42,56
1771717606.9501925,45,42,56
1771717606.9503565,45,42,56
1771717606.9505408,45,42,56
1771717606.950722,45,42,56
1771717606.950888,45,42,56
1771717606.9510534,45,42,56
1771717606.9512186,45,42,56
1771717606.9513848,45,42,56
1771717606.9515574,45,42,56
1771717606.951723,45,42,56
1771717606.9518895,45,42,56
1771717606.9520571,45,42,56
1771717606.9522235,45,42,56
1771717606.952409,45,42,56
1771717606.9525764,45,42,56
1771717606.9527435,45,42,56
1771717606.9529114,45,42,56
1771717606.9530778,45,42,56
1771717606.953246,45,42,56
1771717606.9534142,45,42,56
1771717606.9535854,45,42,56
1771717606.9537508,45,42,56
1771717606.9539158,45,42,56
1771717606.9540858,45,42,56
1771717606.9542515,45,42,57
1771717606.9544163,45,42,57
1771717606.954581,45,42,57
1771717606.9547753,45,42,57
1771717606.954993,45,42,57
1771717606.9551804,45,42,57
1771717606.9553478,45,42,57
1771717606.9555178,45,42,57
1771717606.9556878,45,42,57
1771717606.9560235,45,42,57
1771717606.9564586,45,42,57
1771717606.9568076,45,42,57
1771717606.9570508,45,42,57
1771717606.9572127,45,42,57
1771717606.9573727,45,42,57
1771717606.9588315,45,42,57
1771717606.9590068,45,42,57
1771717606.9591696,45,42,57
1771717606.959331,45,42,57
1771717606.9594982,45,42,57
1771717606.9629853,45,42,57
1771717606.96319,45,42,57
1771717606.9633892,45,42,57
1771717606.963556,45,42,57
1771717606.9637244,45,42,57
1771717606.967304,45,42,57
1771717606.9676282,45,42,58
1771717606.9678795,45,42,58
1771717606.9680583,45,42,58
1771717606.9682238,45,42,58
1771717606.9714458,45,42,58
1771717606.9720027,45,42,58
1771717606.972511,45,42,58
1771717606.9726884,45,42,58
1771717606.9729092,45,42,58
1771717607.0308714,45,42,58
1771717607.031198,45,42,58
1771717607.0314596,45,42,58
1771717607.031635,45,42,58
1771717607.031796,45,42,58
1771717607.0319588,45,42,58
1771717607.0321224,45,42,58
1771717607.0322862,45,42,58
1771717607.032449,45,42,58
1771717607.0326133,45,42,58
1771717607.0327775,45,42,58
1771717607.0329413,45,42,58
1771717607.0331044,45,42,58
1771717607.0332692,45,42,58
1771717607.033537,45,42,58
1771717607.0337763,45,42,59
1771717607.0339706,45,42,59
1771717607.0341349,45,42,59
1771717607.0342968,45,42,59
1771717607.0344615,45,42,59
1771717607.0346253,45,42,59
1771717607.0347893,45,42,59
1771717607.034952,45,42,59
1771717607.0351243,45,42,59
1771717607.0352874,45,42,59
1771717607.0354526,45,42,59
1771717607.0356212,45,42,59
1771717607.0357852,45,42,59
1771717607.0359457,45,42,59
1771717607.0361052,45,42,59
1771717607.0362687,45,42,59
1771717607.0364313,45,42,59
1771717607.0365932,45,42,59
1771717607.036754,45,42,59
1771717607.0369134,45,42,59
1771717607.0371048,45,42,59
1771717607.0372653,45,42,59
1771717607.0374246,45,42,59
1771717607.0375836,45,42,59
1771717607.0377486,45,42,59
1771717607.0379086,45,42,59
1771717607.0380695,45,42,60
1771717607.038232,45,42,60
1771717607.0383933,45,42,60
1771717607.0385537,45,42,60
1771717607.038714,45,42,60
1771717607.0388746,45,42,60
1771717607.039037,45,42,60
1771717607.0391953,45,42,60
1771717607.0393546,45,42,60
1771717607.0395133,45,42,60
1771717607.0396805,45,42,60
1771717607.0398428,45,42,60
1771717607.040012,45,42,60
1771717607.0401723,45,42,60
1771717607.0403323,45,42,60
1771717607.0404923,45,42,60
1771717607.0406513,45,42,60
1771717607.0408137,45,42,60
1771717607.0409749,45,42,60
1771717607.0411344,45,42,60
1771717607.0412946,45,42,60
1771717607.041455,45,42,60
1771717607.041616,45,42,60
1771717607.0417814,45,42,60
1771717607.041945,45,42,60
1771717607.0421066,45,42,60
1771717607.0422664,45,42,61
1771717607.0424266,45,42,61
1771717607.042586,45,42,61
1771717607.0427475,45,42,61
1771717607.0429065,45,42,61
1771717607.0430667,45,42,61
1771717607.043226,45,42,61
1771717607.043385,45,42,61
1771717607.0435443,45,42,61
1771717607.0437098,45,42,61
1771717607.043871,45,42,61
1771717607.0440297,45,42,61
1771717607.0441902,45,42,61
1771717607.0443497,45,42,61
1771717607.044866,45,42,61
1771717607.0450485,45,42,61
1771717607.0452132,45,42,61
1771717607.045378,45,42,61
1771717607.045541,45,42,61
1771717607.0491319,45,42,61
1771717607.0495276,45,42,61
1771717607.0497422,45,42,61
1771717607.0499537,45,42,61
1771717607.05012,45,42,61
1771717607.053187,45,42,61
1771717607.053512,45,42,62
1771717607.0538244,45,42,62
1771717607.0541208,45,42,62
1771717607.054286,45,42,62
1771717607.0573454,45,42,62
1771717607.0576673,45,42,62
1771717607.0578566,45,42,62
1771717607.0580251,45,42,62
1771717607.058189,45,42,62
1771717607.0615036,45,42,62
1771717607.061825,45,42,62
1771717607.0621321,45,42,62
1771717607.0624363,45,42,62
1771717607.0653114,45,42,62
1771717607.0656047,45,42,62
1771717607.065872,45,42,62
1771717607.0661347,45,42,62
1771717607.066316,45,42,62
1771717607.0694528,45,42,62
1771717607.0696654,45,42,62
1771717607.069956,45,42,62
1771717607.0702496,45,42,62
1771717607.070543,45,42,62
1771717607.0735338,45,42,62
1771717607.0737126,45,42,62
1771717607.0738869,45,42,62
1771717607.0740678,45,42,63
1771717607.074237,45,42,63
1771717607.077845,45,42,63
1771717607.0781763,45,42,63
1771717607.078492,45,42,63
1771717607.078819,45,42,63
1771717607.0791516,45,42,63
1771717607.0818453,45,42,63
1771717607.082024,45,42,63
1771717607.0821905,45,42,63
1771717607.0823555,45,42,63
1771717607.0825207,45,42,63
1771717607.1382334,45,42,63
1771717607.1384163,45,42,63
1771717607.1385825,45,42,63
1771717607.1387546,45,42,63
1771717607.1389163,45,42,63
1771717607.1390786,45,42,63
1771717607.1392417,45,42,63
1771717607.1394038,45,42,63
1771717607.1395655,45,42,63
1771717607.1397264,45,42,63
1771717607.1398892,45,42,63
1771717607.140058,45,42,63
1771717607.14022,45,42,63
1771717607.1403813,45,42,63
1771717607.1405454,45,42,64
1771717607.1407182,45,42,64
1771717607.1408808,45,42,64
1771717607.1410408,45,42,64
1771717607.141204,45,42,64
1771717607.1413665,45,42,64
1771717607.141528,45,42,64
1771717607.1416903,45,42,64
1771717607.1418505,45,42,64
1771717607.1420155,45,42,64
1771717607.142177,45,42,64
1771717607.1423392,45,42,64
1771717607.1425009,45,42,64
1771717607.142661,45,42,64
1771717607.1428468,45,42,64
1771717607.1430538,45,42,64
1771717607.1432228,45,42,64
1771717607.1433842,45,42,64
1771717607.1435468,45,42,64
1771717607.1437078,45,42,64
1771717607.143868,45,42,64
1771717607.144037,45,42,64
1771717607.1441963,45,42,64
1771717607.1443589,45,42,64
1771717607.1445189,45,42,65
1771717607.1446793,45,42,65
1771717607.1448388,45,42,65
1771717607.1449993,45,42,65
1771717607.145159,45,42,65
1771717607.1453195,45,42,65
1771717607.1454802,45,42,65
1771717607.14564,45,42,65
1771717607.145799,45,42,65
1771717607.1459594,45,42,65
1771717607.1461253,45,42,65
1771717607.1463113,45,42,65
1771717607.14647,45,42,65
1771717607.1466286,45,42,65
1771717607.1467884,45,42,65
1771717607.1469483,45,42,65
1771717607.1471074,45,42,65
1771717607.147267,45,42,65
1771717607.147426,45,42,65
1771717607.147584,45,42,65
1771717607.1477442,45,42,65
1771717607.1479058,45,42,65
1771717607.1480703,45,42,65
1771717607.1482291,45,42,65
1771717607.1483886,45,42,65
1771717607.1485488,45,42,65
1771717607.1487079,45,42,66
1771717607.1488695,45,42,66
1771717607.1490295,45,42,66
1771717607.1491892,45,42,66
1771717607.1493483,45,42,66
1771717607.1495063,45,42,66
1771717607.1496668,45,42,66
1771717607.1498258,45,42,66
1771717607.149985,45,42,66
1771717607.1501493,45,42,66
1771717607.1503086,45,42,66
1771717607.1504672,45,42,66
1771717607.1506274,45,42,66
1771717607.2051814,45,42,66
1771717607.205457,45,42,66
1771717607.205643,45,42,66
1771717607.205813,45,42,66
1771717607.2059798,45,42,66
1771717607.2061603,45,42,66
1771717607.2064974,45,42,66
1771717607.2067795,45,42,66
1771717607.2070212,45,42,66
1771717607.2072613,45,42,66
1771717607.2075274,45,42,66
1771717607.20775,45,42,66
1771717607.2079842,45,42,67
1771717607.2082016,45,42,67
1771717607.2083812,45,42,67
1771717607.2085493,45,42,67
1771717607.208731,45,42,67
1771717607.2088983,45,42,67
1771717607.2090647,45,42,67
1771717607.2092302,45,42,67
1771717607.209394,45,42,67
1771717607.2095582,45,42,67
1771717607.2097216,45,42,67
1771717607.209884,45,42,67
1771717607.210048,45,42,67
1771717607.210214,45,42,67
1771717607.2103815,45,42,67
1771717607.2105443,45,42,67
1771717607.2107077,45,42,67
1771717607.2108712,45,42,67
1771717607.211033,45,42,67
1771717607.211195,45,42,67
1771717607.2113566,45,42,67
1771717607.2115195,45,42,67
1771717607.2116826,45,42,67
1771717607.2118428,45,42,67
1771717607.2120047,45,42,67
1771717607.2121682,45,42,67
1771717607.2123344,45,42,68
1771717607.2124972,45,42,68
1771717607.212661,45,42,68
1771717607.212822,45,42,68
1771717607.2129817,45,42,68
1771717607.2132254,45,42,68
1771717607.213386,45,42,68
1771717607.2135453,45,42,68
1771717607.213705,45,42,68
1771717607.213864,45,42,68
1771717607.2140243,45,42,68
1771717607.2141836,45,42,68
1771717607.2143533,45,42,68
1771717607.2145123,45,42,68
1771717607.214672,45,42,68
1771717607.2148342,45,42,68
1771717607.2149944,45,42,68
1771717607.2151542,45,42,68
1771717607.2153137,45,42,68
1771717607.2154732,45,42,68
1771717607.2156363,45,42,68
1771717607.2157967,45,42,68
1771717607.2159557,45,42,68
1771717607.2161148,45,42,68
1771717607.216279,45,42,68
1771717607.2164385,45,42,68
1771717607.216598,45,42,69
1771717607.2167606,45,42,69
1771717607.2169204,45,42,69
1771717607.2170815,45,42,69
1771717607.217241,45,42,69
1771717607.217401,45,42,69
1771717607.2175605,45,42,69
1771717607.2177238,45,42,69
1771717607.2178833,45,42,69
1771717607.2180426,45,42,69
1771717607.2182033,45,42,69
1771717607.2183676,45,42,69
1771717607.2185273,45,42,69
1771717607.2186913,45,42,69
1771717607.2188506,45,42,69
1771717607.2190132,45,42,69
1771717607.2191732,45,42,69
1771717607.2210245,45,42,69
1771717607.2212875,45,42,69
1771717607.2215407,45,42,69
1771717607.221773,45,42,69
1771717607.221956,45,42,69
1771717607.2250824,45,42,69
1771717607.2252605,45,42,69
1771717607.2254236,45,42,70
1771717607.2255862,45,42,70
1771717607.2258403,45,42,70
1771717607.2293582,45,42,70
1771717607.2296777,45,42,70
1771717607.2299833,45,42,70
1771717607.2303061,45,42,70
1771717607.2305946,45,42,70
1771717607.2334924,45,42,70
1771717607.2338474,45,42,70
1771717607.2341228,45,42,70
1771717607.2342865,45,42,70
1771717607.2344604,45,42,70
1771717607.2945623,45,42,70
1771717607.294777,45,42,70
1771717607.2949755,45,42,70
1771717607.2951705,45,42,70
1771717607.2953644,45,42,70
1771717607.2955341,45,42,70
1771717607.2957113,45,42,70
1771717607.2958722,45,42,70
1771717607.296034,45,42,70
1771717607.296196,45,42,70
1771717607.2963586,45,42,70
1771717607.2965195,45,42,70
1771717607.296688,45,42,70
1771717607.2968497,45,42,71
1771717607.2970102,45,42,71
1771717607.2971718,45,42,71
1771717607.2973318,45,42,71
1771717607.297492,45,42,71
1771717607.2976592,45,42,71
1771717607.29782,45,42,71
1771717607.298027,45,42,71
1771717607.298202,45,42,71
1771717607.298366,45,42,71
1771717607.298531,45,42,71
1771717607.2986956,45,42,71
1771717607.2989564,45,42,71
1771717607.2991712,45,42,71
1771717607.299377,45,42,71
1771717607.299582,45,42,71
1771717607.2998085,45,42,71
1771717607.3000116,45,42,71
1771717607.3002155,45,42,71
1771717607.3004212,45,42,71
1771717607.3006313,45,42,71
1771717607.3007941,45,42,71
1771717607.3009553,45,42,71
1771717607.3011172,45,42,71
1771717607.3012772,45,42,71
1771717607.3014371,45,42,71
1771717607.3015969,45,42,72
1771717607.301764,45,42,72
1771717607.3019252,45,42,72
1771717607.3020852,45,42,72
1771717607.3022454,45,42,72
1771717607.3024046,45,42,72
1771717607.3025644,45,42,72
1771717607.3027253,45,42,72
1771717607.3028958,45,42,72
1771717607.3030558,45,42,72
1771717607.3032155,45,42,72
1771717607.303375,45,42,72
1771717607.3035345,45,42,72
1771717607.3037004,45,42,72
1771717607.3038619,45,42,72
1771717607.3040214,45,42,72
1771717607.3041813,45,42,72
1771717607.3043408,45,42,72
1771717607.3045022,45,42,72
1771717607.304664,45,42,72
1771717607.3048234,45,42,72
1771717607.3049831,45,42,72
1771717607.3051581,45,42,72
1771717607.3053772,45,42,72
1771717607.3055465,45,42,72
1771717607.3057158,45,42,73
1771717607.305878,45,42,73
1771717607.306038,45,42,73
1771717607.306223,45,42,73
1771717607.3063827,45,42,73
1771717607.3065422,45,42,73
1771717607.3067021,45,42,73
1771717607.3068619,45,42,73
1771717607.3070233,45,42,73
1771717607.3071842,45,42,73
1771717607.3073444,45,42,73
1771717607.307504,45,42,73
1771717607.307663,45,42,73
1771717607.3078313,45,42,73
1771717607.3079908,45,42,73
1771717607.30815,45,42,73
1771717607.30831,45,42,73
1771717607.3084698,45,42,73
1771717607.308629,45,42,73
1771717607.3087895,45,42,73
1771717607.30895,45,42,73
1771717607.309109,45,42,73
1771717607.311095,45,42,73
1771717607.3113887,45,42,73
1771717607.3117473,45,42,73
1771717607.3120384,45,42,73
1771717607.3122492,45,42,74
1771717607.3152232,45,42,74
1771717607.3153937,45,42,74
1771717607.3155613,45,42,74
1771717607.3157213,45,42,74
1771717607.3158808,45,42,74
1771717607.319338,45,42,74
1771717607.319504,45,42,74
1771717607.3196805,45,42,74
1771717607.319884,45,42,74
1771717607.3200488,45,42,74
1771717607.3235438,45,42,74
1771717607.3237586,45,42,74
1771717607.3239603,45,42,74
1771717607.324146,45,42,74
1771717607.327413,45,42,74
1771717607.3277621,45,42,74
1771717607.328053,45,42,74
1771717607.3283424,45,42,74
1771717607.328641,45,42,74
1771717607.3315935,45,42,74
1771717607.3318052,45,42,74
1771717607.3320024,45,42,74
1771717607.3321974,45,42,74
1771717607.332392,45,42,75
1771717607.335694,45,42,75
1771717607.3359058,45,42,75
1771717607.3361068,45,42,75
1771717607.336304,45,42,75
1771717607.3365016,45,42,75
1771717607.3400078,45,42,75
1771717607.3404222,45,42,75
1771717607.34081,45,42,75
1771717607.3410876,45,42,75
1771717607.3412597,45,42,75
1771717607.3440511,45,42,75
1771717607.3443549,45,42,75
1771717607.3445885,45,42,75
1771717607.3448133,45,42,75
1771717607.345093,45,42,75
1771717607.4097195,45,42,75
1771717607.4099329,45,42,75
1771717607.4101005,45,42,75
1771717607.4102664,45,42,75
1771717607.4104645,45,42,75
1771717607.4106288,45,42,75
1771717607.4108014,45,42,75
1771717607.410991,45,42,75
1771717607.4111526,45,42,75
1771717607.4113147,45,42,75
1771717607.4114943,45,42,76
1771717607.4116776,45,42,76
1771717607.4119084,45,42,76
1771717607.4121344,45,42,76
1771717607.412335,45,42,76
1771717607.4124975,45,42,76
1771717607.4127772,45,42,76
1771717607.4129755,45,42,76
1771717607.4131374,45,42,76
1771717607.4133248,45,42,76
1771717607.4135418,45,42,76
1771717607.4138637,45,42,76
1771717607.4141128,45,42,76
1771717607.4143536,45,42,76
1771717607.41459,45,42,76
1771717607.4148037,45,42,76
1771717607.4150033,45,42,76
1771717607.415166,45,42,76
1771717607.4153445,45,42,76
1771717607.4155476,45,42,76
1771717607.4157717,45,42,76
1771717607.4159973,45,42,76
1771717607.4161777,45,42,76
1771717607.4163392,45,42,76
1771717607.4165018,45,42,76
1771717607.4166877,45,42,76
1771717607.4168518,45,42,77
1771717607.417012,45,42,77
1771717607.4171734,45,42,77
1771717607.4173617,45,42,77
1771717607.4175313,45,42,77
1771717607.4176927,45,42,77
1771717607.4178526,45,42,77
1771717607.4180377,45,42,77
1771717607.4181988,45,42,77
1771717607.41836,45,42,77
1771717607.4185207,45,42,77
1771717607.4187062,45,42,77
1771717607.4188662,45,42,77
1771717607.4190423,45,42,77
1771717607.419266,45,42,77
1771717607.419502,45,42,77
1771717607.4196882,45,42,77
1771717607.4199002,45,42,77
1771717607.4201474,45,42,77
1771717607.420314,45,42,77
1771717607.4204745,45,42,77
1771717607.4207013,45,42,77
1771717607.4208677,45,42,77
1771717607.4210835,45,42,77
1771717607.4212463,45,42,77
1771717607.4214463,45,42,78
1771717607.4216115,45,42,78
1771717607.4217732,45,42,78
1771717607.4219353,45,42,78
1771717607.4221234,45,42,78
1771717607.422286,45,42,78
1771717607.4224482,45,42,78
1771717607.4226086,45,42,78
1771717607.4227943,45,42,78
1771717607.4230947,45,42,78
1771717607.4233341,45,42,78
1771717607.42354,45,42,78
1771717607.423708,45,42,78
1771717607.4240005,45,42,78
1771717607.4242566,45,42,78
1771717607.4245038,45,42,78
1771717607.4247565,45,42,78
1771717607.4250233,45,42,78
1771717607.4252717,45,42,78
1771717607.4255059,45,42,78
1771717607.4256938,45,42,78
1771717607.425866,45,42,78
1771717607.4260395,45,42,78
1771717607.4262118,45,42,78
1771717607.4263864,45,42,78
1771717607.42656,45,42,78
1771717607.4267662,45,42,79
1771717607.4269462,45,42,79
1771717607.4271164,45,42,79
1771717607.4273024,45,42,79
1771717607.4274693,45,42,79
1771717607.4276555,45,42,79
1771717607.4278276,45,42,79
1771717607.4280114,45,42,79
1771717607.4281735,45,42,79
1771717607.4300091,45,42,79
1771717607.43023,45,42,79
1771717607.4304388,45,42,79
1771717607.430642,45,42,79
1771717607.4308429,45,42,79
1771717607.583371,45,42,79
1771717607.5836318,45,42,79
1771717607.583835,45,42,79
1771717607.5840423,45,42,79
1771717607.5842855,45,42,79
1771717607.5844576,45,42,79
1771717607.5846548,45,42,79
1771717607.5848339,45,42,79
1771717607.5850854,45,42,79
1771717607.5852919,45,42,79
1771717607.5854986,45,42,79
1771717607.5857177,45,42,79
1771717607.585986,45,42,80
1771717607.5862389,45,42,80
1771717607.5864086,45,42,80
1771717607.586575,45,42,80
1771717607.5867412,45,42,80
1771717607.5869124,45,42,80
1771717607.5870838,45,42,80
1771717607.5872488,45,42,80
1771717607.5874143,45,42,80
1771717607.5876045,45,42,80
1771717607.587793,45,42,80
1771717607.5880315,45,42,80
1771717607.5882087,45,42,80
1771717607.5884173,45,42,80
1771717607.5885835,45,42,80
1771717607.5887477,45,42,80
1771717607.5889196,45,42,80
1771717607.5892036,45,42,80
1771717607.5893812,45,42,80
1771717607.5895455,45,42,80
1771717607.5897121,45,42,80
1771717607.5899434,45,42,80
1771717607.590238,45,42,80
1771717607.5904613,45,42,80
1771717607.5906286,45,42,81
1771717607.5908604,45,42,81
1771717607.5911279,45,42,81
1771717607.59131,45,42,81
1771717607.591481,45,42,81
1771717607.5916522,45,42,81
1771717607.5918176,45,42,81
1771717607.5919836,45,42,81
1771717607.5921504,45,42,81
1771717607.5923164,45,42,81
1771717607.5924804,45,42,81
1771717607.5928223,45,42,81
1771717607.5930972,45,42,81
1771717607.5933738,45,42,81
1771717607.5937328,45,42,81
1771717607.5939887,45,42,81
1771717607.5943196,45,42,81
1771717607.5948455,45,42,81
1771717607.5953364,45,42,81
1771717607.5956392,45,42,81
1771717607.595998,45,42,81
1771717607.5963376,45,42,81
1771717607.5966282,45,42,81
1771717607.5970435,45,42,81
1771717607.597379,45,42,81
1771717607.5977573,45,42,81
1771717607.5980864,45,42,82
1771717607.5982668,45,42,82
1771717607.598926,45,42,82
1771717607.599251,45,42,82
1771717607.5994425,45,42,82
1771717607.6001399,45,42,82
1771717607.600367,45,42,82
1771717607.6005428,45,42,82
1771717607.6007128,45,42,82
1771717607.6008837,45,42,82
1771717607.601054,45,42,82
1771717607.6012218,45,42,82
1771717607.6013901,45,42,82
1771717607.6015584,45,42,82
1771717607.6017253,45,42,82
1771717607.601913,45,42,82
1771717607.60208,45,42,82
1771717607.6022503,45,42,82
1771717607.602452,45,42,82
1771717607.602623,45,42,82
1771717607.6027927,45,42,82
1771717607.6029835,45,42,82
1771717607.603253,45,42,82
1771717607.603504,45,42,82
1771717607.603832,45,42,82
1771717607.6040673,45,42,82
1771717607.6042566,45,42,83
1771717607.6044395,45,42,83
1771717607.6046064,45,42,83
1771717607.6048098,45,42,83
1771717607.6050081,45,42,83
1771717607.6052089,45,42,83
1771717607.6053832,45,42,83
1771717607.605547,45,42,83
1771717607.6057117,45,42,83
1771717607.605926,45,42,83
1771717607.606089,45,42,83
1771717607.606252,45,42,83
1771717607.6065881,45,42,83
1771717607.606769,45,42,83
1771717607.6069527,45,42,83
1771717607.6071296,45,42,83
1771717607.6073039,45,42,83
1771717607.6074743,45,42,83
1771717607.6076462,45,42,83
1771717607.6078222,45,42,83
1771717607.6080623,45,42,83
1771717607.608238,45,42,83
1771717607.6084058,45,42,83
1771717607.6085742,45,42,83
1771717607.6087425,45,42,83
1771717607.608916,45,42,84
1771717607.6090846,45,42,84
1771717607.609254,45,42,84
1771717607.6094239,45,42,84
1771717607.6097145,45,42,84
1771717607.6099281,45,42,84
1771717607.6101644,45,42,84
1771717607.610419,45,42,84
1771717607.6107905,45,42,84
1771717607.6109767,45,42,84
1771717607.611143,45,42,84
1771717607.6113095,45,42,84
1771717607.6114771,45,42,84
1771717607.6116445,45,42,84
1771717607.6118102,45,42,84
1771717607.6119757,45,42,84
1771717607.6122222,45,42,84
1771717607.6124868,45,42,84
1771717607.6126597,45,42,84
1771717607.6128561,45,42,84
1771717607.613056,45,42,84
1771717607.61325,45,42,84
1771717607.6134143,45,42,84
1771717607.613578,45,42,84
1771717607.6137416,45,42,84
1771717607.613907,45,42,84
1771717607.6141171,45,42,85
1771717607.6142836,45,42,85
1771717607.6144488,45,42,85
1771717607.6146126,45,42,85
1771717607.614779,45,42,85
1771717607.614948,45,42,85
1771717607.6151128,45,42,85
1771717607.6152797,45,42,85
1771717607.615444,45,42,85
1771717607.615609,45,42,85
1771717607.6157749,45,42,85
1771717607.6159394,45,42,85
1771717607.6161032,45,42,85
1771717607.616267,45,42,85
1771717607.616433,45,42,85
1771717607.6165988,45,42,85
1771717607.6167643,45,42,85
1771717607.6169336,45,42,85
1771717607.6170998,45,42,85
1771717607.6172657,45,42,85
1771717607.6174314,45,42,85
1771717607.617596,45,42,85
1771717607.61776,45,42,85
1771717607.6179233,45,42,85
1771717607.618087,45,42,86
1771717607.618279,45,42,86
1771717607.6184435,45,42,86
1771717607.6186078,45,42,86
1771717607.6187725,45,42,86
1771717607.6189406,45,42,86
1771717607.6191082,45,42,86
1771717607.6192734,45,42,86
1771717607.6194375,45,42,86
1771717607.619602,45,42,86
1771717607.6197677,45,42,86
1771717607.6199331,45,42,86
1771717607.620098,45,42,86
1771717607.6202626,45,42,86
1771717607.6204295,45,42,86
1771717607.6205995,45,42,86
1771717607.6207645,45,42,86
1771717607.6209354,45,42,86
1771717607.6211014,45,42,86
1771717607.6212661,45,42,86
1771717607.621431,45,42,86
1771717607.621595,45,42,86
1771717607.6217594,45,42,86
1771717607.6219225,45,42,86
1771717607.6220922,45,42,86
1771717607.6222868,45,42,86
1771717607.6224518,45,42,87
1771717607.622616,45,42,87
1771717607.6227798,45,42,87
1771717607.6230721,45,42,87
1771717607.6232533,45,42,87
1771717607.6234221,45,42,87
1771717607.6235914,45,42,87
1771717607.623758,45,42,87
1771717607.6239226,45,42,87
1771717607.6240902,45,42,87
1771717607.624255,45,42,87
1771717607.624421,45,42,87
1771717607.6245866,45,42,87
1771717607.6247532,45,42,87
1771717607.6249247,45,42,87
1771717607.6250925,45,42,87
1771717607.625259,45,42,87
1771717607.625424,45,42,87
1771717607.6255891,45,42,87
1771717607.6257558,45,42,87
1771717607.6259236,45,42,87
1771717607.626096,45,42,87
1771717607.6263006,45,42,87
1771717607.6266713,45,42,87
1771717607.6268506,45,42,87
1771717607.627036,45,42,87
1771717607.627472,45,42,88
1771717607.6277921,45,42,88
1771717607.6280544,45,42,88
1771717607.6283097,45,42,88
1771717607.628535,45,42,88
1771717607.628745,45,42,88
1771717607.6289756,45,42,88
1771717607.6292117,45,42,88
1771717607.6294053,45,42,88
1771717607.6295788,45,42,88
1771717607.629756,45,42,88
1771717607.629926,45,42,88
1771717607.6300972,45,42,88
1771717607.6302667,45,42,88
1771717607.6304455,45,42,88
1771717607.6306422,45,42,88
1771717607.6308074,45,42,88
1771717607.6309803,45,42,88
1771717607.6311517,45,42,88
1771717607.6313157,45,42,88
1771717607.6346738,45,42,88
1771717607.6348987,45,42,88
1771717607.635151,45,42,88
1771717607.6354406,45,42,88
1771717607.6357293,45,42,88
1771717607.6388118,45,42,89
1771717607.6390977,45,42,89
1771717607.6393805,45,42,89
1771717607.6398485,45,42,89
1771717607.6400287,45,42,89
1771717607.6430218,45,42,89
1771717607.6432934,45,42,89
1771717607.6434681,45,42,89
1771717607.643642,45,42,89
1771717607.6438062,45,42,89
1771717607.6471264,45,42,89
1771717607.6473203,45,42,89
1771717607.6474876,45,42,89
1771717607.6476517,45,42,89
1771717607.6478136,45,42,89
1771717607.651362,45,42,89
1771717607.6517184,45,42,89
1771717607.6519341,45,42,89
1771717607.652097,45,42,89
1771717607.6550992,45,42,89
1771717607.6554766,45,42,89
1771717607.6557844,45,42,89
1771717607.6560907,45,42,89
1771717607.656393,45,42,89
1771717607.6593392,45,42,89
1771717607.6595323,45,42,89
1771717607.6597002,45,42,90
1771717607.6598654,45,42,90
1771717607.6600287,45,42,90
1771717607.6635659,45,42,90
1771717607.6638863,45,42,90
1771717607.664192,45,42,90
1771717607.6644928,45,42,90
1771717607.6647925,45,42,90
1771717607.6676528,45,42,90
1771717607.6679757,45,42,90
1771717607.668281,45,42,90
1771717607.668598,45,42,90
1771717607.6687734,45,42,90
1771717607.6718462,45,42,90
1771717607.6721518,45,42,90
1771717607.6724427,45,42,90
1771717607.6727273,45,42,90
1771717607.675556,45,42,90
1771717607.6757827,45,42,90
1771717607.676153,45,42,90
1771717607.676555,45,42,90
1771717607.6768558,45,42,90
1771717607.6799512,45,42,90
1771717607.680281,45,42,90
1771717607.680586,45,42,90
1771717607.680796,45,42,90
1771717607.6809587,45,42,91
1771717607.683952,45,42,91
1771717607.6842968,45,42,91
1771717607.6845946,45,42,91
1771717607.684892,45,42,91
1771717607.6851869,45,42,91
1771717607.6880453,45,42,91
1771717607.6883626,45,42,91
1771717607.6886616,45,42,91
1771717607.6889565,45,42,91
1771717607.6892145,45,42,91
1771717607.6921074,45,42,91
1771717607.6922917,45,42,91
1771717607.69246,45,42,91
1771717607.6926267,45,42,91
1771717607.6928031,45,42,91
1771717607.6962662,45,42,91
1771717607.6964498,45,42,91
1771717607.6966188,45,42,91
1771717607.6967883,45,42,91
1771717607.7002294,45,42,91
1771717607.7005541,45,42,91
1771717607.7008512,45,42,91
1771717607.7011104,45,42,91
1771717607.7012873,45,42,92
1771717607.7043796,45,42,92
1771717607.7046795,45,42,92
1771717607.704846,45,42,92
1771717607.7051249,45,42,92
1771717607.7053971,45,42,92
1771717607.7085984,45,42,92
1771717607.7090437,45,42,92
1771717607.7093701,45,42,92
1771717607.7095797,45,42,92
1771717607.7097754,45,42,92
1771717607.7125795,45,42,92
1771717607.7127903,45,42,92
1771717607.712991,45,42,92
1771717607.7132936,45,42,92
1771717607.7136,45,42,92
1771717607.7168133,45,42,92
1771717607.71714,45,42,92
1771717607.717449,45,42,92
1771717607.7177587,45,42,92
1771717607.7206068,45,42,92
1771717607.7210343,45,42,92
1771717607.7213554,45,42,92
1771717607.7216418,45,42,92
1771717607.721813,45,42,92
1771717607.724868,45,42,92
1771717607.7251902,45,42,93
1771717607.7255106,45,42,93
1771717607.7258341,45,42,93
1771717607.7261417,45,42,93
1771717607.7290103,45,42,93
1771717607.729329,45,42,93
1771717607.729626,45,42,93
1771717607.729866,45,42,93
1771717607.7300339,45,42,93
1771717607.7331476,45,42,93
1771717607.733469,45,42,93
1771717607.7337735,45,42,93
1771717607.7340755,45,42,93
1771717607.7343771,45,42,93
1771717607.7371538,45,42,93
1771717607.7373307,45,42,93
1771717607.7375169,45,42,93
1771717607.737681,45,42,93
1771717607.7411177,45,42,93
1771717607.74149,45,42,93
1771717607.7417889,45,42,93
1771717607.7419748,45,42,93
1771717607.7421594,45,42,93
1771717607.745343,45,42,93
1771717607.7456703,45,42,93
1771717607.7459836,45,42,94
1771717607.7462807,45,42,94
1771717607.746574,45,42,94
1771717607.7494626,45,42,94
1771717607.7497725,45,42,94
1771717607.7500846,45,42,94
1771717607.7503343,45,42,94
1771717607.7505553,45,42,94
1771717607.7537298,45,42,94
1771717607.7539184,45,42,94
1771717607.754123,45,42,94
1771717607.7542937,45,42,94
1771717607.7544615,45,42,94
1771717607.757976,45,42,94
1771717607.7583117,45,42,94
1771717607.758622,45,42,94
1771717607.7588098,45,42,94
1771717607.7589793,45,42,94
1771717607.76187,45,42,94
1771717607.7621875,45,42,94
1771717607.7623708,45,42,94
1771717607.7625356,45,42,94
1771717607.7658315,45,42,94
1771717607.7661698,45,42,94
1771717607.766478,45,42,94
1771717607.7668028,45,42,94
1771717607.7670717,45,42,95
1771717607.769846,45,42,95
1771717607.770029,45,42,95
1771717607.7702014,45,42,95
1771717607.7703722,45,42,95
1771717607.7705443,45,42,95
1771717607.773967,45,42,95
1771717607.774315,45,42,95
1771717607.7747436,45,42,95
1771717607.7751472,45,42,95
1771717607.775441,45,42,95
1771717607.7781215,45,42,95
1771717607.778347,45,42,95
1771717607.778513,45,42,95
1771717607.778679,45,42,95
1771717607.7788439,45,42,95
1771717607.7822363,45,42,95
1771717607.7826285,45,42,95
1771717607.7829304,45,42,95
1771717607.783338,45,42,95
1771717607.7861037,45,42,95
1771717607.7863364,45,42,95
1771717607.7866418,45,42,95
1771717607.7869427,45,42,95
1771717607.787244,45,42,95
1771717607.790309,45,42,95
1771717607.7904975,45,42,96
1771717607.7906702,45,42,96
1771717607.7908413,45,42,96
1771717607.791023,45,42,96
1771717607.7944276,45,42,96
1771717607.7946174,45,42,96
1771717607.7947915,45,42,96
1771717607.7949631,45,42,96
1771717607.795136,45,42,96
1771717607.7988002,45,42,96
1771717607.7991202,45,42,96
1771717607.799466,45,42,96
1771717607.7996743,45,42,96
1771717607.7998433,45,42,96
1771717607.8026662,45,42,96
1771717607.8028493,45,42,96
1771717607.8030195,45,42,96
1771717607.8031986,45,42,96
1771717607.8065925,45,42,96
1771717607.8069756,45,42,96
1771717607.8072789,45,42,96
1771717607.807571,45,42,96
1771717607.8078632,45,42,96
1771717607.810781,45,42,96
1771717607.8109596,45,42,97
1771717607.8111281,45,42,97
1771717607.811292,45,42,97
1771717607.8114655,45,42,97
1771717607.8149166,45,42,97
1771717607.8150983,45,42,97
1771717607.8152604,45,42,97
1771717607.8154383,45,42,97
1771717607.8156068,45,42,97
1771717607.8189428,45,42,97
1771717607.8191113,45,42,97
1771717607.819278,45,42,97
1771717607.819456,45,42,97
1771717607.8196218,45,42,97
1771717607.8235042,45,42,97
1771717607.8239033,45,42,97
1771717607.8242002,45,42,97
1771717607.8244972,45,42,97
1771717607.8247106,45,42,97
1771717607.8272464,45,42,97
1771717607.8274884,45,42,97
1771717607.827655,45,42,97
1771717607.8278208,45,42,97
1771717607.8312123,45,42,97
1771717607.8314204,45,42,97
1771717607.8316212,45,42,97
1771717607.8318193,45,42,98
1771717607.8320346,45,42,98
1771717607.8354,45,42,98
1771717607.835698,45,42,98
1771717607.8359835,45,42,98
1771717607.8362696,45,42,98
1771717607.8365545,45,42,98
1771717607.8396158,45,42,98
1771717607.8399262,45,42,98
1771717607.8402202,45,42,98
1771717607.8404212,45,42,98
1771717607.8405864,45,42,98
1771717607.8436503,45,42,98
1771717607.8438423,45,42,98
1771717607.8440633,45,42,98
1771717607.8442688,45,42,98
1771717607.844469,45,42,98
1771717607.847762,45,42,98
1771717607.847929,45,42,98
1771717607.8480937,45,42,98
1771717607.848257,45,42,98
1771717607.8517554,45,42,98
1771717607.8521264,45,42,98
1771717607.8524237,45,42,98
1771717607.8527126,45,42,98
1771717607.8529992,45,42,98
1771717607.8558514,45,42,99
1771717607.8561635,45,42,99
1771717607.8564572,45,42,99
1771717607.8567493,45,42,99
1771717607.8570404,45,42,99
1771717607.8599534,45,42,99
1771717607.8601296,45,42,99
1771717607.860298,45,42,99
1771717607.8604624,45,42,99
1771717607.860624,45,42,99
1771717607.8642066,45,42,99
1771717607.8645282,45,42,99
1771717607.8648376,45,42,99
1771717607.8651547,45,42,99
1771717607.8654413,45,42,99
1771717607.8684103,45,42,99
1771717607.868732,45,42,99
1771717607.8690283,45,42,99
1771717607.8691943,45,42,99
1771717607.872172,45,42,99
1771717607.8725502,45,42,99
1771717607.872857,45,42,99
1771717607.8732517,45,42,99
1771717607.873553,45,42,99
1771717607.8764129,45,42,99
1771717607.8767605,45,42,100
1771717607.8770857,45,42,100
1771717607.877406,45,42,100
1771717607.8775823,45,42,100
1771717607.88069,45,42,100
1771717607.8810415,45,42,100
1771717607.8813758,45,42,100
1771717607.8817055,45,42,100
1771717607.8846395,45,42,100
1771717607.8850384,45,42,100
1771717607.885366,45,42,100
1771717607.885689,45,42,100
1771717607.888546,45,42,100
1771717607.88895,45,42,100
1771717607.889287,45,42,100
1771717607.8895319,45,42,100
1771717607.8897116,45,42,100
1771717607.8928547,45,42,100
1771717607.893099,45,42,100
1771717607.8934505,45,42,100
1771717607.8937685,45,42,100
1771717607.8968954,45,42,100
1771717607.897316,45,42,100
1771717607.897649,45,42,101
1771717607.8979352,45,42,101
1771717607.8981261,45,42,101
1771717607.9011228,45,42,101
1771717607.9014325,45,42,101
1771717607.9016135,45,42,101
1771717607.9017973,45,42,101
1771717607.9050992,45,42,101
1771717607.9054632,45,42,101
1771717607.9058907,45,42,101
1771717607.9063914,45,42,101
1771717607.90913,45,42,101
1771717607.9093328,45,42,101
1771717607.9095173,45,42,101
1771717607.9097106,45,42,101
1771717607.9098868,45,42,101
1771717607.9134595,45,42,101
1771717607.9138103,45,42,101
1771717607.9141455,45,42,101
1771717607.914478,45,42,101
1771717607.917389,45,42,101
1771717607.9177272,45,42,101
1771717607.9180512,45,42,101
1771717607.918334,45,42,101
1771717607.921479,45,42,102
1771717607.9218538,45,42,102
1771717607.9222646,45,42,102
1771717607.9225714,45,42,102
1771717607.9228508,45,42,102
1771717607.9255822,45,42,102
1771717607.925813,45,42,102
1771717607.9260352,45,42,102
1771717607.9262486,45,42,102
1771717607.9295585,45,42,102
1771717607.9297585,45,42,102
1771717607.9299507,45,42,102
1771717607.9301426,45,42,102
1771717607.9303296,45,42,102
1771717607.9337444,45,42,102
1771717607.9339483,45,42,102
1771717607.934125,45,42,102
1771717607.9343026,45,42,102
1771717607.9378195,45,42,102
1771717607.9380107,45,42,102
1771717607.938191,45,42,102
1771717607.9383767,45,42,102
1771717607.941948,45,42,103
1771717607.942263,45,42,103
1771717607.9424477,45,42,103
1771717607.9426334,45,42,103
1771717607.9428174,45,42,103
1771717607.9460382,45,42,103
1771717607.9462333,45,42,103
1771717607.9464183,45,42,103
1771717607.946605,45,42,103
1771717607.950192,45,42,103
1771717607.9505386,45,42,103
1771717607.9508445,45,42,103
1771717607.9511938,45,42,103
1771717607.9540584,45,42,103
1771717607.954297,45,42,103
1771717607.954485,45,42,103
1771717607.9546716,45,42,103
1771717607.9548566,45,42,103
1771717607.9582772,45,42,103
1771717607.9584715,45,42,103
1771717607.9586937,45,42,103
1771717607.9590034,45,42,103
1771717607.9623125,45,42,103
1771717607.9625201,45,42,103
1771717607.9627538,45,42,104
1771717607.9630065,45,42,104
1771717607.963193,45,42,104
1771717607.9665117,45,42,104
1771717607.966698,45,42,104
1771717607.9668887,45,42,104
1771717607.9670815,45,42,104
1771717607.9705937,45,42,104
1771717607.9707947,45,42,104
1771717607.9710884,45,42,104
1771717607.9715393,45,42,104
1771717607.9746192,45,42,104
1771717607.9748504,45,42,104
1771717607.9750705,45,42,104
1771717607.9752862,45,42,104
1771717607.9756324,45,42,104
1771717607.9788764,45,42,104
1771717607.979158,45,42,104
1771717607.979429,45,42,104
1771717607.9796169,45,42,104
1771717607.9827805,45,42,104
1771717607.9829707,45,42,104
1771717607.9833071,45,42,105
1771717607.9836292,45,42,105
1771717607.9868195,45,42,105
1771717607.9870622,45,42,105
1771717607.9872475,45,42,105
1771717607.987433,45,42,105
1771717607.9876146,45,42,105
1771717607.9911964,45,42,105
1771717607.9915457,45,42,105
1771717607.991866,45,42,105
1771717607.9924,45,42,105
1771717607.9951077,45,42,105
1771717607.9953003,45,42,105
1771717607.9954875,45,42,105
1771717607.9956703,45,42,105
1771717607.9958527,45,42,105
1771717607.9996667,45,42,105
1771717608.0000253,45,42,105
1771717608.0003648,45,42,105
1771717608.0006702,45,42,105
1771717608.003337,45,42,105
1771717608.003539,45,42,105
1771717608.003726,45,42,105
1771717608.0039115,45,42,105
1771717608.0075555,45,42,106
1771717608.0080388,45,42,106
1771717608.0083096,45,42,106
1771717608.0084958,45,42,106
1771717608.008679,45,42,106
1771717608.0115948,45,42,106
1771717608.011789,45,42,106
1771717608.0119824,45,42,106
1771717608.012171,45,42,106
1771717608.0156822,45,42,106
1771717608.0159924,45,42,106
1771717608.0162504,45,42,106
1771717608.0164855,45,42,106
1771717608.0195847,45,42,106
1771717608.0198221,45,42,106
1771717608.0200114,45,42,106
1771717608.020222,45,42,106
1771717608.0204086,45,42,106
1771717608.023883,45,42,106
1771717608.0240815,45,42,106
1771717608.0242653,45,42,106
1771717608.0244477,45,42,106
1771717608.0279536,45,42,106
1771717608.0281637,45,42,107
1771717608.0283523,45,42,107
1771717608.0285392,45,42,107
1771717608.028861,45,42,107
1771717608.0320752,45,42,107
1771717608.0322664,45,42,107
1771717608.0324478,45,42,107
1771717608.0326371,45,42,107
1771717608.03608,45,42,107
1771717608.0366921,45,42,107
1771717608.0370946,45,42,107
1771717608.0373437,45,42,107
1771717608.0401275,45,42,107
1771717608.040328,45,42,107
1771717608.0405197,45,42,107
1771717608.0407264,45,42,107
1771717608.0409415,45,42,107
1771717608.0444202,45,42,107
1771717608.0447855,45,42,107
1771717608.0450613,45,42,107
1771717608.0452654,45,42,107
1771717608.0483904,45,42,107
1771717608.0485966,45,42,107
1771717608.0488367,45,42,108
1771717608.0490198,45,42,108
1771717608.0523562,45,42,108
1771717608.0525806,45,42,108
1771717608.0527625,45,42,108
1771717608.0529428,45,42,108
1771717608.0531228,45,42,108
1771717608.0567772,45,42,108
1771717608.057125,45,42,108
1771717608.057444,45,42,108
1771717608.0576496,45,42,108
1771717608.0608623,45,42,108
1771717608.0612597,45,42,108
1771717608.0615857,45,42,108
1771717608.0619078,45,42,108
1771717608.0622156,45,42,108
1771717608.0648208,45,42,108
1771717608.0649998,45,42,108
1771717608.065183,45,42,108
1771717608.065359,45,42,108
1771717608.0689003,45,42,108
1771717608.0690997,45,42,108
1771717608.0692863,45,42,108
1771717608.0694711,45,42,109
1771717608.0730255,45,42,109
1771717608.0732667,45,42,109
1771717608.0735912,45,42,109
1771717608.0737877,45,42,109
1771717608.0739715,45,42,109
1771717608.0771866,45,42,109
1771717608.0773857,45,42,109
1771717608.0775669,45,42,109
1771717608.077746,45,42,109
1771717608.0811858,45,42,109
1771717608.0813782,45,42,109
1771717608.0815592,45,42,109
1771717608.0817385,45,42,109
1771717608.0850837,45,42,109
1771717608.0853004,45,42,109
1771717608.0855467,45,42,109
1771717608.0857995,45,42,109
1771717608.0859854,45,42,109
1771717608.089373,45,42,109
1771717608.089562,45,42,109
1771717608.089891,45,42,109
1771717608.0900836,45,42,109
1771717608.093482,45,42,109
1771717608.0936766,45,42,110
1771717608.0938601,45,42,110
1771717608.0942385,45,42,110
1771717608.0946157,45,42,110
1771717608.0975943,45,42,110
1771717608.0977824,45,42,110
1771717608.097965,45,42,110
1771717608.0981493,45,42,110
1771717608.1016905,45,42,110
1771717608.1019354,45,42,110
1771717608.1021335,45,42,110
1771717608.1023767,45,42,110
1771717608.105649,45,42,110
1771717608.105841,45,42,110
1771717608.1060276,45,42,110
1771717608.1062107,45,42,110
1771717608.1066148,45,42,110
1771717608.109967,45,42,110
1771717608.1101649,45,42,110
1771717608.1103477,45,42,110
1771717608.110529,45,42,110
1771717608.1140134,45,42,110
1771717608.11435,45,42,111
1771717608.1149075,45,42,111
1771717608.1151717,45,42,111
1771717608.117925,45,42,111
1771717608.1183438,45,42,111
1771717608.1186633,45,42,111
1771717608.1188462,45,42,111
1771717608.1190286,45,42,111
1771717608.1222737,45,42,111
1771717608.122822,45,42,111
1771717608.1234367,45,42,111
1771717608.123743,45,42,111
1771717608.1262248,45,42,111
1771717608.1265674,45,42,111
1771717608.1267529,45,42,111
1771717608.1269357,45,42,111
1771717608.1271188,45,42,111
1771717608.1303382,45,42,111
1771717608.130553,45,42,111
1771717608.1307325,45,42,111
1771717608.1309109,45,42,111
1771717608.1345387,45,42,111
1771717608.1348884,45,43,255
1771717608.1351914,45,43,96
1771717608.1354628,45,43,96
1771717608.1356235,45,43,96
1771717608.1385088,45,43,97
1771717608.138672,45,43,97
1771717608.1388397,45,43,97
1771717608.1390033,45,43,97
1771717608.1425674,45,43,97
1771717608.1427567,45,43,97
1771717608.142998,45,43,97
1771717608.1431606,45,43,97
1771717608.1433213,45,43,97
1771717608.146787,45,43,97
1771717608.1471105,45,43,97
1771717608.1474156,45,43,97
1771717608.147588,45,43,97
1771717608.147752,45,43,97
1771717608.1509197,45,43,97
1771717608.151244,45,43,97
1771717608.151546,45,43,97
1771717608.1518524,45,43,97
1771717608.15215,45,43,97
1771717608.1548862,45,43,97
1771717608.155071,45,43,97
1771717608.1552415,45,43,97
1771717608.1554108,45,43,97
1771717608.1555772,45,43,97
1771717608.1591978,45,43,97
1771717608.1594627,45,43,97
1771717608.1596296,45,43,97
1771717608.1597984,45,43,97
1771717608.1629825,45,43,97
1771717608.16336,45,43,97
1771717608.1636667,45,43,97
1771717608.1639712,45,43,97
1771717608.164252,45,43,97
1771717608.1671875,45,43,97
1771717608.1675055,45,43,97
1771717608.1678462,45,43,97
1771717608.1680465,45,43,97
1771717608.1682115,45,43,97
1771717608.1712554,45,43,97
1771717608.1714504,45,43,97
1771717608.1717658,45,43,97
1771717608.1720533,45,43,97
1771717608.1723435,45,43,97
1771717608.1753652,45,43,97
1771717608.1755493,45,43,97
1771717608.1758168,45,43,97
1771717608.1760027,45,43,97
1771717608.1762104,45,43,97
1771717608.1796334,45,43,97
1771717608.1799572,45,43,97
1771717608.180262,45,43,97
1771717608.1805637,45,43,97
1771717608.1808653,45,43,98
1771717608.1835623,45,43,98
1771717608.183737,45,43,98
1771717608.1839051,45,43,98
1771717608.1842232,45,43,98
1771717608.1875584,45,43,98
1771717608.187746,45,43,98
1771717608.1879263,45,43,98
1771717608.1881013,45,43,98
1771717608.188296,45,43,98
1771717608.1917903,45,43,98
1771717608.1920013,45,43,98
1771717608.192218,45,43,98
1771717608.1924353,45,43,98
1771717608.1926587,45,43,98
1771717608.1959221,45,43,98
1771717608.1962316,45,43,98
1771717608.1965306,45,43,98
1771717608.1967196,45,43,98
1771717608.196885,45,43,98
1771717608.200084,45,43,98
1771717608.2003264,45,43,98
1771717608.2005587,45,43,98
1771717608.2007992,45,43,98
1771717608.2010212,45,43,98
1771717608.2040646,45,43,98
1771717608.2042387,45,43,98
1771717608.204417,45,43,98
1771717608.2045867,45,43,98
1771717608.2080443,45,43,98
1771717608.2082462,45,43,98
1771717608.2084277,45,43,98
1771717608.2086751,45,43,98
1771717608.2088532,45,43,98
1771717608.212304,45,43,98
1771717608.2126305,45,43,98
1771717608.212943,45,43,98
1771717608.213246,45,43,98
1771717608.2134957,45,43,98
1771717608.2164278,45,43,98
1771717608.2167585,45,43,98
1771717608.2171109,45,43,98
1771717608.217286,45,43,98
1771717608.2174573,45,43,98
1771717608.2205722,45,43,98
1771717608.2208989,45,43,98
1771717608.2212462,45,43,98
1771717608.2215455,45,43,98
1771717608.2218404,45,43,98
1771717608.2245684,45,43,98
1771717608.2247505,45,43,98
1771717608.2249434,45,43,99
1771717608.2251308,45,43,99
1771717608.22853,45,43,99
1771717608.2289093,45,43,99
1771717608.2291284,45,43,99
1771717608.2292962,45,43,99
1771717608.2294712,45,43,99
1771717608.2327406,45,43,99
1771717608.232933,45,43,99
1771717608.2332625,45,43,99
1771717608.2334323,45,43,99
1771717608.2335994,45,43,99
1771717608.236769,45,43,99
1771717608.2369533,45,43,99
1771717608.2371268,45,43,99
1771717608.2372985,45,43,99
1771717608.2374725,45,43,99
1771717608.240939,45,43,99
1771717608.241135,45,43,99
1771717608.2413063,45,43,99
1771717608.2414715,45,43,99
1771717608.2416437,45,43,99
1771717608.245188,45,43,99
1771717608.245514,45,43,99
1771717608.2458224,45,43,99
1771717608.2460065,45,43,99
1771717608.246173,45,43,99
1771717608.249096,45,43,99
1771717608.2492678,45,43,99
1771717608.249433,45,43,99
1771717608.2496092,45,43,99
1771717608.2531633,45,43,99
1771717608.2535095,45,43,99
1771717608.2538147,45,43,99
1771717608.2541196,45,43,99
1771717608.2543323,45,43,99
1771717608.2573965,45,43,99
1771717608.2577205,45,43,99
1771717608.25796,45,43,99
1771717608.258133,45,43,99
1771717608.258293,45,43,99
1771717608.261489,45,43,99
1771717608.2618155,45,43,99
1771717608.2621114,45,43,99
1771717608.2624915,45,43,99
1771717608.2627044,45,43,99
1771717608.2656326,45,43,99
1771717608.2659535,45,43,99
1771717608.2662454,45,43,99
1771717608.2664173,45,43,99
1771717608.269483,45,43,100
1771717608.2698865,45,43,100
1771717608.2702332,45,43,100
1771717608.2705789,45,43,100
1771717608.2709103,45,43,100
1771717608.273767,45,43,100
1771717608.273961,45,43,100
1771717608.2741418,45,43,100
1771717608.274325,45,43,100
1771717608.2781482,45,43,100
1771717608.2785017,45,43,100
1771717608.2788365,45,43,100
1771717608.279165,45,43,100
1771717608.2794378,45,43,100
1771717608.281852,45,43,100
1771717608.282065,45,43,100
1771717608.2823677,45,43,100
1771717608.2825525,45,43,100
1771717608.2859163,45,43,100
1771717608.286112,45,43,100
1771717608.2862954,45,43,100
1771717608.286518,45,43,100
1771717608.289959,45,43,100
1771717608.2901607,45,43,100
1771717608.2903855,45,43,100
1771717608.2905614,45,43,100
1771717608.2907374,45,43,100
1771717608.2943661,45,43,100
1771717608.2947316,45,43,100
1771717608.2950175,45,43,100
1771717608.2951972,45,43,100
1771717608.2983146,45,43,100
1771717608.298663,45,43,100
1771717608.2989948,45,43,100
1771717608.2993257,45,43,100
1771717608.3022275,45,43,100
1771717608.3026307,45,43,100
1771717608.303006,45,43,100
1771717608.3033333,45,43,100
1771717608.3035228,45,43,100
1771717608.3067124,45,43,100
1771717608.3070962,45,43,100
1771717608.3074334,45,43,100
1771717608.3077643,45,43,100
1771717608.3105319,45,43,100
1771717608.3107624,45,43,100
1771717608.3109431,45,43,101
1771717608.311126,45,43,101
1771717608.3113108,45,43,101
1771717608.3146405,45,43,101
1771717608.3148284,45,43,101
1771717608.3150098,45,43,101
1771717608.3151884,45,43,101
1771717608.3187628,45,43,101
1771717608.318977,45,43,101
1771717608.319158,45,43,101
1771717608.3193362,45,43,101
1771717608.3227756,45,43,101
1771717608.3232226,45,43,101
1771717608.3235612,45,43,101
1771717608.3238516,45,43,101
1771717608.3240297,45,43,101
1771717608.3269181,45,43,101
1771717608.3271093,45,43,101
1771717608.327293,45,43,101
1771717608.3274863,45,43,101
1771717608.3309631,45,43,101
1771717608.3312962,45,43,101
1771717608.3316267,45,43,101
1771717608.3319573,45,43,101
1771717608.3350208,45,43,101
1771717608.3354237,45,43,101
1771717608.335756,45,43,101
1771717608.3359382,45,43,101
1771717608.3361144,45,43,101
1771717608.3393552,45,43,101
1771717608.3397033,45,43,101
1771717608.3401747,45,43,101
1771717608.3408148,45,43,255
1771717608.3432243,45,43,15
1771717608.3434045,45,43,15
1771717608.3435707,45,43,15
1771717608.3437352,45,43,15
1771717608.3438985,45,43,15
1771717608.3473694,45,43,15
1771717608.3476758,45,43,15
1771717608.3479736,45,43,15
1771717608.3482633,45,43,15
1771717608.3485522,45,43,15
1771717608.351539,45,43,15
1771717608.3518636,45,43,15
1771717608.3521671,45,43,15
1771717608.3524666,45,43,15
1771717608.3526738,45,43,15
1771717608.3557825,45,43,15
1771717608.356109,45,43,15
1771717608.3563223,45,43,15
1771717608.356506,45,43,15
1771717608.3566701,45,43,15
1771717608.3596673,45,43,15
1771717608.3598297,45,43,15
1771717608.359991,45,43,15
1771717608.360151,45,43,15
1771717608.3638108,45,43,15
1771717608.364142,45,43,15
1771717608.3644466,45,43,15
1771717608.364665,45,43,15
1771717608.3648262,45,43,15
1771717608.3679342,45,43,15
1771717608.3682544,45,43,15
1771717608.368558,45,43,15
1771717608.3688614,45,43,15
1771717608.3691614,45,43,15
1771717608.3719363,45,43,15
1771717608.3721175,45,43,15
1771717608.3722916,45,43,15
1771717608.3724627,45,43,15
1771717608.3726792,45,43,15
1771717608.3761737,45,43,15
1771717608.3763988,45,43,15
1771717608.3765757,45,43,15
1771717608.376742,45,43,15
1771717608.376934,45,43,15
1771717608.380341,45,43,15
1771717608.3806598,45,43,15
1771717608.3809636,45,43,15
1771717608.3812616,45,42,15
1771717608.384184,45,42,255
1771717608.3845062,45,42,31
1771717608.3848033,45,42,31
1771717608.3850212,45,42,31
1771717608.3851824,45,42,31
1771717608.3884192,45,42,31
1771717608.3886588,45,42,31
1771717608.3888228,45,42,31
1771717608.3889945,45,42,31
1771717608.389155,45,42,31
1771717608.3925865,45,42,31
1771717608.3929121,45,42,31
1771717608.3932157,45,42,31
1771717608.393448,45,42,31
1771717608.39361,45,42,31
1771717608.39672,45,42,31
1771717608.3970273,45,42,31
1771717608.3973284,45,42,31
1771717608.397626,45,42,31
1771717608.3979137,45,42,31
1771717608.4006388,45,42,31
1771717608.4008121,45,42,31
1771717608.4009764,45,42,31
1771717608.4011421,45,42,31
1771717608.4046738,45,42,31
1771717608.4050112,45,42,32
1771717608.4053266,45,42,32
1771717608.405495,45,42,32
1771717608.4056547,45,42,32
1771717608.4087644,45,42,32
1771717608.4089398,45,42,32
1771717608.4092424,45,42,32
1771717608.4095576,45,42,32
1771717608.409853,45,42,32
1771717608.412992,45,42,32
1771717608.4133399,45,42,32
1771717608.4137554,45,42,32
1771717608.4139223,45,42,32
1771717608.4140854,45,42,32
1771717608.4170084,45,42,32
1771717608.4171872,45,42,32
1771717608.4173572,45,42,32
1771717608.4175243,45,42,32
1771717608.4176915,45,42,32
1771717608.421136,45,42,32
1771717608.4213235,45,42,32
1771717608.421502,45,42,32
1771717608.4216757,45,42,32
1771717608.4250734,45,42,32
1771717608.4252877,45,42,32
1771717608.425536,45,42,32
1771717608.4257221,45,42,33
1771717608.4258862,45,42,33
1771717608.429232,45,42,33
1771717608.429407,45,42,33
1771717608.429573,45,42,33
1771717608.4297378,45,42,33
1771717608.4299035,45,42,33
1771717608.4333794,45,42,33
1771717608.4336302,45,42,33
1771717608.434245,45,42,33
1771717608.4344325,45,42,33
1771717608.4346013,45,42,33
1771717608.437499,45,42,33
1771717608.4376717,45,42,33
1771717608.4378438,45,42,33
1771717608.4380102,45,42,33
1771717608.4381804,45,42,33
1771717608.4416094,45,42,33
1771717608.4417822,45,42,33
1771717608.4419458,45,42,33
1771717608.4421084,45,42,33
1771717608.4455507,45,42,33
1771717608.4457636,45,42,33
1771717608.4459338,45,42,33
1771717608.4461029,45,42,33
1771717608.4462874,45,42,33
1771717608.449777,45,42,34
1771717608.4501011,45,42,34
1771717608.4503164,45,42,34
1771717608.4505718,45,42,34
1771717608.4507382,45,42,34
1771717608.4538035,45,42,34
1771717608.4539852,45,42,34
1771717608.4541557,45,42,34
1771717608.4543564,45,42,34
1771717608.4545696,45,42,34
1771717608.4579492,45,42,34
1771717608.4581273,45,42,34
1771717608.4582918,45,42,34
1771717608.4584568,45,42,34
1771717608.4586327,45,42,34
1771717608.4620411,45,42,34
1771717608.462242,45,42,34
1771717608.4624243,45,42,34
1771717608.4626806,45,42,34
1771717608.463032,45,42,34
1771717608.4661946,45,42,34
1771717608.466367,45,42,34
1771717608.466531,45,42,34
1771717608.4666934,45,42,34
1771717608.470159,45,42,34
1771717608.470336,45,42,35
1771717608.4705007,45,42,35
1771717608.4706645,45,42,35
1771717608.4708247,45,42,35
1771717608.474297,45,42,35
1771717608.474468,45,42,35
1771717608.474632,45,42,35
1771717608.474795,45,42,35
1771717608.4749558,45,42,35
1771717608.4785416,45,42,35
1771717608.478726,45,42,35
1771717608.4788907,45,42,35
1771717608.4790568,45,42,35
1771717608.479221,45,42,35
1771717608.4825308,45,42,35
1771717608.4827054,45,42,35
1771717608.4828677,45,42,35
1771717608.4830315,45,42,35
1771717608.4832058,45,42,35
1771717608.4866664,45,42,35
1771717608.48684,45,42,35
1771717608.487003,45,42,35
1771717608.4871752,45,42,35
1771717608.4906254,45,42,35
1771717608.4910014,45,42,35
1771717608.4913018,45,42,35
1771717608.491595,45,42,36
1771717608.4918268,45,42,36
1771717608.4947703,45,42,36
1771717608.494951,45,42,36
1771717608.4951246,45,42,36
1771717608.4952967,45,42,36
1771717608.4954662,45,42,36
1771717608.4989514,45,42,36
1771717608.499138,45,42,36
1771717608.4993153,45,42,36
1771717608.4994917,45,42,36
1771717608.4996653,45,42,36
1771717608.5030212,45,42,36
1771717608.5032034,45,42,36
1771717608.5033734,45,42,36
1771717608.503543,45,42,36
1771717608.5037236,45,42,36
1771717608.5071785,45,42,36
1771717608.5074737,45,42,36
1771717608.5076778,45,42,36
1771717608.5078413,45,42,36
1771717608.5110788,45,42,36
1771717608.5112956,45,42,36
1771717608.511467,45,42,36
1771717608.511651,45,42,37
1771717608.5119963,45,42,37
1771717608.5152562,45,42,37
1771717608.5154407,45,42,37
1771717608.5156078,45,42,37
1771717608.5157874,45,42,37
1771717608.5159497,45,42,37
1771717608.5193157,45,42,37
1771717608.5196283,45,42,37
1771717608.519918,45,42,37
1771717608.5202026,45,42,37
1771717608.520611,45,42,37
1771717608.5234761,45,42,37
1771717608.523651,45,42,37
1771717608.5238173,45,42,37
1771717608.5239794,45,42,37
1771717608.5241404,45,42,37
1771717608.527747,45,42,37
1771717608.5279324,45,42,37
1771717608.528102,45,42,37
1771717608.5282936,45,42,37
1771717608.528636,45,42,37
1771717608.5321634,45,42,37
1771717608.5323687,45,42,37
1771717608.5325634,45,42,37
1771717608.5327294,45,42,37
1771717608.5357625,45,42,38
1771717608.5360796,45,42,38
1771717608.5362766,45,42,38
1771717608.5364404,45,42,38
1771717608.5366035,45,42,38
1771717608.5397823,45,42,38
1771717608.53996,45,42,38
1771717608.5401278,45,42,38
1771717608.5402954,45,42,38
1771717608.5404608,45,42,38
1771717608.5439665,45,42,38
1771717608.5441408,45,42,38
1771717608.5443046,45,42,38
1771717608.5444667,45,42,38
1771717608.5446296,45,42,38
1771717608.5480855,45,42,38
1771717608.5484025,45,42,38
1771717608.5487373,45,42,38
1771717608.54904,45,42,38
1771717608.5493898,45,42,38
1771717608.5522,45,42,38
1771717608.552372,45,42,38
1771717608.5525358,45,42,38
1771717608.5526996,45,42,38
1771717608.556127,45,42,38
1771717608.556363,45,42,38
1771717608.5566504,45,42,39
1771717608.556907,45,42,39
1771717608.5570803,45,42,39
1771717608.5603535,45,42,39
1771717608.5605383,45,42,39
1771717608.5607116,45,42,39
1771717608.5608797,45,42,39
1771717608.5610464,45,42,39
1771717608.5644464,45,42,39
1771717608.564627,45,42,39
1771717608.5647979,45,42,39
1771717608.5650723,45,42,39
1771717608.5652828,45,42,39
1771717608.5685558,45,42,39
1771717608.5688667,45,42,39
1771717608.569157,45,42,39
1771717608.5694585,45,42,39
1771717608.5697436,45,42,39
1771717608.5726824,45,42,39
1771717608.5728555,45,42,39
1771717608.573282,45,42,39
1771717608.5736043,45,42,39
1771717608.5767114,45,42,39
1771717608.5769477,45,42,39
1771717608.5771291,45,42,39
1771717608.5773425,45,42,40
1771717608.5775342,45,42,40
1771717608.5807457,45,42,40
1771717608.5809305,45,42,40
1771717608.5811005,45,42,40
1771717608.581314,45,42,40
1771717608.5814812,45,42,40
1771717608.5848668,45,42,40
1771717608.585054,45,42,40
1771717608.5852265,45,42,40
1771717608.5854278,45,42,40
1771717608.585698,45,42,40
1771717608.5892878,45,42,40
1771717608.5896456,45,42,40
1771717608.5900083,45,42,40
1771717608.5902598,45,42,40
1771717608.590434,45,42,40
1771717608.5931852,45,42,40
1771717608.593366,45,42,40
1771717608.5935345,45,42,40
1771717608.5937016,45,42,40
1771717608.5938652,45,42,40
1771717608.5972533,45,42,40
1771717608.597431,45,42,40
1771717608.5975995,45,42,40
1771717608.5977693,45,42,40
1771717608.6012573,45,42,41
1771717608.6014383,45,42,41
1771717608.601658,45,42,41
1771717608.6018295,45,42,41
1771717608.6020029,45,42,41
1771717608.6054568,45,42,41
1771717608.6057706,45,42,41
1771717608.6059427,45,42,41
1771717608.6061077,45,42,41
1771717608.606271,45,42,41
1771717608.6095238,45,42,41
1771717608.609734,45,42,41
1771717608.609933,45,42,41
1771717608.6101317,45,42,41
1771717608.6103292,45,42,41
1771717608.6136768,45,42,41
1771717608.6139798,45,42,41
1771717608.6142328,45,42,41
1771717608.6143959,45,42,41
1771717608.614559,45,42,41
1771717608.6177096,45,42,41
1771717608.617892,45,42,41
1771717608.6180625,45,42,41
1771717608.6182325,45,42,41
1771717608.6216729,45,42,41
1771717608.6218839,45,42,41
1771717608.6220512,45,42,42
1771717608.6222153,45,42,42
1771717608.6223793,45,42,42
1771717608.625835,45,42,42
1771717608.6260436,45,42,42
1771717608.6262324,45,42,42
1771717608.6264136,45,42,42
1771717608.62658,45,42,42
1771717608.6300738,45,42,42
1771717608.6303825,45,42,42
1771717608.6306803,45,42,42
1771717608.6309586,45,42,42
1771717608.6311204,45,42,42
1771717608.634242,45,42,42
1771717608.6345603,45,42,42
1771717608.6348684,45,42,42
1771717608.635442,45,42,42
1771717608.6357596,45,42,42
1771717608.63821,45,42,42
1771717608.6384082,45,42,42
1771717608.6385744,45,42,42
1771717608.6387365,45,42,42
1771717608.6421664,45,42,42
1771717608.6425455,45,42,42
1771717608.6428545,45,42,43
1771717608.6430702,45,42,43
1771717608.643233,45,42,43
1771717608.646415,45,42,43
1771717608.646743,45,42,43
1771717608.6470497,45,42,43
1771717608.6473567,45,42,43
1771717608.6476583,45,42,43
1771717608.650675,45,42,43
1771717608.651025,45,42,43
1771717608.6513407,45,42,43
1771717608.6515596,45,42,43
1771717608.651734,45,42,43
1771717608.6546788,45,42,43
1771717608.654998,45,42,43
1771717608.655302,45,42,43
1771717608.6556022,45,42,43
1771717608.6559036,45,42,43
1771717608.6588023,45,42,43
1771717608.6591136,45,42,43
1771717608.65941,45,42,43
1771717608.659702,45,42,43
1771717608.6598794,45,42,43
1771717608.6628165,45,42,43
1771717608.6629882,45,42,43
1771717608.663152,45,42,43
1771717608.663327,45,42,44
1771717608.666836,45,42,44
1771717608.667028,45,42,44
1771717608.6671944,45,42,44
1771717608.667359,45,42,44
1771717608.6675212,45,42,44
1771717608.6709077,45,42,44
1771717608.6710875,45,42,44
1771717608.671285,45,42,44
1771717608.6715195,45,42,44
1771717608.6717014,45,42,44
1771717608.6754014,45,42,44
1771717608.6755865,45,42,44
1771717608.6757524,45,42,44
1771717608.6759183,45,42,44
1771717608.676089,45,42,44
1771717608.6793256,45,42,44
1771717608.6796544,45,42,44
1771717608.6799629,45,42,44
1771717608.6802545,45,42,44
1771717608.6804194,45,42,44
1771717608.6833382,45,42,44
1771717608.6836228,45,42,44
1771717608.6838782,45,42,44
1771717608.6841316,45,42,44
1771717608.68721,45,42,45
1771717608.6875782,45,42,45
1771717608.6878808,45,42,45
1771717608.6881738,45,42,45
1771717608.6884642,45,42,45
1771717608.6915102,45,42,45
1771717608.6916893,45,42,45
1771717608.691857,45,42,45
1771717608.6920223,45,42,45
1771717608.6921825,45,42,45
1771717608.6956105,45,42,45
1771717608.695932,45,42,45
1771717608.6962397,45,42,45
1771717608.6965492,45,42,45
1771717608.6968634,45,42,45
1771717608.6997824,45,42,45
1771717608.7001076,45,42,45
1771717608.7004132,45,42,45
1771717608.7006836,45,42,45
1771717608.7009115,45,42,45
1771717608.7039397,45,42,45
1771717608.704261,45,42,45
1771717608.7045686,45,42,45
1771717608.7048755,45,42,45
1771717608.707702,45,42,45
1771717608.7079139,45,42,45
1771717608.708102,45,42,46
1771717608.7082677,45,42,46
1771717608.7084556,45,42,46
1771717608.7119286,45,42,46
1771717608.7124982,45,42,46
1771717608.7128417,45,42,46
1771717608.713119,45,42,46
1771717608.7133286,45,42,46
1771717608.7159853,45,42,46
1771717608.7161636,45,42,46
1771717608.716332,45,42,46
1771717608.7165034,45,42,46
1771717608.7166684,45,42,46
1771717608.7200925,45,42,46
1771717608.7204082,45,42,46
1771717608.7207086,45,42,46
1771717608.7210088,45,42,46
1771717608.7211957,45,42,46
1771717608.7243602,45,42,46
1771717608.724545,45,42,46
1771717608.7247307,45,42,46
1771717608.7248986,45,42,46
1771717608.7250645,45,42,46
1771717608.7283566,45,42,46
1771717608.728533,45,42,46
1771717608.7286997,45,42,46
1771717608.7289405,45,42,47
1771717608.7324603,45,42,47
1771717608.7327971,45,42,47
1771717608.7331176,45,42,47
1771717608.73343,45,42,47
1771717608.7337284,45,42,47
1771717608.7375522,45,42,47
1771717608.7378733,45,42,47
1771717608.7381783,45,42,47
1771717608.7384694,45,42,47
1771717608.7387586,45,42,47
1771717608.7408857,45,42,47
1771717608.7412133,45,42,47
1771717608.7414656,45,42,47
1771717608.7416286,45,42,47
1771717608.7417915,45,42,47
1771717608.7449145,45,42,47
1771717608.7451725,45,42,47
1771717608.7453513,45,42,47
1771717608.7455137,45,42,47
1771717608.745675,45,42,47
1771717608.7488036,45,42,47
1771717608.748966,45,42,47
1771717608.7491267,45,42,47
1771717608.7492912,45,42,48
1771717608.7528117,45,42,48
1771717608.753189,45,42,48
1771717608.753485,45,42,48
1771717608.7536592,45,42,48
1771717608.7538233,45,42,48
1771717608.7571297,45,42,48
1771717608.757319,45,42,48
1771717608.7574852,45,42,48
1771717608.7576535,45,42,48
1771717608.7578151,45,42,48
1771717608.7612264,45,42,48
1771717608.761415,45,42,48
1771717608.7615802,45,42,48
1771717608.7617462,45,42,48
1771717608.761913,45,42,48
1771717608.7655847,45,42,48
1771717608.7657719,45,42,48
1771717608.7659373,45,42,48
1771717608.7661006,45,42,48
1771717608.7662656,45,42,48
1771717608.7697258,45,42,48
1771717608.7699122,45,42,48
1771717608.7700775,45,42,48
1771717608.7702396,45,42,48
1771717608.773573,45,42,48
1771717608.7739832,45,42,49
1771717608.7742848,45,42,49
1771717608.7746918,45,42,49
1771717608.7749772,45,42,49
1771717608.7784262,45,42,49
1771717608.7787507,45,42,49
1771717608.7790468,45,42,49
1771717608.7793396,45,42,49
1771717608.7796276,45,42,49
1771717608.781984,45,42,49
1771717608.7821674,45,42,49
1771717608.782383,45,42,49
1771717608.7826748,45,42,49
1771717608.7829642,45,42,49
1771717608.785633,45,42,49
1771717608.7858634,45,42,49
1771717608.7861943,45,42,49
1771717608.7864869,45,42,49
1771717608.7867756,45,42,49
1771717608.7899795,45,42,49
1771717608.7902899,45,42,49
1771717608.790582,45,42,49
1771717608.7907615,45,42,49
1771717608.7909255,45,42,49
1771717608.7938437,45,42,49
1771717608.7940419,45,42,49
1771717608.79421,45,42,50
1771717608.7943764,45,42,50
1771717608.7978408,45,42,50
1771717608.7980251,45,42,50
1771717608.798258,45,42,50
1771717608.7984216,45,42,50
1771717608.7985845,45,42,50
1771717608.8020775,45,42,50
1771717608.8023992,45,42,50
1771717608.8026502,45,42,50
1771717608.8028724,45,42,50
1771717608.8030362,45,42,50
1771717608.8062167,45,42,50
1771717608.8065405,45,42,50
1771717608.8068497,45,42,50
1771717608.8071601,45,42,50
1771717608.8074262,45,42,50
1771717608.810385,45,42,50
1771717608.8106952,45,42,50
1771717608.8109705,45,42,50
1771717608.811136,45,42,50
1771717608.811298,45,42,50
1771717608.8142867,45,42,50
1771717608.814448,45,42,50
1771717608.814609,45,42,50
1771717608.8147712,45,42,51
1771717608.818308,45,42,51
1771717608.8186696,45,42,51
1771717608.8189638,45,42,51
1771717608.8192506,45,42,51
1771717608.819495,45,42,51
1771717608.823136,45,42,51
1771717608.8235009,45,42,51
1771717608.8237572,45,42,51
1771717608.8240156,45,42,51
1771717608.824253,45,42,51
1771717608.8265874,45,42,51
1771717608.8267732,45,42,51
1771717608.8269486,45,42,51
1771717608.8271363,45,42,51
1771717608.8273096,45,42,51
1771717608.8308403,45,42,51
1771717608.8311493,45,42,51
1771717608.8314333,45,42,51
1771717608.8316696,45,42,51
1771717608.831834,45,42,51
1771717608.8352275,45,42,51
1771717608.8355563,45,42,51
1771717608.8358576,45,42,51
1771717608.8361466,45,42,51
1771717608.8388486,45,42,51
1771717608.8393314,45,42,52
1771717608.839666,45,42,52
1771717608.839881,45,42,52
1771717608.8400445,45,42,52
1771717608.8435051,45,42,52
1771717608.8438303,45,42,52
1771717608.8441246,45,42,52
1771717608.8444524,45,42,52
1771717608.8446882,45,42,52
1771717608.8475208,45,42,52
1771717608.847707,45,42,52
1771717608.8478749,45,42,52
1771717608.8480706,45,42,52
1771717608.8482335,45,42,52
1771717608.8515875,45,42,52
1771717608.8517718,45,42,52
1771717608.8519409,45,42,52
1771717608.852104,45,42,52
1771717608.852267,45,42,52
1771717608.8555195,45,42,52
1771717608.855762,45,42,52
1771717608.8559356,45,42,52
1771717608.856104,45,42,52
1771717608.8562734,45,42,52
1771717608.859573,45,42,52
1771717608.8598907,45,42,52
1771717608.8601804,45,42,53
1771717608.8603618,45,42,53
1771717608.8638637,45,42,53
1771717608.8640559,45,42,53
1771717608.864223,45,42,53
1771717608.864389,45,42,53
1771717608.8646038,45,42,53
1771717608.867968,45,42,53
1771717608.8681524,45,42,53
1771717608.8683193,45,42,53
1771717608.8684855,45,42,53
1771717608.8686473,45,42,53
1771717608.8717382,45,42,53
1771717608.8719432,45,42,53
1771717608.8721163,45,42,53
1771717608.8722956,45,42,53
1771717608.8724658,45,42,53
1771717608.875938,45,42,53
1771717608.876271,45,42,53
1771717608.876589,45,42,53
1771717608.8769047,45,42,53
1771717608.8771615,45,42,53
1771717608.879862,45,42,53
1771717608.880037,45,42,53
1771717608.8802087,45,42,54
1771717608.880379,45,42,54
1771717608.8838384,45,42,54
1771717608.8842216,45,42,54
1771717608.8845344,45,42,54
1771717608.88484,45,42,54
1771717608.8853605,45,42,54
1771717608.8880591,45,42,54
1771717608.8883853,45,42,54
1771717608.888691,45,42,54
1771717608.8890564,45,42,54
1771717608.8892503,45,42,54
1771717608.8921473,45,42,54
1771717608.8923244,45,42,54
1771717608.8924904,45,42,54
1771717608.8926525,45,42,54
1771717608.8928175,45,42,54
1771717608.8962421,45,42,54
1771717608.8964324,45,42,54
1771717608.896611,45,42,54
1771717608.8967824,45,42,54
1771717608.896952,45,42,54
1771717608.9004412,45,42,54
1771717608.9007378,45,42,54
1771717608.901033,45,42,54
1771717608.9014626,45,42,54
1771717608.9043665,45,42,55
1771717608.9047272,45,42,55
1771717608.905043,45,42,55
1771717608.9053497,45,42,55
1771717608.905635,45,42,55
1771717608.9084578,45,42,55
1771717608.908662,45,42,55
1771717608.9088595,45,42,55
1771717608.9090528,45,42,55
1771717608.909246,45,42,55
1771717608.9125316,45,42,55
1771717608.912705,45,42,55
1771717608.9128704,45,42,55
1771717608.9130359,45,42,55
1771717608.913201,45,42,55
1771717608.9167888,45,42,55
1771717608.9170094,45,42,55
1771717608.9171777,45,42,55
1771717608.9173553,45,42,55
1771717608.9175196,45,42,55
1771717608.920788,45,42,55
1771717608.9209569,45,42,55
1771717608.9211204,45,42,55
1771717608.9212952,45,42,55
1771717608.921462,45,42,55
1771717608.9249382,45,42,56
1771717608.9251146,45,42,56
1771717608.925283,45,42,56
1771717608.925451,45,42,56
1771717608.9289174,45,42,56
1771717608.9292173,45,42,56
1771717608.9295113,45,42,56
1771717608.9298043,45,42,56
1771717608.9300122,45,42,56
1771717608.9331894,45,42,56
1771717608.9334838,45,42,56
1771717608.9336467,45,42,56
1771717608.9338078,45,42,56
1771717608.9339855,45,42,56
1771717608.9372234,45,42,56
1771717608.9375088,45,42,56
1771717608.9377942,45,42,56
1771717608.938086,45,42,56
1771717608.9383054,45,42,56
1771717608.9412777,45,42,56
1771717608.9414492,45,42,56
1771717608.9416182,45,42,56
1771717608.941782,45,42,56
1771717608.9419584,45,42,56
1771717608.945388,45,42,56
1771717608.9455552,45,42,56
1771717608.9457192,45,42,57
1771717608.9458833,45,42,57
1771717608.949361,45,42,57
1771717608.9495637,45,42,57
1771717608.949728,45,42,57
1771717608.949889,45,42,57
1771717608.950049,45,42,57
1771717608.9535182,45,42,57
1771717608.9538085,45,42,57
1771717608.9540927,45,42,57
1771717608.9544888,45,42,57
1771717608.9547768,45,42,57
1771717608.95763,45,42,57
1771717608.9577997,45,42,57
1771717608.9579625,45,42,57
1771717608.9581215,45,42,57
1771717608.95828,45,42,57
1771717608.9618583,45,42,57
1771717608.9621453,45,42,57
1771717608.9623494,45,42,57
1771717608.9625983,45,42,57
1771717608.9628427,45,42,57
1771717608.9658763,45,42,57
1771717608.966052,45,42,57
1771717608.9662209,45,42,57
1771717608.9663858,45,42,57
1771717608.969781,45,42,58
1771717608.9699652,45,42,58
1771717608.9701307,45,42,58
1771717608.9702947,45,42,58
1771717608.970461,45,42,58
1771717608.9739726,45,42,58
1771717608.9741466,45,42,58
1771717608.9743128,45,42,58
1771717608.9744844,45,42,58
1771717608.9746442,45,42,58
1771717608.9781113,45,42,58
1771717608.9783278,45,42,58
1771717608.9785082,45,42,58
1771717608.978682,45,42,58
1771717608.9788656,45,42,58
1771717608.982208,45,42,58
1771717608.9823775,45,42,58
1771717608.982544,45,42,58
1771717608.9827094,45,42,58
1771717608.982875,45,42,58
1771717608.986401,45,42,58
1771717608.9866943,45,42,58
1771717608.9869766,45,42,58
1771717608.9872677,45,42,58
1771717608.9874985,45,42,59
1771717608.9904764,45,42,59
1771717608.9906561,45,42,59
1771717608.9908254,45,42,59
1771717608.9909852,45,42,59
1771717608.994464,45,42,59
1771717608.9946477,45,42,59
1771717608.9948094,45,42,59
1771717608.9949846,45,42,59
1771717608.995147,45,42,59
1771717608.998525,45,42,59
1771717608.9986928,45,42,59
1771717608.9988573,45,42,59
1771717608.9990206,45,42,59
1771717608.999185,45,42,59
1771717609.0034697,45,42,59
1771717609.0037346,45,42,59
1771717609.003906,45,42,59
1771717609.0041044,45,42,59
1771717609.0042694,45,42,59
1771717609.007041,45,42,59
1771717609.0072312,45,42,59
1771717609.0074053,45,42,59
1771717609.0076232,45,42,59
1771717609.0078087,45,42,59
1771717609.0109167,45,42,59
1771717609.0111012,45,42,60
1771717609.011269,45,42,60
1771717609.0114338,45,42,60
1771717609.015246,45,42,60
1771717609.015454,45,42,60
1771717609.015634,45,42,60
1771717609.015798,45,42,60
1771717609.015962,45,42,60
1771717609.019504,45,42,60
1771717609.0196946,45,42,60
1771717609.019864,45,42,60
1771717609.0200284,45,42,60
1771717609.0201902,45,42,60
1771717609.024189,45,42,60
1771717609.0246375,45,42,60
1771717609.0248575,45,42,60
1771717609.0250955,45,42,60
1771717609.0252912,45,42,60
1771717609.0273178,45,42,60
1771717609.0274985,45,42,60
1771717609.0276704,45,42,60
1771717609.0278397,45,42,60
1771717609.0280063,45,42,60
1771717609.0321016,45,42,60
1771717609.0323362,45,42,60
1771717609.0325043,45,42,60
1771717609.0326784,45,42,61
1771717609.035567,45,42,61
1771717609.0358574,45,42,61
1771717609.0361595,45,42,61
1771717609.036454,45,42,61
1771717609.0366633,45,42,61
1771717609.0398993,45,42,61
1771717609.0401478,45,42,61
1771717609.040372,45,42,61
1771717609.0405858,45,42,61
1771717609.0408115,45,42,61
1771717609.043959,45,42,61
1771717609.0442784,45,42,61
1771717609.044591,45,42,61
1771717609.0448866,45,42,61
1771717609.0451167,45,42,61
1771717609.04819,45,42,61
1771717609.0485122,45,42,61
1771717609.0487301,45,42,61
1771717609.048894,45,42,61
1771717609.0490553,45,42,61
1771717609.0524879,45,42,61
1771717609.0527728,45,42,61
1771717609.0529373,45,42,61
1771717609.053107,45,42,61
1771717609.0532672,45,42,62
1771717609.0559893,45,42,62
1771717609.0561678,45,42,62
1771717609.0564444,45,42,62
1771717609.0566142,45,42,62
1771717609.0604305,45,42,62
1771717609.060629,45,42,62
1771717609.0607963,45,42,62
1771717609.06096,45,42,62
1771717609.061122,45,42,62
1771717609.0645056,45,42,62
1771717609.0647068,45,42,62
1771717609.0648744,45,42,62
1771717609.065039,45,42,62
1771717609.0652094,45,42,62
1771717609.0685523,45,42,62
1771717609.0687914,45,42,62
1771717609.0691078,45,42,62
1771717609.0693722,45,42,62
1771717609.069665,45,42,62
